Extracting environmental data
Environmental data extracted
Current working directory is /project/6006523/jepa/tipping_points/scripts/run_dbem
Starting run at:Sun 28 Jun 2026 06:56:05 PM PDT
“Starting task: 10”
 SppListRoot: 
 ~/projects/def-wailung/Data/Species/TaxonList/tipping_point/                   
                                                                                
                                                                                
                    
 Species list: 10  
 TipmipSppDem10.txt  
 Initializing, loading files...
          31
 600203    
 /localscratch/jepa.46158100.0/tipmip_dem_d/600203                              
  
 Read Parameters...
 Running Taxon B_boops             
 ~/projects/def-wailung/Data/Species/Distributions/S600203.csv                  
                                          
  3.310016217792365E-007
 Thread           0  starting...
 600319    
 /localscratch/jepa.46158100.0/tipmip_dem_d/600319                              
  
 Read Parameters...
 Running Taxon B_saida             
 ~/projects/def-wailung/Data/Species/Distributions/S600319.csv                  
                                          
  1.457899108213700E-007
 Thread           0  starting...
 690052    
 /localscratch/jepa.46158100.0/tipmip_dem_d/690052                              
  
 Read Parameters...
 Running Taxon C_sapidus           
 ~/projects/def-wailung/Data/Species/Distributions/S690052.csv                  
                                          
  3.961501409452951E-007
 Thread           0  starting...
 600653    
 /localscratch/jepa.46158100.0/tipmip_dem_d/600653                              
  
 Read Parameters...
 Running Taxon C_squamosus         
 ~/projects/def-wailung/Data/Species/Distributions/S600653.csv                  
                                          
  3.115795394652565E-007
 Thread           0  starting...
 600662    
 /localscratch/jepa.46158100.0/tipmip_dem_d/600662                              
  
 Read Parameters...
 Running Taxon C_coelolepis        
 ~/projects/def-wailung/Data/Species/Distributions/S600662.csv                  
                                          
  3.699199145401623E-007
 Thread           0  starting...
 607110    
 /localscratch/jepa.46158100.0/tipmip_dem_d/607110                              
  
 Read Parameters...
 Running Taxon C_myersi            
 ~/projects/def-wailung/Data/Species/Distributions/S607110.csv                  
                                          
  1.771822119782662E-007
 Thread           0  starting...
 690009    
 /localscratch/jepa.46158100.0/tipmip_dem_d/690009                              
  
 Read Parameters...
 Running Taxon C_virginica         
 ~/projects/def-wailung/Data/Species/Distributions/S690009.csv                  
                                          
  4.103529700776320E-007
 Thread           0  starting...
 607111    
 /localscratch/jepa.46158100.0/tipmip_dem_d/607111                              
  
 Read Parameters...
 Running Taxon C_antarcticus       
 ~/projects/def-wailung/Data/Species/Distributions/S607111.csv                  
                                          
  1.765641971822606E-007
 Thread           0  starting...
 600467    
 /localscratch/jepa.46158100.0/tipmip_dem_d/600467                              
  
 Read Parameters...
 Running Taxon D_eleginoides       
 ~/projects/def-wailung/Data/Species/Distributions/S600467.csv                  
                                          
  4.713543640202377E-007
 Thread           0  starting...
 690042    
 /localscratch/jepa.46158100.0/tipmip_dem_d/690042                              
  
 Read Parameters...
 Running Taxon P_merguiensis       
 ~/projects/def-wailung/Data/Species/Distributions/S690042.csv                  
                                          
  3.454145856351953E-007
 Thread           0  starting...
 600308    
 /localscratch/jepa.46158100.0/tipmip_dem_d/600308                              
  
 Read Parameters...
 Running Taxon G_macrocephalus     
 ~/projects/def-wailung/Data/Species/Distributions/S600308.csv                  
                                          
  2.506870652405625E-007
 Thread           0  starting...
 604239    
 /localscratch/jepa.46158100.0/tipmip_dem_d/604239                              
  
 Read Parameters...
 Running Taxon H_platessoides      
 ~/projects/def-wailung/Data/Species/Distributions/S604239.csv                  
                                          
  3.467426750356497E-007
 Thread           0  starting...
 690321    
 /localscratch/jepa.46158100.0/tipmip_dem_d/690321                              
  
 Read Parameters...
 Running Taxon J_edwardsii         
 ~/projects/def-wailung/Data/Species/Distributions/S690321.csv                  
                                          
  3.078636114892678E-007
 Thread           0  starting...
 600346    
 /localscratch/jepa.46158100.0/tipmip_dem_d/600346                              
  
 Read Parameters...
 Running Taxon L_calcarifer        
 ~/projects/def-wailung/Data/Species/Distributions/S600346.csv                  
                                          
  2.750892981047136E-007
 Thread           0  starting...
 690054    
 /localscratch/jepa.46158100.0/tipmip_dem_d/690054                              
  
 Read Parameters...
 Running Taxon P_stylirostris      
 ~/projects/def-wailung/Data/Species/Distributions/S690054.csv                  
                                          
  3.808056102663215E-007
 Thread           0  starting...
 601825    
 /localscratch/jepa.46158100.0/tipmip_dem_d/601825                              
  
 Read Parameters...
 Running Taxon M_novaezelandiae    
 ~/projects/def-wailung/Data/Species/Distributions/S601825.csv                  
                                          
  3.318812143238148E-007
 Thread           0  starting...
 690432    
 /localscratch/jepa.46158100.0/tipmip_dem_d/690432                              
  
 Read Parameters...
 Running Taxon P_latisulcatus      
 ~/projects/def-wailung/Data/Species/Distributions/S690432.csv                  
                                          
  2.883495457528528E-007
 Thread           0  starting...
 600030    
 /localscratch/jepa.46158100.0/tipmip_dem_d/600030                              
  
 Read Parameters...
 Running Taxon M_merluccius        
 ~/projects/def-wailung/Data/Species/Distributions/S600030.csv                  
                                          
  3.421611575169514E-007
 Thread           0  starting...
 607620    
 /localscratch/jepa.46158100.0/tipmip_dem_d/607620                              
  
 Read Parameters...
 Running Taxon M_furnieri          
 ~/projects/def-wailung/Data/Species/Distributions/S607620.csv                  
                                          
  4.698841393671049E-007
 Thread           0  starting...
 600408    
 /localscratch/jepa.46158100.0/tipmip_dem_d/600408                              
  
 Read Parameters...
 Running Taxon M_undulatus         
 ~/projects/def-wailung/Data/Species/Distributions/S600408.csv                  
                                          
  3.235813595843239E-007
 Thread           0  starting...
 607618    
 /localscratch/jepa.46158100.0/tipmip_dem_d/607618                              
  
 Read Parameters...
 Running Taxon M_mobular           
 ~/projects/def-wailung/Data/Species/Distributions/S607618.csv                  
                                          
  3.159536885415372E-007
 Thread           0  starting...
 610220    
 /localscratch/jepa.46158100.0/tipmip_dem_d/610220                              
  
 Read Parameters...
 Running Taxon A_thalassinus       
 ~/projects/def-wailung/Data/Species/Distributions/S610220.csv                  
                                          
  3.220671756212212E-007
 Thread           0  starting...
 600240    
 /localscratch/jepa.46158100.0/tipmip_dem_d/600240                              
  
 Read Parameters...
 Running Taxon O_gorbuscha         
 ~/projects/def-wailung/Data/Species/Distributions/S600240.csv                  
                                          
  2.513762828453835E-007
 Thread           0  starting...
 606426    
 /localscratch/jepa.46158100.0/tipmip_dem_d/606426                              
  
 Read Parameters...
 Running Taxon C_auratus           
 ~/projects/def-wailung/Data/Species/Distributions/S606426.csv                  
                                          
  2.815158711708677E-007
 Thread           0  starting...
 690269    
 /localscratch/jepa.46158100.0/tipmip_dem_d/690269                              
  
 Read Parameters...
 Running Taxon P_borealis          
 ~/projects/def-wailung/Data/Species/Distributions/S690269.csv                  
                                          
  3.298395402144827E-007
 Thread           0  starting...
 690071    
 /localscratch/jepa.46158100.0/tipmip_dem_d/690071                              
  
 Read Parameters...
 Running Taxon P_argus             
 ~/projects/def-wailung/Data/Species/Distributions/S690071.csv                  
                                          
  2.994199999952763E-007
 Thread           0  starting...
 690060    
 /localscratch/jepa.46158100.0/tipmip_dem_d/690060                              
  
 Read Parameters...
 Running Taxon P_viridis           
 ~/projects/def-wailung/Data/Species/Distributions/S690060.csv                  
                                          
  2.945997497636465E-007
 Thread           0  starting...
 600504    
 /localscratch/jepa.46158100.0/tipmip_dem_d/600504                              
  
 Read Parameters...
 Running Taxon S_alutus            
 ~/projects/def-wailung/Data/Species/Distributions/S600504.csv                  
                                          
  2.577637406879773E-007
 Thread           0  starting...
 600366    
 /localscratch/jepa.46158100.0/tipmip_dem_d/600366                              
  
 Read Parameters...
 Running Taxon T_japonicus         
 ~/projects/def-wailung/Data/Species/Distributions/S600366.csv                  
                                          
  2.406798650220753E-007
 Thread           0  starting...
 690032    
 /localscratch/jepa.46158100.0/tipmip_dem_d/690032                              
  
 Read Parameters...
 Running Taxon X_kroyeri           
 ~/projects/def-wailung/Data/Species/Distributions/S690032.csv                  
                                          
  2.915235429612474E-007
 Thread           0  starting...
 600069    
 /localscratch/jepa.46158100.0/tipmip_dem_d/600069                              
  
 Read Parameters...
 Running Taxon G_morhua            
 ~/projects/def-wailung/Data/Species/Distributions/S600069.csv                  
                                          
  3.333470153075169E-007
 Thread           0  starting...
 Time step =         1811
 Catch=   190912.177142991     
 Abd=   451999.3    
 Catch=   7539.55993728159     
 Abd=   15185.27    
 Catch=   59260.8123259640     
 Abd=   19944.90    
 Catch=   34623.8406298055     
 Abd=   314437.3    
 Catch=   57183.6983281328     
 Abd=   125193.2    
 Catch=   479.333329116048     
 Abd=   629.4837    
 Catch=                     NaN
 Abd=            NaN
 Catch=   57.8055633612562     
 Abd=   85.02459    
 Catch=   625139.749319335     
 Abd=   5233152.    
 Catch=   4168.69374199601     
 Abd=   880.2191    
 Catch=   746503.483008924     
 Abd=   1036893.    
 Catch=   22789.0120084704     
 Abd=   86683.66    
 Catch=                     NaN
 Abd=            NaN
 Catch=   450341.891578165     
 Abd=   2535864.    
 Catch=   118935.041158942     
 Abd=   28564.09    
 Catch=                     NaN
 Abd=            NaN
 Catch=   13454.9760825440     
 Abd=   5658.860    
 Catch=                     NaN
 Abd=            NaN
 Catch=   170954.748874651     
 Abd=   242938.8    
 Catch=   22113.3108563609     
 Abd=   16885.88    
 Catch=   6442.59561786967     
 Abd=   21247.59    
 Catch=   4554065.89244431     
 Abd=  3.0599328E+07
 Catch=   614682.283889237     
 Abd=   547322.0    
 Catch=   360795.736583786     
 Abd=   2629044.    
 Catch=                     NaN
 Abd=            NaN
 Catch=   91139.4070300882     
 Abd=   61212.97    
 Catch=   78259.0401731573     
 Abd=   17678.02    
 Catch=   2243368.19487631     
 Abd=  1.1285308E+07
 Catch=   711537.106793322     
 Abd=   549948.4    
 Catch=   92703.5870244877     
 Abd=   48962.63    
 Catch=   12181100.4480396     
 Abd=  4.3256568E+07
 Time step =         1812
 Catch=   51957.6780247130     
 Abd=   252199.4    
 Catch=   1921.23260256217     
 Abd=   10463.17    
 Catch=   15346.8079457595     
 Abd=   14791.23    
 Catch=   14353.8234958664     
 Abd=   187743.7    
 Catch=   30598.5313729987     
 Abd=   87153.88    
 Catch=   115.231712833453     
 Abd=   341.3535    
 Catch=                     NaN
 Abd=            NaN
 Catch=   9.72895822381629     
 Abd=   33.51678    
 Catch=   235098.694658113     
 Abd=   3027019.    
 Catch=   5388.59692509039     
 Abd=   1789.113    
 Catch=   129575.112248504     
 Abd=   546877.6    
 Catch=   3799.83809171273     
 Abd=   48723.07    
 Catch=                     NaN
 Abd=            NaN
 Catch=   126067.109384341     
 Abd=   1370120.    
 Catch=   45678.8025361724     
 Abd=   25425.08    
 Catch=                     NaN
 Abd=            NaN
 Catch=   3040.06686134819     
 Abd=   3730.526    
 Catch=                     NaN
 Abd=            NaN
 Catch=   34061.9103389704     
 Abd=   134632.5    
 Catch=   3638.90848144944     
 Abd=   9717.980    
 Catch=   1632.23560894757     
 Abd=   11759.04    
 Catch=   1329199.99196687     
 Abd=  1.6669239E+07
 Catch=   114737.681205324     
 Abd=   311458.6    
 Catch=   115408.977667707     
 Abd=   1460120.    
 Catch=                     NaN
 Abd=            NaN
 Catch=   22346.2945973232     
 Abd=   38422.82    
 Catch=   28070.5064702060     
 Abd=   15995.72    
 Catch=   542109.491089338     
 Abd=   5904966.    
 Catch=   152251.943553584     
 Abd=   322163.3    
 Catch=   22726.8727311445     
 Abd=   32083.03    
 Catch=   2996983.45571758     
 Abd=  2.3585932E+07
 Time step =         1813
 Catch=   33382.5914353364     
 Abd=   182007.1    
 Catch=   1480.50905981369     
 Abd=   8733.157    
 Catch=   12988.4400120902     
 Abd=   13674.14    
 Catch=   9508.57364800818     
 Abd=   135684.8    
 Catch=   23316.6214179900     
 Abd=   71459.84    
 Catch=   73.2703297900980     
 Abd=   248.2570    
 Catch=                     NaN
 Abd=            NaN
 Catch=   4.17266857867748     
 Abd=   15.76945    
 Catch=   151803.854726362     
 Abd=   2145460.    
 Catch=   8204.02282306655     
 Abd=   1880.624    
 Catch=   80395.1810343720     
 Abd=   388016.5    
 Catch=   2482.89890766873     
 Abd=   35870.84    
 Catch=                     NaN
 Abd=            NaN
 Catch=   78076.0989644891     
 Abd=   950958.4    
 Catch=   43570.6820523156     
 Abd=   25126.46    
 Catch=                     NaN
 Abd=            NaN
 Catch=   2333.22918456353     
 Abd=   3194.309    
 Catch=                     NaN
 Abd=            NaN
 Catch=   21946.7058827886     
 Abd=   98035.26    
 Catch=   2446.15813828188     
 Abd=   7385.286    
 Catch=   1035.19559698260     
 Abd=   8341.471    
 Catch=   827589.017415247     
 Abd=  1.1605172E+07
 Catch=   76308.7081418130     
 Abd=   234552.4    
 Catch=   72762.9150991476     
 Abd=   1023715.    
 Catch=                     NaN
 Abd=            NaN
 Catch=   16245.3763208871     
 Abd=   31243.23    
 Catch=   27977.9675102835     
 Abd=   16889.77    
 Catch=   328147.737447575     
 Abd=   4039993.    
 Catch=   103753.276705087     
 Abd=   247429.3    
 Catch=   17202.5799202977     
 Abd=   27022.64    
 Catch=   1885388.89869028     
 Abd=  1.6697206E+07
 Time step =         1814
 Catch=   25554.1429982436     
 Abd=   146725.3    
 Catch=   1281.26905912187     
 Abd=   7777.475    
 Catch=   12458.4302153145     
 Abd=   13465.60    
 Catch=   7195.68331943594     
 Abd=   106989.2    
 Catch=   19908.0474870585     
 Abd=   63142.57    
 Catch=   56.8779850704027     
 Abd=   203.3130    
 Catch=                     NaN
 Abd=            NaN
 Catch=   2.04053885424708     
 Abd=   7.961226    
 Catch=   113005.593729692     
 Abd=   1669037.    
 Catch=   8278.26306594144     
 Abd=   1880.981    
 Catch=   60786.0258191559     
 Abd=   309774.1    
 Catch=   1934.31175333773     
 Abd=   29315.24    
 Catch=                     NaN
 Abd=            NaN
 Catch=   57357.9648859698     
 Abd=   734873.4    
 Catch=   43602.5858673708     
 Abd=   25429.26    
 Catch=                     NaN
 Abd=            NaN
 Catch=   2098.69315188124     
 Abd=   2983.054    
 Catch=                     NaN
 Abd=            NaN
 Catch=   16979.7202017107     
 Abd=   79937.67    
 Catch=   1973.69394819026     
 Abd=   6267.090    
 Catch=   777.126509043499     
 Abd=   6582.976    
 Catch=   609374.894159792     
 Abd=   8981504.    
 Catch=   61041.6684560623     
 Abd=   197445.3    
 Catch=   53840.7101319546     
 Abd=   794744.9    
 Catch=                     NaN
 Abd=            NaN
 Catch=   13942.7087686181     
 Abd=   28011.44    
 Catch=   30233.0986081618     
 Abd=   18360.88    
 Catch=   238773.158207271     
 Abd=   3107034.    
 Catch=   84499.0045646408     
 Abd=   211695.8    
 Catch=   15234.4524289767     
 Abd=   24890.00    
 Catch=   1415326.05375483     
 Abd=  1.3197184E+07
 Time step =         1815
 Catch=   21279.8973474207     
 Abd=   125775.7    
 Catch=   1160.55265724617     
 Abd=   7146.655    
 Catch=   12436.1865029721     
 Abd=   13576.35    
 Catch=   5825.48870747368     
 Abd=   88734.02    
 Catch=   17986.6261497116     
 Abd=   58160.48    
 Catch=   48.0210759296583     
 Abd=   175.8895    
 Catch=                     NaN
 Abd=            NaN
 Catch=   1.01727326384987     
 Abd=   3.451591    
 Catch=   90417.1121928454     
 Abd=   1370476.    
 Catch=   8278.53961334726     
 Abd=   1880.982    
 Catch=   50144.5310754446     
 Abd=   263156.2    
 Catch=   1626.72592538733     
 Abd=   25280.50    
 Catch=                     NaN
 Abd=            NaN
 Catch=   45751.7985418486     
 Abd=   603464.6    
 Catch=   44679.1718519180     
 Abd=   26349.74    
 Catch=                     NaN
 Abd=            NaN
 Catch=   2000.38697467135     
 Abd=   2888.892    
 Catch=                     NaN
 Abd=            NaN
 Catch=   14300.8879348633     
 Abd=   69290.39    
 Catch=   1727.27915967019     
 Abd=   5632.996    
 Catch=   632.794978753665     
 Abd=   5515.077    
 Catch=   486504.792280504     
 Abd=   7378291.    
 Catch=   53011.2209526918     
 Abd=   176182.3    
 Catch=   43078.9032656057     
 Abd=   653778.6    
 Catch=                     NaN
 Abd=            NaN
 Catch=   12827.5447960124     
 Abd=   26328.36    
 Catch=   32118.5540365352     
 Abd=   19004.41    
 Catch=   190025.597606727     
 Abd=   2550734.    
 Catch=   74515.1951743063     
 Abd=   191618.3    
 Catch=   14349.2078345011     
 Abd=   23866.77    
 Catch=   1155041.76713790     
 Abd=  1.1086604E+07
 Time step =         1816
 Catch=   18608.3417461152     
 Abd=   111990.4    
 Catch=   1077.14942446602     
 Abd=   6692.747    
 Catch=   12597.4483614739     
 Abd=   13787.79    
 Catch=   4914.42276923420     
 Abd=   76057.00    
 Catch=   16794.0373305065     
 Abd=   54956.88    
 Catch=   42.0863422072228     
 Abd=   156.1207    
 Catch=                     NaN
 Abd=            NaN
 Catch=  0.426051144112024     
 Abd=   1.540925    
 Catch=   75622.6650953911     
 Abd=   1166328.    
 Catch=   8278.53993756472     
 Abd=   1880.982    
 Catch=   43475.2555526320     
 Abd=   232449.0    
 Catch=   1426.82753518610     
 Abd=   22514.34    
 Catch=                     NaN
 Abd=            NaN
 Catch=   38336.9951235112     
 Abd=   515262.0    
 Catch=   46485.1100351369     
 Abd=   27469.98    
 Catch=                     NaN
 Abd=            NaN
 Catch=   1955.38318623952     
 Abd=   2844.619    
 Catch=                     NaN
 Abd=            NaN
 Catch=   12644.0818124487     
 Abd=   62368.83    
 Catch=   1580.97263189194     
 Abd=   5238.875    
 Catch=   540.753822414771     
 Abd=   4799.463    
 Catch=   407732.164483447     
 Abd=   6299809.    
 Catch=   48185.0581256601     
 Abd=   162780.7    
 Catch=   36133.4896274401     
 Abd=   558397.5    
 Catch=                     NaN
 Abd=            NaN
 Catch=   12224.9434804824     
 Abd=   25384.69    
 Catch=   32687.1963906015     
 Abd=   19136.79    
 Catch=   159344.007373462     
 Abd=   2181083.    
 Catch=   68653.3659478167     
 Abd=   179299.9    
 Catch=   13911.4751200009     
 Abd=   23345.36    
 Catch=   990049.178660579     
 Abd=   9680492.    
 Time step =         1817
 Catch=   16791.7625111307     
 Abd=   102306.8    
 Catch=   1015.72381880452     
 Abd=   6351.203    
 Catch=   12784.8217157381     
 Abd=   13968.01    
 Catch=   4263.57213159897     
 Abd=   66746.51    
 Catch=   16009.5959950142     
 Abd=   52801.94    
 Catch=   37.7398186202584     
 Abd=   140.9785    
 Catch=                     NaN
 Abd=            NaN
 Catch=                     NaN
 Abd=            NaN
 Catch=   65217.1570646069     
 Abd=   1018635.    
 Catch=   8278.53993756472     
 Abd=   1880.982    
 Catch=   38938.2156018569     
 Abd=   210869.8    
 Catch=   1284.91223991226     
 Abd=   20482.25    
 Catch=                     NaN
 Abd=            NaN
 Catch=   33196.4691123443     
 Abd=   452121.2    
 Catch=   48671.1699668680     
 Abd=   28862.69    
 Catch=                     NaN
 Abd=            NaN
 Catch=   1933.95798067631     
 Abd=   2823.277    
 Catch=                     NaN
 Abd=            NaN
 Catch=   11531.9731274926     
 Abd=   57571.72    
 Catch=   1487.45049559249     
 Abd=   4979.798    
 Catch=   476.970378563189     
 Abd=   4286.731    
 Catch=   353004.073527490     
 Abd=   5525998.    
 Catch=   45051.3958566960     
 Abd=   153815.1    
 Catch=   31281.6194334627     
 Abd=   489615.2    
 Catch=                     NaN
 Abd=            NaN
 Catch=   11880.0392186342     
 Abd=   24833.27    
 Catch=   32817.0884418434     
 Abd=   19196.03    
 Catch=   138212.088048531     
 Abd=   1917174.    
 Catch=   64958.4607960524     
 Abd=   171320.0    
 Catch=   13685.0236804663     
 Abd=   23071.54    
 Catch=   876479.085089404     
 Abd=   8680569.    
 Time step =         1818
 Catch=   15486.7660448339     
 Abd=   95193.40    
 Catch=   968.842312666759     
 Abd=   6086.956    
 Catch=   12916.4837966733     
 Abd=   14073.53    
 Catch=   3775.68007840379     
 Abd=   59618.13    
 Catch=   15473.7956165021     
 Abd=   51307.20    
 Catch=   34.2394004154875     
 Abd=   128.7380    
 Catch=                     NaN
 Abd=            NaN
 Catch=                     NaN
 Abd=            NaN
 Catch=   57537.9420101798     
 Abd=   907483.4    
 Catch=   8278.53993756472     
 Abd=   1880.982    
 Catch=   35675.5625920265     
 Abd=   194989.1    
 Catch=   1178.13299976435     
 Abd=   18917.05    
 Catch=                     NaN
 Abd=            NaN
 Catch=   29432.2569875088     
 Abd=   404821.8    
 Catch=   50925.9502316950     
 Abd=   30033.46    
 Catch=                     NaN
 Abd=            NaN
 Catch=   1923.56681264248     
 Abd=   2812.863    
 Catch=                     NaN
 Abd=            NaN
 Catch=   10744.0077366612     
 Abd=   54096.95    
 Catch=   1424.84188191536     
 Abd=   4803.172    
 Catch=   430.199508655584     
 Abd=   3902.080    
 Catch=   312819.988480997     
 Abd=   4944552.    
 Catch=   42912.5408338970     
 Abd=   147570.7    
 Catch=   27703.4264714911     
 Abd=   437746.2    
 Catch=                     NaN
 Abd=            NaN
 Catch=   11676.0344899166     
 Abd=   24503.09    
 Catch=   32979.3200246014     
 Abd=   19332.98    
 Catch=   122744.613203322     
 Abd=   1719266.    
 Catch=   62521.3822850438     
 Abd=   165958.9    
 Catch=   13565.1595977872     
 Abd=   22925.44    
 Catch=   793845.931559735     
 Abd=   7936258.    
 Time step =         1819
 Catch=   14512.2939442326     
 Abd=   89793.86    
 Catch=   932.212900695412     
 Abd=   5878.500    
 Catch=   12985.7368877876     
 Abd=   14123.41    
 Catch=   3395.88353674291     
 Abd=   53976.42    
 Catch=   15098.1152398980     
 Abd=   50247.75    
 Catch=   31.4576339332890     
 Abd=   119.0427    
 Catch=                     NaN
 Abd=            NaN
 Catch=                     NaN
 Abd=            NaN
 Catch=   51671.2606890413     
 Abd=   821249.8    
 Catch=   8278.53993756472     
 Abd=   1880.982    
 Catch=   33233.0268594746     
 Abd=   182893.6    
 Catch=   1094.45827117225     
 Abd=   17669.65    
 Catch=                     NaN
 Abd=            NaN
 Catch=   26563.2235965506     
 Abd=   368141.2    
 Catch=   52865.6853930901     
 Abd=   31111.10    
 Catch=                     NaN
 Abd=            NaN
 Catch=   1918.48136868751     
 Abd=   2807.750    
 Catch=                     NaN
 Abd=            NaN
 Catch=   10164.0655794137     
 Abd=   51498.27    
 Catch=   1381.62780370835     
 Abd=   4679.742    
 Catch=   394.521632172689     
 Abd=   3603.744    
 Catch=   282102.728402923     
 Abd=   4492405.    
 Catch=   41401.5051199658     
 Abd=   143096.2    
 Catch=   24959.6287219522     
 Abd=   397301.6    
 Catch=                     NaN
 Abd=            NaN
 Catch=   11552.9525924402     
 Abd=   24302.35    
 Catch=   33221.9801357885     
 Abd=   19448.53    
 Catch=   110942.771894269     
 Abd=   1565648.    
 Catch=   60863.0255535500     
 Abd=   162263.3    
 Catch=   13500.9363813113     
 Abd=   22846.82    
 Catch=   731285.563803228     
 Abd=   7363055.    
 Time step =         1820
 Catch=   13763.3515976223     
 Abd=   85592.08    
 Catch=   903.104358571517     
 Abd=   5711.643    
 Catch=   13016.8158678929     
 Abd=   14144.65    
 Catch=   3091.38316994903     
 Abd=   49396.02    
 Catch=   14829.7424984166     
 Abd=   49483.85    
 Catch=   29.2904229832580     
 Abd=   111.5063    
 Catch=                     NaN
 Abd=            NaN
 Catch=                     NaN
 Abd=            NaN
 Catch=   47062.7590704041     
 Abd=   752645.2    
 Catch=   8278.53993756472     
 Abd=   1880.982    
 Catch=   31347.7793844387     
 Abd=   173432.0    
 Catch=   1026.90862312567     
 Abd=   16649.85    
 Catch=                     NaN
 Abd=            NaN
 Catch=   24308.7396135985     
 Abd=   338935.8    
 Catch=   54490.8594446358     
 Abd=   31861.56    
 Catch=                     NaN
 Abd=            NaN
 Catch=   1915.98094309238     
 Abd=   2805.233    
 Catch=                     NaN
 Abd=            NaN
 Catch=   9725.09376174750     
 Abd=   49507.38    
 Catch=   1351.16857362627     
 Abd=   4591.996    
 Catch=   366.490491593807     
 Abd=   3366.291    
 Catch=   257897.137401625     
 Abd=   4131380.    
 Catch=   40307.2995709385     
 Abd=   139821.1    
 Catch=   22791.7641640407     
 Abd=   364919.3    
 Catch=                     NaN
 Abd=            NaN
 Catch=   11477.7665294289     
 Abd=   24179.12    
 Catch=   33339.2541572134     
 Abd=   19479.28    
 Catch=   101660.214126986     
 Abd=   1443214.    
 Catch=   59708.8203362411     
 Abd=   159665.7    
 Catch=   13466.2960425830     
 Abd=   22804.33    
 Catch=   682467.177722531     
 Abd=   6909838.    
 Time step =         1821
 Catch=   13174.8700638385     
 Abd=   82258.27    
 Catch=   879.671219989879     
 Abd=   5576.554    
 Catch=   13029.7643118660     
 Abd=   14153.32    
 Catch=   2841.75912080624     
 Abd=   45604.91    
 Catch=   14635.1173549577     
 Abd=   48927.36    
 Catch=   27.5572864049737     
 Abd=   105.3456    
 Catch=                     NaN
 Abd=            NaN
 Catch=                     NaN
 Abd=            NaN
 Catch=   43358.4554960917     
 Abd=   696927.2    
 Catch=   8278.53993756472     
 Abd=   1880.982    
 Catch=   29857.2733400031     
 Abd=   165870.6    
 Catch=   971.132755546234     
 Abd=   15799.53    
 Catch=                     NaN
 Abd=            NaN
 Catch=   22494.8014099016     
 Abd=   315186.2    
 Catch=   55336.7267372201     
 Abd=   32108.94    
 Catch=                     NaN
 Abd=            NaN
 Catch=   1914.74842562477     
 Abd=   2803.990    
 Catch=                     NaN
 Abd=            NaN
 Catch=   9385.63683831925     
 Abd=   47953.30    
 Catch=   1329.38228366286     
 Abd=   4528.850    
 Catch=   343.945576036402     
 Abd=   3173.291    
 Catch=   238368.960734604     
 Abd=   3837107.    
 Catch=   39499.9230070894     
 Abd=   137384.6    
 Catch=   21037.8836001196     
 Abd=   338443.8    
 Catch=                     NaN
 Abd=            NaN
 Catch=   11431.4627404267     
 Abd=   24102.99    
 Catch=   33364.3144072701     
 Abd=   19484.51    
 Catch=   94183.5951590677     
 Abd=   1343552.    
 Catch=   58891.3690087194     
 Abd=   157811.2    
 Catch=   13447.5537250042     
 Abd=   22781.32    
 Catch=   643467.418657746     
 Abd=   6544022.    
 Time step =         1822
 Catch=   12704.3301924769     
 Abd=   79571.88    
 Catch=   860.614479949667     
 Abd=   5466.204    
 Catch=   13034.9924169288     
 Abd=   14156.78    
 Catch=   2633.51387621360     
 Abd=   42417.14    
 Catch=   14492.6843588541     
 Abd=   48518.26    
 Catch=   26.0922610432937     
 Abd=   99.84999    
 Catch=                     NaN
 Abd=            NaN
 Catch=                     NaN
 Abd=            NaN
 Catch=   40323.9395911490     
 Abd=   650882.9    
 Catch=   8278.53993756472     
 Abd=   1880.982    
 Catch=   28655.6549751128     
 Abd=   159720.8    
 Catch=   924.258127204318     
 Abd=   15079.33    
 Catch=                     NaN
 Abd=            NaN
 Catch=   21006.9107692085     
 Abd=   295534.8    
 Catch=   55544.6727704206     
 Abd=   32152.60    
 Catch=                     NaN
 Abd=            NaN
 Catch=   1914.13932738155     
 Abd=   2803.377    
 Catch=                     NaN
 Abd=            NaN
 Catch=   9118.69325551874     
 Abd=   46722.07    
 Catch=   1313.63462821030     
 Abd=   4483.004    
 Catch=   325.462092826935     
 Abd=   3013.681    
 Catch=   222316.929219829     
 Abd=   3593162.    
 Catch=   38895.4377744141     
 Abd=   135548.4    
 Catch=   19591.7459439107     
 Abd=   316428.5    
 Catch=                     NaN
 Abd=            NaN
 Catch=   11402.7915535606     
 Abd=   24055.73    
 Catch=   33368.3983045547     
 Abd=   19485.32    
 Catch=   88044.4917548137     
 Abd=   1261004.    
 Catch=   58304.2362136242     
 Abd=   156470.7    
 Catch=   13437.3929366056     
 Abd=   22768.82    
 Catch=   611725.981558820     
 Abd=   6243812.    
 Time step =         1823
 Catch=   12322.7655775963     
 Abd=   77379.62    
 Catch=   844.990860925877     
 Abd=   5375.408    
 Catch=   13037.0754744140     
 Abd=   14158.15    
 Catch=   2457.23143393501     
 Abd=   39700.32    
 Catch=   14387.6563753739     
 Abd=   48215.57    
 Catch=   24.8156828214576     
 Abd=   95.50163    
 Catch=                     NaN
 Abd=            NaN
 Catch=                     NaN
 Abd=            NaN
 Catch=   37797.6794138538     
 Abd=   612263.7    
 Catch=   8278.53993756472     
 Abd=   1880.982    
 Catch=   27671.1572976157     
 Abd=   154644.5    
 Catch=   884.300701323897     
 Abd=   14461.52    
 Catch=                     NaN
 Abd=            NaN
 Catch=   19766.7416655855     
 Abd=   279033.3    
 Catch=   55579.0420155573     
 Abd=   32159.41    
 Catch=                     NaN
 Abd=            NaN
 Catch=   1913.83848411356     
 Abd=   2803.072    
 Catch=                     NaN
 Abd=            NaN
 Catch=   8905.92589515285     
 Abd=   45734.74    
 Catch=   1302.16579719425     
 Abd=   4449.512    
 Catch=   310.062356316447     
 Abd=   2879.634    
 Catch=   208915.944763984     
 Abd=   3388055.    
 Catch=   38437.5089884990     
 Abd=   134149.1    
 Catch=   18380.6707531265     
 Abd=   297864.6    
 Catch=                     NaN
 Abd=            NaN
 Catch=   11384.9604745875     
 Abd=   24026.28    
 Catch=   33369.0241918069     
 Abd=   19485.45    
 Catch=   82923.0082889304     
 Abd=   1191646.    
 Catch=   57877.5662018004     
 Abd=   155491.3    
 Catch=   13431.8697631491     
 Abd=   22762.04    
 Catch=   585499.615764150     
 Abd=   5994074.    
 Time step =         1824
 Catch=   12009.7722725437     
 Abd=   75571.98    
 Catch=   832.097916395662     
 Abd=   5300.261    
 Catch=   13037.9002042962     
 Abd=   14158.69    
 Catch=   2306.10823436197     
 Abd=   37357.53    
 Catch=   14309.6958315721     
 Abd=   47990.22    
 Catch=   23.8579685764735     
 Abd=   92.15912    
 Catch=                     NaN
 Abd=            NaN
 Catch=                     NaN
 Abd=            NaN
 Catch=   35665.0226122106     
 Abd=   579443.2    
 Catch=   8278.53993756472     
 Abd=   1880.982    
 Catch=   26853.4104672198     
 Abd=   150401.2    
 Catch=   849.843397946535     
 Abd=   13925.98    
 Catch=                     NaN
 Abd=            NaN
 Catch=   18718.8081200448     
 Abd=   265001.3    
 Catch=   55584.3600321110     
 Abd=   32160.45    
 Catch=                     NaN
 Abd=            NaN
 Catch=   1913.68904598087     
 Abd=   2802.922    
 Catch=                     NaN
 Abd=            NaN
 Catch=   8734.46126459899     
 Abd=   44935.08    
 Catch=   1293.76773065397     
 Abd=   4424.930    
 Catch=   297.042609761367     
 Abd=   2765.644    
 Catch=   197580.576984808     
 Abd=   3213518.    
 Catch=   38087.0137098803     
 Abd=   133073.9    
 Catch=   17353.2085967438     
 Abd=   282011.3    
 Catch=                     NaN
 Abd=            NaN
 Catch=   11373.8426777555     
 Abd=   24007.92    
 Catch=   33369.1183949821     
 Abd=   19485.47    
 Catch=   78593.8321500920     
 Abd=   1132656.    
 Catch=   57564.5831723734     
 Abd=   154769.9    
 Catch=   13428.8747333730     
 Abd=   22758.36    
 Catch=   563559.206208492     
 Abd=   5783964.    
 Time step =         1825
 Catch=   11750.5609616919     
 Abd=   74068.32    
 Catch=   821.401852880188     
 Abd=   5237.770    
 Catch=   13038.2254781855     
 Abd=   14158.91    
 Catch=   2175.13341580003     
 Abd=   35315.90    
 Catch=   14251.5528672807     
 Abd=   47821.79    
 Catch=   23.0533044541056     
 Abd=   89.10996    
 Catch=                     NaN
 Abd=            NaN
 Catch=                     NaN
 Abd=            NaN
 Catch=   33841.8926438545     
 Abd=   551220.8    
 Catch=   8278.53993756472     
 Abd=   1880.982    
 Catch=   26166.1134456026     
 Abd=   146815.1    
 Catch=   819.843918982579     
 Abd=   13457.70    
 Catch=                     NaN
 Abd=            NaN
 Catch=   17822.9085053671     
 Abd=   252943.3    
 Catch=   55585.1922882586     
 Abd=   32160.63    
 Catch=                     NaN
 Abd=            NaN
 Catch=   1913.61588877857     
 Abd=   2802.849    
 Catch=                     NaN
 Abd=            NaN
 Catch=   8595.01397967957     
 Abd=   44282.01    
 Catch=   1287.59284388024     
 Abd=   4406.823    
 Catch=   285.908332341537     
 Abd=   2667.535    
 Catch=   187884.516986056     
 Abd=   3063438.    
 Catch=   37816.7261451385     
 Abd=   132241.6    
 Catch=   16471.0865814029     
 Abd=   268330.6    
 Catch=                     NaN
 Abd=            NaN
 Catch=   11366.8985766467     
 Abd=   23996.40    
 Catch=   33369.1367825306     
 Abd=   19485.47    
 Catch=   74891.9696992189     
 Abd=   1081942.    
 Catch=   57333.2638598274     
 Abd=   154234.6    
 Catch=   13427.2441869989     
 Abd=   22756.34    
 Catch=   545012.620268859     
 Abd=   5605514.    
 Time step =         1826
 Catch=   11534.1394570110     
 Abd=   72808.22    
 Catch=   812.489855121808     
 Abd=   5185.603    
 Catch=   13038.3549295916     
 Abd=   14159.00    
 Catch=   2060.50153082737     
 Abd=   33522.18    
 Catch=   14207.9946129598     
 Abd=   47695.33    
 Catch=   22.3190326653380     
 Abd=   86.41541    
 Catch=                     NaN
 Abd=            NaN
 Catch=                     NaN
 Abd=            NaN
 Catch=   32266.2001337001     
 Abd=   526701.5    
 Catch=   8278.53993756472     
 Abd=   1880.982    
 Catch=   25582.4705088273     
 Abd=   143755.0    
 Catch=   793.515534873975     
 Abd=   13045.23    
 Catch=                     NaN
 Abd=            NaN
 Catch=   17049.3651944886     
 Abd=   242482.1    
 Catch=   55585.3256624434     
 Abd=   32160.66    
 Catch=                     NaN
 Abd=            NaN
 Catch=   1913.58100865829     
 Abd=   2802.813    
 Catch=                     NaN
 Abd=            NaN
 Catch=   8480.72617162007     
 Abd=   43744.84    
 Catch=   1283.04004204162     
 Abd=   4393.458    
 Catch=   276.270117783603     
 Abd=   2582.079    
 Catch=   179509.327864189     
 Abd=   2933216.    
 Catch=   37606.7990505073     
 Abd=   131593.0    
 Catch=   15706.3455569756     
 Abd=   256412.9    
 Catch=                     NaN
 Abd=            NaN
 Catch=   11362.5440793095     
 Abd=   23989.19    
 Catch=   33369.1308651495     
 Abd=   19485.46    
 Catch=   71694.7627754015     
 Abd=   1037939.    
 Catch=   57161.0670313394     
 Abd=   153834.9    
 Catch=   13426.3608377078     
 Abd=   22755.26    
 Catch=   529197.065178487     
 Abd=   5452726.    
 Time step =         1827
 Catch=   11352.2010110094     
 Abd=   71745.45    
 Catch=   805.038120353886     
 Abd=   5141.915    
 Catch=   13038.4069646700     
 Abd=   14159.03    
 Catch=   1959.40396116368     
 Abd=   31934.20    
 Catch=   14175.2533995902     
 Abd=   47600.16    
 Catch=   21.6443430810515     
 Abd=   83.64977    
 Catch=                     NaN
 Abd=            NaN
 Catch=                     NaN
 Abd=            NaN
 Catch=   30891.2132701778     
 Abd=   505212.7    
 Catch=   8278.53993756472     
 Abd=   1880.982    
 Catch=   25082.3172681506     
 Abd=   141121.4    
 Catch=   770.250217186893     
 Abd=   12679.58    
 Catch=                     NaN
 Abd=            NaN
 Catch=   16375.4474014597     
 Abd=   233329.9    
 Catch=   55585.3512794067     
 Abd=   32160.67    
 Catch=                     NaN
 Abd=            NaN
 Catch=   1913.56226167687     
 Abd=   2802.794    
 Catch=                     NaN
 Abd=            NaN
 Catch=   8386.43881015943     
 Abd=   43297.31    
 Catch=   1279.67526526983     
 Abd=   4383.567    
 Catch=   267.830587044430     
 Abd=   2506.945    
 Catch=   172213.180772456     
 Abd=   2819307.    
 Catch=   37442.7179863330     
 Abd=   131084.4    
 Catch=   15037.4040414668     
 Abd=   245947.5    
 Catch=                     NaN
 Abd=            NaN
 Catch=   11359.8094406447     
 Abd=   23984.66    
 Catch=   33369.1277629003     
 Abd=   19485.46    
 Catch=   68909.5180265680     
 Abd=   999451.4    
 Catch=   57032.0962325796     
 Abd=   153534.6    
 Catch=   13425.8795262273     
 Abd=   22754.67    
 Catch=   515608.854510385     
 Abd=   5321000.    
 Time step =         1828
 Catch=   11198.3311972053     
 Abd=   70844.19    
 Catch=   798.789943368677     
 Abd=   5105.237    
 Catch=   13038.4246331056     
 Abd=   14159.04    
 Catch=   1869.59999821176     
 Abd=   30518.82    
 Catch=   14150.5769019249     
 Abd=   47528.31    
 Catch=   20.9270339559863     
 Abd=   80.92426    
 Catch=                     NaN
 Abd=            NaN
 Catch=                     NaN
 Abd=            NaN
 Catch=   29681.5208135213     
 Abd=   486234.9    
 Catch=   8278.53993756472     
 Abd=   1880.982    
 Catch=   24650.2148264141     
 Abd=   138837.2    
 Catch=   749.569741514732     
 Abd=   12353.68    
 Catch=                     NaN
 Abd=            NaN
 Catch=   15783.6923559435     
 Abd=   225263.0    
 Catch=   55585.3544723707     
 Abd=   32160.66    
 Catch=                     NaN
 Abd=            NaN
 Catch=   1913.55266415724     
 Abd=   2802.784    
 Catch=                     NaN
 Abd=            NaN
 Catch=   8307.68301333666     
 Abd=   42925.06    
 Catch=   1277.18403510038     
 Abd=   4376.242    
 Catch=   260.409483916226     
 Abd=   2440.880    
 Catch=   165807.537419911     
 Abd=   2718926.    
 Catch=   37313.7381218280     
 Abd=   130682.6    
 Catch=   14447.8552150850     
 Abd=   236687.6    
 Catch=                     NaN
 Abd=            NaN
 Catch=   11358.0917781683     
 Abd=   23981.81    
 Catch=   33369.1347112718     
 Abd=   19485.47    
 Catch=   66464.7733298161     
 Abd=   965550.2    
 Catch=   56934.9705007447     
 Abd=   153307.8    
 Catch=   13425.6197641950     
 Abd=   22754.34    
 Catch=   503859.393080860     
 Abd=   5206763.    
 Time step =         1829
 Catch=   11067.5390971098     
 Abd=   70076.31    
 Catch=   793.539483102760     
 Abd=   5074.389    
 Catch=   13038.4328663045     
 Abd=   14159.05    
 Catch=   1789.31442958492     
 Abd=   29249.59    
 Catch=   14131.9301445334     
 Abd=   47473.95    
 Catch=   20.2731770757564     
 Abd=   78.58619    
 Catch=                     NaN
 Abd=            NaN
 Catch=                     NaN
 Abd=            NaN
 Catch=   28609.5832778026     
 Abd=   469361.1    
 Catch=   8278.53993756472     
 Abd=   1880.982    
 Catch=   24274.1371974890     
 Abd=   136842.1    
 Catch=   731.092502969866     
 Abd=   12061.79    
 Catch=                     NaN
 Abd=            NaN
 Catch=   15260.3944059235     
 Abd=   218103.5    
 Catch=   55585.3481548192     
 Abd=   32160.66    
 Catch=                     NaN
 Abd=            NaN
 Catch=   1913.54980446844     
 Abd=   2802.784    
 Catch=                     NaN
 Abd=            NaN
 Catch=   8242.01619005559     
 Abd=   42613.91    
 Catch=   1275.33787910830     
 Abd=   4370.812    
 Catch=   253.850034944566     
 Abd=   2382.123    
 Catch=   160143.504241185     
 Abd=   2629868.    
 Catch=   37211.5580053953     
 Abd=   130364.1    
 Catch=   13924.5406593718     
 Abd=   228441.9    
 Catch=                     NaN
 Abd=            NaN
 Catch=   11357.0136309766     
 Abd=   23980.02    
 Catch=   33369.1414724004     
 Abd=   19485.47    
 Catch=   64304.6444985036     
 Abd=   935502.6    
 Catch=   56861.4962787132     
 Abd=   153136.0    
 Catch=   13425.4812357031     
 Abd=   22754.18    
 Catch=   493643.679548191     
 Abd=   5107186.    
 Time step =         1830
 Catch=   10955.8681224276     
 Abd=   69419.30    
 Catch=   789.119830069959     
 Abd=   5048.403    
 Catch=   13038.4369687555     
 Abd=   14159.05    
 Catch=   1717.12073842720     
 Abd=   28105.18    
 Catch=   14117.8067958046     
 Abd=   47432.73    
 Catch=   19.7173025274461     
 Abd=   76.39257    
 Catch=                     NaN
 Abd=            NaN
 Catch=                     NaN
 Abd=            NaN
 Catch=   27653.5106242340     
 Abd=   454264.5    
 Catch=   8278.53993756472     
 Abd=   1880.982    
 Catch=   23944.6338078336     
 Abd=   135088.5    
 Catch=   714.509174164077     
 Abd=   11799.28    
 Catch=                     NaN
 Abd=            NaN
 Catch=   14794.5599457631     
 Abd=   211712.6    
 Catch=   55585.3695625684     
 Abd=   32160.67    
 Catch=                     NaN
 Abd=            NaN
 Catch=   1913.54978245278     
 Abd=   2802.784    
 Catch=                     NaN
 Abd=            NaN
 Catch=   8187.02392792616     
 Abd=   42352.83    
 Catch=   1273.96833956433     
 Abd=   4366.780    
 Catch=   247.995268675493     
 Abd=   2329.555    
 Catch=   155103.436100204     
 Abd=   2550384.    
 Catch=   37130.4113065128     
 Abd=   130110.7    
 Catch=   13457.5040732015     
 Abd=   221073.2    
 Catch=                     NaN
 Abd=            NaN
 Catch=   11356.3313451670     
 Abd=   23978.88    
 Catch=   33369.1400515932     
 Abd=   19485.47    
 Catch=   62384.7372261854     
 Abd=   908721.2    
 Catch=   56805.6914101820     
 Abd=   153005.1    
 Catch=   13425.4049775284     
 Abd=   22754.08    
 Catch=   484718.606095481     
 Abd=   5019988.    
 Time step =         1831
 Catch=   10860.1531994426     
 Abd=   68855.15    
 Catch=   785.395043445556     
 Abd=   5026.493    
 Catch=   13038.4373132582     
 Abd=   14159.05    
 Catch=   1651.86732624560     
 Abd=   27068.25    
 Catch=   14107.0696275956     
 Abd=   47401.31    
 Catch=   19.0933300272529     
 Abd=   73.67464    
 Catch=                     NaN
 Abd=            NaN
 Catch=                     NaN
 Abd=            NaN
 Catch=   26795.7716262453     
 Abd=   440682.3    
 Catch=   8278.53993756472     
 Abd=   1880.982    
 Catch=   23654.1612385557     
 Abd=   133538.1    
 Catch=   699.565424920184     
 Abd=   11562.27    
 Catch=                     NaN
 Abd=            NaN
 Catch=   14377.6513108147     
 Abd=   205977.8    
 Catch=   55585.3740519852     
 Abd=   32160.68    
 Catch=                     NaN
 Abd=            NaN
 Catch=   1913.54978245278     
 Abd=   2802.784    
 Catch=                     NaN
 Abd=            NaN
 Catch=   8140.78640146876     
 Abd=   42132.86    
 Catch=   1272.95174398147     
 Abd=   4363.788    
 Catch=   242.768638693256     
 Abd=   2282.695    
 Catch=   150593.337583131     
 Abd=   2479070.    
 Catch=   37065.6867686213     
 Abd=   129908.0    
 Catch=   13039.1580740598     
 Abd=   214448.7    
 Catch=                     NaN
 Abd=            NaN
 Catch=   11355.9012452783     
 Abd=   23978.17    
 Catch=   33369.1338589393     
 Abd=   19485.46    
 Catch=   60669.2463940076     
 Abd=   884731.8    
 Catch=   56763.1822732748     
 Abd=   152905.4    
 Catch=   13425.3616960018     
 Abd=   22754.02    
 Catch=   476887.990760130     
 Abd=   4943336.    
 Time step =         1832
 Catch=   10777.8276240671     
 Abd=   68369.12    
 Catch=   782.253910667178     
 Abd=   5008.012    
 Catch=   13038.4339752781     
 Abd=   14159.04    
 Catch=   1592.61245737316     
 Abd=   26124.58    
 Catch=   14098.8910142157     
 Abd=   47377.43    
 Catch=   18.4315542139078     
 Abd=   71.34204    
 Catch=                     NaN
 Abd=            NaN
 Catch=                     NaN
 Abd=            NaN
 Catch=   26022.1888869436     
 Abd=   428403.4    
 Catch=   8278.53993756472     
 Abd=   1880.982    
 Catch=   23396.6565017048     
 Abd=   132159.8    
 Catch=   686.051331078521     
 Abd=   11347.57    
 Catch=                     NaN
 Abd=            NaN
 Catch=   14002.6155687627     
 Abd=   200806.3    
 Catch=   55585.3707211284     
 Abd=   32160.68    
 Catch=                     NaN
 Abd=            NaN
 Catch=   1913.54978245278     
 Abd=   2802.784    
 Catch=                     NaN
 Abd=            NaN
 Catch=   8101.76876614050     
 Abd=   41946.93    
 Catch=   1272.19703181846     
 Abd=   4361.565    
 Catch=   238.091082008305     
 Abd=   2240.465    
 Catch=   146537.274541054     
 Abd=   2414784.    
 Catch=   37013.8072198674     
 Abd=   129745.2    
 Catch=   12661.7522678103     
 Abd=   208454.7    
 Catch=                     NaN
 Abd=            NaN
 Catch=   11355.6348529490     
 Abd=   23977.74    
 Catch=   33369.1330349305     
 Abd=   19485.46    
 Catch=   59129.0948350360     
 Abd=   863145.2    
 Catch=   56730.7193325743     
 Abd=   152829.1    
 Catch=   13425.3343277195     
 Abd=   22753.99    
 Catch=   469992.259421102     
 Abd=   4875717.    
 Time step =         1833
 Catch=   10706.8105978461     
 Abd=   67949.27    
 Catch=   779.604255151298     
 Abd=   4992.423    
 Catch=   13038.4348837128     
 Abd=   14159.05    
 Catch=   1538.57783271456     
 Abd=   25262.31    
 Catch=   14092.6666840958     
 Abd=   47359.21    
 Catch=   17.8803677214184     
 Abd=   69.29395    
 Catch=                     NaN
 Abd=            NaN
 Catch=                     NaN
 Abd=            NaN
 Catch=   25321.2326087430     
 Abd=   417251.7    
 Catch=   8278.53993756472     
 Abd=   1880.982    
 Catch=   23167.1709957517     
 Abd=   130928.4    
 Catch=   673.790731439392     
 Abd=   11152.49    
 Catch=                     NaN
 Abd=            NaN
 Catch=   13663.7073880154     
 Abd=   196119.9    
 Catch=   55585.3614741463     
 Abd=   32160.66    
 Catch=                     NaN
 Abd=            NaN
 Catch=   1913.54978245278     
 Abd=   2802.784    
 Catch=                     NaN
 Abd=            NaN
 Catch=   8068.73903323308     
 Abd=   41789.30    
 Catch=   1271.63624171615     
 Abd=   4359.912    
 Catch=   233.843925315801     
 Abd=   2201.959    
 Catch=   142873.105951413     
 Abd=   2356586.    
 Catch=   36972.0580890062     
 Abd=   129613.9    
 Catch=   12319.5301788806     
 Abd=   203005.6    
 Catch=                     NaN
 Abd=            NaN
 Catch=   11355.4659449860     
 Abd=   23977.44    
 Catch=   33369.1274552244     
 Abd=   19485.46    
 Catch=   57740.4143298878     
 Abd=   843642.1    
 Catch=   56705.8824220470     
 Abd=   152770.7    
 Catch=   13425.3259094248     
 Abd=   22753.98    
 Catch=   463900.212257679     
 Abd=   4815890.    
 Time step =         1834
 Catch=   10645.3804591391     
 Abd=   67585.62    
 Catch=   777.369198611793     
 Abd=   4979.277    
 Catch=   13038.4373041778     
 Abd=   14159.05    
 Catch=   1489.11273710559     
 Abd=   24471.45    
 Catch=   14087.9134876907     
 Abd=   47345.30    
 Catch=   17.3569858084954     
 Abd=   67.24041    
 Catch=                     NaN
 Abd=            NaN
 Catch=                     NaN
 Abd=            NaN
 Catch=   24683.3034079947     
 Abd=   407081.3    
 Catch=   8278.53993756472     
 Abd=   1880.982    
 Catch=   22961.6726644807     
 Abd=   129823.3    
 Catch=   662.635770358746     
 Abd=   10974.77    
 Catch=                     NaN
 Abd=            NaN
 Catch=   13355.9730725070     
 Abd=   191857.8    
 Catch=   55585.3483666310     
 Abd=   32160.66    
 Catch=                     NaN
 Abd=            NaN
 Catch=   1913.54978245278     
 Abd=   2802.784    
 Catch=                     NaN
 Abd=            NaN
 Catch=   8040.69501055168     
 Abd=   41655.27    
 Catch=   1271.21933748489     
 Abd=   4358.686    
 Catch=   229.976870018249     
 Abd=   2166.987    
 Catch=   139549.565725778     
 Abd=   2303698.    
 Catch=   36938.2937515322     
 Abd=   129507.5    
 Catch=   12007.7895683179     
 Abd=   198034.5    
 Catch=                     NaN
 Abd=            NaN
 Catch=   11355.3563675868     
 Abd=   23977.27    
 Catch=   33369.1306257971     
 Abd=   19485.46    
 Catch=   56483.3903132014     
 Abd=   825954.3    
 Catch=   56686.8045456614     
 Abd=   152725.7    
 Catch=   13425.3201663982     
 Abd=   22753.98    
 Catch=   458502.754487548     
 Abd=   4762812.    
 Time step =         1835
 Catch=   10592.1159797744     
 Abd=   67269.95    
 Catch=   775.485606836874     
 Abd=   4968.206    
 Catch=   13038.4391729022     
 Abd=   14159.05    
 Catch=   1443.66163622194     
 Abd=   23743.44    
 Catch=   14084.2861531041     
 Abd=   47334.68    
 Catch=   16.8997583982444     
 Abd=   65.70443    
 Catch=                     NaN
 Abd=            NaN
 Catch=                     NaN
 Abd=            NaN
 Catch=   24100.3751614058     
 Abd=   397769.8    
 Catch=   8278.53993756472     
 Abd=   1880.982    
 Catch=   22776.8376628293     
 Abd=   128827.0    
 Catch=   652.460211726583     
 Abd=   10812.44    
 Catch=                     NaN
 Abd=            NaN
 Catch=   13075.6054799981     
 Abd=   187965.7    
 Catch=   55585.3483854930     
 Abd=   32160.66    
 Catch=                     NaN
 Abd=            NaN
 Catch=   1913.54978245278     
 Abd=   2802.784    
 Catch=                     NaN
 Abd=            NaN
 Catch=   8016.82654850665     
 Abd=   41541.04    
 Catch=   1270.90972804682     
 Abd=   4357.774    
 Catch=   226.458847980820     
 Abd=   2135.128    
 Catch=   136524.008793499     
 Abd=   2255466.    
 Catch=   36910.9010241617     
 Abd=   129420.9    
 Catch=   11722.8969238046     
 Abd=   193483.4    
 Catch=                     NaN
 Abd=            NaN
 Catch=   11355.2891141014     
 Abd=   23977.15    
 Catch=   33369.1358600074     
 Abd=   19485.47    
 Catch=   55341.4429453205     
 Abd=   809858.8    
 Catch=   56672.1051995774     
 Abd=   152691.1    
 Catch=   13425.3144912639     
 Abd=   22753.98    
 Catch=   453708.406783763     
 Abd=   4715608.    
 Time step =         1836
 Catch=   10545.8207959932     
 Abd=   66995.26    
 Catch=   773.900239475522     
 Abd=   4958.896    
 Catch=   13038.4376158708     
 Abd=   14159.05    
 Catch=   1401.75301027100     
 Abd=   23071.07    
 Catch=   14081.5040817332     
 Abd=   47326.51    
 Catch=   16.5622837152091     
 Abd=   64.56496    
 Catch=                     NaN
 Abd=            NaN
 Catch=                     NaN
 Abd=            NaN
 Catch=   23565.7198118982     
 Abd=   389213.1    
 Catch=   8278.53993756472     
 Abd=   1880.982    
 Catch=   22609.9047615817     
 Abd=   127925.5    
 Catch=   643.155814050729     
 Abd=   10663.85    
 Catch=                     NaN
 Abd=            NaN
 Catch=   12819.1579206294     
 Abd=   184402.5    
 Catch=   55585.3570250595     
 Abd=   32160.67    
 Catch=                     NaN
 Abd=            NaN
 Catch=   1913.54978245278     
 Abd=   2802.784    
 Catch=                     NaN
 Abd=            NaN
 Catch=   7996.45565385347     
 Abd=   41443.44    
 Catch=   1270.67973372815     
 Abd=   4357.096    
 Catch=   223.259424175335     
 Abd=   2106.127    
 Catch=   133760.471893982     
 Abd=   2211342.    
 Catch=   36888.5757286739     
 Abd=   129350.2    
 Catch=   11461.6458083038     
 Abd=   189301.9    
 Catch=                     NaN
 Abd=            NaN
 Catch=   11355.2483369558     
 Abd=   23977.09    
 Catch=   33369.1357908261     
 Abd=   19485.46    
 Catch=   54300.6609404938     
 Abd=   795166.0    
 Catch=   56660.7982858818     
 Abd=   152664.4    
 Catch=   13425.3136154338     
 Abd=   22753.97    
 Catch=   449440.444744447     
 Abd=   4673545.    
 Time step =         1837
 Catch=   10505.5086213873     
 Abd=   66755.86    
 Catch=   772.569071815802     
 Abd=   4951.090    
 Catch=   13038.4398711968     
 Abd=   14159.05    
 Catch=   1362.98933177698     
 Abd=   22448.23    
 Catch=   14079.3692371018     
 Abd=   47320.24    
 Catch=   16.3107041930470     
 Abd=   63.71136    
 Catch=                     NaN
 Abd=            NaN
 Catch=                     NaN
 Abd=            NaN
 Catch=   23073.6050559828     
 Abd=   381325.6    
 Catch=   8278.53993756472     
 Abd=   1880.982    
 Catch=   22458.5537363089     
 Abd=   127106.6    
 Catch=   634.629923246569     
 Abd=   10527.55    
 Catch=                     NaN
 Abd=            NaN
 Catch=   12584.0391095770     
 Abd=   181129.6    
 Catch=   55585.3661379757     
 Abd=   32160.67    
 Catch=                     NaN
 Abd=            NaN
 Catch=   1913.54978245278     
 Abd=   2802.784    
 Catch=                     NaN
 Abd=            NaN
 Catch=   7979.02905668844     
 Abd=   41359.84    
 Catch=   1270.50876480167     
 Abd=   4356.594    
 Catch=   220.348732169202     
 Abd=   2079.800    
 Catch=   131228.498001043     
 Abd=   2170854.    
 Catch=   36870.2889187756     
 Abd=   129292.3    
 Catch=   11221.2391405721     
 Abd=   185450.1    
 Catch=                     NaN
 Abd=            NaN
 Catch=   11355.2217623996     
 Abd=   23977.04    
 Catch=   33369.1387407595     
 Abd=   19485.47    
 Catch=   53349.1825352642     
 Abd=   781714.2    
 Catch=   56652.0823434411     
 Abd=   152643.8    
 Catch=   13425.3119014571     
 Abd=   22753.96    
 Catch=   445633.575532844     
 Abd=   4635990.    
 Time step =         1838
 Catch=   10470.3396615107     
 Abd=   66546.84    
 Catch=   771.454651219615     
 Abd=   4944.566    
 Catch=   13038.4394959822     
 Abd=   14159.05    
 Catch=   1327.03154003453     
 Abd=   21868.68    
 Catch=   14077.7328310804     
 Abd=   47315.38    
 Catch=   16.1215415884413     
 Abd=   63.06716    
 Catch=                     NaN
 Abd=            NaN
 Catch=                     NaN
 Abd=            NaN
 Catch=   22619.2894667496     
 Abd=   374032.5    
 Catch=   8278.53993756472     
 Abd=   1880.982    
 Catch=   22320.8213441233     
 Abd=   126360.1    
 Catch=   626.802302773383     
 Abd=   10402.30    
 Catch=                     NaN
 Abd=            NaN
 Catch=   12367.7602644111     
 Abd=   178116.4    
 Catch=   55585.3630095012     
 Abd=   32160.66    
 Catch=                     NaN
 Abd=            NaN
 Catch=   1913.54978245278     
 Abd=   2802.784    
 Catch=                     NaN
 Abd=            NaN
 Catch=   7964.09135051049     
 Abd=   41288.12    
 Catch=   1270.38177098317     
 Abd=   4356.218    
 Catch=   217.702061858184     
 Abd=   2055.725    
 Catch=   128902.079396156     
 Abd=   2133603.    
 Catch=   36855.2829009106     
 Abd=   129244.6    
 Catch=   10999.4709494929     
 Abd=   181889.7    
 Catch=                     NaN
 Abd=            NaN
 Catch=   11355.2038107868     
 Abd=   23977.01    
 Catch=   33369.1471224124     
 Abd=   19485.47    
 Catch=   52476.9694505729     
 Abd=   769366.8    
 Catch=   56645.3402844217     
 Abd=   152628.0    
 Catch=   13425.3065951718     
 Abd=   22753.95    
 Catch=   442231.497253649     
 Abd=   4602395.    
 Time step =         1839
 Catch=   10439.6117001273     
 Abd=   66364.04    
 Catch=   770.525384434538     
 Abd=   4939.143    
 Catch=   13038.4404228903     
 Abd=   14159.05    
 Catch=   1293.53117723677     
 Abd=   21329.00    
 Catch=   14076.4596299696     
 Abd=   47311.67    
 Catch=   15.9783921479617     
 Abd=   62.57832    
 Catch=                     NaN
 Abd=            NaN
 Catch=                     NaN
 Abd=            NaN
 Catch=   22198.6434720560     
 Abd=   367270.9    
 Catch=   8278.53993756472     
 Abd=   1880.982    
 Catch=   22195.0760199380     
 Abd=   125677.4    
 Catch=   619.602327703355     
 Abd=   10286.99    
 Catch=                     NaN
 Abd=            NaN
 Catch=   12168.3823248831     
 Abd=   175335.2    
 Catch=   55585.3579422463     
 Abd=   32160.67    
 Catch=                     NaN
 Abd=            NaN
 Catch=   1913.54978245278     
 Abd=   2802.784    
 Catch=                     NaN
 Abd=            NaN
 Catch=   7951.26263012020     
 Abd=   41226.46    
 Catch=   1270.28679455208     
 Abd=   4355.938    
 Catch=   215.260336316690     
 Abd=   2033.434    
 Catch=   126758.890267313     
 Abd=   2099242.    
 Catch=   36842.8896495508     
 Abd=   129205.1    
 Catch=   10794.2102792852     
 Abd=   178591.9    
 Catch=                     NaN
 Abd=            NaN
 Catch=   11355.1904061320     
 Abd=   23976.99    
 Catch=   33369.1335338261     
 Abd=   19485.46    
 Catch=   51675.3095143075     
 Abd=   758004.1    
 Catch=   56640.1297093315     
 Abd=   152615.6    
 Catch=   13425.3056838577     
 Abd=   22753.96    
 Catch=   439186.262628412     
 Abd=   4572306.    
 Time step =         1840
 Catch=   10412.7214015282     
 Abd=   66203.98    
 Catch=   769.754860428066     
 Abd=   4934.659    
 Catch=   13038.4408182110     
 Abd=   14159.05    
 Catch=   1262.29885226289     
 Abd=   20825.25    
 Catch=   14075.4845593640     
 Abd=   47308.79    
 Catch=   15.8695397538056     
 Abd=   62.20581    
 Catch=                     NaN
 Abd=            NaN
 Catch=                     NaN
 Abd=            NaN
 Catch=   21808.1325479216     
 Abd=   360985.3    
 Catch=   8278.53993756472     
 Abd=   1880.982    
 Catch=   22079.9024627733     
 Abd=   125051.1    
 Catch=   612.969178880653     
 Abd=   10180.67    
 Catch=                     NaN
 Abd=            NaN
 Catch=   11984.1347615730     
 Abd=   172761.9    
 Catch=   55585.3634921969     
 Abd=   32160.67    
 Catch=                     NaN
 Abd=            NaN
 Catch=   1913.54978245278     
 Abd=   2802.784    
 Catch=                     NaN
 Abd=            NaN
 Catch=   7940.22362015922     
 Abd=   41173.37    
 Catch=   1270.21593145075     
 Abd=   4355.729    
 Catch=   212.996571231540     
 Abd=   2012.605    
 Catch=   124779.643391068     
 Abd=   2067472.    
 Catch=   36832.6305154859     
 Abd=   129172.4    
 Catch=   10603.8627031471     
 Abd=   175528.1    
 Catch=                     NaN
 Abd=            NaN
 Catch=   11355.1863349973     
 Abd=   23976.98    
 Catch=   33369.1312120801     
 Abd=   19485.46    
 Catch=   50936.7533240771     
 Abd=   747523.5    
 Catch=   56636.0918654505     
 Abd=   152606.1    
 Catch=   13425.3117933401     
 Abd=   22753.97    
 Catch=   436456.639034395     
 Abd=   4545316.    
 Time step =         1841
 Catch=   10389.1701277953     
 Abd=   66063.75    
 Catch=   769.120824570602     
 Abd=   4930.991    
 Catch=   13038.4383911997     
 Abd=   14159.05    
 Catch=   1233.11273483854     
 Abd=   20353.98    
 Catch=   14074.7330985657     
 Abd=   47306.59    
 Catch=   15.7658734348191     
 Abd=   61.60248    
 Catch=                     NaN
 Abd=            NaN
 Catch=                     NaN
 Abd=            NaN
 Catch=   21444.6874743163     
 Abd=   355128.4    
 Catch=   8278.53993756472     
 Abd=   1880.982    
 Catch=   21974.0900777473     
 Abd=   124475.0    
 Catch=   606.848757326376     
 Abd=   10082.50    
 Catch=                     NaN
 Abd=            NaN
 Catch=   11813.4649928421     
 Abd=   170374.5    
 Catch=   55585.3626812082     
 Abd=   32160.67    
 Catch=                     NaN
 Abd=            NaN
 Catch=   1913.54978245278     
 Abd=   2802.784    
 Catch=                     NaN
 Abd=            NaN
 Catch=   7930.71141753792     
 Abd=   41127.56    
 Catch=   1270.16345921703     
 Abd=   4355.576    
 Catch=   210.872481319610     
 Abd=   1993.181    
 Catch=   122947.675978499     
 Abd=   2038034.    
 Catch=   36824.1008519455     
 Abd=   129145.1    
 Catch=   10426.8110507073     
 Abd=   172675.8    
 Catch=                     NaN
 Abd=            NaN
 Catch=   11355.1784524503     
 Abd=   23976.97    
 Catch=   33369.1307427352     
 Abd=   19485.47    
 Catch=   50254.8039981123     
 Abd=   737835.8    
 Catch=   56633.0154445847     
 Abd=   152598.8    
 Catch=   13425.3141080331     
 Abd=   22753.97    
 Catch=   434006.823226242     
 Abd=   4521078.    
 Time step =         1842
 Catch=   10368.5076817567     
 Abd=   65940.56    
 Catch=   768.605006100018     
 Abd=   4928.025    
 Catch=   13038.4423630292     
 Abd=   14159.05    
 Catch=   1205.78028424291     
 Abd=   19912.18    
 Catch=   14074.1364803273     
 Abd=   47304.82    
 Catch=   15.5302543896450     
 Abd=   60.51959    
 Catch=                     NaN
 Abd=            NaN
 Catch=                     NaN
 Abd=            NaN
 Catch=   21105.6343817007     
 Abd=   349658.5    
 Catch=   8278.53993756472     
 Abd=   1880.982    
 Catch=   21876.6252289224     
 Abd=   123943.5    
 Catch=   601.193432562526     
 Abd=   9991.735    
 Catch=                     NaN
 Abd=            NaN
 Catch=   11654.9542283431     
 Abd=   168154.8    
 Catch=   55585.3641435812     
 Abd=   32160.67    
 Catch=                     NaN
 Abd=            NaN
 Catch=   1913.54978245278     
 Abd=   2802.784    
 Catch=                     NaN
 Abd=            NaN
 Catch=   7922.50030866209     
 Abd=   41088.01    
 Catch=   1270.12462529715     
 Abd=   4355.460    
 Catch=   208.912525185717     
 Abd=   1975.347    
 Catch=   121248.449264070     
 Abd=   2010700.    
 Catch=   36816.9934366324     
 Abd=   129122.3    
 Catch=   10261.8151508068     
 Abd=   170015.8    
 Catch=                     NaN
 Abd=            NaN
 Catch=   11355.1759682738     
 Abd=   23976.96    
 Catch=   33369.1358987331     
 Abd=   19485.47    
 Catch=   49623.8181094896     
 Abd=   728863.0    
 Catch=   56630.6093763318     
 Abd=   152593.1    
 Catch=   13425.3120080527     
 Abd=   22753.96    
 Catch=   431805.811213091     
 Abd=   4499290.    
 Time step =         1843
 Catch=   10350.3526354043     
 Abd=   65832.31    
 Catch=   768.191207244429     
 Abd=   4925.671    
 Catch=   13038.4397754179     
 Abd=   14159.05    
 Catch=   1180.13127997406     
 Abd=   19497.17    
 Catch=   14073.6769062383     
 Abd=   47303.39    
 Catch=   15.2836669952707     
 Abd=   59.68153    
 Catch=                     NaN
 Abd=            NaN
 Catch=                     NaN
 Abd=            NaN
 Catch=   20788.6554614323     
 Abd=   344538.1    
 Catch=   8278.53993756472     
 Abd=   1880.982    
 Catch=   21786.6057427887     
 Abd=   123452.0    
 Catch=   595.961531148575     
 Abd=   9907.714    
 Catch=                     NaN
 Abd=            NaN
 Catch=   11507.4479199317     
 Abd=   166088.1    
 Catch=   55585.3712960303     
 Abd=   32160.67    
 Catch=                     NaN
 Abd=            NaN
 Catch=   1913.54978245278     
 Abd=   2802.784    
 Catch=                     NaN
 Abd=            NaN
 Catch=   7915.40322135770     
 Abd=   41053.79    
 Catch=   1270.09568612955     
 Abd=   4355.375    
 Catch=   207.110489809867     
 Abd=   1958.868    
 Catch=   119668.987055037     
 Abd=   1985267.    
 Catch=   36811.0163421633     
 Abd=   129103.1    
 Catch=   10107.7857423166     
 Abd=   167529.1    
 Catch=                     NaN
 Abd=            NaN
 Catch=   11355.1769388616     
 Abd=   23976.97    
 Catch=   33369.1375887665     
 Abd=   19485.47    
 Catch=   49038.8428971765     
 Abd=   720536.6    
 Catch=   56628.7332110064     
 Abd=   152588.6    
 Catch=   13425.3087598086     
 Abd=   22753.96    
 Catch=   429826.022278470     
 Abd=   4479682.    
 Time step =         1844
 Catch=   10334.3967852216     
 Abd=   65737.12    
 Catch=   767.866751972492     
 Abd=   4923.851    
 Catch=   13038.4367000715     
 Abd=   14159.05    
 Catch=   1156.01610303458     
 Abd=   19106.64    
 Catch=   14073.3201176857     
 Abd=   47302.47    
 Catch=   15.0980556261265     
 Abd=   59.04979    
 Catch=                     NaN
 Abd=            NaN
 Catch=                     NaN
 Abd=            NaN
 Catch=   20491.6420194000     
 Abd=   339735.4    
 Catch=   8278.53993756472     
 Abd=   1880.982    
 Catch=   21703.2682919073     
 Abd=   122996.5    
 Catch=   591.115416053079     
 Abd=   9829.838    
 Catch=                     NaN
 Abd=            NaN
 Catch=   11369.9641805943     
 Abd=   164159.9    
 Catch=   55585.3611633596     
 Abd=   32160.66    
 Catch=                     NaN
 Abd=            NaN
 Catch=   1913.54978245278     
 Abd=   2802.784    
 Catch=                     NaN
 Abd=            NaN
 Catch=   7909.26015780985     
 Abd=   41024.15    
 Catch=   1270.07376350005     
 Abd=   4355.310    
 Catch=   205.413446873189     
 Abd=   1943.117    
 Catch=   118198.083191143     
 Abd=   1961560.    
 Catch=   36805.9776577546     
 Abd=   129086.9    
 Catch=   9963.65651563138     
 Abd=   165201.1    
 Catch=                     NaN
 Abd=            NaN
 Catch=   11355.1746488468     
 Abd=   23976.96    
 Catch=   33369.1346450277     
 Abd=   19485.46    
 Catch=   48495.5196630119     
 Abd=   712796.1    
 Catch=   56627.2759337790     
 Abd=   152585.2    
 Catch=   13425.3082123168     
 Abd=   22753.96    
 Catch=   428043.561438241     
 Abd=   4462018.    
 Time step =         1845
 Catch=   10320.3485929277     
 Abd=   65653.22    
 Catch=   767.619722010856     
 Abd=   4922.493    
 Catch=   13038.4399746707     
 Abd=   14159.05    
 Catch=   1133.30315173328     
 Abd=   18738.49    
 Catch=   14073.0581882346     
 Abd=   47301.54    
 Catch=   14.9577315071743     
 Abd=   58.57082    
 Catch=                     NaN
 Abd=            NaN
 Catch=                     NaN
 Abd=            NaN
 Catch=   20212.7910992917     
 Abd=   335222.2    
 Catch=   8278.53993756472     
 Abd=   1880.982    
 Catch=   21625.9336401108     
 Abd=   122573.4    
 Catch=   586.621416074040     
 Abd=   9757.582    
 Catch=                     NaN
 Abd=            NaN
 Catch=   11241.5896065703     
 Abd=   162357.9    
 Catch=   55585.3542837580     
 Abd=   32160.66    
 Catch=                     NaN
 Abd=            NaN
 Catch=   1913.54978245278     
 Abd=   2802.784    
 Catch=                     NaN
 Abd=            NaN
 Catch=   7903.93442527576     
 Abd=   40998.46    
 Catch=   1270.05775117322     
 Abd=   4355.263    
 Catch=   203.792745487928     
 Abd=   1927.992    
 Catch=   116825.944602378     
 Abd=   1939427.    
 Catch=   36801.7301463241     
 Abd=   129073.2    
 Catch=   9828.60632074086     
 Abd=   163015.8    
 Catch=                     NaN
 Abd=            NaN
 Catch=   11355.1704622348     
 Abd=   23976.95    
 Catch=   33369.1301287788     
 Abd=   19485.47    
 Catch=   47990.0099121172     
 Abd=   705588.6    
 Catch=   56626.1332497945     
 Abd=   152582.4    
 Catch=   13425.3060629796     
 Abd=   22753.96    
 Catch=   426437.368811630     
 Abd=   4446098.    
 Time step =         1846
 Catch=   10307.9685387624     
 Abd=   65579.32    
 Catch=   767.441174180690     
 Abd=   4921.550    
 Catch=   13038.4391085495     
 Abd=   14159.05    
 Catch=   1111.87538824324     
 Abd=   18390.90    
 Catch=   14072.8335607341     
 Abd=   47301.09    
 Catch=   14.8511054669649     
 Abd=   58.20604    
 Catch=                     NaN
 Abd=            NaN
 Catch=                     NaN
 Abd=            NaN
 Catch=   19950.5140343743     
 Abd=   330974.6    
 Catch=   8278.53993756472     
 Abd=   1880.982    
 Catch=   21554.0328716522     
 Abd=   122179.6    
 Catch=   582.449983872026     
 Abd=   9690.486    
 Catch=                     NaN
 Abd=            NaN
 Catch=   11121.5174111596     
 Abd=   160671.1    
 Catch=   55585.3577541086     
 Abd=   32160.66    
 Catch=                     NaN
 Abd=            NaN
 Catch=   1913.54978245278     
 Abd=   2802.784    
 Catch=                     NaN
 Abd=            NaN
 Catch=   7899.31761718940     
 Abd=   40976.14    
 Catch=   1270.04560206168     
 Abd=   4355.227    
 Catch=   202.239725869889     
 Abd=   1913.600    
 Catch=   115543.790923859     
 Abd=   1918729.    
 Catch=   36798.1136852805     
 Abd=   129061.5    
 Catch=   9701.72935777181     
 Abd=   160960.8    
 Catch=                     NaN
 Abd=            NaN
 Catch=   11355.1708704329     
 Abd=   23976.96    
 Catch=   33369.1334427494     
 Abd=   19485.46    
 Catch=   47518.9033114215     
 Abd=   698865.6    
 Catch=   56625.2382828127     
 Abd=   152580.4    
 Catch=   13425.3044160410     
 Abd=   22753.96    
 Catch=   424989.027613322     
 Abd=   4431736.    
 Time step =         1847
 Catch=   10297.0552489546     
 Abd=   65514.12    
 Catch=   767.322867961273     
 Abd=   4920.969    
 Catch=   13038.4422490391     
 Abd=   14159.05    
 Catch=   1091.62707823549     
 Abd=   18062.16    
 Catch=   14072.7355105529     
 Abd=   47300.72    
 Catch=   14.7697646056049     
 Abd=   57.92731    
 Catch=                     NaN
 Abd=            NaN
 Catch=                     NaN
 Abd=            NaN
 Catch=   19703.4641073770     
 Abd=   326970.0    
 Catch=   8278.53993756472     
 Abd=   1880.982    
 Catch=   21487.0424255433     
 Abd=   121812.3    
 Catch=   578.574635815942     
 Abd=   9628.117    
 Catch=                     NaN
 Abd=            NaN
 Catch=   11009.0349728213     
 Abd=   159089.8    
 Catch=   55585.3477022462     
 Abd=   32160.66    
 Catch=                     NaN
 Abd=            NaN
 Catch=   1913.54978245278     
 Abd=   2802.784    
 Catch=                     NaN
 Abd=            NaN
 Catch=   7895.30144361902     
 Abd=   40956.72    
 Catch=   1270.03681072396     
 Abd=   4355.201    
 Catch=   200.757115673328     
 Abd=   1899.939    
 Catch=   114343.889624285     
 Abd=   1899345.    
 Catch=   36795.0232378181     
 Abd=   129051.5    
 Catch=   9582.33129376986     
 Abd=   159027.5    
 Catch=                     NaN
 Abd=            NaN
 Catch=   11355.1719919953     
 Abd=   23976.96    
 Catch=   33369.1363373226     
 Abd=   19485.47    
 Catch=   47079.1743703029     
 Abd=   692586.2    
 Catch=   56624.5599141673     
 Abd=   152578.8    
 Catch=   13425.3083160656     
 Abd=   22753.96    
 Catch=   423682.130185212     
 Abd=   4418774.    
 Time step =         1848
 Catch=   10287.4324480264     
 Abd=   65456.63    
 Catch=   767.257480073515     
 Abd=   4920.707    
 Catch=   13038.4416923700     
 Abd=   14159.05    
 Catch=   1072.46314138441     
 Abd=   17750.77    
 Catch=   14072.6023928130     
 Abd=   47300.29    
 Catch=   14.7075389975638     
 Abd=   57.71381    
 Catch=                     NaN
 Abd=            NaN
 Catch=                     NaN
 Abd=            NaN
 Catch=   19470.3532610951     
 Abd=   323188.3    
 Catch=   8278.53993756472     
 Abd=   1880.982    
 Catch=   21424.5105380953     
 Abd=   121469.2    
 Catch=   574.970528982845     
 Abd=   9570.092    
 Catch=                     NaN
 Abd=            NaN
 Catch=   10903.5001921625     
 Abd=   157604.8    
 Catch=   55585.3495943318     
 Abd=   32160.66    
 Catch=                     NaN
 Abd=            NaN
 Catch=   1913.54978245278     
 Abd=   2802.784    
 Catch=                     NaN
 Abd=            NaN
 Catch=   7891.80958677546     
 Abd=   40939.84    
 Catch=   1270.03003591428     
 Abd=   4355.183    
 Catch=   199.362808381147     
 Abd=   1887.105    
 Catch=   113219.235466689     
 Abd=   1881162.    
 Catch=   36792.3713266169     
 Abd=   129042.8    
 Catch=   9469.91742898714     
 Abd=   157205.0    
 Catch=                     NaN
 Abd=            NaN
 Catch=   11355.1719160773     
 Abd=   23976.96    
 Catch=   33369.1371902301     
 Abd=   19485.46    
 Catch=   46668.1564162164     
 Abd=   686712.4    
 Catch=   56624.0488643959     
 Abd=   152577.6    
 Catch=   13425.3065652292     
 Abd=   22753.96    
 Catch=   422502.290864745     
 Abd=   4407069.    
 Time step =         1849
 Catch=   10278.9377872969     
 Abd=   65405.83    
 Catch=   767.240309348786     
 Abd=   4920.742    
 Catch=   13038.4422575485     
 Abd=   14159.06    
 Catch=   1054.29078017445     
 Abd=   17455.17    
 Catch=   14072.5133753680     
 Abd=   47300.04    
 Catch=   14.6598208170915     
 Abd=   57.54990    
 Catch=                     NaN
 Abd=            NaN
 Catch=                     NaN
 Abd=            NaN
 Catch=   19250.0780629912     
 Abd=   319612.2    
 Catch=   8278.53993756472     
 Abd=   1880.982    
 Catch=   21366.0379231527     
 Abd=   121148.0    
 Catch=   571.616283303045     
 Abd=   9516.070    
 Catch=                     NaN
 Abd=            NaN
 Catch=   10804.3250361666     
 Abd=   156207.3    
 Catch=   55585.3443640947     
 Abd=   32160.66    
 Catch=                     NaN
 Abd=            NaN
 Catch=   1913.54978245278     
 Abd=   2802.784    
 Catch=                     NaN
 Abd=            NaN
 Catch=   7888.77101932399     
 Abd=   40925.13    
 Catch=   1270.02549007877     
 Abd=   4355.168    
 Catch=   198.051901662240     
 Abd=   1874.880    
 Catch=   112163.692024588     
 Abd=   1864086.    
 Catch=   36790.1014599698     
 Abd=   129035.5    
 Catch=   9363.87189762849     
 Abd=   155483.2    
 Catch=                     NaN
 Abd=            NaN
 Catch=   11355.1722830759     
 Abd=   23976.96    
 Catch=   33369.1378509131     
 Abd=   19485.47    
 Catch=   46283.4355553585     
 Abd=   681210.9    
 Catch=   56623.6504584424     
 Abd=   152576.6    
 Catch=   13425.3060751708     
 Abd=   22753.96    
 Catch=   421436.461036083     
 Abd=   4396489.    
 Time step =         1850
 Catch=   10271.4308940061     
 Abd=   65360.96    
 Catch=   767.267088043947     
 Abd=   4921.046    
 Catch=   13038.4441098637     
 Abd=   14159.05    
 Catch=   1037.02988961422     
 Abd=   17174.31    
 Catch=   14072.4113229983     
 Abd=   47299.71    
 Catch=   14.6231613745391     
 Abd=   57.42392    
 Catch=                     NaN
 Abd=            NaN
 Catch=                     NaN
 Abd=            NaN
 Catch=   19041.6185037961     
 Abd=   316225.8    
 Catch=   8278.53993756472     
 Abd=   1880.982    
 Catch=   21311.2765168399     
 Abd=   120847.0    
 Catch=   568.492480459284     
 Abd=   9465.738    
 Catch=                     NaN
 Abd=            NaN
 Catch=   10710.9301766739     
 Abd=   154891.4    
 Catch=   55585.3464871714     
 Abd=   32160.66    
 Catch=                     NaN
 Abd=            NaN
 Catch=   1913.54978245278     
 Abd=   2802.784    
 Catch=                     NaN
 Abd=            NaN
 Catch=   7886.12172504914     
 Abd=   40912.32    
 Catch=   1270.02138624943     
 Abd=   4355.153    
 Catch=   196.792529998769     
 Abd=   1863.299    
 Catch=   111171.695394052     
 Abd=   1848027.    
 Catch=   36788.1482009805     
 Abd=   129029.1    
 Catch=   9263.61891278921     
 Abd=   153855.4    
 Catch=                     NaN
 Abd=            NaN
 Catch=   11355.1708721844     
 Abd=   23976.96    
 Catch=   33369.1410060076     
 Abd=   19485.47    
 Catch=   45922.8565653116     
 Abd=   676051.0    
 Catch=   56623.3323645304     
 Abd=   152575.9    
 Catch=   13425.3037915845     
 Abd=   22753.95    
 Catch=   420473.067648967     
 Abd=   4386926.    
 Time step =         1851
 Catch=   10264.7952835661     
 Abd=   65321.25    
 Catch=   767.334194546273     
 Abd=   4921.600    
 Catch=   13038.4409563305     
 Abd=   14159.05    
 Catch=   1020.62498879676     
 Abd=   16907.30    
 Catch=   14072.3450019777     
 Abd=   47299.54    
 Catch=   14.5949653041850     
 Abd=   57.32693    
 Catch=                     NaN
 Abd=            NaN
 Catch=                     NaN
 Abd=            NaN
 Catch=   18844.0963077618     
 Abd=   313014.8    
 Catch=   8278.53993756472     
 Abd=   1880.982    
 Catch=   21259.9097888264     
 Abd=   120564.5    
 Catch=   565.580825853706     
 Abd=   9418.812    
 Catch=                     NaN
 Abd=            NaN
 Catch=   10622.9290117509     
 Abd=   153649.8    
 Catch=   55585.3584505771     
 Abd=   32160.66    
 Catch=                     NaN
 Abd=            NaN
 Catch=   1913.54978245278     
 Abd=   2802.784    
 Catch=                     NaN
 Abd=            NaN
 Catch=   7883.81352128752     
 Abd=   40901.14    
 Catch=   1270.01912788914     
 Abd=   4355.153    
 Catch=   195.616385054720     
 Abd=   1852.583    
 Catch=   110238.221254500     
 Abd=   1832906.    
 Catch=   36786.4319103319     
 Abd=   129023.4    
 Catch=   9168.77780750853     
 Abd=   152314.5    
 Catch=                     NaN
 Abd=            NaN
 Catch=   11355.1736090440     
 Abd=   23976.96    
 Catch=   33369.1392366533     
 Abd=   19485.47    
 Catch=   45584.4390397445     
 Abd=   671204.9    
 Catch=   56623.0997590669     
 Abd=   152575.3    
 Catch=   13425.2979985378     
 Abd=   22753.94    
 Catch=   419601.687457156     
 Abd=   4378273.    
 Time step =         1852
 Catch=   10258.9244825151     
 Abd=   65286.12    
 Catch=   767.438582874172     
 Abd=   4922.382    
 Catch=   13038.4402868636     
 Abd=   14159.05    
 Catch=   1005.02337684943     
 Abd=   16653.23    
 Catch=   14072.3209732388     
 Abd=   47299.53    
 Catch=   14.5732559832434     
 Abd=   57.25225    
 Catch=                     NaN
 Abd=            NaN
 Catch=                     NaN
 Abd=            NaN
 Catch=   18656.6966518206     
 Abd=   309966.7    
 Catch=   8278.53993756472     
 Abd=   1880.982    
 Catch=   21211.6597403060     
 Abd=   120298.9    
 Catch=   562.865463130815     
 Abd=   9375.031    
 Catch=                     NaN
 Abd=            NaN
 Catch=   10539.8499570588     
 Abd=   152477.7    
 Catch=   55585.3431756776     
 Abd=   32160.66    
 Catch=                     NaN
 Abd=            NaN
 Catch=   1913.54978245278     
 Abd=   2802.784    
 Catch=                     NaN
 Abd=            NaN
 Catch=   7881.79511195143     
 Abd=   40891.37    
 Catch=   1270.01912788914     
 Abd=   4355.153    
 Catch=   194.538336148323     
 Abd=   1842.805    
 Catch=   109358.768770601     
 Abd=   1818651.    
 Catch=   36784.9371124993     
 Abd=   129018.6    
 Catch=   9078.93798122375     
 Abd=   150854.8    
 Catch=                     NaN
 Abd=            NaN
 Catch=   11355.1703123037     
 Abd=   23976.95    
 Catch=   33369.1446502457     
 Abd=   19485.47    
 Catch=   45266.4289580104     
 Abd=   666649.0    
 Catch=   56622.9013056181     
 Abd=   152574.8    
 Catch=   13425.3001567790     
 Abd=   22753.95    
 Catch=   418813.467012656     
 Abd=   4370446.    
 Time step =         1853
 Catch=   10253.7256652714     
 Abd=   65255.01    
 Catch=   767.577418273735     
 Abd=   4923.378    
 Catch=   13038.4387764501     
 Abd=   14159.05    
 Catch=   990.168842794509     
 Abd=   16411.19    
 Catch=   14072.3224189177     
 Abd=   47299.53    
 Catch=   14.5565289214944     
 Abd=   57.19468    
 Catch=                     NaN
 Abd=            NaN
 Catch=                     NaN
 Abd=            NaN
 Catch=   18478.6877547284     
 Abd=   307069.5    
 Catch=   8278.53993756472     
 Abd=   1880.982    
 Catch=   21166.2812104078     
 Abd=   120049.0    
 Catch=   560.331197795647     
 Abd=   9334.162    
 Catch=                     NaN
 Abd=            NaN
 Catch=   10461.3770734823     
 Abd=   151369.0    
 Catch=   55585.3472862536     
 Abd=   32160.66    
 Catch=                     NaN
 Abd=            NaN
 Catch=   1913.54978245278     
 Abd=   2802.784    
 Catch=                     NaN
 Abd=            NaN
 Catch=   7880.03700512870     
 Abd=   40882.84    
 Catch=   1270.01912788914     
 Abd=   4355.153    
 Catch=   193.553647832397     
 Abd=   1833.863    
 Catch=   108529.162472239     
 Abd=   1805197.    
 Catch=   36783.6305635040     
 Abd=   129014.2    
 Catch=   8993.78401563582     
 Abd=   149470.4    
 Catch=                     NaN
 Abd=            NaN
 Catch=   11355.1678717343     
 Abd=   23976.95    
 Catch=   33369.1378015033     
 Abd=   19485.47    
 Catch=   44967.2922466709     
 Abd=   662360.6    
 Catch=   56622.7473190856     
 Abd=   152574.4    
 Catch=   13425.3006762415     
 Abd=   22753.95    
 Catch=   418100.313122516     
 Abd=   4363364.    
 Time step =         1854
 Catch=   10249.1243139536     
 Abd=   65227.48    
 Catch=   767.748770463933     
 Abd=   4924.580    
 Catch=   13038.4404877662     
 Abd=   14159.05    
 Catch=   976.009193649153     
 Abd=   16180.29    
 Catch=   14072.3220827316     
 Abd=   47299.53    
 Catch=   14.5436318823779     
 Abd=   57.15028    
 Catch=                     NaN
 Abd=            NaN
 Catch=                     NaN
 Abd=            NaN
 Catch=   18309.3987527708     
 Abd=   304312.7    
 Catch=   8278.53993756472     
 Abd=   1880.982    
 Catch=   21123.5323540779     
 Abd=   119813.4    
 Catch=   557.964938242055     
 Abd=   9295.989    
 Catch=                     NaN
 Abd=            NaN
 Catch=   10387.0977773246     
 Abd=   150319.8    
 Catch=   55585.3493765222     
 Abd=   32160.66    
 Catch=                     NaN
 Abd=            NaN
 Catch=   1913.54978245278     
 Abd=   2802.784    
 Catch=                     NaN
 Abd=            NaN
 Catch=   7878.49955011254     
 Abd=   40875.39    
 Catch=   1270.01912788914     
 Abd=   4355.153    
 Catch=   192.652286031977     
 Abd=   1825.670    
 Catch=   107745.805456183     
 Abd=   1792485.    
 Catch=   36782.4909711055     
 Abd=   129010.6    
 Catch=   8912.97787360043     
 Abd=   148156.0    
 Catch=                     NaN
 Abd=            NaN
 Catch=   11355.1679397462     
 Abd=   23976.95    
 Catch=   33369.1462546676     
 Abd=   19485.48    
 Catch=   44685.5695878714     
 Abd=   658319.9    
 Catch=   56622.6413883581     
 Abd=   152574.2    
 Catch=   13425.3013454038     
 Abd=   22753.95    
 Catch=   417454.701213797     
 Abd=   4356949.    
 Time step =         1855
 Catch=   10245.0530728934     
 Abd=   65203.09    
 Catch=   767.951646342397     
 Abd=   4925.979    
 Catch=   13038.4398890726     
 Abd=   14159.05    
 Catch=   962.491805263398     
 Abd=   15959.78    
 Catch=   14072.3203333683     
 Abd=   47299.53    
 Catch=   14.5336830971226     
 Abd=   57.11604    
 Catch=                     NaN
 Abd=            NaN
 Catch=                     NaN
 Abd=            NaN
 Catch=   18148.2176910680     
 Abd=   301686.3    
 Catch=   8278.53993756472     
 Abd=   1880.982    
 Catch=   21083.2299795431     
 Abd=   119591.1    
 Catch=   555.754239274874     
 Abd=   9260.315    
 Catch=                     NaN
 Abd=            NaN
 Catch=   10316.7715711563     
 Abd=   149326.0    
 Catch=   55585.3478785158     
 Abd=   32160.66    
 Catch=                     NaN
 Abd=            NaN
 Catch=   1913.54978245278     
 Abd=   2802.784    
 Catch=                     NaN
 Abd=            NaN
 Catch=   7877.15245091832     
 Abd=   40868.87    
 Catch=   1270.01912788914     
 Abd=   4355.153    
 Catch=   191.814314137942     
 Abd=   1817.913    
 Catch=   107005.283416445     
 Abd=   1780464.    
 Catch=   36781.4981401026     
 Abd=   129007.3    
 Catch=   8836.22643956416     
 Abd=   146904.8    
 Catch=                     NaN
 Abd=            NaN
 Catch=   11355.1711415789     
 Abd=   23976.96    
 Catch=   33369.1420316778     
 Abd=   19485.46    
 Catch=   44419.9922098119     
 Abd=   654508.4    
 Catch=   56622.5738645393     
 Abd=   152574.1    
 Catch=   13425.3011492327     
 Abd=   22753.95    
 Catch=   416869.888018332     
 Abd=   4351136.    
 Time step =         1856
 Catch=   10241.4451296557     
 Abd=   65181.48    
 Catch=   768.184348941324     
 Abd=   4927.565    
 Catch=   13038.4360620975     
 Abd=   14159.05    
 Catch=   949.578591013849     
 Abd=   15749.03    
 Catch=   14072.3217125730     
 Abd=   47299.55    
 Catch=   14.5260118639122     
 Abd=   57.08961    
 Catch=                     NaN
 Abd=            NaN
 Catch=                     NaN
 Abd=            NaN
 Catch=   17994.6001587115     
 Abd=   299182.3    
 Catch=   8278.53993756472     
 Abd=   1880.982    
 Catch=   21045.1830113762     
 Abd=   119381.2    
 Catch=   553.687627186763     
 Abd=   9226.961    
 Catch=                     NaN
 Abd=            NaN
 Catch=   10250.1212233788     
 Abd=   148383.5    
 Catch=   55585.3487133210     
 Abd=   32160.66    
 Catch=                     NaN
 Abd=            NaN
 Catch=   1913.54978245278     
 Abd=   2802.784    
 Catch=                     NaN
 Abd=            NaN
 Catch=   7875.97764404611     
 Abd=   40863.18    
 Catch=   1270.01912788914     
 Abd=   4355.153    
 Catch=   191.024819129152     
 Abd=   1810.629    
 Catch=   106304.564782687     
 Abd=   1769082.    
 Catch=   36780.6105921995     
 Abd=   129004.3    
 Catch=   8763.11343749761     
 Abd=   145714.2    
 Catch=                     NaN
 Abd=            NaN
 Catch=   11355.1722433646     
 Abd=   23976.96    
 Catch=   33369.1298430348     
 Abd=   19485.47    
 Catch=   44169.3298044187     
 Abd=   650909.4    
 Catch=   56622.5158484164     
 Abd=   152573.9    
 Catch=   13425.3057373697     
 Abd=   22753.96    
 Catch=   416340.079534888     
 Abd=   4345872.    
 Time step =         1857
 Catch=   10238.2412639764     
 Abd=   65162.29    
 Catch=   768.446280574280     
 Abd=   4929.338    
 Catch=   13038.4374676120     
 Abd=   14159.05    
 Catch=   937.232581519444     
 Abd=   15547.45    
 Catch=   14072.3243516874     
 Abd=   47299.53    
 Catch=   14.5200863893056     
 Abd=   57.06922    
 Catch=                     NaN
 Abd=            NaN
 Catch=                     NaN
 Abd=            NaN
 Catch=   17848.0707759888     
 Abd=   296792.3    
 Catch=   8278.53993756472     
 Abd=   1880.982    
 Catch=   21009.2352456793     
 Abd=   119182.7    
 Catch=   551.755165804884     
 Abd=   9195.766    
 Catch=                     NaN
 Abd=            NaN
 Catch=   10186.8818728757     
 Abd=   147487.8    
 Catch=   55585.3460213370     
 Abd=   32160.66    
 Catch=                     NaN
 Abd=            NaN
 Catch=   1913.54978245278     
 Abd=   2802.784    
 Catch=                     NaN
 Abd=            NaN
 Catch=   7874.94748834748     
 Abd=   40858.16    
 Catch=   1270.01912788914     
 Abd=   4355.153    
 Catch=   190.271557690934     
 Abd=   1803.571    
 Catch=   105640.849161315     
 Abd=   1758295.    
 Catch=   36779.8189479490     
 Abd=   129001.7    
 Catch=   8693.51910614106     
 Abd=   144580.5    
 Catch=                     NaN
 Abd=            NaN
 Catch=   11355.1737693086     
 Abd=   23976.95    
 Catch=   33369.1425799746     
 Abd=   19485.47    
 Catch=   43932.5303265250     
 Abd=   647507.5    
 Catch=   56622.4477350365     
 Abd=   152573.8    
 Catch=   13425.3030130291     
 Abd=   22753.95    
 Catch=   415860.200078814     
 Abd=   4341103.    
 Time step =         1858
 Catch=   10235.4023116848     
 Abd=   65145.27    
 Catch=   768.737331650006     
 Abd=   4931.297    
 Catch=   13038.4423033115     
 Abd=   14159.06    
 Catch=   925.417555756964     
 Abd=   15354.46    
 Catch=   14072.3159889351     
 Abd=   47299.50    
 Catch=   14.5155149516167     
 Abd=   57.05346    
 Catch=                     NaN
 Abd=            NaN
 Catch=                     NaN
 Abd=            NaN
 Catch=   17708.1269594769     
 Abd=   294508.9    
 Catch=   8278.53993756472     
 Abd=   1880.982    
 Catch=   20975.2239688923     
 Abd=   118994.9    
 Catch=   549.947188488557     
 Abd=   9166.574    
 Catch=                     NaN
 Abd=            NaN
 Catch=   10126.7587548062     
 Abd=   146636.9    
 Catch=   55585.3462473896     
 Abd=   32160.66    
 Catch=                     NaN
 Abd=            NaN
 Catch=   1913.54978245278     
 Abd=   2802.784    
 Catch=                     NaN
 Abd=            NaN
 Catch=   7874.04561414929     
 Abd=   40853.79    
 Catch=   1270.01912788914     
 Abd=   4355.153    
 Catch=   189.540424478730     
 Abd=   1796.833    
 Catch=   105011.560132494     
 Abd=   1748064.    
 Catch=   36779.1435803397     
 Abd=   128999.5    
 Catch=   8627.20882522741     
 Abd=   143499.7    
 Catch=                     NaN
 Abd=            NaN
 Catch=   11355.1691564698     
 Abd=   23976.95    
 Catch=   33369.1409808579     
 Abd=   19485.47    
 Catch=   43708.5840433775     
 Abd=   644288.8    
 Catch=   56622.4178864023     
 Abd=   152573.7    
 Catch=   13425.2994079320     
 Abd=   22753.95    
 Catch=   415425.284676049     
 Abd=   4336781.    
 Time step =         1859
 Catch=   10232.8847400404     
 Abd=   65130.20    
 Catch=   769.056972083140     
 Abd=   4933.438    
 Catch=   13038.4429493773     
 Abd=   14159.05    
 Catch=   914.101722961411     
 Abd=   15169.52    
 Catch=   14072.3173912225     
 Abd=   47299.52    
 Catch=   14.5119837560137     
 Abd=   57.04128    
 Catch=                     NaN
 Abd=            NaN
 Catch=                     NaN
 Abd=            NaN
 Catch=   17574.3787922030     
 Abd=   292325.6    
 Catch=   8278.53993756472     
 Abd=   1880.982    
 Catch=   20943.0273711289     
 Abd=   118817.0    
 Catch=   548.255297404989     
 Abd=   9139.253    
 Catch=                     NaN
 Abd=            NaN
 Catch=   10069.6044144114     
 Abd=   145826.7    
 Catch=   55585.3597899224     
 Abd=   32160.67    
 Catch=                     NaN
 Abd=            NaN
 Catch=   1913.54978245278     
 Abd=   2802.784    
 Catch=                     NaN
 Abd=            NaN
 Catch=   7873.25310991571     
 Abd=   40849.95    
 Catch=   1270.01912788914     
 Abd=   4355.153    
 Catch=   188.861309855097     
 Abd=   1790.661    
 Catch=   104414.440206423     
 Abd=   1738352.    
 Catch=   36778.5260702004     
 Abd=   128997.4    
 Catch=   8563.96751443549     
 Abd=   142467.3    
 Catch=                     NaN
 Abd=            NaN
 Catch=   11355.1649193430     
 Abd=   23976.94    
 Catch=   33369.1318247009     
 Abd=   19485.46    
 Catch=   43496.6263573376     
 Abd=   641241.2    
 Catch=   56622.3840862953     
 Abd=   152573.6    
 Catch=   13425.3016824068     
 Abd=   22753.95    
 Catch=   415031.048286206     
 Abd=   4332862.    
 Time step =         1860
 Catch=   10230.6508267458     
 Abd=   65116.80    
 Catch=   769.404987571806     
 Abd=   4935.763    
 Catch=   13038.4406967651     
 Abd=   14159.05    
 Catch=   903.248198285320     
 Abd=   14991.00    
 Catch=   14072.3193392956     
 Abd=   47299.52    
 Catch=   14.5092533201574     
 Abd=   57.03190    
 Catch=                     NaN
 Abd=            NaN
 Catch=                     NaN
 Abd=            NaN
 Catch=   17446.4495882103     
 Abd=   290235.2    
 Catch=   8278.53993756472     
 Abd=   1880.982    
 Catch=   20912.5150573838     
 Abd=   118648.3    
 Catch=   546.671040683428     
 Abd=   9113.658    
 Catch=                     NaN
 Abd=            NaN
 Catch=   10015.1781939430     
 Abd=   145055.8    
 Catch=   55585.3676073438     
 Abd=   32160.67    
 Catch=                     NaN
 Abd=            NaN
 Catch=   1913.54978245278     
 Abd=   2802.784    
 Catch=                     NaN
 Abd=            NaN
 Catch=   7872.56365904324     
 Abd=   40846.61    
 Catch=   1270.01912788914     
 Abd=   4355.153    
 Catch=   188.238756591164     
 Abd=   1784.998    
 Catch=   103847.331431527     
 Abd=   1729124.    
 Catch=   36777.9636393108     
 Abd=   128995.6    
 Catch=   8503.53254931148     
 Abd=   141481.4    
 Catch=                     NaN
 Abd=            NaN
 Catch=   11355.1696239931     
 Abd=   23976.96    
 Catch=   33369.1357696655     
 Abd=   19485.47    
 Catch=   43295.8385782061     
 Abd=   638352.8    
 Catch=   56622.3807260808     
 Abd=   152573.7    
 Catch=   13425.3029424171     
 Abd=   22753.95    
 Catch=   414673.786033842     
 Abd=   4329310.    
 Time step =         1811
 Catch=   10228.6660171893     
 Abd=   65104.91    
 Catch=   769.781836483934     
 Abd=   4938.269    
 Catch=   13038.4421976006     
 Abd=   14159.05    
 Catch=   892.766935880041     
 Abd=   14819.48    
 Catch=   14072.3182482467     
 Abd=   47299.52    
 Catch=   14.5071481676566     
 Abd=   57.02462    
 Catch=                     NaN
 Abd=            NaN
 Catch=                     NaN
 Abd=            NaN
 Catch=   17323.9030165948     
 Abd=   288233.2    
 Catch=   8278.53993756472     
 Abd=   1880.982    
 Catch=   20883.5838156425     
 Abd=   118488.4    
 Catch=   545.187124626664     
 Abd=   9089.686    
 Catch=                     NaN
 Abd=            NaN
 Catch=   9963.36835729636     
 Abd=   144321.7    
 Catch=   55585.3620750904     
 Abd=   32160.68    
 Catch=                     NaN
 Abd=            NaN
 Catch=   1913.54978245278     
 Abd=   2802.784    
 Catch=                     NaN
 Abd=            NaN
 Catch=   7871.95756248269     
 Abd=   40843.66    
 Catch=   1270.01912788914     
 Abd=   4355.153    
 Catch=   187.666899658862     
 Abd=   1779.791    
 Catch=   103308.220925027     
 Abd=   1720347.    
 Catch=   36777.4732531891     
 Abd=   128994.0    
 Catch=   8445.79610167174     
 Abd=   140539.1    
 Catch=                     NaN
 Abd=            NaN
 Catch=   11355.1724497741     
 Abd=   23976.96    
 Catch=   33369.1350636295     
 Abd=   19485.46    
 Catch=   43105.4420790395     
 Abd=   635612.7    
 Catch=   56622.3458318692     
 Abd=   152573.5    
 Catch=   13425.3024333907     
 Abd=   22753.95    
 Catch=   414349.739685566     
 Abd=   4326088.    
 Time step =         1812
 Catch=   10226.9029538804     
 Abd=   65094.34    
 Catch=   770.187183477187     
 Abd=   4940.964    
 Catch=   13038.4406849149     
 Abd=   14159.05    
 Catch=   882.694206014550     
 Abd=   14654.66    
 Catch=   14072.3177585350     
 Abd=   47299.52    
 Catch=   14.5055168046113     
 Abd=   57.01901    
 Catch=                     NaN
 Abd=            NaN
 Catch=                     NaN
 Abd=            NaN
 Catch=   17206.4991600288     
 Abd=   286314.4    
 Catch=   8278.53993756472     
 Abd=   1880.982    
 Catch=   20856.1278569111     
 Abd=   118336.5    
 Catch=   543.796961095214     
 Abd=   9067.228    
 Catch=                     NaN
 Abd=            NaN
 Catch=   9914.00794663782     
 Abd=   143620.9    
 Catch=   55585.3709966661     
 Abd=   32160.68    
 Catch=                     NaN
 Abd=            NaN
 Catch=   1913.54978245278     
 Abd=   2802.784    
 Catch=                     NaN
 Abd=            NaN
 Catch=   7871.42545383045     
 Abd=   40841.08    
 Catch=   1270.01912788914     
 Abd=   4355.153    
 Catch=   187.140753057513     
 Abd=   1774.997    
 Catch=   102795.371477014     
 Abd=   1711995.    
 Catch=   36777.0167536275     
 Abd=   128992.4    
 Catch=   8390.59582529526     
 Abd=   139637.9    
 Catch=                     NaN
 Abd=            NaN
 Catch=   11355.1709423557     
 Abd=   23976.95    
 Catch=   33369.1331373228     
 Abd=   19485.47    
 Catch=   42924.7565694628     
 Abd=   633011.2    
 Catch=   56622.3089582014     
 Abd=   152573.4    
 Catch=   13425.3044778818     
 Abd=   22753.96    
 Catch=   414056.107344661     
 Abd=   4323171.    
 Time step =         1813
 Catch=   10225.3366367791     
 Abd=   65084.93    
 Catch=   770.621884462401     
 Abd=   4943.847    
 Catch=   13038.4411199973     
 Abd=   14159.05    
 Catch=   873.019021839490     
 Abd=   14496.38    
 Catch=   14072.3174725616     
 Abd=   47299.52    
 Catch=   14.5042640932380     
 Abd=   57.01471    
 Catch=                     NaN
 Abd=            NaN
 Catch=                     NaN
 Abd=            NaN
 Catch=   17093.9188787125     
 Abd=   284473.6    
 Catch=   8278.53993756472     
 Abd=   1880.982    
 Catch=   20830.0454515665     
 Abd=   118192.1    
 Catch=   542.494162437919     
 Abd=   9046.169    
 Catch=                     NaN
 Abd=            NaN
 Catch=   9866.86932594168     
 Abd=   142952.4    
 Catch=   55585.3710027981     
 Abd=   32160.67    
 Catch=                     NaN
 Abd=            NaN
 Catch=   1913.54978245278     
 Abd=   2802.784    
 Catch=                     NaN
 Abd=            NaN
 Catch=   7870.96079558983     
 Abd=   40838.82    
 Catch=   1270.01912788914     
 Abd=   4355.153    
 Catch=   186.656005771989     
 Abd=   1770.577    
 Catch=   102307.107461647     
 Abd=   1704041.    
 Catch=   36776.6201898546     
 Abd=   128991.1    
 Catch=   8337.78483073558     
 Abd=   138775.3    
 Catch=                     NaN
 Abd=            NaN
 Catch=   11355.1675834738     
 Abd=   23976.95    
 Catch=   33369.1428235071     
 Abd=   19485.47    
 Catch=   42753.1339451217     
 Abd=   630539.0    
 Catch=   56622.2794155331     
 Abd=   152573.3    
 Catch=   13425.3080101562     
 Abd=   22753.96    
 Catch=   413789.838498801     
 Abd=   4320522.    
 Time step =         1814
 Catch=   10223.9432649972     
 Abd=   65076.60    
 Catch=   771.086462204093     
 Abd=   4946.923    
 Catch=   13038.4418412528     
 Abd=   14159.05    
 Catch=   863.725603915163     
 Abd=   14344.30    
 Catch=   14072.3172953802     
 Abd=   47299.52    
 Catch=   14.5033027424081     
 Abd=   57.01141    
 Catch=                     NaN
 Abd=            NaN
 Catch=                     NaN
 Abd=            NaN
 Catch=   16985.8851649291     
 Abd=   282706.5    
 Catch=   8278.53993756472     
 Abd=   1880.982    
 Catch=   20805.2519158612     
 Abd=   118054.9    
 Catch=   541.272452725955     
 Abd=   9026.426    
 Catch=                     NaN
 Abd=            NaN
 Catch=   9821.88544495808     
 Abd=   142314.2    
 Catch=   55585.3739495807     
 Abd=   32160.67    
 Catch=                     NaN
 Abd=            NaN
 Catch=   1913.54978245278     
 Abd=   2802.784    
 Catch=                     NaN
 Abd=            NaN
 Catch=   7870.55152985853     
 Abd=   40836.84    
 Catch=   1270.01912788914     
 Abd=   4355.153    
 Catch=   186.208716669562     
 Abd=   1766.496    
 Catch=   101841.875153621     
 Abd=   1696456.    
 Catch=   36776.2500258596     
 Abd=   128989.9    
 Catch=   8287.20781989711     
 Abd=   137948.0    
 Catch=                     NaN
 Abd=            NaN
 Catch=   11355.1667385318     
 Abd=   23976.95    
 Catch=   33369.1418396817     
 Abd=   19485.47    
 Catch=   42589.9913069015     
 Abd=   628188.4    
 Catch=   56622.2921644637     
 Abd=   152573.5    
 Catch=   13425.3058397159     
 Abd=   22753.96    
 Catch=   413548.304121422     
 Abd=   4318121.    
 Time step =         1815
 Catch=   10222.7084753259     
 Abd=   65069.20    
 Catch=   771.581420243307     
 Abd=   4950.197    
 Catch=   13038.4427877151     
 Abd=   14159.05    
 Catch=   854.792233800238     
 Abd=   14198.06    
 Catch=   14072.3171867475     
 Abd=   47299.52    
 Catch=   14.5025599402636     
 Abd=   57.00883    
 Catch=                     NaN
 Abd=            NaN
 Catch=                     NaN
 Abd=            NaN
 Catch=   16882.1480945389     
 Abd=   281008.2    
 Catch=   8278.53993756472     
 Abd=   1880.982    
 Catch=   20781.6678052246     
 Abd=   117924.2    
 Catch=   540.127035703509     
 Abd=   9007.910    
 Catch=                     NaN
 Abd=            NaN
 Catch=   9778.91999931000     
 Abd=   141704.3    
 Catch=   55585.3629820911     
 Abd=   32160.66    
 Catch=                     NaN
 Abd=            NaN
 Catch=   1913.54978245278     
 Abd=   2802.784    
 Catch=                     NaN
 Abd=            NaN
 Catch=   7870.19585803246     
 Abd=   40835.11    
 Catch=   1270.01912788914     
 Abd=   4355.153    
 Catch=   185.795266340230     
 Abd=   1762.719    
 Catch=   101398.163550144     
 Abd=   1689222.    
 Catch=   36775.9154779406     
 Abd=   128988.8    
 Catch=   8238.68940679296     
 Abd=   137155.0    
 Catch=                     NaN
 Abd=            NaN
 Catch=   11355.1666436534     
 Abd=   23976.95    
 Catch=   33369.1390303003     
 Abd=   19485.47    
 Catch=   42434.8104892989     
 Abd=   625951.3    
 Catch=   56622.3092170684     
 Abd=   152573.4    
 Catch=   13425.3048888407     
 Abd=   22753.95    
 Catch=   413329.111163575     
 Abd=   4315940.    
 Time step =         1816
 Catch=   10221.6146806394     
 Abd=   65062.65    
 Catch=   772.107615018714     
 Abd=   4953.674    
 Catch=   13038.4414055975     
 Abd=   14159.05    
 Catch=   846.198784817877     
 Abd=   14057.32    
 Catch=   14072.3170979021     
 Abd=   47299.52    
 Catch=   14.5019828324622     
 Abd=   57.00684    
 Catch=                     NaN
 Abd=            NaN
 Catch=                     NaN
 Abd=            NaN
 Catch=   16782.4210423931     
 Abd=   279376.1    
 Catch=   8278.53993756472     
 Abd=   1880.982    
 Catch=   20759.2120377328     
 Abd=   117799.9    
 Catch=   539.052714562967     
 Abd=   8990.538    
 Catch=                     NaN
 Abd=            NaN
 Catch=   9737.84485598624     
 Abd=   141120.1    
 Catch=   55585.3603083003     
 Abd=   32160.66    
 Catch=                     NaN
 Abd=            NaN
 Catch=   1913.54978245278     
 Abd=   2802.784    
 Catch=                     NaN
 Abd=            NaN
 Catch=   7869.88096966908     
 Abd=   40833.57    
 Catch=   1270.01912788914     
 Abd=   4355.153    
 Catch=   185.412513484174     
 Abd=   1759.221    
 Catch=   100974.818519572     
 Abd=   1682318.    
 Catch=   36775.6060341470     
 Abd=   128987.7    
 Catch=   8192.16803152511     
 Abd=   136394.3    
 Catch=                     NaN
 Abd=            NaN
 Catch=   11355.1653652701     
 Abd=   23976.93    
 Catch=   33369.1404052465     
 Abd=   19485.47    
 Catch=   42287.0589002623     
 Abd=   623820.9    
 Catch=   56622.2800360681     
 Abd=   152573.3    
 Catch=   13425.3046325097     
 Abd=   22753.95    
 Catch=   413130.078517942     
 Abd=   4313960.    
 Time step =         1817
 Catch=   10220.6439593109     
 Abd=   65056.81    
 Catch=   772.665483431547     
 Abd=   4957.353    
 Catch=   13038.4415960692     
 Abd=   14159.05    
 Catch=   837.926673439835     
 Abd=   13921.82    
 Catch=   14072.3170330765     
 Abd=   47299.52    
 Catch=   14.5015306781012     
 Abd=   57.00525    
 Catch=                     NaN
 Abd=            NaN
 Catch=                     NaN
 Abd=            NaN
 Catch=   16686.5274086477     
 Abd=   277806.2    
 Catch=   8278.53993756472     
 Abd=   1880.982    
 Catch=   20737.8382473029     
 Abd=   117681.4    
 Catch=   538.044355546234     
 Abd=   8974.232    
 Catch=                     NaN
 Abd=            NaN
 Catch=   9698.50077085582     
 Abd=   140561.4    
 Catch=   55585.3527132171     
 Abd=   32160.66    
 Catch=                     NaN
 Abd=            NaN
 Catch=   1913.54978245278     
 Abd=   2802.784    
 Catch=                     NaN
 Abd=            NaN
 Catch=   7869.60115123381     
 Abd=   40832.21    
 Catch=   1270.01912788914     
 Abd=   4355.153    
 Catch=   185.057857809261     
 Abd=   1755.977    
 Catch=   100570.574150870     
 Abd=   1675721.    
 Catch=   36775.2871992914     
 Abd=   128986.4    
 Catch=   8147.52559992584     
 Abd=   135664.1    
 Catch=                     NaN
 Abd=            NaN
 Catch=   11355.1663102375     
 Abd=   23976.95    
 Catch=   33369.1339613344     
 Abd=   19485.47    
 Catch=   42146.2962183340     
 Abd=   621790.1    
 Catch=   56622.2614152360     
 Abd=   152573.3    
 Catch=   13425.3029145407     
 Abd=   22753.95    
 Catch=   412949.509036250     
 Abd=   4312166.    
 Time step =         1818
 Catch=   10219.7768962690     
 Abd=   65051.61    
 Catch=   773.255247906486     
 Abd=   4961.240    
 Catch=   13038.4403764762     
 Abd=   14159.05    
 Catch=   829.959076402016     
 Abd=   13791.26    
 Catch=   14072.3169729758     
 Abd=   47299.52    
 Catch=   14.5011733485721     
 Abd=   57.00404    
 Catch=                     NaN
 Abd=            NaN
 Catch=                     NaN
 Abd=            NaN
 Catch=   16594.2910995354     
 Abd=   276295.7    
 Catch=   8278.53993756472     
 Abd=   1880.982    
 Catch=   20717.4690002826     
 Abd=   117568.5    
 Catch=   537.098100246880     
 Abd=   8958.933    
 Catch=                     NaN
 Abd=            NaN
 Catch=   9660.85450671359     
 Abd=   140026.5    
 Catch=   55585.3454442156     
 Abd=   32160.66    
 Catch=                     NaN
 Abd=            NaN
 Catch=   1913.54978245278     
 Abd=   2802.784    
 Catch=                     NaN
 Abd=            NaN
 Catch=   7869.35353935773     
 Abd=   40831.00    
 Catch=   1270.01912788914     
 Abd=   4355.153    
 Catch=   184.728689607482     
 Abd=   1752.966    
 Catch=   100184.337954680     
 Abd=   1669418.    
 Catch=   36774.9122123075     
 Abd=   128985.1    
 Catch=   8104.65470142850     
 Abd=   134962.7    
 Catch=                     NaN
 Abd=            NaN
 Catch=   11355.1657068421     
 Abd=   23976.95    
 Catch=   33369.1390085154     
 Abd=   19485.47    
 Catch=   42012.0588338054     
 Abd=   619852.8    
 Catch=   56622.2605793904     
 Abd=   152573.3    
 Catch=   13425.3012781793     
 Abd=   22753.95    
 Catch=   412785.506946089     
 Abd=   4310534.    
 Time step =         1819
 Catch=   10219.0050484623     
 Abd=   65046.98    
 Catch=   773.877981602554     
 Abd=   4965.341    
 Catch=   13038.4418314576     
 Abd=   14159.06    
 Catch=   822.280500695144     
 Abd=   13665.39    
 Catch=   14072.3169329376     
 Abd=   47299.52    
 Catch=   14.5009001351151     
 Abd=   57.00309    
 Catch=                     NaN
 Abd=            NaN
 Catch=                     NaN
 Abd=            NaN
 Catch=   16505.4954194395     
 Abd=   274841.0    
 Catch=   8278.53993756472     
 Abd=   1880.982    
 Catch=   20698.0461260166     
 Abd=   117460.9    
 Catch=   536.210086464453     
 Abd=   8944.571    
 Catch=                     NaN
 Abd=            NaN
 Catch=   9624.79947004721     
 Abd=   139514.2    
 Catch=   55585.3575025725     
 Abd=   32160.66    
 Catch=                     NaN
 Abd=            NaN
 Catch=   1913.54978245278     
 Abd=   2802.784    
 Catch=                     NaN
 Abd=            NaN
 Catch=   7869.13631760636     
 Abd=   40829.94    
 Catch=   1270.01912788914     
 Abd=   4355.153    
 Catch=   184.422808648153     
 Abd=   1750.164    
 Catch=   99815.0727453788     
 Abd=   1663389.    
 Catch=   36774.5663357085     
 Abd=   128984.1    
 Catch=   8063.46372291799     
 Abd=   134288.5    
 Catch=                     NaN
 Abd=            NaN
 Catch=   11355.1645063625     
 Abd=   23976.93    
 Catch=   33369.1379735428     
 Abd=   19485.46    
 Catch=   41883.9809161170     
 Abd=   618004.0    
 Catch=   56622.2684462936     
 Abd=   152573.3    
 Catch=   13425.3026299980     
 Abd=   22753.95    
 Catch=   412636.896734848     
 Abd=   4309056.    
 Time step =         1820
 Catch=   10218.3217728614     
 Abd=   65042.87    
 Catch=   774.534380058381     
 Abd=   4969.659    
 Catch=   13038.4419840553     
 Abd=   14159.05    
 Catch=   814.875887760563     
 Abd=   13543.99    
 Catch=   14072.3168936865     
 Abd=   47299.52    
 Catch=   14.5006920888573     
 Abd=   57.00238    
 Catch=                     NaN
 Abd=            NaN
 Catch=                     NaN
 Abd=            NaN
 Catch=   16419.9753966257     
 Abd=   273439.9    
 Catch=   8278.53993756472     
 Abd=   1880.982    
 Catch=   20679.5266938451     
 Abd=   117358.2    
 Catch=   535.376156176736     
 Abd=   8931.080    
 Catch=                     NaN
 Abd=            NaN
 Catch=   9590.25694860305     
 Abd=   139023.2    
 Catch=   55585.3658732880     
 Abd=   32160.67    
 Catch=                     NaN
 Abd=            NaN
 Catch=   1913.54978245278     
 Abd=   2802.784    
 Catch=                     NaN
 Abd=            NaN
 Catch=   7868.94689607639     
 Abd=   40829.03    
 Catch=   1270.01912788914     
 Abd=   4355.153    
 Catch=   184.138132884772     
 Abd=   1747.556    
 Catch=   99461.7673767497     
 Abd=   1657620.    
 Catch=   36774.2761701871     
 Abd=   128983.1    
 Catch=   8023.86773125549     
 Abd=   133639.4    
 Catch=                     NaN
 Abd=            NaN
 Catch=   11355.1635178986     
 Abd=   23976.94    
 Catch=   33369.1374217629     
 Abd=   19485.47    
 Catch=   41761.6948734214     
 Abd=   616237.6    
 Catch=   56622.2465756799     
 Abd=   152573.2    
 Catch=   13425.3026036738     
 Abd=   22753.95    
 Catch=   412501.951550219     
 Abd=   4307714.    
 Time step =         1821
 Catch=   10217.7099493033     
 Abd=   65039.21    
 Catch=   775.224479589272     
 Abd=   4974.194    
 Catch=   13038.4376387835     
 Abd=   14159.04    
 Catch=   807.732355587486     
 Abd=   13426.84    
 Catch=   14072.3165213920     
 Abd=   47299.51    
 Catch=   14.5005292241118     
 Abd=   57.00181    
 Catch=                     NaN
 Abd=            NaN
 Catch=                     NaN
 Abd=            NaN
 Catch=   16337.5703478755     
 Abd=   272088.9    
 Catch=   8278.53993756472     
 Abd=   1880.982    
 Catch=   20661.8555241454     
 Abd=   117260.2    
 Catch=   534.593095683102     
 Abd=   8918.414    
 Catch=                     NaN
 Abd=            NaN
 Catch=   9557.14385374346     
 Abd=   138551.3    
 Catch=   55585.3637457730     
 Abd=   32160.67    
 Catch=                     NaN
 Abd=            NaN
 Catch=   1913.54978245278     
 Abd=   2802.784    
 Catch=                     NaN
 Abd=            NaN
 Catch=   7868.77934498270     
 Abd=   40828.21    
 Catch=   1270.01912788914     
 Abd=   4355.153    
 Catch=   183.870081885093     
 Abd=   1745.023    
 Catch=   99123.5753828773     
 Abd=   1652095.    
 Catch=   36774.0184371025     
 Abd=   128982.2    
 Catch=   7985.71993571901     
 Abd=   133014.6    
 Catch=                     NaN
 Abd=            NaN
 Catch=   11355.1646245799     
 Abd=   23976.94    
 Catch=   33369.1362237190     
 Abd=   19485.47    
 Catch=   41644.8293614536     
 Abd=   614549.6    
 Catch=   56622.2254578561     
 Abd=   152573.2    
 Catch=   13425.3042397736     
 Abd=   22753.95    
 Catch=   412379.445026283     
 Abd=   4306495.    
 Time step =         1822
 Catch=   10217.1680338961     
 Abd=   65035.95    
 Catch=   775.949077210768     
 Abd=   4978.953    
 Catch=   13038.4376157740     
 Abd=   14159.05    
 Catch=   800.836494807732     
 Abd=   13313.72    
 Catch=   14072.3143846828     
 Abd=   47299.50    
 Catch=   14.5004003609547     
 Abd=   57.00137    
 Catch=                     NaN
 Abd=            NaN
 Catch=                     NaN
 Abd=            NaN
 Catch=   16258.0819090682     
 Abd=   270784.7    
 Catch=   8278.53993756472     
 Abd=   1880.982    
 Catch=   20644.9834200989     
 Abd=   117166.5    
 Catch=   533.857559744598     
 Abd=   8906.516    
 Catch=                     NaN
 Abd=            NaN
 Catch=   9525.31104260615     
 Abd=   138098.5    
 Catch=   55585.3599024188     
 Abd=   32160.66    
 Catch=                     NaN
 Abd=            NaN
 Catch=   1913.54978245278     
 Abd=   2802.784    
 Catch=                     NaN
 Abd=            NaN
 Catch=   7868.63433231688     
 Abd=   40827.52    
 Catch=   1270.01912788914     
 Abd=   4355.153    
 Catch=   183.604837034507     
 Abd=   1742.562    
 Catch=   98799.6028661414     
 Abd=   1646801.    
 Catch=   36773.7727606135     
 Abd=   128981.3    
 Catch=   7949.00025176300     
 Abd=   132413.2    
 Catch=                     NaN
 Abd=            NaN
 Catch=   11355.1669605992     
 Abd=   23976.96    
 Catch=   33369.1415126658     
 Abd=   19485.47    
 Catch=   41533.1092397418     
 Abd=   612935.0    
 Catch=   56622.2322794449     
 Abd=   152573.2    
 Catch=   13425.2979385682     
 Abd=   22753.94    
 Catch=   412268.391339089     
 Abd=   4305391.    
 Time step =         1823
 Catch=   10216.6864320293     
 Abd=   65033.08    
 Catch=   776.708719149432     
 Abd=   4983.937    
 Catch=   13038.4419571946     
 Abd=   14159.05    
 Catch=   794.177046427702     
 Abd=   13204.46    
 Catch=   14072.3138976666     
 Abd=   47299.50    
 Catch=   14.5003027000212     
 Abd=   57.00103    
 Catch=                     NaN
 Abd=            NaN
 Catch=                     NaN
 Abd=            NaN
 Catch=   16181.3616690940     
 Abd=   269526.8    
 Catch=   8278.53993756472     
 Abd=   1880.982    
 Catch=   20628.8608139832     
 Abd=   117077.1    
 Catch=   533.166743460980     
 Abd=   8895.338    
 Catch=                     NaN
 Abd=            NaN
 Catch=   9494.73968231821     
 Abd=   137663.4    
 Catch=   55585.3557324163     
 Abd=   32160.66    
 Catch=                     NaN
 Abd=            NaN
 Catch=   1913.54978245278     
 Abd=   2802.784    
 Catch=                     NaN
 Abd=            NaN
 Catch=   7868.50687508755     
 Abd=   40826.89    
 Catch=   1270.01912788914     
 Abd=   4355.153    
 Catch=   183.351896653421     
 Abd=   1740.168    
 Catch=   98489.1172631239     
 Abd=   1641726.    
 Catch=   36773.4705062579     
 Abd=   128980.2    
 Catch=   7913.63874740803     
 Abd=   131832.7    
 Catch=                     NaN
 Abd=            NaN
 Catch=   11355.1741287361     
 Abd=   23976.96    
 Catch=   33369.1392755110     
 Abd=   19485.47    
 Catch=   41426.2184781815     
 Abd=   611389.9    
 Catch=   56622.2554474364     
 Abd=   152573.3    
 Catch=   13425.3029051795     
 Abd=   22753.96    
 Catch=   412167.529411251     
 Abd=   4304386.    
 Time step =         1824
 Catch=   10216.2603454410     
 Abd=   65030.53    
 Catch=   777.503039183593     
 Abd=   4989.144    
 Catch=   13038.4434028122     
 Abd=   14159.05    
 Catch=   787.742884884902     
 Abd=   13098.86    
 Catch=   14072.3137280171     
 Abd=   47299.50    
 Catch=   14.5002230097925     
 Abd=   57.00076    
 Catch=                     NaN
 Abd=            NaN
 Catch=                     NaN
 Abd=            NaN
 Catch=   16107.3200800290     
 Abd=   268312.2    
 Catch=   8278.53993756472     
 Abd=   1880.982    
 Catch=   20613.4594037991     
 Abd=   116991.6    
 Catch=   532.517564364313     
 Abd=   8884.838    
 Catch=                     NaN
 Abd=            NaN
 Catch=   9465.36823767605     
 Abd=   137244.3    
 Catch=   55585.3463893662     
 Abd=   32160.66    
 Catch=                     NaN
 Abd=            NaN
 Catch=   1913.54978245278     
 Abd=   2802.784    
 Catch=                     NaN
 Abd=            NaN
 Catch=   7868.39403682909     
 Abd=   40826.35    
 Catch=   1270.01912788914     
 Abd=   4355.153    
 Catch=   183.098343143721     
 Abd=   1737.791    
 Catch=   98191.4112764638     
 Abd=   1636857.    
 Catch=   36773.2241585419     
 Abd=   128979.5    
 Catch=   7879.50291660303     
 Abd=   131273.3    
 Catch=                     NaN
 Abd=            NaN
 Catch=   11355.1706475805     
 Abd=   23976.95    
 Catch=   33369.1390750913     
 Abd=   19485.48    
 Catch=   41323.8847795585     
 Abd=   609910.0    
 Catch=   56622.2616144394     
 Abd=   152573.3    
 Catch=   13425.3065473145     
 Abd=   22753.96    
 Catch=   412075.912538055     
 Abd=   4303475.    
 Time step =         1825
 Catch=   10215.8801296016     
 Abd=   65028.23    
 Catch=   778.332477291131     
 Abd=   4994.575    
 Catch=   13038.4419860394     
 Abd=   14159.05    
 Catch=   781.523323444133     
 Abd=   12996.77    
 Catch=   14072.3165602340     
 Abd=   47299.52    
 Catch=   14.5001617394714     
 Abd=   57.00053    
 Catch=                     NaN
 Abd=            NaN
 Catch=                     NaN
 Abd=            NaN
 Catch=   16035.8194854959     
 Abd=   267139.2    
 Catch=   8278.53993756472     
 Abd=   1880.982    
 Catch=   20598.7288979624     
 Abd=   116909.8    
 Catch=   531.908034073498     
 Abd=   8874.977    
 Catch=                     NaN
 Abd=            NaN
 Catch=   9437.07780469803     
 Abd=   136841.7    
 Catch=   55585.3478351435     
 Abd=   32160.66    
 Catch=                     NaN
 Abd=            NaN
 Catch=   1913.54978245278     
 Abd=   2802.784    
 Catch=                     NaN
 Abd=            NaN
 Catch=   7868.29523746640     
 Abd=   40825.84    
 Catch=   1270.01912788914     
 Abd=   4355.153    
 Catch=   182.854768144433     
 Abd=   1735.541    
 Catch=   97905.6647563063     
 Abd=   1632184.    
 Catch=   36773.0422136741     
 Abd=   128979.0    
 Catch=   7846.59713273425     
 Abd=   130731.8    
 Catch=                     NaN
 Abd=            NaN
 Catch=   11355.1665217614     
 Abd=   23976.94    
 Catch=   33369.1475583957     
 Abd=   19485.48    
 Catch=   41225.8519309560     
 Abd=   608492.1    
 Catch=   56622.2429180438     
 Abd=   152573.2    
 Catch=   13425.3082094896     
 Abd=   22753.96    
 Catch=   411992.710788144     
 Abd=   4302648.    
 Time step =         1826
 Catch=   10215.5383155785     
 Abd=   65026.18    
 Catch=   779.197488855115     
 Abd=   5000.239    
 Catch=   13038.4407290923     
 Abd=   14159.05    
 Catch=   775.509044390396     
 Abd=   12898.03    
 Catch=   14072.3188532611     
 Abd=   47299.52    
 Catch=   14.5001159826410     
 Abd=   57.00040    
 Catch=                     NaN
 Abd=            NaN
 Catch=                     NaN
 Abd=            NaN
 Catch=   15966.7500626160     
 Abd=   266005.8    
 Catch=   8278.53993756472     
 Abd=   1880.982    
 Catch=   20584.6388146458     
 Abd=   116831.6    
 Catch=   531.335141810758     
 Abd=   8865.705    
 Catch=                     NaN
 Abd=            NaN
 Catch=   9409.88128853024     
 Abd=   136454.4    
 Catch=   55585.3623295259     
 Abd=   32160.68    
 Catch=                     NaN
 Abd=            NaN
 Catch=   1913.54978245278     
 Abd=   2802.784    
 Catch=                     NaN
 Abd=            NaN
 Catch=   7868.20220990464     
 Abd=   40825.39    
 Catch=   1270.01912788914     
 Abd=   4355.153    
 Catch=   182.624305777110     
 Abd=   1733.413    
 Catch=   97631.3773361651     
 Abd=   1627698.    
 Catch=   36772.9021831903     
 Abd=   128978.5    
 Catch=   7814.73859671515     
 Abd=   130209.4    
 Catch=                     NaN
 Abd=            NaN
 Catch=   11355.1671386065     
 Abd=   23976.95    
 Catch=   33369.1421945627     
 Abd=   19485.47    
 Catch=   41131.8903072810     
 Abd=   607132.5    
 Catch=   56622.2258971372     
 Abd=   152573.2    
 Catch=   13425.3075882608     
 Abd=   22753.96    
 Catch=   411917.416845790     
 Abd=   4301900.    
 Time step =         1827
 Catch=   10215.2348123459     
 Abd=   65024.36    
 Catch=   780.097608876644     
 Abd=   5006.123    
 Catch=   13038.4427605912     
 Abd=   14159.06    
 Catch=   769.691151142447     
 Abd=   12802.49    
 Catch=   14072.3209709341     
 Abd=   47299.53    
 Catch=   14.5000847632622     
 Abd=   57.00026    
 Catch=                     NaN
 Abd=            NaN
 Catch=                     NaN
 Abd=            NaN
 Catch=   15899.9972726741     
 Abd=   264910.1    
 Catch=   8278.53993756472     
 Abd=   1880.982    
 Catch=   20571.1658011189     
 Abd=   116756.8    
 Catch=   530.796667877577     
 Abd=   8856.988    
 Catch=                     NaN
 Abd=            NaN
 Catch=   9383.72976112991     
 Abd=   136082.0    
 Catch=   55585.3583995201     
 Abd=   32160.66    
 Catch=                     NaN
 Abd=            NaN
 Catch=   1913.54978245278     
 Abd=   2802.784    
 Catch=                     NaN
 Abd=            NaN
 Catch=   7868.12179034961     
 Abd=   40825.02    
 Catch=   1270.01912788914     
 Abd=   4355.153    
 Catch=   182.406347237655     
 Abd=   1731.400    
 Catch=   97367.9160076832     
 Abd=   1623385.    
 Catch=   36772.7881183555     
 Abd=   128978.2    
 Catch=   7784.00105947219     
 Abd=   129705.4    
 Catch=                     NaN
 Abd=            NaN
 Catch=   11355.1673528896     
 Abd=   23976.95    
 Catch=   33369.1347983324     
 Abd=   19485.46    
 Catch=   41041.7664681542     
 Abd=   605828.1    
 Catch=   56622.2407164316     
 Abd=   152573.3    
 Catch=   13425.3065200935     
 Abd=   22753.95    
 Catch=   411848.939806462     
 Abd=   4301218.    
 Time step =         1828
 Catch=   10214.9674364945     
 Abd=   65022.76    
 Catch=   781.032376692167     
 Abd=   5012.229    
 Catch=   13038.4434775673     
 Abd=   14159.05    
 Catch=   764.061109715561     
 Abd=   12710.03    
 Catch=   14072.3216904211     
 Abd=   47299.53    
 Catch=   14.5000505208097     
 Abd=   57.00015    
 Catch=                     NaN
 Abd=            NaN
 Catch=                     NaN
 Abd=            NaN
 Catch=   15835.4593170491     
 Abd=   263850.6    
 Catch=   8278.53993756472     
 Abd=   1880.982    
 Catch=   20558.2698877100     
 Abd=   116685.1    
 Catch=   530.290369938507     
 Abd=   8848.797    
 Catch=                     NaN
 Abd=            NaN
 Catch=   9358.56612636121     
 Abd=   135723.4    
 Catch=   55585.3460857021     
 Abd=   32160.66    
 Catch=                     NaN
 Abd=            NaN
 Catch=   1913.54978245278     
 Abd=   2802.784    
 Catch=                     NaN
 Abd=            NaN
 Catch=   7868.05614535868     
 Abd=   40824.70    
 Catch=   1270.01912788914     
 Abd=   4355.153    
 Catch=   182.190462191000     
 Abd=   1729.311    
 Catch=   97114.6923636136     
 Abd=   1619241.    
 Catch=   36772.7020527789     
 Abd=   128977.9    
 Catch=   7754.33195521969     
 Abd=   129218.7    
 Catch=                     NaN
 Abd=            NaN
 Catch=   11355.1667662970     
 Abd=   23976.95    
 Catch=   33369.1251217913     
 Abd=   19485.46    
 Catch=   40955.2724499037     
 Abd=   604575.8    
 Catch=   56622.2379318497     
 Abd=   152573.2    
 Catch=   13425.3055685481     
 Abd=   22753.96    
 Catch=   411786.877805054     
 Abd=   4300600.    
 Time step =         1829
 Catch=   10214.7276078518     
 Abd=   65021.32    
 Catch=   782.001820327946     
 Abd=   5018.557    
 Catch=   13038.4408465379     
 Abd=   14159.05    
 Catch=   758.610634669178     
 Abd=   12620.49    
 Catch=   14072.3218361949     
 Abd=   47299.53    
 Catch=   14.5000290531752     
 Abd=   57.00009    
 Catch=                     NaN
 Abd=            NaN
 Catch=                     NaN
 Abd=            NaN
 Catch=   15773.0295989978     
 Abd=   262825.3    
 Catch=   8278.53993756472     
 Abd=   1880.982    
 Catch=   20545.9251574749     
 Abd=   116616.6    
 Catch=   529.814672773270     
 Abd=   8841.098    
 Catch=                     NaN
 Abd=            NaN
 Catch=   9334.32596211197     
 Abd=   135378.0    
 Catch=   55585.3503822623     
 Abd=   32160.66    
 Catch=                     NaN
 Abd=            NaN
 Catch=   1913.54978245278     
 Abd=   2802.784    
 Catch=                     NaN
 Abd=            NaN
 Catch=   7867.99485673788     
 Abd=   40824.39    
 Catch=   1270.01912788914     
 Abd=   4355.153    
 Catch=   181.975601416229     
 Abd=   1727.292    
 Catch=   96871.2257013283     
 Abd=   1615255.    
 Catch=   36772.6542361018     
 Abd=   128977.8    
 Catch=   7725.67747816217     
 Abd=   128748.5    
 Catch=                     NaN
 Abd=            NaN
 Catch=   11355.1683553989     
 Abd=   23976.95    
 Catch=   33369.1326177205     
 Abd=   19485.47    
 Catch=   40872.2104517037     
 Abd=   603372.8    
 Catch=   56622.2486599448     
 Abd=   152573.3    
 Catch=   13425.3053875318     
 Abd=   22753.96    
 Catch=   411730.463283367     
 Abd=   4300040.    
 Time step =         1830
 Catch=   10214.5104144071     
 Abd=   65019.99    
 Catch=   783.004984763819     
 Abd=   5025.096    
 Catch=   13038.4419268578     
 Abd=   14159.06    
 Catch=   753.332199388617     
 Abd=   12533.76    
 Catch=   14072.3218386582     
 Abd=   47299.53    
 Catch=   14.5000134435881     
 Abd=   57.00004    
 Catch=                     NaN
 Abd=            NaN
 Catch=                     NaN
 Abd=            NaN
 Catch=   15712.6011588667     
 Abd=   261832.9    
 Catch=   8278.53993756472     
 Abd=   1880.982    
 Catch=   20534.1129134904     
 Abd=   116551.0    
 Catch=   529.367221358176     
 Abd=   8833.857    
 Catch=                     NaN
 Abd=            NaN
 Catch=   9310.97898331838     
 Abd=   135045.4    
 Catch=   55585.3477351282     
 Abd=   32160.66    
 Catch=                     NaN
 Abd=            NaN
 Catch=   1913.54978245278     
 Abd=   2802.784    
 Catch=                     NaN
 Abd=            NaN
 Catch=   7867.94200069387     
 Abd=   40824.15    
 Catch=   1270.01912788914     
 Abd=   4355.153    
 Catch=   181.760248732061     
 Abd=   1725.253    
 Catch=   96637.0243714345     
 Abd=   1611420.    
 Catch=   36772.6021280294     
 Abd=   128977.6    
 Catch=   7697.98258192594     
 Abd=   128293.9    
 Catch=                     NaN
 Abd=            NaN
 Catch=   11355.1653834186     
 Abd=   23976.94    
 Catch=   33369.1354427108     
 Abd=   19485.46    
 Catch=   40792.3907978642     
 Abd=   602216.6    
 Catch=   56622.2631956604     
 Abd=   152573.3    
 Catch=   13425.3055612883     
 Abd=   22753.96    
 Catch=   411679.306023787     
 Abd=   4299532.    
 Time step =         1831
 Catch=   10214.3166298641     
 Abd=   65018.86    
 Catch=   784.040784761208     
 Abd=   5031.843    
 Catch=   13038.4415886064     
 Abd=   14159.05    
 Catch=   748.218835764055     
 Abd=   12449.74    
 Catch=   14072.3218386582     
 Abd=   47299.53    
 Catch=   14.5000088198494     
 Abd=   57.00004    
 Catch=                     NaN
 Abd=            NaN
 Catch=                     NaN
 Abd=            NaN
 Catch=   15654.1058851445     
 Abd=   260871.8    
 Catch=   8278.53993756472     
 Abd=   1880.982    
 Catch=   20522.7940848313     
 Abd=   116488.0    
 Catch=   528.946460492381     
 Abd=   8827.042    
 Catch=                     NaN
 Abd=            NaN
 Catch=   9288.49390457222     
 Abd=   134724.8    
 Catch=   55585.3621460546     
 Abd=   32160.67    
 Catch=                     NaN
 Abd=            NaN
 Catch=   1913.54978245278     
 Abd=   2802.784    
 Catch=                     NaN
 Abd=            NaN
 Catch=   7867.89643908604     
 Abd=   40823.93    
 Catch=   1270.01912788914     
 Abd=   4355.153    
 Catch=   181.552819513274     
 Abd=   1723.350    
 Catch=   96411.6197352679     
 Abd=   1607728.    
 Catch=   36772.5589317411     
 Abd=   128977.5    
 Catch=   7671.20634624282     
 Abd=   127854.3    
 Catch=                     NaN
 Abd=            NaN
 Catch=   11355.1667175939     
 Abd=   23976.95    
 Catch=   33369.1301542851     
 Abd=   19485.46    
 Catch=   40715.6762407926     
 Abd=   601104.8    
 Catch=   56622.2510072014     
 Abd=   152573.3    
 Catch=   13425.3056130789     
 Abd=   22753.95    
 Catch=   411632.944177278     
 Abd=   4299070.    
 Time step =         1832
 Catch=   10214.1480386793     
 Abd=   65017.84    
 Catch=   785.108779470867     
 Abd=   5038.791    
 Catch=   13038.4408337983     
 Abd=   14159.05    
 Catch=   743.264136461818     
 Abd=   12368.32    
 Catch=   14072.3218386582     
 Abd=   47299.53    
 Catch=   14.5000088198494     
 Abd=   57.00004    
 Catch=                     NaN
 Abd=            NaN
 Catch=                     NaN
 Abd=            NaN
 Catch=   15597.4460616321     
 Abd=   259941.0    
 Catch=   8278.53993756472     
 Abd=   1880.982    
 Catch=   20511.9463686041     
 Abd=   116427.8    
 Catch=   528.550442847439     
 Abd=   8820.630    
 Catch=                     NaN
 Abd=            NaN
 Catch=   9266.80021047050     
 Abd=   134415.4    
 Catch=   55585.3595351369     
 Abd=   32160.67    
 Catch=                     NaN
 Abd=            NaN
 Catch=   1913.54978245278     
 Abd=   2802.784    
 Catch=                     NaN
 Abd=            NaN
 Catch=   7867.85897159628     
 Abd=   40823.75    
 Catch=   1270.01912788914     
 Abd=   4355.153    
 Catch=   181.359276510039     
 Abd=   1721.574    
 Catch=   96194.5655096717     
 Abd=   1604172.    
 Catch=   36772.5417961697     
 Abd=   128977.4    
 Catch=   7645.31249306530     
 Abd=   127429.2    
 Catch=                     NaN
 Abd=            NaN
 Catch=   11355.1667761738     
 Abd=   23976.95    
 Catch=   33369.1306771388     
 Abd=   19485.47    
 Catch=   40641.8658852088     
 Abd=   600034.9    
 Catch=   56622.2422590293     
 Abd=   152573.2    
 Catch=   13425.3010448804     
 Abd=   22753.95    
 Catch=   411590.655685322     
 Abd=   4298648.    
 Time step =         1833
 Catch=   10213.9971240174     
 Abd=   65016.93    
 Catch=   786.206845168119     
 Abd=   5045.927    
 Catch=   13038.4407215372     
 Abd=   14159.05    
 Catch=   738.461552817763     
 Abd=   12289.38    
 Catch=   14072.3218386582     
 Abd=   47299.53    
 Catch=   14.5000088198494     
 Abd=   57.00004    
 Catch=                     NaN
 Abd=            NaN
 Catch=                     NaN
 Abd=            NaN
 Catch=   15542.5584856713     
 Abd=   259039.0    
 Catch=   8278.53993756472     
 Abd=   1880.982    
 Catch=   20501.5528325333     
 Abd=   116370.0    
 Catch=   528.178108498478     
 Abd=   8814.608    
 Catch=                     NaN
 Abd=            NaN
 Catch=   9245.88169594201     
 Abd=   134117.1    
 Catch=   55585.3642995380     
 Abd=   32160.67    
 Catch=                     NaN
 Abd=            NaN
 Catch=   1913.54978245278     
 Abd=   2802.784    
 Catch=                     NaN
 Abd=            NaN
 Catch=   7867.82366325926     
 Abd=   40823.56    
 Catch=   1270.01912788914     
 Abd=   4355.153    
 Catch=   181.178401561701     
 Abd=   1719.913    
 Catch=   95985.5270706626     
 Abd=   1600747.    
 Catch=   36772.5140560562     
 Abd=   128977.3    
 Catch=   7620.25975257896     
 Abd=   127017.7    
 Catch=                     NaN
 Abd=            NaN
 Catch=   11355.1658794267     
 Abd=   23976.94    
 Catch=   33369.1360034007     
 Abd=   19485.46    
 Catch=   40570.8081436301     
 Abd=   599004.5    
 Catch=   56622.2328295356     
 Abd=   152573.2    
 Catch=   13425.3052177440     
 Abd=   22753.96    
 Catch=   411552.191168567     
 Abd=   4298267.    
 Time step =         1834
 Catch=   10213.8606766340     
 Abd=   65016.09    
 Catch=   787.333571046914     
 Abd=   5053.241    
 Catch=   13038.4421609297     
 Abd=   14159.05    
 Catch=   733.805401012204     
 Abd=   12211.83    
 Catch=   14072.3218386582     
 Abd=   47299.53    
 Catch=   14.5000088198494     
 Abd=   57.00004    
 Catch=                     NaN
 Abd=            NaN
 Catch=                     NaN
 Abd=            NaN
 Catch=   15489.3599074788     
 Abd=   258164.7    
 Catch=   8278.53993756472     
 Abd=   1880.982    
 Catch=   20491.5881146450     
 Abd=   116314.6    
 Catch=   527.828123602890     
 Abd=   8808.939    
 Catch=                     NaN
 Abd=            NaN
 Catch=   9225.69463551260     
 Abd=   133829.1    
 Catch=   55585.3724943946     
 Abd=   32160.67    
 Catch=                     NaN
 Abd=            NaN
 Catch=   1913.54978245278     
 Abd=   2802.784    
 Catch=                     NaN
 Abd=            NaN
 Catch=   7867.78813587779     
 Abd=   40823.39    
 Catch=   1270.01912788914     
 Abd=   4355.153    
 Catch=   181.009217863284     
 Abd=   1718.359    
 Catch=   95784.0975749937     
 Abd=   1597446.    
 Catch=   36772.4865580886     
 Abd=   128977.2    
 Catch=   7596.00586557369     
 Abd=   126619.3    
 Catch=                     NaN
 Abd=            NaN
 Catch=   11355.1663403779     
 Abd=   23976.95    
 Catch=   33369.1348234814     
 Abd=   19485.47    
 Catch=   40502.3891290340     
 Abd=   598012.7    
 Catch=   56622.2448171461     
 Abd=   152573.2    
 Catch=   13425.3101274000     
 Abd=   22753.97    
 Catch=   411517.433999635     
 Abd=   4297920.    
 Time step =         1835
 Catch=   10213.7365132654     
 Abd=   65015.36    
 Catch=   788.487689774726     
 Abd=   5060.731    
 Catch=   13038.4399811798     
 Abd=   14159.05    
 Catch=   729.231721559858     
 Abd=   12136.65    
 Catch=   14072.3218386582     
 Abd=   47299.53    
 Catch=   14.5000088198494     
 Abd=   57.00004    
 Catch=                     NaN
 Abd=            NaN
 Catch=                     NaN
 Abd=            NaN
 Catch=   15437.7959009185     
 Abd=   257316.9    
 Catch=   8278.53993756472     
 Abd=   1880.982    
 Catch=   20482.0372157391     
 Abd=   116261.5    
 Catch=   527.498934593316     
 Abd=   8803.613    
 Catch=                     NaN
 Abd=            NaN
 Catch=   9206.20577514928     
 Abd=   133551.1    
 Catch=   55585.3671901292     
 Abd=   32160.66    
 Catch=                     NaN
 Abd=            NaN
 Catch=   1913.54978245278     
 Abd=   2802.784    
 Catch=                     NaN
 Abd=            NaN
 Catch=   7867.75817731601     
 Abd=   40823.23    
 Catch=   1270.01912788914     
 Abd=   4355.153    
 Catch=   180.850796012024     
 Abd=   1716.903    
 Catch=   95589.9064994936     
 Abd=   1594262.    
 Catch=   36772.4728272504     
 Abd=   128977.2    
 Catch=   7572.51927844077     
 Abd=   126233.5    
 Catch=                     NaN
 Abd=            NaN
 Catch=   11355.1660856388     
 Abd=   23976.94    
 Catch=   33369.1371790800     
 Abd=   19485.47    
 Catch=   40436.4956002961     
 Abd=   597056.6    
 Catch=   56622.2284727603     
 Abd=   152573.3    
 Catch=   13425.3076752543     
 Abd=   22753.95    
 Catch=   411485.846474880     
 Abd=   4297606.    
 Time step =         1836
 Catch=   10213.6315444377     
 Abd=   65014.73    
 Catch=   789.667391442633     
 Abd=   5068.369    
 Catch=   13038.4386303439     
 Abd=   14159.05    
 Catch=   724.797424669794     
 Abd=   12063.76    
 Catch=   14072.3218386582     
 Abd=   47299.53    
 Catch=   14.5000088198494     
 Abd=   57.00004    
 Catch=                     NaN
 Abd=            NaN
 Catch=                     NaN
 Abd=            NaN
 Catch=   15387.7830330591     
 Abd=   256494.7    
 Catch=   8278.53993756472     
 Abd=   1880.982    
 Catch=   20472.8661547440     
 Abd=   116210.5    
 Catch=   527.189397420239     
 Abd=   8798.604    
 Catch=                     NaN
 Abd=            NaN
 Catch=   9187.38309403090     
 Abd=   133282.4    
 Catch=   55585.3511159156     
 Abd=   32160.67    
 Catch=                     NaN
 Abd=            NaN
 Catch=   1913.54978245278     
 Abd=   2802.784    
 Catch=                     NaN
 Abd=            NaN
 Catch=   7867.72846506428     
 Abd=   40823.09    
 Catch=   1270.01912788914     
 Abd=   4355.153    
 Catch=   180.702285907470     
 Abd=   1715.536    
 Catch=   95402.5615401372     
 Abd=   1591190.    
 Catch=   36772.4676754612     
 Abd=   128977.2    
 Catch=   7549.77072553167     
 Abd=   125859.6    
 Catch=                     NaN
 Abd=            NaN
 Catch=   11355.1679342208     
 Abd=   23976.96    
 Catch=   33369.1384486037     
 Abd=   19485.46    
 Catch=   40372.9501654950     
 Abd=   596134.4    
 Catch=   56622.2547967043     
 Abd=   152573.3    
 Catch=   13425.3058610066     
 Abd=   22753.96    
 Catch=   411457.114460439     
 Abd=   4297320.    
 Time step =         1837
 Catch=   10213.5386545076     
 Abd=   65014.18    
 Catch=   790.869626067058     
 Abd=   5076.151    
 Catch=   13038.4377532172     
 Abd=   14159.05    
 Catch=   720.497153718555     
 Abd=   11993.06    
 Catch=   14072.3218386582     
 Abd=   47299.53    
 Catch=   14.5000088198494     
 Abd=   57.00004    
 Catch=                     NaN
 Abd=            NaN
 Catch=                     NaN
 Abd=            NaN
 Catch=   15339.2629034231     
 Abd=   255694.8    
 Catch=   8278.53993756472     
 Abd=   1880.982    
 Catch=   20464.0657025986     
 Abd=   116161.5    
 Catch=   526.898329217505     
 Abd=   8793.892    
 Catch=                     NaN
 Abd=            NaN
 Catch=   9169.19440862636     
 Abd=   133022.8    
 Catch=   55585.3594744740     
 Abd=   32160.67    
 Catch=                     NaN
 Abd=            NaN
 Catch=   1913.54978245278     
 Abd=   2802.784    
 Catch=                     NaN
 Abd=            NaN
 Catch=   7867.70215321758     
 Abd=   40822.97    
 Catch=   1270.01912788914     
 Abd=   4355.153    
 Catch=   180.562797614886     
 Abd=   1714.252    
 Catch=   95221.8131435452     
 Abd=   1588226.    
 Catch=   36772.4575220963     
 Abd=   128977.2    
 Catch=   7527.72638203867     
 Abd=   125497.4    
 Catch=                     NaN
 Abd=            NaN
 Catch=   11355.1717257621     
 Abd=   23976.96    
 Catch=   33369.1314764272     
 Abd=   19485.46    
 Catch=   40311.6724524422     
 Abd=   595245.4    
 Catch=   56622.2383058155     
 Abd=   152573.2    
 Catch=   13425.3082871733     
 Abd=   22753.96    
 Catch=   411431.033843157     
 Abd=   4297060.    
 Time step =         1838
 Catch=   10213.4536854491     
 Abd=   65013.66    
 Catch=   792.092955149965     
 Abd=   5084.058    
 Catch=   13038.4346547437     
 Abd=   14159.04    
 Catch=   716.324968874246     
 Abd=   11924.45    
 Catch=   14072.3218386582     
 Abd=   47299.53    
 Catch=   14.5000088198494     
 Abd=   57.00004    
 Catch=                     NaN
 Abd=            NaN
 Catch=                     NaN
 Abd=            NaN
 Catch=   15292.0525143664     
 Abd=   254917.3    
 Catch=   8278.53993756472     
 Abd=   1880.982    
 Catch=   20455.6229558899     
 Abd=   116114.6    
 Catch=   526.624454444458     
 Abd=   8789.455    
 Catch=                     NaN
 Abd=            NaN
 Catch=   9151.61089992965     
 Abd=   132771.7    
 Catch=   55585.3594606160     
 Abd=   32160.67    
 Catch=                     NaN
 Abd=            NaN
 Catch=   1913.54978245278     
 Abd=   2802.784    
 Catch=                     NaN
 Abd=            NaN
 Catch=   7867.68175546232     
 Abd=   40822.87    
 Catch=   1270.01912788914     
 Abd=   4355.153    
 Catch=   180.431710068923     
 Abd=   1713.045    
 Catch=   95047.3393974778     
 Abd=   1585364.    
 Catch=   36772.4548431578     
 Abd=   128977.2    
 Catch=   7506.36111367422     
 Abd=   125146.2    
 Catch=                     NaN
 Abd=            NaN
 Catch=   11355.1721520352     
 Abd=   23976.96    
 Catch=   33369.1338768279     
 Abd=   19485.47    
 Catch=   40252.5607542501     
 Abd=   594387.1    
 Catch=   56622.2521029288     
 Abd=   152573.3    
 Catch=   13425.3121832391     
 Abd=   22753.97    
 Catch=   411407.224570338     
 Abd=   4296824.    
 Time step =         1839
 Catch=   10213.3792480386     
 Abd=   65013.23    
 Catch=   793.334374936946     
 Abd=   5092.072    
 Catch=   13038.4382682582     
 Abd=   14159.05    
 Catch=   712.276702774398     
 Abd=   11857.88    
 Catch=   14072.3218386582     
 Abd=   47299.53    
 Catch=   14.5000088198494     
 Abd=   57.00004    
 Catch=                     NaN
 Abd=            NaN
 Catch=                     NaN
 Abd=            NaN
 Catch=   15246.1670944484     
 Abd=   254162.4    
 Catch=   8278.53993756472     
 Abd=   1880.982    
 Catch=   20447.5278995751     
 Abd=   116069.6    
 Catch=   526.366766521745     
 Abd=   8785.283    
 Catch=                     NaN
 Abd=            NaN
 Catch=   9134.60728437928     
 Abd=   132528.9    
 Catch=   55585.3525813003     
 Abd=   32160.66    
 Catch=                     NaN
 Abd=            NaN
 Catch=   1913.54978245278     
 Abd=   2802.784    
 Catch=                     NaN
 Abd=            NaN
 Catch=   7867.66634044688     
 Abd=   40822.80    
 Catch=   1270.01912788914     
 Abd=   4355.153    
 Catch=   180.308473371938     
 Abd=   1711.910    
 Catch=   94878.8667181670     
 Abd=   1582600.    
 Catch=   36772.4537210955     
 Abd=   128977.2    
 Catch=   7485.63803359676     
 Abd=   124805.4    
 Catch=                     NaN
 Abd=            NaN
 Catch=   11355.1696213159     
 Abd=   23976.95    
 Catch=   33369.1399868530     
 Abd=   19485.47    
 Catch=   40195.4808171716     
 Abd=   593558.1    
 Catch=   56622.2475013043     
 Abd=   152573.2    
 Catch=   13425.3134325262     
 Abd=   22753.97    
 Catch=   411385.630574713     
 Abd=   4296608.    
 Time step =         1840
 Catch=   10213.3153388409     
 Abd=   65012.85    
 Catch=   794.591421000025     
 Abd=   5100.180    
 Catch=   13038.4414997945     
 Abd=   14159.05    
 Catch=   708.347505618084     
 Abd=   11793.24    
 Catch=   14072.3218386582     
 Abd=   47299.53    
 Catch=   14.5000088198494     
 Abd=   57.00004    
 Catch=                     NaN
 Abd=            NaN
 Catch=                     NaN
 Abd=            NaN
 Catch=   15201.6093391724     
 Abd=   253429.5    
 Catch=   8278.53993756472     
 Abd=   1880.982    
 Catch=   20439.7543469305     
 Abd=   116026.3    
 Catch=   526.124243849664     
 Abd=   8781.357    
 Catch=                     NaN
 Abd=            NaN
 Catch=   9118.16771031255     
 Abd=   132294.1    
 Catch=   55585.3460243848     
 Abd=   32160.66    
 Catch=                     NaN
 Abd=            NaN
 Catch=   1913.54978245278     
 Abd=   2802.784    
 Catch=                     NaN
 Abd=            NaN
 Catch=   7867.65403695375     
 Abd=   40822.75    
 Catch=   1270.01912788914     
 Abd=   4355.153    
 Catch=   180.192430218236     
 Abd=   1710.840    
 Catch=   94716.0482507978     
 Abd=   1579927.    
 Catch=   36772.4475257676     
 Abd=   128977.2    
 Catch=   7465.53128006129     
 Abd=   124474.8    
 Catch=                     NaN
 Abd=            NaN
 Catch=   11355.1662292517     
 Abd=   23976.95    
 Catch=   33369.1413502587     
 Abd=   19485.47    
 Catch=   40140.3294114826     
 Abd=   592757.1    
 Catch=   56622.2215808065     
 Abd=   152573.2    
 Catch=   13425.3126205220     
 Abd=   22753.97    
 Catch=   411366.041778789     
 Abd=   4296414.    
 Time step =         1841
 Catch=   10213.2577993503     
 Abd=   65012.50    
 Catch=   795.861770642767     
 Abd=   5108.362    
 Catch=   13038.4372098750     
 Abd=   14159.04    
 Catch=   704.532632831183     
 Abd=   11730.49    
 Catch=   14072.3218386582     
 Abd=   47299.53    
 Catch=   14.5000088198494     
 Abd=   57.00004    
 Catch=                     NaN
 Abd=            NaN
 Catch=                     NaN
 Abd=            NaN
 Catch=   15158.3449915434     
 Abd=   252717.7    
 Catch=   8278.53993756472     
 Abd=   1880.982    
 Catch=   20432.2864263840     
 Abd=   115984.8    
 Catch=   525.896012585991     
 Abd=   8777.662    
 Catch=                     NaN
 Abd=            NaN
 Catch=   9102.25601613699     
 Abd=   132066.8    
 Catch=   55585.3589171980     
 Abd=   32160.66    
 Catch=                     NaN
 Abd=            NaN
 Catch=   1913.54978245278     
 Abd=   2802.784    
 Catch=                     NaN
 Abd=            NaN
 Catch=   7867.64398068869     
 Abd=   40822.70    
 Catch=   1270.01912788914     
 Abd=   4355.153    
 Catch=   180.083084260696     
 Abd=   1709.833    
 Catch=   94558.6709404146     
 Abd=   1577344.    
 Catch=   36772.4415560244     
 Abd=   128977.1    
 Catch=   7446.02759428603     
 Abd=   124154.0    
 Catch=                     NaN
 Abd=            NaN
 Catch=   11355.1679739709     
 Abd=   23976.95    
 Catch=   33369.1407612859     
 Abd=   19485.47    
 Catch=   40087.0626014322     
 Abd=   591983.4    
 Catch=   56622.2291367841     
 Abd=   152573.2    
 Catch=   13425.3088025947     
 Abd=   22753.96    
 Catch=   411348.257051324     
 Abd=   4296238.    
 Time step =         1842
 Catch=   10213.2096218520     
 Abd=   65012.19    
 Catch=   797.141679875483     
 Abd=   5116.595    
 Catch=   13038.4365374666     
 Abd=   14159.05    
 Catch=   700.828387813870     
 Abd=   11669.56    
 Catch=   14072.3218386582     
 Abd=   47299.53    
 Catch=   14.5000088198494     
 Abd=   57.00004    
 Catch=                     NaN
 Abd=            NaN
 Catch=                     NaN
 Abd=            NaN
 Catch=   15116.3109312559     
 Abd=   252025.0    
 Catch=   8278.53993756472     
 Abd=   1880.982    
 Catch=   20425.1245467762     
 Abd=   115945.0    
 Catch=   525.681439764261     
 Abd=   8774.186    
 Catch=                     NaN
 Abd=            NaN
 Catch=   9086.85165583395     
 Abd=   131846.7    
 Catch=   55585.3581137086     
 Abd=   32160.67    
 Catch=                     NaN
 Abd=            NaN
 Catch=   1913.54978245278     
 Abd=   2802.784    
 Catch=                     NaN
 Abd=            NaN
 Catch=   7867.63900749968     
 Abd=   40822.68    
 Catch=   1270.01912788914     
 Abd=   4355.153    
 Catch=   179.979928248770     
 Abd=   1708.880    
 Catch=   94406.5516321473     
 Abd=   1574847.    
 Catch=   36772.4408196262     
 Abd=   128977.1    
 Catch=   7427.09521236011     
 Abd=   123841.7    
 Catch=                     NaN
 Abd=            NaN
 Catch=   11355.1664440449     
 Abd=   23976.95    
 Catch=   33369.1359802250     
 Abd=   19485.47    
 Catch=   40035.5520986906     
 Abd=   591234.6    
 Catch=   56622.2383634087     
 Abd=   152573.2    
 Catch=   13425.3105962113     
 Abd=   22753.96    
 Catch=   411332.024600917     
 Abd=   4296075.    
 Time step =         1843
 Catch=   10213.1599211569     
 Abd=   65011.90    
 Catch=   798.428477425658     
 Abd=   5124.864    
 Catch=   13038.4390201204     
 Abd=   14159.05    
 Catch=   697.231121878693     
 Abd=   11610.37    
 Catch=   14072.3218386582     
 Abd=   47299.53    
 Catch=   14.5000088198494     
 Abd=   57.00004    
 Catch=                     NaN
 Abd=            NaN
 Catch=                     NaN
 Abd=            NaN
 Catch=   15075.4089771668     
 Abd=   251351.9    
 Catch=   8278.53993756472     
 Abd=   1880.982    
 Catch=   20418.2447241697     
 Abd=   115906.7    
 Catch=   525.479213900471     
 Abd=   8770.912    
 Catch=                     NaN
 Abd=            NaN
 Catch=   9071.93497870268     
 Abd=   131633.5    
 Catch=   55585.3570780342     
 Abd=   32160.66    
 Catch=                     NaN
 Abd=            NaN
 Catch=   1913.54978245278     
 Abd=   2802.784    
 Catch=                     NaN
 Abd=            NaN
 Catch=   7867.63051865426     
 Abd=   40822.63    
 Catch=   1270.01912788914     
 Abd=   4355.153    
 Catch=   179.882549579799     
 Abd=   1707.982    
 Catch=   94259.3747458843     
 Abd=   1572431.    
 Catch=   36772.4488306798     
 Abd=   128977.2    
 Catch=   7408.65637055370     
 Abd=   123538.3    
 Catch=                     NaN
 Abd=            NaN
 Catch=   11355.1689019395     
 Abd=   23976.96    
 Catch=   33369.1378144461     
 Abd=   19485.47    
 Catch=   39985.7270989349     
 Abd=   590510.8    
 Catch=   56622.2360906313     
 Abd=   152573.2    
 Catch=   13425.3102405105     
 Abd=   22753.96    
 Catch=   411317.393327857     
 Abd=   4295930.    
 Time step =         1844
 Catch=   10213.1171191149     
 Abd=   65011.64    
 Catch=   799.719236739372     
 Abd=   5133.149    
 Catch=   13038.4371527280     
 Abd=   14159.05    
 Catch=   693.736189506928     
 Abd=   11552.83    
 Catch=   14072.3218386582     
 Abd=   47299.53    
 Catch=   14.5000088198494     
 Abd=   57.00004    
 Catch=                     NaN
 Abd=            NaN
 Catch=                     NaN
 Abd=            NaN
 Catch=   15035.6494875787     
 Abd=   250697.4    
 Catch=   8278.53993756472     
 Abd=   1880.982    
 Catch=   20411.6287023460     
 Abd=   115869.8    
 Catch=   525.289036396979     
 Abd=   8767.830    
 Catch=                     NaN
 Abd=            NaN
 Catch=   9057.48486893011     
 Abd=   131427.0    
 Catch=   55585.3618211201     
 Abd=   32160.67    
 Catch=                     NaN
 Abd=            NaN
 Catch=   1913.54978245278     
 Abd=   2802.784    
 Catch=                     NaN
 Abd=            NaN
 Catch=   7867.62283918000     
 Abd=   40822.59    
 Catch=   1270.01912788914     
 Abd=   4355.153    
 Catch=   179.790466641256     
 Abd=   1707.131    
 Catch=   94117.0291645765     
 Abd=   1570094.    
 Catch=   36772.4536032470     
 Abd=   128977.2    
 Catch=   7390.74477868974     
 Abd=   123243.6    
 Catch=                     NaN
 Abd=            NaN
 Catch=   11355.1711799624     
 Abd=   23976.96    
 Catch=   33369.1354699077     
 Abd=   19485.47    
 Catch=   39937.5184842542     
 Abd=   589809.8    
 Catch=   56622.2340479595     
 Abd=   152573.2    
 Catch=   13425.3104676792     
 Abd=   22753.96    
 Catch=   411304.116406374     
 Abd=   4295798.    
 Time step =         1845
 Catch=   10213.0760723034     
 Abd=   65011.38    
 Catch=   801.010690846465     
 Abd=   5141.426    
 Catch=   13038.4390585703     
 Abd=   14159.05    
 Catch=   690.334361302654     
 Abd=   11496.80    
 Catch=   14072.3218386582     
 Abd=   47299.53    
 Catch=   14.5000088198494     
 Abd=   57.00004    
 Catch=                     NaN
 Abd=            NaN
 Catch=                     NaN
 Abd=            NaN
 Catch=   14996.9874116844     
 Abd=   250060.8    
 Catch=   8278.53993756472     
 Abd=   1880.982    
 Catch=   20405.2669218064     
 Abd=   115834.5    
 Catch=   525.109788087009     
 Abd=   8764.928    
 Catch=                     NaN
 Abd=            NaN
 Catch=   9043.48425561894     
 Abd=   131227.0    
 Catch=   55585.3551647560     
 Abd=   32160.66    
 Catch=                     NaN
 Abd=            NaN
 Catch=   1913.54978245278     
 Abd=   2802.784    
 Catch=                     NaN
 Abd=            NaN
 Catch=   7867.61390673301     
 Abd=   40822.55    
 Catch=   1270.01912788914     
 Abd=   4355.153    
 Catch=   179.703387957224     
 Abd=   1706.327    
 Catch=   93979.3118523088     
 Abd=   1567832.    
 Catch=   36772.4502184710     
 Abd=   128977.2    
 Catch=   7373.34648557795     
 Abd=   122956.3    
 Catch=                     NaN
 Abd=            NaN
 Catch=   11355.1708484802     
 Abd=   23976.96    
 Catch=   33369.1385757913     
 Abd=   19485.47    
 Catch=   39890.8472080554     
 Abd=   589131.1    
 Catch=   56622.2321241995     
 Abd=   152573.2    
 Catch=   13425.3131969978     
 Abd=   22753.96    
 Catch=   411291.995722317     
 Abd=   4295677.    
 Time step =         1846
 Catch=   10213.0415534015     
 Abd=   65011.20    
 Catch=   802.299807666447     
 Abd=   5149.682    
 Catch=   13038.4390540599     
 Abd=   14159.05    
 Catch=   687.025949232037     
 Abd=   11442.35    
 Catch=   14072.3218386582     
 Abd=   47299.53    
 Catch=   14.5000088198494     
 Abd=   57.00004    
 Catch=                     NaN
 Abd=            NaN
 Catch=                     NaN
 Abd=            NaN
 Catch=   14959.3759235074     
 Abd=   249440.7    
 Catch=   8278.53993756472     
 Abd=   1880.982    
 Catch=   20399.1694137600     
 Abd=   115800.5    
 Catch=   524.941144583713     
 Abd=   8762.196    
 Catch=                     NaN
 Abd=            NaN
 Catch=   9029.92263862691     
 Abd=   131033.1    
 Catch=   55585.3482384806     
 Abd=   32160.66    
 Catch=                     NaN
 Abd=            NaN
 Catch=   1913.54978245278     
 Abd=   2802.784    
 Catch=                     NaN
 Abd=            NaN
 Catch=   7867.60569586105     
 Abd=   40822.50    
 Catch=   1270.01912788914     
 Abd=   4355.153    
 Catch=   179.621070984880     
 Abd=   1705.567    
 Catch=   93845.9028155127     
 Abd=   1565640.    
 Catch=   36772.4471705626     
 Abd=   128977.1    
 Catch=   7356.37298289749     
 Abd=   122676.9    
 Catch=                     NaN
 Abd=            NaN
 Catch=   11355.1687871009     
 Abd=   23976.95    
 Catch=   33369.1349862584     
 Abd=   19485.46    
 Catch=   39845.6295335083     
 Abd=   588473.4    
 Catch=   56622.2429238810     
 Abd=   152573.3    
 Catch=   13425.3111574553     
 Abd=   22753.96    
 Catch=   411281.029714727     
 Abd=   4295570.    
 Time step =         1847
 Catch=   10213.0133351705     
 Abd=   65011.02    
 Catch=   803.583773298575     
 Abd=   5157.892    
 Catch=   13038.4427973930     
 Abd=   14159.05    
 Catch=   683.809321874117     
 Abd=   11389.37    
 Catch=   14072.3218386582     
 Abd=   47299.53    
 Catch=   14.5000088198494     
 Abd=   57.00004    
 Catch=                     NaN
 Abd=            NaN
 Catch=                     NaN
 Abd=            NaN
 Catch=   14922.7474610739     
 Abd=   248837.6    
 Catch=   8278.53993756472     
 Abd=   1880.982    
 Catch=   20393.3028797207     
 Abd=   115767.8    
 Catch=   524.782381104601     
 Abd=   8759.626    
 Catch=                     NaN
 Abd=            NaN
 Catch=   9016.77026744890     
 Abd=   130845.0    
 Catch=   55585.3544614327     
 Abd=   32160.66    
 Catch=                     NaN
 Abd=            NaN
 Catch=   1913.54978245278     
 Abd=   2802.784    
 Catch=                     NaN
 Abd=            NaN
 Catch=   7867.59999049305     
 Abd=   40822.48    
 Catch=   1270.01912788914     
 Abd=   4355.153    
 Catch=   179.543046035191     
 Abd=   1704.845    
 Catch=   93716.7171283312     
 Abd=   1563518.    
 Catch=   36772.4375239842     
 Abd=   128977.1    
 Catch=   7339.87500669030     
 Abd=   122405.4    
 Catch=                     NaN
 Abd=            NaN
 Catch=   11355.1662688648     
 Abd=   23976.95    
 Catch=   33369.1352010001     
 Abd=   19485.46    
 Catch=   39801.8086361751     
 Abd=   587836.0    
 Catch=   56622.2556985762     
 Abd=   152573.3    
 Catch=   13425.3125943147     
 Abd=   22753.96    
 Catch=   411271.075174179     
 Abd=   4295469.    
 Time step =         1848
 Catch=   10212.9892376874     
 Abd=   65010.89    
 Catch=   804.859564807990     
 Abd=   5166.042    
 Catch=   13038.4433565297     
 Abd=   14159.06    
 Catch=   680.677195967255     
 Abd=   11337.81    
 Catch=   14072.3218386582     
 Abd=   47299.53    
 Catch=   14.5000088198494     
 Abd=   57.00004    
 Catch=                     NaN
 Abd=            NaN
 Catch=                     NaN
 Abd=            NaN
 Catch=   14887.1055522390     
 Abd=   248250.6    
 Catch=   8278.53993756472     
 Abd=   1880.982    
 Catch=   20387.6604254366     
 Abd=   115736.5    
 Catch=   524.632956567556     
 Abd=   8757.205    
 Catch=                     NaN
 Abd=            NaN
 Catch=   9004.01581651998     
 Abd=   130662.6    
 Catch=   55585.3469515598     
 Abd=   32160.66    
 Catch=                     NaN
 Abd=            NaN
 Catch=   1913.54978245278     
 Abd=   2802.784    
 Catch=                     NaN
 Abd=            NaN
 Catch=   7867.59216576575     
 Abd=   40822.44    
 Catch=   1270.01912788914     
 Abd=   4355.153    
 Catch=   179.469007912417     
 Abd=   1704.160    
 Catch=   93591.5748118269     
 Abd=   1561461.    
 Catch=   36772.4320150477     
 Abd=   128977.1    
 Catch=   7323.84141567546     
 Abd=   122141.5    
 Catch=                     NaN
 Abd=            NaN
 Catch=   11355.1670325928     
 Abd=   23976.95    
 Catch=   33369.1322789694     
 Abd=   19485.47    
 Catch=   39759.3542208952     
 Abd=   587218.4    
 Catch=   56622.2662030514     
 Abd=   152573.4    
 Catch=   13425.3153715690     
 Abd=   22753.97    
 Catch=   411261.932364832     
 Abd=   4295378.    
 Time step =         1849
 Catch=   10212.9666672112     
 Abd=   65010.71    
 Catch=   806.124181980948     
 Abd=   5174.110    
 Catch=   13038.4426600754     
 Abd=   14159.05    
 Catch=   677.632906095395     
 Abd=   11287.71    
 Catch=   14072.3218386582     
 Abd=   47299.53    
 Catch=   14.5000088198494     
 Abd=   57.00004    
 Catch=                     NaN
 Abd=            NaN
 Catch=                     NaN
 Abd=            NaN
 Catch=   14852.4248758256     
 Abd=   247679.4    
 Catch=   8278.53993756472     
 Abd=   1880.982    
 Catch=   20382.2402029141     
 Abd=   115706.3    
 Catch=   524.492403132834     
 Abd=   8754.934    
 Catch=                     NaN
 Abd=            NaN
 Catch=   8991.63948021704     
 Abd=   130485.6    
 Catch=   55585.3479788086     
 Abd=   32160.66    
 Catch=                     NaN
 Abd=            NaN
 Catch=   1913.54978245278     
 Abd=   2802.784    
 Catch=                     NaN
 Abd=            NaN
 Catch=   7867.58734302341     
 Abd=   40822.42    
 Catch=   1270.01912788914     
 Abd=   4355.153    
 Catch=   179.398816011294     
 Abd=   1703.511    
 Catch=   93470.3545696383     
 Abd=   1559468.    
 Catch=   36772.4238218565     
 Abd=   128977.1    
 Catch=   7308.24867579415     
 Abd=   121884.7    
 Catch=                     NaN
 Abd=            NaN
 Catch=   11355.1682848687     
 Abd=   23976.95    
 Catch=   33369.1375331839     
 Abd=   19485.47    
 Catch=   39718.1784994154     
 Abd=   586618.9    
 Catch=   56622.2866084879     
 Abd=   152573.3    
 Catch=   13425.3119224423     
 Abd=   22753.96    
 Catch=   411253.654871159     
 Abd=   4295296.    
 Time step =         1850
 Catch=   10212.9426504860     
 Abd=   65010.61    
 Catch=   807.374668012319     
 Abd=   5182.079    
 Catch=   13038.4409506164     
 Abd=   14159.05    
 Catch=   674.674325239918     
 Abd=   11239.01    
 Catch=   14072.3218386582     
 Abd=   47299.53    
 Catch=   14.5000088198494     
 Abd=   57.00004    
 Catch=                     NaN
 Abd=            NaN
 Catch=                     NaN
 Abd=            NaN
 Catch=   14818.6653206413     
 Abd=   247123.3    
 Catch=   8278.53993756472     
 Abd=   1880.982    
 Catch=   20377.0292801275     
 Abd=   115677.3    
 Catch=   524.360310637330     
 Abd=   8752.791    
 Catch=                     NaN
 Abd=            NaN
 Catch=   8979.62492374046     
 Abd=   130313.7    
 Catch=   55585.3536524123     
 Abd=   32160.66    
 Catch=                     NaN
 Abd=            NaN
 Catch=   1913.54978245278     
 Abd=   2802.784    
 Catch=                     NaN
 Abd=            NaN
 Catch=   7867.58002204629     
 Abd=   40822.38    
 Catch=   1270.01912788914     
 Abd=   4355.153    
 Catch=   179.332148141302     
 Abd=   1702.894    
 Catch=   93352.7544932782     
 Abd=   1557535.    
 Catch=   36772.4296617870     
 Abd=   128977.1    
 Catch=   7293.08063057317     
 Abd=   121635.0    
 Catch=                     NaN
 Abd=            NaN
 Catch=   11355.1672190296     
 Abd=   23976.95    
 Catch=   33369.1438567850     
 Abd=   19485.47    
 Catch=   39678.2321801513     
 Abd=   586037.6    
 Catch=   56622.2703060673     
 Abd=   152573.4    
 Catch=   13425.3116193038     
 Abd=   22753.97    
 Catch=   411246.295228763     
 Abd=   4295222.    
 Time step =         1851
 Catch=   10212.9265111951     
 Abd=   65010.52    
 Catch=   808.608459439693     
 Abd=   5189.935    
 Catch=   13038.4402044183     
 Abd=   14159.05    
 Catch=   671.797806605086     
 Abd=   11191.66    
 Catch=   14072.3218386582     
 Abd=   47299.53    
 Catch=   14.5000088198494     
 Abd=   57.00004    
 Catch=                     NaN
 Abd=            NaN
 Catch=                     NaN
 Abd=            NaN
 Catch=   14785.7954779113     
 Abd=   246581.8    
 Catch=   8278.53993756472     
 Abd=   1880.982    
 Catch=   20372.0177976087     
 Abd=   115649.3    
 Catch=   524.235730284233     
 Abd=   8750.773    
 Catch=                     NaN
 Abd=            NaN
 Catch=   8967.96203726454     
 Abd=   130146.9    
 Catch=   55585.3485082019     
 Abd=   32160.66    
 Catch=                     NaN
 Abd=            NaN
 Catch=   1913.54978245278     
 Abd=   2802.784    
 Catch=                     NaN
 Abd=            NaN
 Catch=   7867.57773499235     
 Abd=   40822.37    
 Catch=   1270.01912788914     
 Abd=   4355.153    
 Catch=   179.268825827467     
 Abd=   1702.308    
 Catch=   93238.7384735848     
 Abd=   1555661.    
 Catch=   36772.4272180911     
 Abd=   128977.1    
 Catch=   7278.31865781406     
 Abd=   121391.8    
 Catch=                     NaN
 Abd=            NaN
 Catch=   11355.1635554545     
 Abd=   23976.93    
 Catch=   33369.1380192513     
 Abd=   19485.47    
 Catch=   39639.4693932201     
 Abd=   585473.1    
 Catch=   56622.2764015067     
 Abd=   152573.3    
 Catch=   13425.3134579525     
 Abd=   22753.96    
 Catch=   411239.485259925     
 Abd=   4295155.    
 Time step =         1852
 Catch=   10212.9061724876     
 Abd=   65010.37    
 Catch=   809.823486203329     
 Abd=   5197.659    
 Catch=   13038.4427327270     
 Abd=   14159.05    
 Catch=   669.001212636927     
 Abd=   11145.63    
 Catch=   14072.3218386582     
 Abd=   47299.53    
 Catch=   14.5000088198494     
 Abd=   57.00004    
 Catch=                     NaN
 Abd=            NaN
 Catch=                     NaN
 Abd=            NaN
 Catch=   14753.7797731867     
 Abd=   246054.4    
 Catch=   8278.53993756472     
 Abd=   1880.982    
 Catch=   20367.1900163453     
 Abd=   115622.5    
 Catch=   524.118461855055     
 Abd=   8748.876    
 Catch=                     NaN
 Abd=            NaN
 Catch=   8956.64332801848     
 Abd=   129984.9    
 Catch=   55585.3472198848     
 Abd=   32160.66    
 Catch=                     NaN
 Abd=            NaN
 Catch=   1913.54978245278     
 Abd=   2802.784    
 Catch=                     NaN
 Abd=            NaN
 Catch=   7867.57073612067     
 Abd=   40822.34    
 Catch=   1270.01912788914     
 Abd=   4355.153    
 Catch=   179.208668124823     
 Abd=   1701.751    
 Catch=   93128.1780668854     
 Abd=   1553843.    
 Catch=   36772.4318523954     
 Abd=   128977.1    
 Catch=   7263.93832698315     
 Abd=   121154.9    
 Catch=                     NaN
 Abd=            NaN
 Catch=   11355.1608880969     
 Abd=   23976.94    
 Catch=   33369.1380941038     
 Abd=   19485.47    
 Catch=   39601.8208693410     
 Abd=   584924.9    
 Catch=   56622.2681952922     
 Abd=   152573.3    
 Catch=   13425.3110671461     
 Abd=   22753.97    
 Catch=   411233.421384805     
 Abd=   4295095.    
 Time step =         1853
 Catch=   10212.8915709983     
 Abd=   65010.29    
 Catch=   811.016653158081     
 Abd=   5205.238    
 Catch=   13038.4394166942     
 Abd=   14159.05    
 Catch=   666.281456783148     
 Abd=   11100.85    
 Catch=   14072.3218386582     
 Abd=   47299.53    
 Catch=   14.5000088198494     
 Abd=   57.00004    
 Catch=                     NaN
 Abd=            NaN
 Catch=                     NaN
 Abd=            NaN
 Catch=   14722.5919567547     
 Abd=   245540.5    
 Catch=   8278.53993756472     
 Abd=   1880.982    
 Catch=   20362.5488174993     
 Abd=   115596.6    
 Catch=   524.008089726669     
 Abd=   8747.088    
 Catch=                     NaN
 Abd=            NaN
 Catch=   8945.65444839391     
 Abd=   129827.6    
 Catch=   55585.3587319851     
 Abd=   32160.66    
 Catch=                     NaN
 Abd=            NaN
 Catch=   1913.54978245278     
 Abd=   2802.784    
 Catch=                     NaN
 Abd=            NaN
 Catch=   7867.56772447523     
 Abd=   40822.32    
 Catch=   1270.01912788914     
 Abd=   4355.153    
 Catch=   179.151430614705     
 Abd=   1701.220    
 Catch=   93020.9141087383     
 Abd=   1552079.    
 Catch=   36772.4283147388     
 Abd=   128977.1    
 Catch=   7249.93524730882     
 Abd=   120924.1    
 Catch=                     NaN
 Abd=            NaN
 Catch=   11355.1628815234     
 Abd=   23976.94    
 Catch=   33369.1368430067     
 Abd=   19485.47    
 Catch=   39565.2504887982     
 Abd=   584392.2    
 Catch=   56622.2527670479     
 Abd=   152573.2    
 Catch=   13425.3171293563     
 Abd=   22753.97    
 Catch=   411227.887339394     
 Abd=   4295040.    
 Time step =         1854
 Catch=   10212.8785665266     
 Abd=   65010.20    
 Catch=   812.186148432054     
 Abd=   5212.660    
 Catch=   13038.4408824397     
 Abd=   14159.05    
 Catch=   663.636075545236     
 Abd=   11057.29    
 Catch=   14072.3218386582     
 Abd=   47299.53    
 Catch=   14.5000088198494     
 Abd=   57.00004    
 Catch=                     NaN
 Abd=            NaN
 Catch=                     NaN
 Abd=            NaN
 Catch=   14692.2082111167     
 Abd=   245039.8    
 Catch=   8278.53993756472     
 Abd=   1880.982    
 Catch=   20358.0832210750     
 Abd=   115571.8    
 Catch=   523.904086250356     
 Abd=   8745.403    
 Catch=                     NaN
 Abd=            NaN
 Catch=   8934.97674060232     
 Abd=   129674.9    
 Catch=   55585.3446872804     
 Abd=   32160.66    
 Catch=                     NaN
 Abd=            NaN
 Catch=   1913.54978245278     
 Abd=   2802.784    
 Catch=                     NaN
 Abd=            NaN
 Catch=   7867.56496112391     
 Abd=   40822.29    
 Catch=   1270.01912788914     
 Abd=   4355.153    
 Catch=   179.096946606418     
 Abd=   1700.716    
 Catch=   92916.7460232515     
 Abd=   1550365.    
 Catch=   36772.4266355396     
 Abd=   128977.0    
 Catch=   7236.29363080494     
 Abd=   120699.4    
 Catch=                     NaN
 Abd=            NaN
 Catch=   11355.1628403579     
 Abd=   23976.95    
 Catch=   33369.1383485035     
 Abd=   19485.47    
 Catch=   39529.7237626363     
 Abd=   583874.9    
 Catch=   56622.2152815190     
 Abd=   152573.1    
 Catch=   13425.3095901297     
 Abd=   22753.96    
 Catch=   411222.843547655     
 Abd=   4294990.    
 Time step =         1855
 Catch=   10212.8664360291     
 Abd=   65010.16    
 Catch=   813.330235120519     
 Abd=   5219.910    
 Catch=   13038.4380522319     
 Abd=   14159.05    
 Catch=   661.062726640788     
 Abd=   11014.92    
 Catch=   14072.3218386582     
 Abd=   47299.53    
 Catch=   14.5000088198494     
 Abd=   57.00004    
 Catch=                     NaN
 Abd=            NaN
 Catch=                     NaN
 Abd=            NaN
 Catch=   14662.5951190887     
 Abd=   244551.6    
 Catch=   8278.53993756472     
 Abd=   1880.982    
 Catch=   20353.7863229028     
 Abd=   115547.8    
 Catch=   523.806374776353     
 Abd=   8743.820    
 Catch=                     NaN
 Abd=            NaN
 Catch=   8924.60096437233     
 Abd=   129526.3    
 Catch=   55585.3505693579     
 Abd=   32160.66    
 Catch=                     NaN
 Abd=            NaN
 Catch=   1913.54978245278     
 Abd=   2802.784    
 Catch=                     NaN
 Abd=            NaN
 Catch=   7867.55972726934     
 Abd=   40822.29    
 Catch=   1270.01912788914     
 Abd=   4355.153    
 Catch=   179.045099351645     
 Abd=   1700.235    
 Catch=   92815.5951188052     
 Abd=   1548702.    
 Catch=   36772.4229087815     
 Abd=   128977.1    
 Catch=   7223.00778621255     
 Abd=   120480.5    
 Catch=                     NaN
 Abd=            NaN
 Catch=   11355.1680372016     
 Abd=   23976.95    
 Catch=   33369.1372343468     
 Abd=   19485.46    
 Catch=   39495.1938320546     
 Abd=   583371.7    
 Catch=   56622.1888353640     
 Abd=   152573.1    
 Catch=   13425.3097950277     
 Abd=   22753.97    
 Catch=   411218.300608015     
 Abd=   4294945.    
 Time step =         1856
 Catch=   10212.8625126067     
 Abd=   65010.12    
 Catch=   814.446933822738     
 Abd=   5226.981    
 Catch=   13038.4394483725     
 Abd=   14159.05    
 Catch=   658.558643028104     
 Abd=   10973.68    
 Catch=   14072.3218386582     
 Abd=   47299.53    
 Catch=   14.5000088198494     
 Abd=   57.00004    
 Catch=                     NaN
 Abd=            NaN
 Catch=                     NaN
 Abd=            NaN
 Catch=   14633.7192975247     
 Abd=   244075.7    
 Catch=   8278.53993756472     
 Abd=   1880.982    
 Catch=   20349.6534814921     
 Abd=   115524.8    
 Catch=   523.714290180120     
 Abd=   8742.329    
 Catch=                     NaN
 Abd=            NaN
 Catch=   8914.51384570729     
 Abd=   129380.8    
 Catch=   55585.3528960749     
 Abd=   32160.66    
 Catch=                     NaN
 Abd=            NaN
 Catch=   1913.54978245278     
 Abd=   2802.784    
 Catch=                     NaN
 Abd=            NaN
 Catch=   7867.55989881406     
 Abd=   40822.28    
 Catch=   1270.01912788914     
 Abd=   4355.153    
 Catch=   178.995726064345     
 Abd=   1699.777    
 Catch=   92717.4199132544     
 Abd=   1547086.    
 Catch=   36772.4241521809     
 Abd=   128977.1    
 Catch=   7210.06477129196     
 Abd=   120267.2    
 Catch=                     NaN
 Abd=            NaN
 Catch=   11355.1661006728     
 Abd=   23976.95    
 Catch=   33369.1330267988     
 Abd=   19485.46    
 Catch=   39461.6195236489     
 Abd=   582882.4    
 Catch=   56622.1961981168     
 Abd=   152573.1    
 Catch=   13425.3067728259     
 Abd=   22753.96    
 Catch=   411214.277599834     
 Abd=   4294906.    
 Time step =         1857
 Catch=   10212.8556413985     
 Abd=   65010.09    
 Catch=   815.534271835612     
 Abd=   5233.858    
 Catch=   13038.4408180534     
 Abd=   14159.05    
 Catch=   656.121045001568     
 Abd=   10933.53    
 Catch=   14072.3218386582     
 Abd=   47299.53    
 Catch=   14.5000088198494     
 Abd=   57.00004    
 Catch=                     NaN
 Abd=            NaN
 Catch=                     NaN
 Abd=            NaN
 Catch=   14605.5893859365     
 Abd=   243612.2    
 Catch=   8278.53993756472     
 Abd=   1880.982    
 Catch=   20345.6657319677     
 Abd=   115502.6    
 Catch=   523.627436817050     
 Abd=   8740.920    
 Catch=                     NaN
 Abd=            NaN
 Catch=   8904.64223455443     
 Abd=   129239.6    
 Catch=   55585.3485928467     
 Abd=   32160.66    
 Catch=                     NaN
 Abd=            NaN
 Catch=   1913.54978245278     
 Abd=   2802.784    
 Catch=                     NaN
 Abd=            NaN
 Catch=   7867.55934341935     
 Abd=   40822.28    
 Catch=   1270.01912788914     
 Abd=   4355.153    
 Catch=   178.948448066865     
 Abd=   1699.338    
 Catch=   92622.0577648959     
 Abd=   1545517.    
 Catch=   36772.4301273570     
 Abd=   128977.1    
 Catch=   7197.44591761757     
 Abd=   120059.1    
 Catch=                     NaN
 Abd=            NaN
 Catch=   11355.1667476095     
 Abd=   23976.94    
 Catch=   33369.1316827346     
 Abd=   19485.46    
 Catch=   39428.9601206173     
 Abd=   582406.7    
 Catch=   56622.2004717490     
 Abd=   152573.2    
 Catch=   13425.3040172322     
 Abd=   22753.96    
 Catch=   411210.713381435     
 Abd=   4294870.    
 Time step =         1858
 Catch=   10212.8475053621     
 Abd=   65010.04    
 Catch=   816.591231450293     
 Abd=   5240.538    
 Catch=   13038.4391700347     
 Abd=   14159.05    
 Catch=   653.748757468797     
 Abd=   10894.46    
 Catch=   14072.3218386582     
 Abd=   47299.53    
 Catch=   14.5000088198494     
 Abd=   57.00004    
 Catch=                     NaN
 Abd=            NaN
 Catch=                     NaN
 Abd=            NaN
 Catch=   14578.1647430559     
 Abd=   243160.0    
 Catch=   8278.53993756472     
 Abd=   1880.982    
 Catch=   20341.8245230279     
 Abd=   115481.2    
 Catch=   523.545525635195     
 Abd=   8739.595    
 Catch=                     NaN
 Abd=            NaN
 Catch=   8895.04896524788     
 Abd=   129102.2    
 Catch=   55585.3586501406     
 Abd=   32160.67    
 Catch=                     NaN
 Abd=            NaN
 Catch=   1913.54978245278     
 Abd=   2802.784    
 Catch=                     NaN
 Abd=            NaN
 Catch=   7867.55679779438     
 Abd=   40822.26    
 Catch=   1270.01912788914     
 Abd=   4355.153    
 Catch=   178.903367804549     
 Abd=   1698.919    
 Catch=   92529.3646453132     
 Abd=   1543992.    
 Catch=   36772.4256698922     
 Abd=   128977.1    
 Catch=   7185.14523875717     
 Abd=   119856.5    
 Catch=                     NaN
 Abd=            NaN
 Catch=   11355.1665661833     
 Abd=   23976.95    
 Catch=   33369.1323393432     
 Abd=   19485.47    
 Catch=   39397.2012097921     
 Abd=   581943.4    
 Catch=   56622.2183773901     
 Abd=   152573.2    
 Catch=   13425.3080415243     
 Abd=   22753.96    
 Catch=   411207.285557770     
 Abd=   4294834.    
 Time step =         1859
 Catch=   10212.8404283629     
 Abd=   65010.00    
 Catch=   817.617052172531     
 Abd=   5247.014    
 Catch=   13038.4380069330     
 Abd=   14159.05    
 Catch=   651.439470349439     
 Abd=   10856.42    
 Catch=   14072.3218386582     
 Abd=   47299.53    
 Catch=   14.5000088198494     
 Abd=   57.00004    
 Catch=                     NaN
 Abd=            NaN
 Catch=                     NaN
 Abd=            NaN
 Catch=   14551.4138278186     
 Abd=   242718.9    
 Catch=   8278.53993756472     
 Abd=   1880.982    
 Catch=   20338.1348568912     
 Abd=   115460.6    
 Catch=   523.468508597290     
 Abd=   8738.350    
 Catch=                     NaN
 Abd=            NaN
 Catch=   8885.72554617043     
 Abd=   128968.7    
 Catch=   55585.3694926214     
 Abd=   32160.67    
 Catch=                     NaN
 Abd=            NaN
 Catch=   1913.54978245278     
 Abd=   2802.784    
 Catch=                     NaN
 Abd=            NaN
 Catch=   7867.55451860681     
 Abd=   40822.25    
 Catch=   1270.01912788914     
 Abd=   4355.153    
 Catch=   178.860298523075     
 Abd=   1698.520    
 Catch=   92439.2967553768     
 Abd=   1542509.    
 Catch=   36772.4172250485     
 Abd=   128977.0    
 Catch=   7173.15748638830     
 Abd=   119658.8    
 Catch=                     NaN
 Abd=            NaN
 Catch=   11355.1649287294     
 Abd=   23976.95    
 Catch=   33369.1357581273     
 Abd=   19485.47    
 Catch=   39366.2643387329     
 Abd=   581492.6    
 Catch=   56622.2209104588     
 Abd=   152573.2    
 Catch=   13425.3096054688     
 Abd=   22753.96    
 Catch=   411204.175838685     
 Abd=   4294806.    
 Time step =         1860
 Catch=   10212.8345841286     
 Abd=   65009.94    
 Catch=   818.614359470788     
 Abd=   5253.553    
 Catch=   13038.4420959425     
 Abd=   14159.05    
 Catch=   649.191235668129     
 Abd=   10819.39    
 Catch=   14072.3218386582     
 Abd=   47299.53    
 Catch=   14.5000088198494     
 Abd=   57.00004    
 Catch=                     NaN
 Abd=            NaN
 Catch=                     NaN
 Abd=            NaN
 Catch=   14525.3129995876     
 Abd=   242288.6    
 Catch=   8278.53993756472     
 Abd=   1880.982    
 Catch=   20334.5859732839     
 Abd=   115440.9    
 Catch=   523.396125218911     
 Abd=   8737.178    
 Catch=                     NaN
 Abd=            NaN
 Catch=   8876.64567563069     
 Abd=   128838.7    
 Catch=   55585.3683680123     
 Abd=   32160.67    
 Catch=                     NaN
 Abd=            NaN
 Catch=   1913.54978245278     
 Abd=   2802.784    
 Catch=                     NaN
 Abd=            NaN
 Catch=   7867.55294926191     
 Abd=   40822.27    
 Catch=   1270.01912788914     
 Abd=   4355.153    
 Catch=   178.819320668391     
 Abd=   1698.141    
 Catch=   92351.7244909119     
 Abd=   1541068.    
 Catch=   36772.4225022391     
 Abd=   128977.1    
 Catch=   7161.45945456734     
 Abd=   119465.9    
 Catch=                     NaN
 Abd=            NaN
 Catch=   11355.1672554775     
 Abd=   23976.95    
 Catch=   33369.1428755190     
 Abd=   19485.48    
 Catch=   39336.1714671166     
 Abd=   581053.5    
 Catch=   56622.2176475789     
 Abd=   152573.2    
 Catch=   13425.3084030150     
 Abd=   22753.96    
 Catch=   411201.420990422     
 Abd=   4294775.    
 Time step =         1811
 Catch=   10212.8249406455     
 Abd=   65009.89    
 Catch=   819.961698051985     
 Abd=   5265.279    
 Catch=   13038.4411999602     
 Abd=   14159.05    
 Catch=   647.001687599810     
 Abd=   10783.32    
 Catch=   14072.3218386582     
 Abd=   47299.53    
 Catch=   14.5000088198494     
 Abd=   57.00004    
 Catch=                     NaN
 Abd=            NaN
 Catch=                     NaN
 Abd=            NaN
 Catch=   14499.8559786688     
 Abd=   241868.8    
 Catch=   8278.53993756472     
 Abd=   1880.982    
 Catch=   20331.1706693352     
 Abd=   115421.9    
 Catch=   523.328077918608     
 Abd=   8736.071    
 Catch=                     NaN
 Abd=            NaN
 Catch=   8867.81986226440     
 Abd=   128712.3    
 Catch=   55585.3652234835     
 Abd=   32160.66    
 Catch=                     NaN
 Abd=            NaN
 Catch=   1913.54978245278     
 Abd=   2802.784    
 Catch=                     NaN
 Abd=            NaN
 Catch=   7867.55578809070     
 Abd=   40822.27    
 Catch=   1270.01912788914     
 Abd=   4355.153    
 Catch=   178.780151948844     
 Abd=   1697.777    
 Catch=   92266.5915725806     
 Abd=   1539666.    
 Catch=   36772.4332017238     
 Abd=   128977.1    
 Catch=   7150.05036553524     
 Abd=   119277.9    
 Catch=                     NaN
 Abd=            NaN
 Catch=   11355.1636257481     
 Abd=   23976.94    
 Catch=   33369.1456412985     
 Abd=   19485.48    
 Catch=   39306.8243383703     
 Abd=   580625.4    
 Catch=   56622.2354866446     
 Abd=   152573.2    
 Catch=   13425.3056632606     
 Abd=   22753.96    
 Catch=   411198.666671830     
 Abd=   4294748.    
 Time step =         1812
 Catch=   10212.8203765160     
 Abd=   65009.86    
 Catch=   822.330621611460     
 Abd=   5283.893    
 Catch=   13038.4396207215     
 Abd=   14159.05    
 Catch=   644.869833641701     
 Abd=   10748.20    
 Catch=   14072.3218386582     
 Abd=   47299.53    
 Catch=   14.5000088198494     
 Abd=   57.00004    
 Catch=                     NaN
 Abd=            NaN
 Catch=                     NaN
 Abd=            NaN
 Catch=   14475.0114673158     
 Abd=   241459.1    
 Catch=   8278.53993756472     
 Abd=   1880.982    
 Catch=   20327.8812603676     
 Abd=   115403.5    
 Catch=   523.263873755581     
 Abd=   8735.038    
 Catch=                     NaN
 Abd=            NaN
 Catch=   8859.23482257516     
 Abd=   128589.3    
 Catch=   55585.3591744547     
 Abd=   32160.67    
 Catch=                     NaN
 Abd=            NaN
 Catch=   1913.54978245278     
 Abd=   2802.784    
 Catch=                     NaN
 Abd=            NaN
 Catch=   7867.55504257193     
 Abd=   40822.26    
 Catch=   1270.01912788914     
 Abd=   4355.153    
 Catch=   178.742723856809     
 Abd=   1697.429    
 Catch=   92183.8371477855     
 Abd=   1538305.    
 Catch=   36772.4296054552     
 Abd=   128977.1    
 Catch=   7138.92529761057     
 Abd=   119094.4    
 Catch=                     NaN
 Abd=            NaN
 Catch=   11355.1635823470     
 Abd=   23976.95    
 Catch=   33369.1374257070     
 Abd=   19485.47    
 Catch=   39278.2454183095     
 Abd=   580208.8    
 Catch=   56622.2421341087     
 Abd=   152573.2    
 Catch=   13425.3007202519     
 Abd=   22753.95    
 Catch=   411196.158901902     
 Abd=   4294724.    
 Time step =         1813
 Catch=   10212.8150884045     
 Abd=   65009.84    
 Catch=   825.751955819396     
 Abd=   5309.116    
 Catch=   13038.4398582955     
 Abd=   14159.05    
 Catch=   642.793376937866     
 Abd=   10713.98    
 Catch=   14072.3218386582     
 Abd=   47299.53    
 Catch=   14.5000088198494     
 Abd=   57.00004    
 Catch=                     NaN
 Abd=            NaN
 Catch=                     NaN
 Abd=            NaN
 Catch=   14450.7672996238     
 Abd=   241059.2    
 Catch=   8278.53993756472     
 Abd=   1880.982    
 Catch=   20324.7229859138     
 Abd=   115386.0    
 Catch=   523.203878482947     
 Abd=   8734.062    
 Catch=                     NaN
 Abd=            NaN
 Catch=   8850.87831548058     
 Abd=   128469.6    
 Catch=   55585.3594606160     
 Abd=   32160.67    
 Catch=                     NaN
 Abd=            NaN
 Catch=   1913.54978245278     
 Abd=   2802.784    
 Catch=                     NaN
 Abd=            NaN
 Catch=   7867.55325438694     
 Abd=   40822.25    
 Catch=   1270.01912788914     
 Abd=   4355.153    
 Catch=   178.706885919553     
 Abd=   1697.096    
 Catch=   92103.3358044472     
 Abd=   1536978.    
 Catch=   36772.4308122525     
 Abd=   128977.1    
 Catch=   7128.06880864281     
 Abd=   118915.4    
 Catch=                     NaN
 Abd=            NaN
 Catch=   11355.1682634690     
 Abd=   23976.96    
 Catch=   33369.1372049962     
 Abd=   19485.47    
 Catch=   39250.3918087293     
 Abd=   579802.3    
 Catch=   56622.2304388746     
 Abd=   152573.2    
 Catch=   13425.3022932745     
 Abd=   22753.95    
 Catch=   411193.932311413     
 Abd=   4294701.    
 Time step =         1814
 Catch=   10212.8073650806     
 Abd=   65009.77    
 Catch=   830.180413797749     
 Abd=   5340.645    
 Catch=   13038.4411477585     
 Abd=   14159.05    
 Catch=   640.770304422032     
 Abd=   10680.65    
 Catch=   14072.3218386582     
 Abd=   47299.53    
 Catch=   14.5000088198494     
 Abd=   57.00004    
 Catch=                     NaN
 Abd=            NaN
 Catch=                     NaN
 Abd=            NaN
 Catch=   14427.0992051266     
 Abd=   240668.9    
 Catch=   8278.53993756472     
 Abd=   1880.982    
 Catch=   20321.6838130177     
 Abd=   115369.0    
 Catch=   523.146969906753     
 Abd=   8733.139    
 Catch=                     NaN
 Abd=            NaN
 Catch=   8842.74155300542     
 Abd=   128353.1    
 Catch=   55585.3525813003     
 Abd=   32160.66    
 Catch=                     NaN
 Abd=            NaN
 Catch=   1913.54978245278     
 Abd=   2802.784    
 Catch=                     NaN
 Abd=            NaN
 Catch=   7867.55316460171     
 Abd=   40822.26    
 Catch=   1270.01912788914     
 Abd=   4355.153    
 Catch=   178.671671721944     
 Abd=   1696.719    
 Catch=   92024.9802378490     
 Abd=   1535688.    
 Catch=   36772.4374546743     
 Abd=   128977.1    
 Catch=   7117.47549053761     
 Abd=   118739.6    
 Catch=                     NaN
 Abd=            NaN
 Catch=   11355.1695122690     
 Abd=   23976.95    
 Catch=   33369.1353080099     
 Abd=   19485.46    
 Catch=   39223.2489741125     
 Abd=   579406.6    
 Catch=   56622.1887602672     
 Abd=   152573.1    
 Catch=   13425.3059208582     
 Abd=   22753.96    
 Catch=   411191.967112766     
 Abd=   4294682.    
 Time step =         1815
 Catch=   10212.8026903495     
 Abd=   65009.76    
 Catch=   835.567188088196     
 Abd=   5378.152    
 Catch=   13038.4410773869     
 Abd=   14159.05    
 Catch=   638.799631184113     
 Abd=   10648.17    
 Catch=   14072.3218386582     
 Abd=   47299.53    
 Catch=   14.5000088198494     
 Abd=   57.00004    
 Catch=                     NaN
 Abd=            NaN
 Catch=                     NaN
 Abd=            NaN
 Catch=   14403.9933959252     
 Abd=   240287.6    
 Catch=   8278.53993756472     
 Abd=   1880.982    
 Catch=   20318.7534075473     
 Abd=   115352.7    
 Catch=   523.093374387093     
 Abd=   8732.273    
 Catch=                     NaN
 Abd=            NaN
 Catch=   8834.82337998177     
 Abd=   128239.6    
 Catch=   55585.3460243848     
 Abd=   32160.66    
 Catch=                     NaN
 Abd=            NaN
 Catch=   1913.54978245278     
 Abd=   2802.784    
 Catch=                     NaN
 Abd=            NaN
 Catch=   7867.55440305104     
 Abd=   40822.25    
 Catch=   1270.01912788914     
 Abd=   4355.153    
 Catch=   178.622433174281     
 Abd=   1696.200    
 Catch=   91948.6930215924     
 Abd=   1534432.    
 Catch=   36772.4274889723     
 Abd=   128977.1    
 Catch=   7107.07719589293     
 Abd=   118568.1    
 Catch=                     NaN
 Abd=            NaN
 Catch=   11355.1681228964     
 Abd=   23976.95    
 Catch=   33369.1341164762     
 Abd=   19485.46    
 Catch=   39196.7988259506     
 Abd=   579020.5    
 Catch=   56622.1790629582     
 Abd=   152573.2    
 Catch=   13425.3078013477     
 Abd=   22753.96    
 Catch=   411190.099816423     
 Abd=   4294664.    
 Time step =         1816
 Catch=   10212.8003746499     
 Abd=   65009.74    
 Catch=   841.855320488731     
 Abd=   5421.229    
 Catch=   13038.4400732070     
 Abd=   14159.05    
 Catch=   636.879040394460     
 Abd=   10616.52    
 Catch=   14072.3218386582     
 Abd=   47299.53    
 Catch=   14.5000088198494     
 Abd=   57.00004    
 Catch=                     NaN
 Abd=            NaN
 Catch=                     NaN
 Abd=            NaN
 Catch=   14381.4284391024     
 Abd=   239915.4    
 Catch=   8278.53993756472     
 Abd=   1880.982    
 Catch=   20315.9325534601     
 Abd=   115337.0    
 Catch=   523.042882599364     
 Abd=   8731.453    
 Catch=                     NaN
 Abd=            NaN
 Catch=   8827.10942802353     
 Abd=   128129.1    
 Catch=   55585.3589171980     
 Abd=   32160.66    
 Catch=                     NaN
 Abd=            NaN
 Catch=   1913.54978245278     
 Abd=   2802.784    
 Catch=                     NaN
 Abd=            NaN
 Catch=   7867.54986803070     
 Abd=   40822.23    
 Catch=   1270.01912788914     
 Abd=   4355.153    
 Catch=   178.567722406286     
 Abd=   1695.680    
 Catch=   91874.4247187534     
 Abd=   1533208.    
 Catch=   36772.4331526238     
 Abd=   128977.1    
 Catch=   7096.92658583518     
 Abd=   118399.8    
 Catch=                     NaN
 Abd=            NaN
 Catch=   11355.1692189263     
 Abd=   23976.95    
 Catch=   33369.1305116143     
 Abd=   19485.47    
 Catch=   39170.9883020391     
 Abd=   578643.5    
 Catch=   56622.2117399907     
 Abd=   152573.2    
 Catch=   13425.3060912617     
 Abd=   22753.95    
 Catch=   411188.641469877     
 Abd=   4294649.    
 Time step =         1817
 Catch=   10212.7981104198     
 Abd=   65009.75    
 Catch=   848.974396349352     
 Abd=   5469.377    
 Catch=   13038.4403906305     
 Abd=   14159.05    
 Catch=   635.007211132301     
 Abd=   10585.67    
 Catch=   14072.3218386582     
 Abd=   47299.53    
 Catch=   14.5000088198494     
 Abd=   57.00004    
 Catch=                     NaN
 Abd=            NaN
 Catch=                     NaN
 Abd=            NaN
 Catch=   14359.3908471501     
 Abd=   239550.8    
 Catch=   8278.53993756472     
 Abd=   1880.982    
 Catch=   20313.2107091976     
 Abd=   115321.8    
 Catch=   522.995209125523     
 Abd=   8730.680    
 Catch=                     NaN
 Abd=            NaN
 Catch=   8819.60002881524     
 Abd=   128021.4    
 Catch=   55585.3581137086     
 Abd=   32160.67    
 Catch=                     NaN
 Abd=            NaN
 Catch=   1913.54978245278     
 Abd=   2802.784    
 Catch=                     NaN
 Abd=            NaN
 Catch=   7867.55063966286     
 Abd=   40822.24    
 Catch=   1270.01912788914     
 Abd=   4355.153    
 Catch=   178.505244409986     
 Abd=   1695.007    
 Catch=   91802.1268802099     
 Abd=   1532017.    
 Catch=   36772.4217444341     
 Abd=   128977.0    
 Catch=   7086.96183966200     
 Abd=   118235.4    
 Catch=                     NaN
 Abd=            NaN
 Catch=   11355.1712540117     
 Abd=   23976.96    
 Catch=   33369.1417456791     
 Abd=   19485.48    
 Catch=   39145.7962893846     
 Abd=   578276.0    
 Catch=   56622.2329598311     
 Abd=   152573.3    
 Catch=   13425.3042210834     
 Abd=   22753.95    
 Catch=   411187.232429493     
 Abd=   4294635.    
 Time step =         1818
 Catch=   10212.8020381142     
 Abd=   65009.76    
 Catch=   856.839534124084     
 Abd=   5522.007    
 Catch=   13038.4414578175     
 Abd=   14159.05    
 Catch=   633.182955479296     
 Abd=   10555.61    
 Catch=   14072.3218386582     
 Abd=   47299.53    
 Catch=   14.5000088198494     
 Abd=   57.00004    
 Catch=                     NaN
 Abd=            NaN
 Catch=                     NaN
 Abd=            NaN
 Catch=   14337.8127177112     
 Abd=   239194.8    
 Catch=   8278.53993756472     
 Abd=   1880.982    
 Catch=   20310.5895425212     
 Abd=   115307.2    
 Catch=   522.950345452145     
 Abd=   8729.957    
 Catch=                     NaN
 Abd=            NaN
 Catch=   8812.27615828653     
 Abd=   127916.4    
 Catch=   55585.3570780342     
 Abd=   32160.66    
 Catch=                     NaN
 Abd=            NaN
 Catch=   1913.54978245278     
 Abd=   2802.784    
 Catch=                     NaN
 Abd=            NaN
 Catch=   7867.55354709427     
 Abd=   40822.27    
 Catch=   1270.01912788914     
 Abd=   4355.153    
 Catch=   178.435786919856     
 Abd=   1694.376    
 Catch=   91731.6945159935     
 Abd=   1530856.    
 Catch=   36772.4222508992     
 Abd=   128977.1    
 Catch=   7077.22533725817     
 Abd=   118074.6    
 Catch=                     NaN
 Abd=            NaN
 Catch=   11355.1745165949     
 Abd=   23976.96    
 Catch=   33369.1437859427     
 Abd=   19485.48    
 Catch=   39121.2168073880     
 Abd=   577917.1    
 Catch=   56622.2541002951     
 Abd=   152573.3    
 Catch=   13425.3045490120     
 Abd=   22753.96    
 Catch=   411185.960344470     
 Abd=   4294623.    
 Time step =         1819
 Catch=   10212.8001296437     
 Abd=   65009.74    
 Catch=   865.350682979399     
 Abd=   5578.428    
 Catch=   13038.4413120991     
 Abd=   14159.05    
 Catch=   631.404557519071     
 Abd=   10526.29    
 Catch=   14072.3218386582     
 Abd=   47299.53    
 Catch=   14.5000088198494     
 Abd=   57.00004    
 Catch=                     NaN
 Abd=            NaN
 Catch=                     NaN
 Abd=            NaN
 Catch=   14316.7331543316     
 Abd=   238846.9    
 Catch=   8278.53993756472     
 Abd=   1880.982    
 Catch=   20308.0670444322     
 Abd=   115293.2    
 Catch=   522.908372599971     
 Abd=   8729.277    
 Catch=                     NaN
 Abd=            NaN
 Catch=   8805.13763982741     
 Abd=   127814.0    
 Catch=   55585.3618211201     
 Abd=   32160.67    
 Catch=                     NaN
 Abd=            NaN
 Catch=   1913.54978245278     
 Abd=   2802.784    
 Catch=                     NaN
 Abd=            NaN
 Catch=   7867.55348370693     
 Abd=   40822.24    
 Catch=   1270.01912788914     
 Abd=   4355.153    
 Catch=   178.372199538465     
 Abd=   1693.798    
 Catch=   91663.0720847005     
 Abd=   1529726.    
 Catch=   36772.4332940661     
 Abd=   128977.1    
 Catch=   7067.70430119431     
 Abd=   117916.6    
 Catch=                     NaN
 Abd=            NaN
 Catch=   11355.1701018022     
 Abd=   23976.95    
 Catch=   33369.1435518580     
 Abd=   19485.48    
 Catch=   39097.2036391067     
 Abd=   577566.4    
 Catch=   56622.2572737016     
 Abd=   152573.3    
 Catch=   13425.3072344936     
 Abd=   22753.95    
 Catch=   411184.879924537     
 Abd=   4294612.    
 Time step =         1820
 Catch=   10212.7997735105     
 Abd=   65009.74    
 Catch=   874.393144882777     
 Abd=   5637.859    
 Catch=   13038.4423467029     
 Abd=   14159.05    
 Catch=   629.670945440567     
 Abd=   10497.72    
 Catch=   14072.3218386582     
 Abd=   47299.53    
 Catch=   14.5000088198494     
 Abd=   57.00004    
 Catch=                     NaN
 Abd=            NaN
 Catch=                     NaN
 Abd=            NaN
 Catch=   14296.1376445724     
 Abd=   238507.2    
 Catch=   8278.53993756472     
 Abd=   1880.982    
 Catch=   20305.6333380713     
 Abd=   115279.6    
 Catch=   522.868883978073     
 Abd=   8728.636    
 Catch=                     NaN
 Abd=            NaN
 Catch=   8798.18423247020     
 Abd=   127714.5    
 Catch=   55585.3551647560     
 Abd=   32160.66    
 Catch=                     NaN
 Abd=            NaN
 Catch=   1913.54978245278     
 Abd=   2802.784    
 Catch=                     NaN
 Abd=            NaN
 Catch=   7867.55092446933     
 Abd=   40822.24    
 Catch=   1270.01912788914     
 Abd=   4355.153    
 Catch=   178.313974717169     
 Abd=   1693.268    
 Catch=   91596.2165184870     
 Abd=   1528624.    
 Catch=   36772.4125201022     
 Abd=   128977.0    
 Catch=   7058.35203279986     
 Abd=   117762.3    
 Catch=                     NaN
 Abd=            NaN
 Catch=   11355.1667960513     
 Abd=   23976.95    
 Catch=   33369.1451864666     
 Abd=   19485.47    
 Catch=   39073.7617470000     
 Abd=   577224.0    
 Catch=   56622.2345339094     
 Abd=   152573.2    
 Catch=   13425.3070706664     
 Abd=   22753.96    
 Catch=   411183.705442101     
 Abd=   4294600.    
 Time step =         1821
 Catch=   10212.7967077555     
 Abd=   65009.71    
 Catch=   883.839424637783     
 Abd=   5699.448    
 Catch=   13038.4418121558     
 Abd=   14159.05    
 Catch=   627.980611274301     
 Abd=   10469.85    
 Catch=   14072.3218386582     
 Abd=   47299.53    
 Catch=   14.5000088198494     
 Abd=   57.00004    
 Catch=                     NaN
 Abd=            NaN
 Catch=                     NaN
 Abd=            NaN
 Catch=   14276.0263710442     
 Abd=   238175.3    
 Catch=   8278.53993756472     
 Abd=   1880.982    
 Catch=   20303.2966505488     
 Abd=   115266.6    
 Catch=   522.831563072449     
 Abd=   8728.033    
 Catch=                     NaN
 Abd=            NaN
 Catch=   8791.41077542463     
 Abd=   127617.3    
 Catch=   55585.3482384806     
 Abd=   32160.66    
 Catch=                     NaN
 Abd=            NaN
 Catch=   1913.54978245278     
 Abd=   2802.784    
 Catch=                     NaN
 Abd=            NaN
 Catch=   7867.55078387630     
 Abd=   40822.23    
 Catch=   1270.01912788914     
 Abd=   4355.153    
 Catch=   178.260434694024     
 Abd=   1692.781    
 Catch=   91531.0941127141     
 Abd=   1527551.    
 Catch=   36772.4090040672     
 Abd=   128977.0    
 Catch=   7049.21847878388     
 Abd=   117611.6    
 Catch=                     NaN
 Abd=            NaN
 Catch=   11355.1658553619     
 Abd=   23976.95    
 Catch=   33369.1378783154     
 Abd=   19485.47    
 Catch=   39050.8484670331     
 Abd=   576889.4    
 Catch=   56622.2497271091     
 Abd=   152573.3    
 Catch=   13425.3060510365     
 Abd=   22753.96    
 Catch=   411182.754246060     
 Abd=   4294590.    
 Time step =         1822
 Catch=   10212.7928888376     
 Abd=   65009.70    
 Catch=   893.552648054307     
 Abd=   5762.298    
 Catch=   13038.4397911581     
 Abd=   14159.05    
 Catch=   626.332056824014     
 Abd=   10442.67    
 Catch=   14072.3218386582     
 Abd=   47299.53    
 Catch=   14.5000088198494     
 Abd=   57.00004    
 Catch=                     NaN
 Abd=            NaN
 Catch=                     NaN
 Abd=            NaN
 Catch=   14256.3735621240     
 Abd=   237851.0    
 Catch=   8278.53993756472     
 Abd=   1880.982    
 Catch=   20301.0375992929     
 Abd=   115254.0    
 Catch=   522.796372776427     
 Abd=   8727.461    
 Catch=                     NaN
 Abd=            NaN
 Catch=   8784.79896448992     
 Abd=   127522.4    
 Catch=   55585.3544614327     
 Abd=   32160.66    
 Catch=                     NaN
 Abd=            NaN
 Catch=   1913.54978245278     
 Abd=   2802.784    
 Catch=                     NaN
 Abd=            NaN
 Catch=   7867.54893697011     
 Abd=   40822.23    
 Catch=   1270.01912788914     
 Abd=   4355.153    
 Catch=   178.211189098270     
 Abd=   1692.332    
 Catch=   91467.6056565921     
 Abd=   1526505.    
 Catch=   36772.4155911828     
 Abd=   128977.1    
 Catch=   7040.30041370882     
 Abd=   117464.5    
 Catch=                     NaN
 Abd=            NaN
 Catch=   11355.1679204596     
 Abd=   23976.95    
 Catch=   33369.1437137371     
 Abd=   19485.48    
 Catch=   39028.4781680649     
 Abd=   576562.9    
 Catch=   56622.2582199237     
 Abd=   152573.3    
 Catch=   13425.3043054649     
 Abd=   22753.96    
 Catch=   411181.937215242     
 Abd=   4294584.    
 Time step =         1823
 Catch=   10212.7875085192     
 Abd=   65009.66    
 Catch=   903.391561799821     
 Abd=   5825.502    
 Catch=   13038.4402771510     
 Abd=   14159.05    
 Catch=   624.724319851229     
 Abd=   10416.17    
 Catch=   14072.3218386582     
 Abd=   47299.53    
 Catch=   14.5000088198494     
 Abd=   57.00004    
 Catch=                     NaN
 Abd=            NaN
 Catch=                     NaN
 Abd=            NaN
 Catch=   14237.1592397245     
 Abd=   237533.8    
 Catch=   8278.53993756472     
 Abd=   1880.982    
 Catch=   20298.8593369807     
 Abd=   115241.9    
 Catch=   522.763193221824     
 Abd=   8726.925    
 Catch=                     NaN
 Abd=            NaN
 Catch=   8778.35209633587     
 Abd=   127430.1    
 Catch=   55585.3469515598     
 Abd=   32160.66    
 Catch=                     NaN
 Abd=            NaN
 Catch=   1913.54978245278     
 Abd=   2802.784    
 Catch=                     NaN
 Abd=            NaN
 Catch=   7867.54673851741     
 Abd=   40822.22    
 Catch=   1270.01912788914     
 Abd=   4355.153    
 Catch=   178.165693728347     
 Abd=   1691.916    
 Catch=   91405.7340889550     
 Abd=   1525485.    
 Catch=   36772.4234782205     
 Abd=   128977.1    
 Catch=   7031.59086376918     
 Abd=   117320.8    
 Catch=                     NaN
 Abd=            NaN
 Catch=   11355.1666527711     
 Abd=   23976.95    
 Catch=   33369.1404694128     
 Abd=   19485.47    
 Catch=   39006.6213115140     
 Abd=   576243.4    
 Catch=   56622.2759648655     
 Abd=   152573.3    
 Catch=   13425.3054870157     
 Abd=   22753.95    
 Catch=   411181.161390135     
 Abd=   4294575.    
 Time step =         1824
 Catch=   10212.7839143667     
 Abd=   65009.62    
 Catch=   913.215720308595     
 Abd=   5888.172    
 Catch=   13038.4424600007     
 Abd=   14159.05    
 Catch=   623.156384276283     
 Abd=   10390.32    
 Catch=   14072.3218386582     
 Abd=   47299.53    
 Catch=   14.5000088198494     
 Abd=   57.00004    
 Catch=                     NaN
 Abd=            NaN
 Catch=                     NaN
 Abd=            NaN
 Catch=   14218.3789687387     
 Abd=   237224.0    
 Catch=   8278.53993756472     
 Abd=   1880.982    
 Catch=   20296.7672268237     
 Abd=   115230.2    
 Catch=   522.732220957349     
 Abd=   8726.424    
 Catch=                     NaN
 Abd=            NaN
 Catch=   8772.06652527059     
 Abd=   127339.9    
 Catch=   55585.3479788086     
 Abd=   32160.66    
 Catch=                     NaN
 Abd=            NaN
 Catch=   1913.54978245278     
 Abd=   2802.784    
 Catch=                     NaN
 Abd=            NaN
 Catch=   7867.54889176044     
 Abd=   40822.22    
 Catch=   1270.01912788914     
 Abd=   4355.153    
 Catch=   178.123674051923     
 Abd=   1691.533    
 Catch=   91345.4176815436     
 Abd=   1524490.    
 Catch=   36772.4401369054     
 Abd=   128977.1    
 Catch=   7023.08508849265     
 Abd=   117180.4    
 Catch=                     NaN
 Abd=            NaN
 Catch=   11355.1669254599     
 Abd=   23976.95    
 Catch=   33369.1417727946     
 Abd=   19485.48    
 Catch=   38985.2528751708     
 Abd=   575931.2    
 Catch=   56622.2621789990     
 Abd=   152573.4    
 Catch=   13425.3043317431     
 Abd=   22753.95    
 Catch=   411180.358698304     
 Abd=   4294566.    
 Time step =         1825
 Catch=   10212.7765439058     
 Abd=   65009.61    
 Catch=   922.892477537469     
 Abd=   5949.493    
 Catch=   13038.4402168657     
 Abd=   14159.05    
 Catch=   621.627257637407     
 Abd=   10365.10    
 Catch=   14072.3218386582     
 Abd=   47299.53    
 Catch=   14.5000088198494     
 Abd=   57.00004    
 Catch=                     NaN
 Abd=            NaN
 Catch=                     NaN
 Abd=            NaN
 Catch=   14200.0293363729     
 Abd=   236921.1    
 Catch=   8278.53993756472     
 Abd=   1880.982    
 Catch=   20294.7498877755     
 Abd=   115219.0    
 Catch=   522.703031760535     
 Abd=   8725.949    
 Catch=                     NaN
 Abd=            NaN
 Catch=   8765.92973991037     
 Abd=   127251.9    
 Catch=   55585.3536524123     
 Abd=   32160.66    
 Catch=                     NaN
 Abd=            NaN
 Catch=   1913.54978245278     
 Abd=   2802.784    
 Catch=                     NaN
 Abd=            NaN
 Catch=   7867.55055901235     
 Abd=   40822.23    
 Catch=   1270.01912788914     
 Abd=   4355.153    
 Catch=   178.084744676185     
 Abd=   1691.177    
 Catch=   91286.5527725509     
 Abd=   1523519.    
 Catch=   36772.4497295705     
 Abd=   128977.2    
 Catch=   7014.76521065457     
 Abd=   117043.1    
 Catch=                     NaN
 Abd=            NaN
 Catch=   11355.1655608435     
 Abd=   23976.95    
 Catch=   33369.1431862207     
 Abd=   19485.46    
 Catch=   38964.3767141393     
 Abd=   575626.1    
 Catch=   56622.2696552041     
 Abd=   152573.3    
 Catch=   13425.3062410121     
 Abd=   22753.96    
 Catch=   411179.688291661     
 Abd=   4294560.    
 Time step =         1826
 Catch=   10212.7776039457     
 Abd=   65009.61    
 Catch=   932.299589690185     
 Abd=   6008.725    
 Catch=   13038.4424693152     
 Abd=   14159.06    
 Catch=   620.135099114905     
 Abd=   10340.50    
 Catch=   14072.3218386582     
 Abd=   47299.53    
 Catch=   14.5000088198494     
 Abd=   57.00004    
 Catch=                     NaN
 Abd=            NaN
 Catch=                     NaN
 Abd=            NaN
 Catch=   14182.0891973334     
 Abd=   236624.9    
 Catch=   8278.53993756472     
 Abd=   1880.982    
 Catch=   20292.7981371750     
 Abd=   115208.1    
 Catch=   522.675238532634     
 Abd=   8725.499    
 Catch=                     NaN
 Abd=            NaN
 Catch=   8759.94609600749     
 Abd=   127166.1    
 Catch=   55585.3485082019     
 Abd=   32160.66    
 Catch=                     NaN
 Abd=            NaN
 Catch=   1913.54978245278     
 Abd=   2802.784    
 Catch=                     NaN
 Abd=            NaN
 Catch=   7867.55002671084     
 Abd=   40822.23    
 Catch=   1270.01912788914     
 Abd=   4355.153    
 Catch=   178.048779738277     
 Abd=   1690.848    
 Catch=   91229.0636559196     
 Abd=   1522571.    
 Catch=   36772.4495892187     
 Abd=   128977.1    
 Catch=   7006.63094998746     
 Abd=   116908.9    
 Catch=                     NaN
 Abd=            NaN
 Catch=   11355.1655612282     
 Abd=   23976.95    
 Catch=   33369.1390396700     
 Abd=   19485.47    
 Catch=   38943.9500124077     
 Abd=   575327.8    
 Catch=   56622.2610403560     
 Abd=   152573.3    
 Catch=   13425.3077912055     
 Abd=   22753.97    
 Catch=   411179.127613598     
 Abd=   4294554.    
 Time step =         1827
 Catch=   10212.7800665242     
 Abd=   65009.62    
 Catch=   941.331580271467     
 Abd=   6065.254    
 Catch=   13038.4423742350     
 Abd=   14159.05    
 Catch=   618.679365553871     
 Abd=   10316.49    
 Catch=   14072.3218386582     
 Abd=   47299.53    
 Catch=   14.5000088198494     
 Abd=   57.00004    
 Catch=                     NaN
 Abd=            NaN
 Catch=                     NaN
 Abd=            NaN
 Catch=   14164.5470039690     
 Abd=   236335.3    
 Catch=   8278.53993756472     
 Abd=   1880.982    
 Catch=   20290.9185527863     
 Abd=   115197.6    
 Catch=   522.649240657239     
 Abd=   8725.083    
 Catch=                     NaN
 Abd=            NaN
 Catch=   8754.11038588496     
 Abd=   127082.4    
 Catch=   55585.3472198848     
 Abd=   32160.66    
 Catch=                     NaN
 Abd=            NaN
 Catch=   1913.54978245278     
 Abd=   2802.784    
 Catch=                     NaN
 Abd=            NaN
 Catch=   7867.55076297226     
 Abd=   40822.25    
 Catch=   1270.01912788914     
 Abd=   4355.153    
 Catch=   178.014888256169     
 Abd=   1690.500    
 Catch=   91173.0167853762     
 Abd=   1521647.    
 Catch=   36772.4413674339     
 Abd=   128977.1    
 Catch=   6998.68386957481     
 Abd=   116777.6    
 Catch=                     NaN
 Abd=            NaN
 Catch=   11355.1677769411     
 Abd=   23976.95    
 Catch=   33369.1436136136     
 Abd=   19485.47    
 Catch=   38923.9693201799     
 Abd=   575035.7    
 Catch=   56622.2398995064     
 Abd=   152573.2    
 Catch=   13425.3121838820     
 Abd=   22753.97    
 Catch=   411178.691374502     
 Abd=   4294551.    
 Time step =         1828
 Catch=   10212.7800369354     
 Abd=   65009.64    
 Catch=   949.902383954487     
 Abd=   6118.593    
 Catch=   13038.4400656339     
 Abd=   14159.05    
 Catch=   617.258852483821     
 Abd=   10293.07    
 Catch=   14072.3218386582     
 Abd=   47299.53    
 Catch=   14.5000088198494     
 Abd=   57.00004    
 Catch=                     NaN
 Abd=            NaN
 Catch=                     NaN
 Abd=            NaN
 Catch=   14147.3893299213     
 Abd=   236051.0    
 Catch=   8278.53993756472     
 Abd=   1880.982    
 Catch=   20289.1139050288     
 Abd=   115187.5    
 Catch=   522.625074584984     
 Abd=   8724.689    
 Catch=                     NaN
 Abd=            NaN
 Catch=   8748.40987931490     
 Abd=   127000.5    
 Catch=   55585.3587319851     
 Abd=   32160.66    
 Catch=                     NaN
 Abd=            NaN
 Catch=   1913.54978245278     
 Abd=   2802.784    
 Catch=                     NaN
 Abd=            NaN
 Catch=   7867.55331342569     
 Abd=   40822.25    
 Catch=   1270.01912788914     
 Abd=   4355.153    
 Catch=   177.969019264399     
 Abd=   1690.010    
 Catch=   91118.3305926150     
 Abd=   1520746.    
 Catch=   36772.4451769174     
 Abd=   128977.1    
 Catch=   6990.90781742406     
 Abd=   116649.3    
 Catch=                     NaN
 Abd=            NaN
 Catch=   11355.1673368837     
 Abd=   23976.95    
 Catch=   33369.1392415650     
 Abd=   19485.47    
 Catch=   38904.4283880719     
 Abd=   574749.9    
 Catch=   56622.2254081695     
 Abd=   152573.2    
 Catch=   13425.3119097172     
 Abd=   22753.96    
 Catch=   411178.329001291     
 Abd=   4294548.    
 Time step =         1829
 Catch=   10212.7835401531     
 Abd=   65009.64    
 Catch=   957.946198912887     
 Abd=   6168.385    
 Catch=   13038.4401434890     
 Abd=   14159.05    
 Catch=   615.873142553969     
 Abd=   10270.22    
 Catch=   14072.3218386582     
 Abd=   47299.53    
 Catch=   14.5000088198494     
 Abd=   57.00004    
 Catch=                     NaN
 Abd=            NaN
 Catch=                     NaN
 Abd=            NaN
 Catch=   14130.5491261841     
 Abd=   235773.1    
 Catch=   8278.53993756472     
 Abd=   1880.982    
 Catch=   20287.3751107734     
 Abd=   115177.9    
 Catch=   522.602027071267     
 Abd=   8724.315    
 Catch=                     NaN
 Abd=            NaN
 Catch=   8742.83790531279     
 Abd=   126919.5    
 Catch=   55585.3446872804     
 Abd=   32160.66    
 Catch=                     NaN
 Abd=            NaN
 Catch=   1913.54978245278     
 Abd=   2802.784    
 Catch=                     NaN
 Abd=            NaN
 Catch=   7867.55297205423     
 Abd=   40822.25    
 Catch=   1270.01912788914     
 Abd=   4355.153    
 Catch=   177.918369459164     
 Abd=   1689.538    
 Catch=   91064.9956204475     
 Abd=   1519866.    
 Catch=   36772.4420576437     
 Abd=   128977.1    
 Catch=   6983.30356877290     
 Abd=   116523.7    
 Catch=                     NaN
 Abd=            NaN
 Catch=   11355.1676445121     
 Abd=   23976.95    
 Catch=   33369.1386244081     
 Abd=   19485.47    
 Catch=   38885.2976080237     
 Abd=   574470.2    
 Catch=   56622.2228246258     
 Abd=   152573.2    
 Catch=   13425.3086301714     
 Abd=   22753.96    
 Catch=   411178.024478342     
 Abd=   4294544.    
 Time step =         1830
 Catch=   10212.7810048130     
 Abd=   65009.64    
 Catch=   965.418604814821     
 Abd=   6214.415    
 Catch=   13038.4385613376     
 Abd=   14159.05    
 Catch=   614.520650030251     
 Abd=   10247.91    
 Catch=   14072.3218386582     
 Abd=   47299.53    
 Catch=   14.5000088198494     
 Abd=   57.00004    
 Catch=                     NaN
 Abd=            NaN
 Catch=                     NaN
 Abd=            NaN
 Catch=   14114.0831760879     
 Abd=   235501.2    
 Catch=   8278.53993756472     
 Abd=   1880.982    
 Catch=   20285.6998705257     
 Abd=   115168.5    
 Catch=   522.580371957079     
 Abd=   8723.965    
 Catch=                     NaN
 Abd=            NaN
 Catch=   8737.32188033334     
 Abd=   126840.4    
 Catch=   55585.3505693579     
 Abd=   32160.66    
 Catch=                     NaN
 Abd=            NaN
 Catch=   1913.54978245278     
 Abd=   2802.784    
 Catch=                     NaN
 Abd=            NaN
 Catch=   7867.55340388257     
 Abd=   40822.25    
 Catch=   1270.01912788914     
 Abd=   4355.153    
 Catch=   177.869754110491     
 Abd=   1689.087    
 Catch=   91012.8961645713     
 Abd=   1519006.    
 Catch=   36772.4178007024     
 Abd=   128977.0    
 Catch=   6975.86872919233     
 Abd=   116400.9    
 Catch=                     NaN
 Abd=            NaN
 Catch=   11355.1739377878     
 Abd=   23976.97    
 Catch=   33369.1396258604     
 Abd=   19485.48    
 Catch=   38866.5543830162     
 Abd=   574195.9    
 Catch=   56622.2135301263     
 Abd=   152573.2    
 Catch=   13425.3083649724     
 Abd=   22753.96    
 Catch=   411177.601964046     
 Abd=   4294540.    
 Time step =         1831
 Catch=   10212.7828994484     
 Abd=   65009.64    
 Catch=   972.294959019807     
 Abd=   6256.581    
 Catch=   13038.4413574840     
 Abd=   14159.05    
 Catch=   613.200704706515     
 Abd=   10226.15    
 Catch=   14072.3218386582     
 Abd=   47299.53    
 Catch=   14.5000088198494     
 Abd=   57.00004    
 Catch=                     NaN
 Abd=            NaN
 Catch=                     NaN
 Abd=            NaN
 Catch=   14097.9800563484     
 Abd=   235235.3    
 Catch=   8278.53993756472     
 Abd=   1880.982    
 Catch=   20284.0758792044     
 Abd=   115159.4    
 Catch=   522.559966902890     
 Abd=   8723.638    
 Catch=                     NaN
 Abd=            NaN
 Catch=   8731.94188793493     
 Abd=   126763.3    
 Catch=   55585.3528960749     
 Abd=   32160.66    
 Catch=                     NaN
 Abd=            NaN
 Catch=   1913.54978245278     
 Abd=   2802.784    
 Catch=                     NaN
 Abd=            NaN
 Catch=   7867.55473374240     
 Abd=   40822.27    
 Catch=   1270.01912788914     
 Abd=   4355.153    
 Catch=   177.823265028237     
 Abd=   1688.656    
 Catch=   90962.0724437820     
 Abd=   1518168.    
 Catch=   36772.4173176462     
 Abd=   128977.0    
 Catch=   6968.58883248420     
 Abd=   116280.7    
 Catch=                     NaN
 Abd=            NaN
 Catch=   11355.1771204670     
 Abd=   23976.97    
 Catch=   33369.1420528207     
 Abd=   19485.47    
 Catch=   38848.1873786541     
 Abd=   573927.6    
 Catch=   56622.2343217244     
 Abd=   152573.3    
 Catch=   13425.3068183996     
 Abd=   22753.96    
 Catch=   411177.227389892     
 Abd=   4294537.    
 Time step =         1832
 Catch=   10212.7840278829     
 Abd=   65009.66    
 Catch=   978.568335790328     
 Abd=   6294.892    
 Catch=   13038.4407220664     
 Abd=   14159.05    
 Catch=   611.912344900972     
 Abd=   10204.89    
 Catch=   14072.3218386582     
 Abd=   47299.53    
 Catch=   14.5000088198494     
 Abd=   57.00004    
 Catch=                     NaN
 Abd=            NaN
 Catch=                     NaN
 Abd=            NaN
 Catch=   14082.2291242616     
 Abd=   234975.3    
 Catch=   8278.53993756472     
 Abd=   1880.982    
 Catch=   20282.5175628253     
 Abd=   115150.8    
 Catch=   522.540872758667     
 Abd=   8723.322    
 Catch=                     NaN
 Abd=            NaN
 Catch=   8726.69907115654     
 Abd=   126688.0    
 Catch=   55585.3485928467     
 Abd=   32160.66    
 Catch=                     NaN
 Abd=            NaN
 Catch=   1913.54978245278     
 Abd=   2802.784    
 Catch=                     NaN
 Abd=            NaN
 Catch=   7867.55308917717     
 Abd=   40822.25    
 Catch=   1270.01912788914     
 Abd=   4355.153    
 Catch=   177.778988121896     
 Abd=   1688.244    
 Catch=   90912.3642601481     
 Abd=   1517347.    
 Catch=   36772.4279406113     
 Abd=   128977.1    
 Catch=   6961.46219439395     
 Abd=   116163.0    
 Catch=                     NaN
 Abd=            NaN
 Catch=   11355.1740945657     
 Abd=   23976.96    
 Catch=   33369.1344044552     
 Abd=   19485.46    
 Catch=   38830.2058817323     
 Abd=   573664.6    
 Catch=   56622.2603731207     
 Abd=   152573.3    
 Catch=   13425.3097160907     
 Abd=   22753.96    
 Catch=   411177.024497673     
 Abd=   4294534.    
 Time step =         1833
 Catch=   10212.7834858959     
 Abd=   65009.63    
 Catch=   984.246943823737     
 Abd=   6329.443    
 Catch=   13038.4429076537     
 Abd=   14159.05    
 Catch=   610.654450387112     
 Abd=   10184.15    
 Catch=   14072.3218386582     
 Abd=   47299.53    
 Catch=   14.5000088198494     
 Abd=   57.00004    
 Catch=                     NaN
 Abd=            NaN
 Catch=                     NaN
 Abd=            NaN
 Catch=   14066.8219546827     
 Abd=   234720.8    
 Catch=   8278.53993756472     
 Abd=   1880.982    
 Catch=   20281.0276376165     
 Abd=   115142.5    
 Catch=   522.522828363384     
 Abd=   8723.031    
 Catch=                     NaN
 Abd=            NaN
 Catch=   8721.57023238556     
 Abd=   126614.4    
 Catch=   55585.3586501406     
 Abd=   32160.67    
 Catch=                     NaN
 Abd=            NaN
 Catch=   1913.54978245278     
 Abd=   2802.784    
 Catch=                     NaN
 Abd=            NaN
 Catch=   7867.55363669478     
 Abd=   40822.27    
 Catch=   1270.01912788914     
 Abd=   4355.153    
 Catch=   177.736541593213     
 Abd=   1687.851    
 Catch=   90863.8373576303     
 Abd=   1516548.    
 Catch=   36772.4451093088     
 Abd=   128977.1    
 Catch=   6954.48531811732     
 Abd=   116047.7    
 Catch=                     NaN
 Abd=            NaN
 Catch=   11355.1702403837     
 Abd=   23976.95    
 Catch=   33369.1278294287     
 Abd=   19485.46    
 Catch=   38812.6115159233     
 Abd=   573407.3    
 Catch=   56622.2384780205     
 Abd=   152573.2    
 Catch=   13425.3045153079     
 Abd=   22753.95    
 Catch=   411176.720930501     
 Abd=   4294532.    
 Time step =         1834
 Catch=   10212.7795407232     
 Abd=   65009.60    
 Catch=   989.350864709358     
 Abd=   6360.392    
 Catch=   13038.4420811064     
 Abd=   14159.05    
 Catch=   609.426421509280     
 Abd=   10163.88    
 Catch=   14072.3218386582     
 Abd=   47299.53    
 Catch=   14.5000088198494     
 Abd=   57.00004    
 Catch=                     NaN
 Abd=            NaN
 Catch=                     NaN
 Abd=            NaN
 Catch=   14051.7419035382     
 Abd=   234471.9    
 Catch=   8278.53993756472     
 Abd=   1880.982    
 Catch=   20279.5743429184     
 Abd=   115134.4    
 Catch=   522.505851460796     
 Abd=   8722.756    
 Catch=                     NaN
 Abd=            NaN
 Catch=   8716.56127632968     
 Abd=   126542.6    
 Catch=   55585.3694926214     
 Abd=   32160.67    
 Catch=                     NaN
 Abd=            NaN
 Catch=   1913.54978245278     
 Abd=   2802.784    
 Catch=                     NaN
 Abd=            NaN
 Catch=   7867.55526874185     
 Abd=   40822.27    
 Catch=   1270.01912788914     
 Abd=   4355.153    
 Catch=   177.696065204261     
 Abd=   1687.475    
 Catch=   90816.4625360573     
 Abd=   1515765.    
 Catch=   36772.4479135239     
 Abd=   128977.2    
 Catch=   6947.65286263232     
 Abd=   115934.8    
 Catch=                     NaN
 Abd=            NaN
 Catch=   11355.1665012522     
 Abd=   23976.95    
 Catch=   33369.1284661031     
 Abd=   19485.46    
 Catch=   38795.3874698650     
 Abd=   573155.5    
 Catch=   56622.2199682989     
 Abd=   152573.2    
 Catch=   13425.3085940172     
 Abd=   22753.97    
 Catch=   411176.417681884     
 Abd=   4294528.    
 Time step =         1835
 Catch=   10212.7750935744     
 Abd=   65009.56    
 Catch=   993.908534836358     
 Abd=   6387.942    
 Catch=   13038.4398135619     
 Abd=   14159.05    
 Catch=   608.227003485414     
 Abd=   10144.10    
 Catch=   14072.3218386582     
 Abd=   47299.53    
 Catch=   14.5000088198494     
 Abd=   57.00004    
 Catch=                     NaN
 Abd=            NaN
 Catch=                     NaN
 Abd=            NaN
 Catch=   14036.9918567769     
 Abd=   234228.2    
 Catch=   8278.53993756472     
 Abd=   1880.982    
 Catch=   20278.1769893584     
 Abd=   115126.6    
 Catch=   522.489652279648     
 Abd=   8722.491    
 Catch=                     NaN
 Abd=            NaN
 Catch=   8711.67245985007     
 Abd=   126472.4    
 Catch=   55585.3683680123     
 Abd=   32160.67    
 Catch=                     NaN
 Abd=            NaN
 Catch=   1913.54978245278     
 Abd=   2802.784    
 Catch=                     NaN
 Abd=            NaN
 Catch=   7867.55371647818     
 Abd=   40822.24    
 Catch=   1270.01912788914     
 Abd=   4355.153    
 Catch=   177.657512972345     
 Abd=   1687.117    
 Catch=   90770.1208966284     
 Abd=   1515000.    
 Catch=   36772.4508831873     
 Abd=   128977.1    
 Catch=   6940.95434316033     
 Abd=   115824.1    
 Catch=                     NaN
 Abd=            NaN
 Catch=   11355.1672804417     
 Abd=   23976.95    
 Catch=   33369.1256637405     
 Abd=   19485.46    
 Catch=   38778.5137331235     
 Abd=   572908.8    
 Catch=   56622.2128349055     
 Abd=   152573.2    
 Catch=   13425.3107896510     
 Abd=   22753.96    
 Catch=   411176.044547107     
 Abd=   4294524.    
 Time step =         1836
 Catch=   10212.7711460723     
 Abd=   65009.58    
 Catch=   997.955896146911     
 Abd=   6412.348    
 Catch=   13038.4397285081     
 Abd=   14159.05    
 Catch=   607.055992539740     
 Abd=   10124.78    
 Catch=   14072.3218386582     
 Abd=   47299.53    
 Catch=   14.5000088198494     
 Abd=   57.00004    
 Catch=                     NaN
 Abd=            NaN
 Catch=                     NaN
 Abd=            NaN
 Catch=   14022.5507034105     
 Abd=   233989.6    
 Catch=   8278.53993756472     
 Abd=   1880.982    
 Catch=   20276.8278890290     
 Abd=   115119.0    
 Catch=   522.474258836648     
 Abd=   8722.243    
 Catch=                     NaN
 Abd=            NaN
 Catch=   8706.89521341578     
 Abd=   126403.8    
 Catch=   55585.3652234835     
 Abd=   32160.66    
 Catch=                     NaN
 Abd=            NaN
 Catch=   1913.54978245278     
 Abd=   2802.784    
 Catch=                     NaN
 Abd=            NaN
 Catch=   7867.54978418215     
 Abd=   40822.22    
 Catch=   1270.01912788914     
 Abd=   4355.153    
 Catch=   177.620654548903     
 Abd=   1686.776    
 Catch=   90724.8598852306     
 Abd=   1514253.    
 Catch=   36772.4387196709     
 Abd=   128977.1    
 Catch=   6934.39681257129     
 Abd=   115715.8    
 Catch=                     NaN
 Abd=            NaN
 Catch=   11355.1673450844     
 Abd=   23976.95    
 Catch=   33369.1291701992     
 Abd=   19485.46    
 Catch=   38761.9673431255     
 Abd=   572666.2    
 Catch=   56622.2163324282     
 Abd=   152573.2    
 Catch=   13425.3115425008     
 Abd=   22753.97    
 Catch=   411175.612716028     
 Abd=   4294520.    
 Time step =         1837
 Catch=   10212.7731210066     
 Abd=   65009.58    
 Catch=   1001.53221730852     
 Abd=   6433.860    
 Catch=   13038.4429050924     
 Abd=   14159.06    
 Catch=   605.912104842901     
 Abd=   10105.91    
 Catch=   14072.3218386582     
 Abd=   47299.53    
 Catch=   14.5000088198494     
 Abd=   57.00004    
 Catch=                     NaN
 Abd=            NaN
 Catch=                     NaN
 Abd=            NaN
 Catch=   14008.4117072034     
 Abd=   233756.1    
 Catch=   8278.53993756472     
 Abd=   1880.982    
 Catch=   20275.5200137304     
 Abd=   115111.8    
 Catch=   522.459883558050     
 Abd=   8722.012    
 Catch=                     NaN
 Abd=            NaN
 Catch=   8702.23362020295     
 Abd=   126336.9    
 Catch=   55585.3591744547     
 Abd=   32160.67    
 Catch=                     NaN
 Abd=            NaN
 Catch=   1913.54978245278     
 Abd=   2802.784    
 Catch=                     NaN
 Abd=            NaN
 Catch=   7867.54714177344     
 Abd=   40822.22    
 Catch=   1270.01912788914     
 Abd=   4355.153    
 Catch=   177.585587040355     
 Abd=   1686.451    
 Catch=   90680.5617377125     
 Abd=   1513522.    
 Catch=   36772.4220963207     
 Abd=   128977.0    
 Catch=   6927.97552126594     
 Abd=   115609.8    
 Catch=                     NaN
 Abd=            NaN
 Catch=   11355.1651037305     
 Abd=   23976.94    
 Catch=   33369.1317674046     
 Abd=   19485.47    
 Catch=   38745.7229143166     
 Abd=   572429.0    
 Catch=   56622.2258229763     
 Abd=   152573.2    
 Catch=   13425.3120819600     
 Abd=   22753.96    
 Catch=   411175.403150971     
 Abd=   4294518.    
 Time step =         1838
 Catch=   10212.7712498203     
 Abd=   65009.55    
 Catch=   1004.67802524359     
 Abd=   6452.743    
 Catch=   13038.4396036484     
 Abd=   14159.05    
 Catch=   604.794574833767     
 Abd=   10087.46    
 Catch=   14072.3218386582     
 Abd=   47299.53    
 Catch=   14.5000088198494     
 Abd=   57.00004    
 Catch=                     NaN
 Abd=            NaN
 Catch=                     NaN
 Abd=            NaN
 Catch=   13994.5669950877     
 Abd=   233527.5    
 Catch=   8278.53993756472     
 Abd=   1880.982    
 Catch=   20274.2623791983     
 Abd=   115104.7    
 Catch=   522.446458873013     
 Abd=   8721.796    
 Catch=                     NaN
 Abd=            NaN
 Catch=   8697.67769782623     
 Abd=   126271.5    
 Catch=   55585.3594606160     
 Abd=   32160.67    
 Catch=                     NaN
 Abd=            NaN
 Catch=   1913.54978245278     
 Abd=   2802.784    
 Catch=                     NaN
 Abd=            NaN
 Catch=   7867.54606180397     
 Abd=   40822.20    
 Catch=   1270.01912788914     
 Abd=   4355.153    
 Catch=   177.552177347807     
 Abd=   1686.141    
 Catch=   90637.3437165424     
 Abd=   1512810.    
 Catch=   36772.4127656061     
 Abd=   128977.0    
 Catch=   6921.69013327323     
 Abd=   115505.9    
 Catch=                     NaN
 Abd=            NaN
 Catch=   11355.1632389682     
 Abd=   23976.94    
 Catch=   33369.1419381779     
 Abd=   19485.48    
 Catch=   38729.8147141925     
 Abd=   572196.0    
 Catch=   56622.2435363813     
 Abd=   152573.2    
 Catch=   13425.3073805147     
 Abd=   22753.96    
 Catch=   411175.155712954     
 Abd=   4294516.    
 Time step =         1839
 Catch=   10212.7664056679     
 Abd=   65009.53    
 Catch=   1007.43433596088     
 Abd=   6469.258    
 Catch=   13038.4380000531     
 Abd=   14159.05    
 Catch=   603.703008930764     
 Abd=   10069.46    
 Catch=   14072.3218386582     
 Abd=   47299.53    
 Catch=   14.5000088198494     
 Abd=   57.00004    
 Catch=                     NaN
 Abd=            NaN
 Catch=                     NaN
 Abd=            NaN
 Catch=   13981.0201835560     
 Abd=   233303.6    
 Catch=   8278.53993756472     
 Abd=   1880.982    
 Catch=   20273.0547294777     
 Abd=   115098.0    
 Catch=   522.434017091314     
 Abd=   8721.596    
 Catch=                     NaN
 Abd=            NaN
 Catch=   8693.20964695416     
 Abd=   126207.2    
 Catch=   55585.3525813003     
 Abd=   32160.66    
 Catch=                     NaN
 Abd=            NaN
 Catch=   1913.54978245278     
 Abd=   2802.784    
 Catch=                     NaN
 Abd=            NaN
 Catch=   7867.54262126872     
 Abd=   40822.20    
 Catch=   1270.01912788914     
 Abd=   4355.153    
 Catch=   177.520330139166     
 Abd=   1685.845    
 Catch=   90595.1377776567     
 Abd=   1512113.    
 Catch=   36772.4284390378     
 Abd=   128977.1    
 Catch=   6915.53537305644     
 Abd=   115404.3    
 Catch=                     NaN
 Abd=            NaN
 Catch=   11355.1642772033     
 Abd=   23976.95    
 Catch=   33369.1454359441     
 Abd=   19485.48    
 Catch=   38714.2205043581     
 Abd=   571968.1    
 Catch=   56622.2526027286     
 Abd=   152573.3    
 Catch=   13425.3052602179     
 Abd=   22753.96    
 Catch=   411175.123004529     
 Abd=   4294517.    
 Time step =         1840
 Catch=   10212.7626340394     
 Abd=   65009.50    
 Catch=   1009.84113357122     
 Abd=   6483.659    
 Catch=   13038.4395267961     
 Abd=   14159.05    
 Catch=   602.637055127026     
 Abd=   10051.87    
 Catch=   14072.3218386582     
 Abd=   47299.53    
 Catch=   14.5000088198494     
 Abd=   57.00004    
 Catch=                     NaN
 Abd=            NaN
 Catch=                     NaN
 Abd=            NaN
 Catch=   13967.7526222268     
 Abd=   233084.5    
 Catch=   8278.53993756472     
 Abd=   1880.982    
 Catch=   20271.8916372469     
 Abd=   115091.6    
 Catch=   522.422123666699     
 Abd=   8721.399    
 Catch=                     NaN
 Abd=            NaN
 Catch=   8688.83527563605     
 Abd=   126144.5    
 Catch=   55585.3460243848     
 Abd=   32160.66    
 Catch=                     NaN
 Abd=            NaN
 Catch=   1913.54978245278     
 Abd=   2802.784    
 Catch=                     NaN
 Abd=            NaN
 Catch=   7867.54320543449     
 Abd=   40822.20    
 Catch=   1270.01912788914     
 Abd=   4355.153    
 Catch=   177.489935612509     
 Abd=   1685.563    
 Catch=   90553.8678181501     
 Abd=   1511432.    
 Catch=   36772.4403730062     
 Abd=   128977.1    
 Catch=   6909.51560294231     
 Abd=   115304.9    
 Catch=                     NaN
 Abd=            NaN
 Catch=   11355.1632126022     
 Abd=   23976.94    
 Catch=   33369.1433860152     
 Abd=   19485.47    
 Catch=   38698.9483455846     
 Abd=   571744.5    
 Catch=   56622.2675766516     
 Abd=   152573.4    
 Catch=   13425.3051291155     
 Abd=   22753.96    
 Catch=   411175.130049986     
 Abd=   4294515.    
 Time step =         1841
 Catch=   10212.7612709887     
 Abd=   65009.50    
 Catch=   1011.93720839895     
 Abd=   6496.179    
 Catch=   13038.4370660312     
 Abd=   14159.05    
 Catch=   601.595826511053     
 Abd=   10034.69    
 Catch=   14072.3218386582     
 Abd=   47299.53    
 Catch=   14.5000088198494     
 Abd=   57.00004    
 Catch=                     NaN
 Abd=            NaN
 Catch=                     NaN
 Abd=            NaN
 Catch=   13954.7735890986     
 Abd=   232870.1    
 Catch=   8278.53993756472     
 Abd=   1880.982    
 Catch=   20270.7782775526     
 Abd=   115085.3    
 Catch=   522.410786484534     
 Abd=   8721.215    
 Catch=                     NaN
 Abd=            NaN
 Catch=   8684.56112492852     
 Abd=   126083.1    
 Catch=   55585.3589171980     
 Abd=   32160.66    
 Catch=                     NaN
 Abd=            NaN
 Catch=   1913.54978245278     
 Abd=   2802.784    
 Catch=                     NaN
 Abd=            NaN
 Catch=   7867.54405585586     
 Abd=   40822.21    
 Catch=   1270.01912788914     
 Abd=   4355.153    
 Catch=   177.460938777000     
 Abd=   1685.294    
 Catch=   90513.5557627273     
 Abd=   1510767.    
 Catch=   36772.4412901444     
 Abd=   128977.1    
 Catch=   6903.62315408058     
 Abd=   115207.5    
 Catch=                     NaN
 Abd=            NaN
 Catch=   11355.1674390458     
 Abd=   23976.96    
 Catch=   33369.1430525003     
 Abd=   19485.47    
 Catch=   38683.9521656755     
 Abd=   571525.0    
 Catch=   56622.2712730727     
 Abd=   152573.3    
 Catch=   13425.3072963287     
 Abd=   22753.96    
 Catch=   411174.934859672     
 Abd=   4294512.    
 Time step =         1842
 Catch=   10212.7602453400     
 Abd=   65009.49    
 Catch=   1013.75684724278     
 Abd=   6507.037    
 Catch=   13038.4411066752     
 Abd=   14159.05    
 Catch=   600.578387550869     
 Abd=   10017.90    
 Catch=   14072.3218386582     
 Abd=   47299.53    
 Catch=   14.5000088198494     
 Abd=   57.00004    
 Catch=                     NaN
 Abd=            NaN
 Catch=                     NaN
 Abd=            NaN
 Catch=   13942.0591542513     
 Abd=   232660.2    
 Catch=   8278.53993756472     
 Abd=   1880.982    
 Catch=   20269.6962442305     
 Abd=   115079.3    
 Catch=   522.400234335138     
 Abd=   8721.051    
 Catch=                     NaN
 Abd=            NaN
 Catch=   8680.38468439919     
 Abd=   126023.2    
 Catch=   55585.3581137086     
 Abd=   32160.67    
 Catch=                     NaN
 Abd=            NaN
 Catch=   1913.54978245278     
 Abd=   2802.784    
 Catch=                     NaN
 Abd=            NaN
 Catch=   7867.54532416325     
 Abd=   40822.22    
 Catch=   1270.01912788914     
 Abd=   4355.153    
 Catch=   177.433280111982     
 Abd=   1685.038    
 Catch=   90474.0740806637     
 Abd=   1510114.    
 Catch=   36772.4348794945     
 Abd=   128977.1    
 Catch=   6897.85015064274     
 Abd=   115112.1    
 Catch=                     NaN
 Abd=            NaN
 Catch=   11355.1741850496     
 Abd=   23976.96    
 Catch=   33369.1389500143     
 Abd=   19485.47    
 Catch=   38669.2437644798     
 Abd=   571309.8    
 Catch=   56622.2474120086     
 Abd=   152573.3    
 Catch=   13425.3092603857     
 Abd=   22753.96    
 Catch=   411174.645620559     
 Abd=   4294510.    
 Time step =         1843
 Catch=   10212.7591656004     
 Abd=   65009.48    
 Catch=   1015.33391930965     
 Abd=   6516.438    
 Catch=   13038.4377380844     
 Abd=   14159.05    
 Catch=   599.583768979887     
 Abd=   10001.48    
 Catch=   14072.3218386582     
 Abd=   47299.53    
 Catch=   14.5000088198494     
 Abd=   57.00004    
 Catch=                     NaN
 Abd=            NaN
 Catch=                     NaN
 Abd=            NaN
 Catch=   13929.6069070678     
 Abd=   232454.4    
 Catch=   8278.53993756472     
 Abd=   1880.982    
 Catch=   20268.6608736613     
 Abd=   115073.5    
 Catch=   522.390769107128     
 Abd=   8720.895    
 Catch=                     NaN
 Abd=            NaN
 Catch=   8676.30001064517     
 Abd=   125964.5    
 Catch=   55585.3570780342     
 Abd=   32160.66    
 Catch=                     NaN
 Abd=            NaN
 Catch=   1913.54978245278     
 Abd=   2802.784    
 Catch=                     NaN
 Abd=            NaN
 Catch=   7867.54670801473     
 Abd=   40822.21    
 Catch=   1270.01912788914     
 Abd=   4355.153    
 Catch=   177.406907969137     
 Abd=   1684.794    
 Catch=   90435.4580998041     
 Abd=   1509477.    
 Catch=   36772.4358217646     
 Abd=   128977.1    
 Catch=   6892.19006492791     
 Abd=   115018.5    
 Catch=                     NaN
 Abd=            NaN
 Catch=   11355.1716992820     
 Abd=   23976.96    
 Catch=   33369.1401117586     
 Abd=   19485.47    
 Catch=   38654.8011506950     
 Abd=   571098.1    
 Catch=   56622.2307022149     
 Abd=   152573.2    
 Catch=   13425.3040076086     
 Abd=   22753.95    
 Catch=   411174.533818505     
 Abd=   4294510.    
 Time step =         1844
 Catch=   10212.7610753748     
 Abd=   65009.49    
 Catch=   1016.69758261322     
 Abd=   6524.560    
 Catch=   13038.4406398402     
 Abd=   14159.05    
 Catch=   598.611877968506     
 Abd=   9985.443    
 Catch=   14072.3218386582     
 Abd=   47299.53    
 Catch=   14.5000088198494     
 Abd=   57.00004    
 Catch=                     NaN
 Abd=            NaN
 Catch=                     NaN
 Abd=            NaN
 Catch=   13917.4203393223     
 Abd=   232253.1    
 Catch=   8278.53993756472     
 Abd=   1880.982    
 Catch=   20267.6535681650     
 Abd=   115067.9    
 Catch=   522.381470616984     
 Abd=   8720.740    
 Catch=                     NaN
 Abd=            NaN
 Catch=   8672.30779924141     
 Abd=   125907.2    
 Catch=   55585.3618211201     
 Abd=   32160.67    
 Catch=                     NaN
 Abd=            NaN
 Catch=   1913.54978245278     
 Abd=   2802.784    
 Catch=                     NaN
 Abd=            NaN
 Catch=   7867.54661716390     
 Abd=   40822.21    
 Catch=   1270.01912788914     
 Abd=   4355.153    
 Catch=   177.381629130786     
 Abd=   1684.558    
 Catch=   90397.6972172498     
 Abd=   1508853.    
 Catch=   36772.4390025008     
 Abd=   128977.1    
 Catch=   6886.64605345791     
 Abd=   114927.0    
 Catch=                     NaN
 Abd=            NaN
 Catch=   11355.1718823978     
 Abd=   23976.96    
 Catch=   33369.1387115107     
 Abd=   19485.46    
 Catch=   38640.6230342360     
 Abd=   570890.6    
 Catch=   56622.2258283193     
 Abd=   152573.2    
 Catch=   13425.3030777849     
 Abd=   22753.96    
 Catch=   411174.471562927     
 Abd=   4294508.    
 Time step =         1845
 Catch=   10212.7598511543     
 Abd=   65009.51    
 Catch=   1017.87515942327     
 Abd=   6531.564    
 Catch=   13038.4386646618     
 Abd=   14159.05    
 Catch=   597.661897799874     
 Abd=   9969.768    
 Catch=   14072.3218386582     
 Abd=   47299.53    
 Catch=   14.5000088198494     
 Abd=   57.00004    
 Catch=                     NaN
 Abd=            NaN
 Catch=                     NaN
 Abd=            NaN
 Catch=   13905.4762449600     
 Abd=   232055.7    
 Catch=   8278.53993756472     
 Abd=   1880.982    
 Catch=   20266.6868149735     
 Abd=   115062.5    
 Catch=   522.372648686005     
 Abd=   8720.602    
 Catch=                     NaN
 Abd=            NaN
 Catch=   8668.40065200723     
 Abd=   125851.0    
 Catch=   55585.3551647560     
 Abd=   32160.66    
 Catch=                     NaN
 Abd=            NaN
 Catch=   1913.54978245278     
 Abd=   2802.784    
 Catch=                     NaN
 Abd=            NaN
 Catch=   7867.54547059245     
 Abd=   40822.21    
 Catch=   1270.01912788914     
 Abd=   4355.153    
 Catch=   177.357490223213     
 Abd=   1684.334    
 Catch=   90360.7332505852     
 Abd=   1508243.    
 Catch=   36772.4415991296     
 Abd=   128977.1    
 Catch=   6881.21719377042     
 Abd=   114837.3    
 Catch=                     NaN
 Abd=            NaN
 Catch=   11355.1701575269     
 Abd=   23976.96    
 Catch=   33369.1317738724     
 Abd=   19485.47    
 Catch=   38626.6996043741     
 Abd=   570686.7    
 Catch=   56622.2333480663     
 Abd=   152573.2    
 Catch=   13425.3011466355     
 Abd=   22753.95    
 Catch=   411174.290673445     
 Abd=   4294506.    
 Time step =         1846
 Catch=   10212.7615573784     
 Abd=   65009.52    
 Catch=   1018.88973905457     
 Abd=   6537.595    
 Catch=   13038.4384770882     
 Abd=   14159.05    
 Catch=   596.733504031074     
 Abd=   9954.439    
 Catch=   14072.3218386582     
 Abd=   47299.53    
 Catch=   14.5000088198494     
 Abd=   57.00004    
 Catch=                     NaN
 Abd=            NaN
 Catch=                     NaN
 Abd=            NaN
 Catch=   13893.7754573471     
 Abd=   231862.4    
 Catch=   8278.53993756472     
 Abd=   1880.982    
 Catch=   20265.7451104172     
 Abd=   115057.3    
 Catch=   522.364620306643     
 Abd=   8720.469    
 Catch=                     NaN
 Abd=            NaN
 Catch=   8664.58207905388     
 Abd=   125796.2    
 Catch=   55585.3482384806     
 Abd=   32160.66    
 Catch=                     NaN
 Abd=            NaN
 Catch=   1913.54978245278     
 Abd=   2802.784    
 Catch=                     NaN
 Abd=            NaN
 Catch=   7867.54625871924     
 Abd=   40822.21    
 Catch=   1270.01912788914     
 Abd=   4355.153    
 Catch=   177.334388760430     
 Abd=   1684.120    
 Catch=   90324.5755136123     
 Abd=   1507646.    
 Catch=   36772.4446389359     
 Abd=   128977.2    
 Catch=   6875.89731461596     
 Abd=   114749.4    
 Catch=                     NaN
 Abd=            NaN
 Catch=   11355.1699046679     
 Abd=   23976.95    
 Catch=   33369.1357547600     
 Abd=   19485.47    
 Catch=   38613.0441834270     
 Abd=   570486.9    
 Catch=   56622.2416246212     
 Abd=   152573.2    
 Catch=   13425.3056785440     
 Abd=   22753.96    
 Catch=   411174.012870467     
 Abd=   4294504.    
 Time step =         1847
 Catch=   10212.7635486286     
 Abd=   65009.52    
 Catch=   1019.76277900484     
 Abd=   6542.787    
 Catch=   13038.4375336449     
 Abd=   14159.05    
 Catch=   595.825526702150     
 Abd=   9939.455    
 Catch=   14072.3218386582     
 Abd=   47299.53    
 Catch=   14.5000088198494     
 Abd=   57.00004    
 Catch=                     NaN
 Abd=            NaN
 Catch=                     NaN
 Abd=            NaN
 Catch=   13882.3128739531     
 Abd=   231672.8    
 Catch=   8278.53993756472     
 Abd=   1880.982    
 Catch=   20264.8419122549     
 Abd=   115052.2    
 Catch=   522.356805494215     
 Abd=   8720.342    
 Catch=                     NaN
 Abd=            NaN
 Catch=   8660.84779125665     
 Abd=   125742.6    
 Catch=   55585.3544614327     
 Abd=   32160.66    
 Catch=                     NaN
 Abd=            NaN
 Catch=   1913.54978245278     
 Abd=   2802.784    
 Catch=                     NaN
 Abd=            NaN
 Catch=   7867.54697929765     
 Abd=   40822.23    
 Catch=   1270.01912788914     
 Abd=   4355.153    
 Catch=   177.312310213960     
 Abd=   1683.914    
 Catch=   90289.2087844308     
 Abd=   1507062.    
 Catch=   36772.4385394170     
 Abd=   128977.1    
 Catch=   6870.68300480098     
 Abd=   114663.2    
 Catch=                     NaN
 Abd=            NaN
 Catch=   11355.1682713612     
 Abd=   23976.95    
 Catch=   33369.1310680720     
 Abd=   19485.47    
 Catch=   38599.6359921660     
 Abd=   570290.6    
 Catch=   56622.2133897688     
 Abd=   152573.2    
 Catch=   13425.3040223100     
 Abd=   22753.95    
 Catch=   411174.013170112     
 Abd=   4294504.    
 Time step =         1848
 Catch=   10212.7596724762     
 Abd=   65009.48    
 Catch=   1020.51415351903     
 Abd=   6547.248    
 Catch=   13038.4407437758     
 Abd=   14159.05    
 Catch=   594.937919116027     
 Abd=   9924.800    
 Catch=   14072.3218386582     
 Abd=   47299.53    
 Catch=   14.5000088198494     
 Abd=   57.00004    
 Catch=                     NaN
 Abd=            NaN
 Catch=                     NaN
 Abd=            NaN
 Catch=   13871.0709958984     
 Abd=   231487.1    
 Catch=   8278.53993756472     
 Abd=   1880.982    
 Catch=   20263.9764052499     
 Abd=   115047.4    
 Catch=   522.349388089061     
 Abd=   8720.224    
 Catch=                     NaN
 Abd=            NaN
 Catch=   8657.19492087878     
 Abd=   125690.2    
 Catch=   55585.3469515598     
 Abd=   32160.66    
 Catch=                     NaN
 Abd=            NaN
 Catch=   1913.54978245278     
 Abd=   2802.784    
 Catch=                     NaN
 Abd=            NaN
 Catch=   7867.55075243840     
 Abd=   40822.23    
 Catch=   1270.01912788914     
 Abd=   4355.153    
 Catch=   177.291033397074     
 Abd=   1683.716    
 Catch=   90254.6162203341     
 Abd=   1506490.    
 Catch=   36772.4201713376     
 Abd=   128977.1    
 Catch=   6865.56843871797     
 Abd=   114578.6    
 Catch=                     NaN
 Abd=            NaN
 Catch=   11355.1666365863     
 Abd=   23976.95    
 Catch=   33369.1392770856     
 Abd=   19485.47    
 Catch=   38586.4704776176     
 Abd=   570097.8    
 Catch=   56622.1901695182     
 Abd=   152573.1    
 Catch=   13425.3024074705     
 Abd=   22753.96    
 Catch=   411173.927192988     
 Abd=   4294503.    
 Time step =         1849
 Catch=   10212.7563217734     
 Abd=   65009.47    
 Catch=   1021.15952685337     
 Abd=   6551.082    
 Catch=   13038.4395096741     
 Abd=   14159.05    
 Catch=   594.069863433187     
 Abd=   9910.473    
 Catch=   14072.3218386582     
 Abd=   47299.53    
 Catch=   14.5000088198494     
 Abd=   57.00004    
 Catch=                     NaN
 Abd=            NaN
 Catch=                     NaN
 Abd=            NaN
 Catch=   13860.0504754636     
 Abd=   231305.0    
 Catch=   8278.53993756472     
 Abd=   1880.982    
 Catch=   20263.1394965029     
 Abd=   115042.7    
 Catch=   522.342651678571     
 Abd=   8720.112    
 Catch=                     NaN
 Abd=            NaN
 Catch=   8653.62443811253     
 Abd=   125638.8    
 Catch=   55585.3479788086     
 Abd=   32160.66    
 Catch=                     NaN
 Abd=            NaN
 Catch=   1913.54978245278     
 Abd=   2802.784    
 Catch=                     NaN
 Abd=            NaN
 Catch=   7867.55198800887     
 Abd=   40822.25    
 Catch=   1270.01912788914     
 Abd=   4355.153    
 Catch=   177.270695414940     
 Abd=   1683.527    
 Catch=   90220.7349684806     
 Abd=   1505931.    
 Catch=   36772.4166975167     
 Abd=   128977.0    
 Catch=   6860.55377027169     
 Abd=   114495.7    
 Catch=                     NaN
 Abd=            NaN
 Catch=   11355.1655985629     
 Abd=   23976.95    
 Catch=   33369.1383558785     
 Abd=   19485.48    
 Catch=   38573.5383274924     
 Abd=   569908.4    
 Catch=   56622.2009873003     
 Abd=   152573.2    
 Catch=   13425.3091623680     
 Abd=   22753.96    
 Catch=   411174.014029868     
 Abd=   4294504.    
 Time step =         1850
 Catch=   10212.7561549645     
 Abd=   65009.48    
 Catch=   1021.71389862989     
 Abd=   6554.373    
 Catch=   13038.4381817822     
 Abd=   14159.04    
 Catch=   593.221513088367     
 Abd=   9896.468    
 Catch=   14072.3218386582     
 Abd=   47299.53    
 Catch=   14.5000088198494     
 Abd=   57.00004    
 Catch=                     NaN
 Abd=            NaN
 Catch=                     NaN
 Abd=            NaN
 Catch=   13849.2631937715     
 Abd=   231126.8    
 Catch=   8278.53993756472     
 Abd=   1880.982    
 Catch=   20262.3213112468     
 Abd=   115038.2    
 Catch=   522.336029054144     
 Abd=   8720.003    
 Catch=                     NaN
 Abd=            NaN
 Catch=   8650.12312071295     
 Abd=   125588.6    
 Catch=   55585.3536524123     
 Abd=   32160.66    
 Catch=                     NaN
 Abd=            NaN
 Catch=   1913.54978245278     
 Abd=   2802.784    
 Catch=                     NaN
 Abd=            NaN
 Catch=   7867.55120736330     
 Abd=   40822.24    
 Catch=   1270.01912788914     
 Abd=   4355.153    
 Catch=   177.251102617194     
 Abd=   1683.344    
 Catch=   90187.5903805378     
 Abd=   1505383.    
 Catch=   36772.4258869138     
 Abd=   128977.1    
 Catch=   6855.63910811735     
 Abd=   114414.5    
 Catch=                     NaN
 Abd=            NaN
 Catch=   11355.1627738535     
 Abd=   23976.94    
 Catch=   33369.1452672435     
 Abd=   19485.48    
 Catch=   38560.8339270743     
 Abd=   569722.3    
 Catch=   56622.1944446732     
 Abd=   152573.1    
 Catch=   13425.3103592485     
 Abd=   22753.96    
 Catch=   411174.123563672     
 Abd=   4294505.    
 Time step =         1851
 Catch=   10212.7566487454     
 Abd=   65009.47    
 Catch=   1022.18947187645     
 Abd=   6557.196    
 Catch=   13038.4327635868     
 Abd=   14159.04    
 Catch=   592.391675498732     
 Abd=   9882.770    
 Catch=   14072.3218386582     
 Abd=   47299.53    
 Catch=   14.5000088198494     
 Abd=   57.00004    
 Catch=                     NaN
 Abd=            NaN
 Catch=                     NaN
 Abd=            NaN
 Catch=   13838.7021842901     
 Abd=   230952.3    
 Catch=   8278.53993756472     
 Abd=   1880.982    
 Catch=   20261.5445733269     
 Abd=   115033.9    
 Catch=   522.329789280754     
 Abd=   8719.905    
 Catch=                     NaN
 Abd=            NaN
 Catch=   8646.69872773733     
 Abd=   125539.4    
 Catch=   55585.3485082019     
 Abd=   32160.66    
 Catch=                     NaN
 Abd=            NaN
 Catch=   1913.54978245278     
 Abd=   2802.784    
 Catch=                     NaN
 Abd=            NaN
 Catch=   7867.55154650920     
 Abd=   40822.23    
 Catch=   1270.01912788914     
 Abd=   4355.153    
 Catch=   177.232341904577     
 Abd=   1683.171    
 Catch=   90155.0627726981     
 Abd=   1504845.    
 Catch=   36772.4270468967     
 Abd=   128977.1    
 Catch=   6850.81211471535     
 Abd=   114334.6    
 Catch=                     NaN
 Abd=            NaN
 Catch=   11355.1625795616     
 Abd=   23976.94    
 Catch=   33369.1419750860     
 Abd=   19485.47    
 Catch=   38548.3434192905     
 Abd=   569539.1    
 Catch=   56622.1893725566     
 Abd=   152573.2    
 Catch=   13425.3057629880     
 Abd=   22753.95    
 Catch=   411174.035576968     
 Abd=   4294504.    
 Time step =         1852
 Catch=   10212.7594951332     
 Abd=   65009.48    
 Catch=   1022.59755094869     
 Abd=   6559.616    
 Catch=   13038.4358559970     
 Abd=   14159.05    
 Catch=   591.580100368613     
 Abd=   9869.370    
 Catch=   14072.3218386582     
 Abd=   47299.53    
 Catch=   14.5000088198494     
 Abd=   57.00004    
 Catch=                     NaN
 Abd=            NaN
 Catch=                     NaN
 Abd=            NaN
 Catch=   13828.3481875799     
 Abd=   230781.1    
 Catch=   8278.53993756472     
 Abd=   1880.982    
 Catch=   20260.7901174843     
 Abd=   115029.6    
 Catch=   522.324076611222     
 Abd=   8719.812    
 Catch=                     NaN
 Abd=            NaN
 Catch=   8643.34989392415     
 Abd=   125491.3    
 Catch=   55585.3472198848     
 Abd=   32160.66    
 Catch=                     NaN
 Abd=            NaN
 Catch=   1913.54978245278     
 Abd=   2802.784    
 Catch=                     NaN
 Abd=            NaN
 Catch=   7867.54994931805     
 Abd=   40822.23    
 Catch=   1270.01912788914     
 Abd=   4355.153    
 Catch=   177.214491984838     
 Abd=   1683.005    
 Catch=   90123.2082907030     
 Abd=   1504320.    
 Catch=   36772.4261487651     
 Abd=   128977.1    
 Catch=   6846.07503122109     
 Abd=   114256.2    
 Catch=                     NaN
 Abd=            NaN
 Catch=   11355.1625070879     
 Abd=   23976.94    
 Catch=   33369.1318223901     
 Abd=   19485.46    
 Catch=   38536.0762383271     
 Abd=   569359.9    
 Catch=   56622.2083367130     
 Abd=   152573.2    
 Catch=   13425.3051843250     
 Abd=   22753.96    
 Catch=   411173.975103727     
 Abd=   4294503.    
 Time step =         1853
 Catch=   10212.7595337067     
 Abd=   65009.48    
 Catch=   1022.94719300835     
 Abd=   6561.690    
 Catch=   13038.4404292054     
 Abd=   14159.05    
 Catch=   590.786339824135     
 Abd=   9856.264    
 Catch=   14072.3218386582     
 Abd=   47299.53    
 Catch=   14.5000088198494     
 Abd=   57.00004    
 Catch=                     NaN
 Abd=            NaN
 Catch=                     NaN
 Abd=            NaN
 Catch=   13818.1936771057     
 Abd=   230613.3    
 Catch=   8278.53993756472     
 Abd=   1880.982    
 Catch=   20260.0625184971     
 Abd=   115025.6    
 Catch=   522.318506301357     
 Abd=   8719.721    
 Catch=                     NaN
 Abd=            NaN
 Catch=   8640.07021738358     
 Abd=   125444.1    
 Catch=   55585.3587319851     
 Abd=   32160.66    
 Catch=                     NaN
 Abd=            NaN
 Catch=   1913.54978245278     
 Abd=   2802.784    
 Catch=                     NaN
 Abd=            NaN
 Catch=   7867.54904021586     
 Abd=   40822.23    
 Catch=   1270.01912788914     
 Abd=   4355.153    
 Catch=   177.197268678798     
 Abd=   1682.844    
 Catch=   90092.0655292515     
 Abd=   1503805.    
 Catch=   36772.4269341353     
 Abd=   128977.1    
 Catch=   6841.42480708607     
 Abd=   114179.4    
 Catch=                     NaN
 Abd=            NaN
 Catch=   11355.1654311851     
 Abd=   23976.95    
 Catch=   33369.1334254888     
 Abd=   19485.46    
 Catch=   38524.0405628956     
 Abd=   569183.4    
 Catch=   56622.2250388362     
 Abd=   152573.2    
 Catch=   13425.3078075188     
 Abd=   22753.96    
 Catch=   411173.879419088     
 Abd=   4294503.    
 Time step =         1854
 Catch=   10212.7576905011     
 Abd=   65009.46    
 Catch=   1023.24636675767     
 Abd=   6563.462    
 Catch=   13038.4395700245     
 Abd=   14159.05    
 Catch=   590.009920109514     
 Abd=   9843.445    
 Catch=   14072.3218386582     
 Abd=   47299.53    
 Catch=   14.5000088198494     
 Abd=   57.00004    
 Catch=                     NaN
 Abd=            NaN
 Catch=                     NaN
 Abd=            NaN
 Catch=   13808.2412993415     
 Abd=   230448.8    
 Catch=   8278.53993756472     
 Abd=   1880.982    
 Catch=   20259.3636480010     
 Abd=   115021.7    
 Catch=   522.313161780177     
 Abd=   8719.633    
 Catch=                     NaN
 Abd=            NaN
 Catch=   8636.85801778536     
 Abd=   125398.0    
 Catch=   55585.3446872804     
 Abd=   32160.66    
 Catch=                     NaN
 Abd=            NaN
 Catch=   1913.54978245278     
 Abd=   2802.784    
 Catch=                     NaN
 Abd=            NaN
 Catch=   7867.55050940876     
 Abd=   40822.23    
 Catch=   1270.01912788914     
 Abd=   4355.153    
 Catch=   177.180653690590     
 Abd=   1682.689    
 Catch=   90061.5686368354     
 Abd=   1503301.    
 Catch=   36772.4370029948     
 Abd=   128977.2    
 Catch=   6836.86153542682     
 Abd=   114103.8    
 Catch=                     NaN
 Abd=            NaN
 Catch=   11355.1670523700     
 Abd=   23976.95    
 Catch=   33369.1319365719     
 Abd=   19485.47    
 Catch=   38512.2065865440     
 Abd=   569010.0    
 Catch=   56622.2232317057     
 Abd=   152573.3    
 Catch=   13425.3077457490     
 Abd=   22753.96    
 Catch=   411173.887534666     
 Abd=   4294503.    
 Time step =         1855
 Catch=   10212.7540848896     
 Abd=   65009.46    
 Catch=   1023.50262427324     
 Abd=   6564.982    
 Catch=   13038.4414103941     
 Abd=   14159.05    
 Catch=   589.250402664822     
 Abd=   9830.902    
 Catch=   14072.3218386582     
 Abd=   47299.53    
 Catch=   14.5000088198494     
 Abd=   57.00004    
 Catch=                     NaN
 Abd=            NaN
 Catch=                     NaN
 Abd=            NaN
 Catch=   13798.4882598086     
 Abd=   230287.6    
 Catch=   8278.53993756472     
 Abd=   1880.982    
 Catch=   20258.6869285144     
 Abd=   115017.9    
 Catch=   522.308200654080     
 Abd=   8719.558    
 Catch=                     NaN
 Abd=            NaN
 Catch=   8633.71486985028     
 Abd=   125352.8    
 Catch=   55585.3505693579     
 Abd=   32160.66    
 Catch=                     NaN
 Abd=            NaN
 Catch=   1913.54978245278     
 Abd=   2802.784    
 Catch=                     NaN
 Abd=            NaN
 Catch=   7867.54775082637     
 Abd=   40822.22    
 Catch=   1270.01912788914     
 Abd=   4355.153    
 Catch=   177.164657528502     
 Abd=   1682.540    
 Catch=   90031.6945274959     
 Abd=   1502808.    
 Catch=   36772.4325896979     
 Abd=   128977.1    
 Catch=   6832.38350618894     
 Abd=   114029.8    
 Catch=                     NaN
 Abd=            NaN
 Catch=   11355.1662785820     
 Abd=   23976.94    
 Catch=   33369.1402255750     
 Abd=   19485.48    
 Catch=   38500.5639548566     
 Abd=   568839.5    
 Catch=   56622.2432398678     
 Abd=   152573.2    
 Catch=   13425.3163173312     
 Abd=   22753.97    
 Catch=   411173.952795384     
 Abd=   4294504.    
 Time step =         1856
 Catch=   10212.7580173142     
 Abd=   65009.48    
 Catch=   1023.72229206210     
 Abd=   6566.284    
 Catch=   13038.4388724029     
 Abd=   14159.05    
 Catch=   588.507118184385     
 Abd=   9818.626    
 Catch=   14072.3218386582     
 Abd=   47299.53    
 Catch=   14.5000088198494     
 Abd=   57.00004    
 Catch=                     NaN
 Abd=            NaN
 Catch=                     NaN
 Abd=            NaN
 Catch=   13788.9290844685     
 Abd=   230129.6    
 Catch=   8278.53993756472     
 Abd=   1880.982    
 Catch=   20258.0334456103     
 Abd=   115014.2    
 Catch=   522.303915081438     
 Abd=   8719.486    
 Catch=                     NaN
 Abd=            NaN
 Catch=   8630.63029101322     
 Abd=   125308.5    
 Catch=   55585.3528960749     
 Abd=   32160.66    
 Catch=                     NaN
 Abd=            NaN
 Catch=   1913.54978245278     
 Abd=   2802.784    
 Catch=                     NaN
 Abd=            NaN
 Catch=   7867.54630859037     
 Abd=   40822.21    
 Catch=   1270.01912788914     
 Abd=   4355.153    
 Catch=   177.149293196971     
 Abd=   1682.397    
 Catch=   90002.3839576541     
 Abd=   1502323.    
 Catch=   36772.4301349400     
 Abd=   128977.1    
 Catch=   6827.99072898786     
 Abd=   113957.2    
 Catch=                     NaN
 Abd=            NaN
 Catch=   11355.1664802892     
 Abd=   23976.95    
 Catch=   33369.1494290451     
 Abd=   19485.48    
 Catch=   38489.1353466168     
 Abd=   568671.9    
 Catch=   56622.2436411122     
 Abd=   152573.2    
 Catch=   13425.3120597001     
 Abd=   22753.96    
 Catch=   411173.957513663     
 Abd=   4294503.    
 Time step =         1857
 Catch=   10212.7579298453     
 Abd=   65009.47    
 Catch=   1023.91045385418     
 Abd=   6567.399    
 Catch=   13038.4407486578     
 Abd=   14159.05    
 Catch=   587.780040790266     
 Abd=   9806.621    
 Catch=   14072.3218386582     
 Abd=   47299.53    
 Catch=   14.5000088198494     
 Abd=   57.00004    
 Catch=                     NaN
 Abd=            NaN
 Catch=                     NaN
 Abd=            NaN
 Catch=   13779.5544434011     
 Abd=   229974.6    
 Catch=   8278.53993756472     
 Abd=   1880.982    
 Catch=   20257.4003998440     
 Abd=   115010.8    
 Catch=   522.299847991359     
 Abd=   8719.423    
 Catch=                     NaN
 Abd=            NaN
 Catch=   8627.60980746400     
 Abd=   125265.0    
 Catch=   55585.3485928467     
 Abd=   32160.66    
 Catch=                     NaN
 Abd=            NaN
 Catch=   1913.54978245278     
 Abd=   2802.784    
 Catch=                     NaN
 Abd=            NaN
 Catch=   7867.54566635053     
 Abd=   40822.22    
 Catch=   1270.01912788914     
 Abd=   4355.153    
 Catch=   177.134519641279     
 Abd=   1682.260    
 Catch=   89973.6867669386     
 Abd=   1501849.    
 Catch=   36772.4385542288     
 Abd=   128977.1    
 Catch=   6823.68618484536     
 Abd=   113886.1    
 Catch=                     NaN
 Abd=            NaN
 Catch=   11355.1707182670     
 Abd=   23976.96    
 Catch=   33369.1390496848     
 Abd=   19485.46    
 Catch=   38477.8902581551     
 Abd=   568507.4    
 Catch=   56622.2598909936     
 Abd=   152573.3    
 Catch=   13425.3108248638     
 Abd=   22753.97    
 Catch=   411173.827703317     
 Abd=   4294502.    
 Time step =         1858
 Catch=   10212.7571948361     
 Abd=   65009.47    
 Catch=   1024.07083379159     
 Abd=   6568.349    
 Catch=   13038.4403341174     
 Abd=   14159.05    
 Catch=   587.068361929932     
 Abd=   9794.867    
 Catch=   14072.3218386582     
 Abd=   47299.53    
 Catch=   14.5000088198494     
 Abd=   57.00004    
 Catch=                     NaN
 Abd=            NaN
 Catch=                     NaN
 Abd=            NaN
 Catch=   13770.3580988170     
 Abd=   229822.7    
 Catch=   8278.53993756472     
 Abd=   1880.982    
 Catch=   20256.7916226907     
 Abd=   115007.3    
 Catch=   522.296086983666     
 Abd=   8719.360    
 Catch=                     NaN
 Abd=            NaN
 Catch=   8624.64703307158     
 Abd=   125222.5    
 Catch=   55585.3586501406     
 Abd=   32160.67    
 Catch=                     NaN
 Abd=            NaN
 Catch=   1913.54978245278     
 Abd=   2802.784    
 Catch=                     NaN
 Abd=            NaN
 Catch=   7867.54691826707     
 Abd=   40822.22    
 Catch=   1270.01912788914     
 Abd=   4355.153    
 Catch=   177.120330885297     
 Abd=   1682.127    
 Catch=   89945.5782550413     
 Abd=   1501384.    
 Catch=   36772.4363561795     
 Abd=   128977.1    
 Catch=   6819.45992723501     
 Abd=   113816.1    
 Catch=                     NaN
 Abd=            NaN
 Catch=   11355.1709757602     
 Abd=   23976.96    
 Catch=   33369.1365214324     
 Abd=   19485.46    
 Catch=   38466.8483542627     
 Abd=   568345.4    
 Catch=   56622.2504769476     
 Abd=   152573.2    
 Catch=   13425.3083050504     
 Abd=   22753.95    
 Catch=   411173.961201648     
 Abd=   4294505.    
 Time step =         1859
 Catch=   10212.7578608351     
 Abd=   65009.48    
 Catch=   1024.20827697257     
 Abd=   6569.165    
 Catch=   13038.4418219063     
 Abd=   14159.05    
 Catch=   586.371447356802     
 Abd=   9783.354    
 Catch=   14072.3218386582     
 Abd=   47299.53    
 Catch=   14.5000088198494     
 Abd=   57.00004    
 Catch=                     NaN
 Abd=            NaN
 Catch=                     NaN
 Abd=            NaN
 Catch=   13761.3448617515     
 Abd=   229673.6    
 Catch=   8278.53993756472     
 Abd=   1880.982    
 Catch=   20256.2078759448     
 Abd=   115004.1    
 Catch=   522.292217650789     
 Abd=   8719.295    
 Catch=                     NaN
 Abd=            NaN
 Catch=   8621.74354842439     
 Abd=   125180.8    
 Catch=   55585.3694926214     
 Abd=   32160.67    
 Catch=                     NaN
 Abd=            NaN
 Catch=   1913.54978245278     
 Abd=   2802.784    
 Catch=                     NaN
 Abd=            NaN
 Catch=   7867.54853061548     
 Abd=   40822.22    
 Catch=   1270.01912788914     
 Abd=   4355.153    
 Catch=   177.106671780624     
 Abd=   1682.000    
 Catch=   89917.9738032521     
 Abd=   1500927.    
 Catch=   36772.4351197135     
 Abd=   128977.1    
 Catch=   6815.31239336980     
 Abd=   113747.6    
 Catch=                     NaN
 Abd=            NaN
 Catch=   11355.1732774440     
 Abd=   23976.96    
 Catch=   33369.1354751867     
 Abd=   19485.47    
 Catch=   38455.9710415037     
 Abd=   568186.1    
 Catch=   56622.2457107253     
 Abd=   152573.3    
 Catch=   13425.3037921951     
 Abd=   22753.95    
 Catch=   411174.222519503     
 Abd=   4294506.    
 Time step =         1860
 Catch=   10212.7575024525     
 Abd=   65009.48    
 Catch=   1024.32633037920     
 Abd=   6569.865    
 Catch=   13038.4418621933     
 Abd=   14159.06    
 Catch=   585.689285444083     
 Abd=   9772.088    
 Catch=   14072.3218386582     
 Abd=   47299.53    
 Catch=   14.5000088198494     
 Abd=   57.00004    
 Catch=                     NaN
 Abd=            NaN
 Catch=                     NaN
 Abd=            NaN
 Catch=   13752.5032745090     
 Abd=   229527.4    
 Catch=   8278.53993756472     
 Abd=   1880.982    
 Catch=   20255.6460971185     
 Abd=   115001.0    
 Catch=   522.288329440629     
 Abd=   8719.229    
 Catch=                     NaN
 Abd=            NaN
 Catch=   8618.90671430713     
 Abd=   125140.0    
 Catch=   55585.3683680123     
 Abd=   32160.67    
 Catch=                     NaN
 Abd=            NaN
 Catch=   1913.54978245278     
 Abd=   2802.784    
 Catch=                     NaN
 Abd=            NaN
 Catch=   7867.54630549723     
 Abd=   40822.21    
 Catch=   1270.01912788914     
 Abd=   4355.153    
 Catch=   177.093519073318     
 Abd=   1681.877    
 Catch=   89890.8945919394     
 Abd=   1500480.    
 Catch=   36772.4344946674     
 Abd=   128977.1    
 Catch=   6811.24225585622     
 Abd=   113680.2    
 Catch=                     NaN
 Abd=            NaN
 Catch=   11355.1716948058     
 Abd=   23976.96    
 Catch=   33369.1352065121     
 Abd=   19485.47    
 Catch=   38445.2990273432     
 Abd=   568029.8    
 Catch=   56622.2425694563     
 Abd=   152573.2    
 Catch=   13425.3036035164     
 Abd=   22753.95    
 Catch=   411174.019763295     
 Abd=   4294502.    
 Time step =         1811
 Catch=   10212.7554547920     
 Abd=   65009.46    
 Catch=   1024.42720643196     
 Abd=   6570.462    
 Catch=   13038.4440294934     
 Abd=   14159.05    
 Catch=   585.021941503036     
 Abd=   9761.069    
 Catch=   14072.3218386582     
 Abd=   47299.53    
 Catch=   14.5000088198494     
 Abd=   57.00004    
 Catch=                     NaN
 Abd=            NaN
 Catch=                     NaN
 Abd=            NaN
 Catch=   13743.8353250068     
 Abd=   229384.2    
 Catch=   8278.53993756472     
 Abd=   1880.982    
 Catch=   20255.1091022607     
 Abd=   114998.0    
 Catch=   522.284745470962     
 Abd=   8719.178    
 Catch=                     NaN
 Abd=            NaN
 Catch=   8616.12616749238     
 Abd=   125100.0    
 Catch=   55585.3652234835     
 Abd=   32160.66    
 Catch=                     NaN
 Abd=            NaN
 Catch=   1913.54978245278     
 Abd=   2802.784    
 Catch=                     NaN
 Abd=            NaN
 Catch=   7867.54648537735     
 Abd=   40822.21    
 Catch=   1270.01912788914     
 Abd=   4355.153    
 Catch=   177.080806456758     
 Abd=   1681.759    
 Catch=   89864.4046090032     
 Abd=   1500042.    
 Catch=   36772.4464910132     
 Abd=   128977.1    
 Catch=   6807.24204027048     
 Abd=   113613.9    
 Catch=                     NaN
 Abd=            NaN
 Catch=   11355.1694116991     
 Abd=   23976.95    
 Catch=   33369.1343528048     
 Abd=   19485.46    
 Catch=   38434.7801976124     
 Abd=   567875.6    
 Catch=   56622.2594578550     
 Abd=   152573.3    
 Catch=   13425.3065879664     
 Abd=   22753.96    
 Catch=   411173.740220359     
 Abd=   4294501.    
 Time step =         1812
 Catch=   10212.7563800699     
 Abd=   65009.47    
 Catch=   1024.51355296764     
 Abd=   6570.973    
 Catch=   13038.4401670523     
 Abd=   14159.05    
 Catch=   584.368639528084     
 Abd=   9750.272    
 Catch=   14072.3218386582     
 Abd=   47299.53    
 Catch=   14.5000088198494     
 Abd=   57.00004    
 Catch=                     NaN
 Abd=            NaN
 Catch=                     NaN
 Abd=            NaN
 Catch=   13735.3443260216     
 Abd=   229243.9    
 Catch=   8278.53993756472     
 Abd=   1880.982    
 Catch=   20254.5836061247     
 Abd=   114995.0    
 Catch=   522.281960630819     
 Abd=   8719.132    
 Catch=                     NaN
 Abd=            NaN
 Catch=   8613.39590064946     
 Abd=   125060.8    
 Catch=   55585.3591744547     
 Abd=   32160.67    
 Catch=                     NaN
 Abd=            NaN
 Catch=   1913.54978245278     
 Abd=   2802.784    
 Catch=                     NaN
 Abd=            NaN
 Catch=   7867.54558613080     
 Abd=   40822.20    
 Catch=   1270.01912788914     
 Abd=   4355.153    
 Catch=   177.068566721835     
 Abd=   1681.645    
 Catch=   89838.4207824898     
 Abd=   1499612.    
 Catch=   36772.4288388706     
 Abd=   128977.1    
 Catch=   6803.30452745267     
 Abd=   113548.8    
 Catch=                     NaN
 Abd=            NaN
 Catch=   11355.1659781735     
 Abd=   23976.95    
 Catch=   33369.1301113684     
 Abd=   19485.46    
 Catch=   38424.4420361162     
 Abd=   567724.1    
 Catch=   56622.2528091377     
 Abd=   152573.3    
 Catch=   13425.3118302719     
 Abd=   22753.96    
 Catch=   411173.772054256     
 Abd=   4294502.    
 Time step =         1813
 Catch=   10212.7563177175     
 Abd=   65009.48    
 Catch=   1024.58735454328     
 Abd=   6571.413    
 Catch=   13038.4421543923     
 Abd=   14159.05    
 Catch=   583.728559955798     
 Abd=   9739.701    
 Catch=   14072.3218386582     
 Abd=   47299.53    
 Catch=   14.5000088198494     
 Abd=   57.00004    
 Catch=                     NaN
 Abd=            NaN
 Catch=                     NaN
 Abd=            NaN
 Catch=   13727.0211447661     
 Abd=   229106.2    
 Catch=   8278.53993756472     
 Abd=   1880.982    
 Catch=   20254.0761498136     
 Abd=   114992.2    
 Catch=   522.279201393784     
 Abd=   8719.088    
 Catch=                     NaN
 Abd=            NaN
 Catch=   8610.72348634652     
 Abd=   125022.4    
 Catch=   55585.3594606160     
 Abd=   32160.67    
 Catch=                     NaN
 Abd=            NaN
 Catch=   1913.54978245278     
 Abd=   2802.784    
 Catch=                     NaN
 Abd=            NaN
 Catch=   7867.54191462197     
 Abd=   40822.19    
 Catch=   1270.01912788914     
 Abd=   4355.153    
 Catch=   177.056808975769     
 Abd=   1681.535    
 Catch=   89812.8959802836     
 Abd=   1499190.    
 Catch=   36772.4255714886     
 Abd=   128977.1    
 Catch=   6799.43757272610     
 Abd=   113484.8    
 Catch=                     NaN
 Abd=            NaN
 Catch=   11355.1654318251     
 Abd=   23976.95    
 Catch=   33369.1345542538     
 Abd=   19485.47    
 Catch=   38414.2643163411     
 Abd=   567574.8    
 Catch=   56622.2436924212     
 Abd=   152573.3    
 Catch=   13425.3096697080     
 Abd=   22753.96    
 Catch=   411173.939411281     
 Abd=   4294505.    
 Time step =         1814
 Catch=   10212.7568127668     
 Abd=   65009.47    
 Catch=   1024.65090444978     
 Abd=   6571.787    
 Catch=   13038.4421347605     
 Abd=   14159.05    
 Catch=   583.101963320748     
 Abd=   9729.323    
 Catch=   14072.3218386582     
 Abd=   47299.53    
 Catch=   14.5000088198494     
 Abd=   57.00004    
 Catch=                     NaN
 Abd=            NaN
 Catch=                     NaN
 Abd=            NaN
 Catch=   13718.8467463139     
 Abd=   228971.0    
 Catch=   8278.53993756472     
 Abd=   1880.982    
 Catch=   20253.5873770218     
 Abd=   114989.5    
 Catch=   522.276605246147     
 Abd=   8719.046    
 Catch=                     NaN
 Abd=            NaN
 Catch=   8608.11167403140     
 Abd=   124984.8    
 Catch=   55585.3525813003     
 Abd=   32160.66    
 Catch=                     NaN
 Abd=            NaN
 Catch=   1913.54978245278     
 Abd=   2802.784    
 Catch=                     NaN
 Abd=            NaN
 Catch=   7867.53945953940     
 Abd=   40822.18    
 Catch=   1270.01912788914     
 Abd=   4355.153    
 Catch=   177.041018637745     
 Abd=   1681.291    
 Catch=   89787.8845525781     
 Abd=   1498777.    
 Catch=   36772.4309978718     
 Abd=   128977.1    
 Catch=   6795.64262343166     
 Abd=   113422.1    
 Catch=                     NaN
 Abd=            NaN
 Catch=   11355.1651006979     
 Abd=   23976.94    
 Catch=   33369.1357072962     
 Abd=   19485.47    
 Catch=   38404.2526168775     
 Abd=   567428.0    
 Catch=   56622.2309831123     
 Abd=   152573.3    
 Catch=   13425.3100138114     
 Abd=   22753.96    
 Catch=   411174.087649190     
 Abd=   4294504.    
 Time step =         1815
 Catch=   10212.7570184929     
 Abd=   65009.47    
 Catch=   1024.70472478857     
 Abd=   6572.105    
 Catch=   13038.4393707301     
 Abd=   14159.05    
 Catch=   582.479000615743     
 Abd=   9718.918    
 Catch=   14072.3218386582     
 Abd=   47299.53    
 Catch=   14.5000088198494     
 Abd=   57.00004    
 Catch=                     NaN
 Abd=            NaN
 Catch=                     NaN
 Abd=            NaN
 Catch=   13710.8284644508     
 Abd=   228838.4    
 Catch=   8278.53993756472     
 Abd=   1880.982    
 Catch=   20253.1177690777     
 Abd=   114986.9    
 Catch=   522.274148444494     
 Abd=   8719.005    
 Catch=                     NaN
 Abd=            NaN
 Catch=   8605.54405607236     
 Abd=   124947.9    
 Catch=   55585.3460243848     
 Abd=   32160.66    
 Catch=                     NaN
 Abd=            NaN
 Catch=   1913.54978245278     
 Abd=   2802.784    
 Catch=                     NaN
 Abd=            NaN
 Catch=   7867.54113970988     
 Abd=   40822.18    
 Catch=   1270.01912788914     
 Abd=   4355.153    
 Catch=   177.006315110894     
 Abd=   1680.921    
 Catch=   89763.4026824948     
 Abd=   1498373.    
 Catch=   36772.4371404737     
 Abd=   128977.1    
 Catch=   6791.91972210077     
 Abd=   113360.5    
 Catch=                     NaN
 Abd=            NaN
 Catch=   11355.1642517151     
 Abd=   23976.95    
 Catch=   33369.1383227608     
 Abd=   19485.47    
 Catch=   38394.4022740335     
 Abd=   567283.6    
 Catch=   56622.2534766170     
 Abd=   152573.3    
 Catch=   13425.3102131479     
 Abd=   22753.96    
 Catch=   411173.927601016     
 Abd=   4294503.    
 Time step =         1816
 Catch=   10212.7569917806     
 Abd=   65009.47    
 Catch=   1024.75053561001     
 Abd=   6572.380    
 Catch=   13038.4435562714     
 Abd=   14159.06    
 Catch=   581.861263283641     
 Abd=   9708.684    
 Catch=   14072.3218386582     
 Abd=   47299.53    
 Catch=   14.5000088198494     
 Abd=   57.00004    
 Catch=                     NaN
 Abd=            NaN
 Catch=                     NaN
 Abd=            NaN
 Catch=   13702.9659094652     
 Abd=   228708.3    
 Catch=   8278.53993756472     
 Abd=   1880.982    
 Catch=   20252.6690550440     
 Abd=   114984.4    
 Catch=   522.271691645186     
 Abd=   8718.965    
 Catch=                     NaN
 Abd=            NaN
 Catch=   8603.02376476984     
 Abd=   124911.6    
 Catch=   55585.3589171980     
 Abd=   32160.66    
 Catch=                     NaN
 Abd=            NaN
 Catch=   1913.54978245278     
 Abd=   2802.784    
 Catch=                     NaN
 Abd=            NaN
 Catch=   7867.53932979280     
 Abd=   40822.19    
 Catch=   1270.01912788914     
 Abd=   4355.153    
 Catch=   176.963835336693     
 Abd=   1680.444    
 Catch=   89739.3993858404     
 Abd=   1497976.    
 Catch=   36772.4296323840     
 Abd=   128977.1    
 Catch=   6788.25707737492     
 Abd=   113299.9    
 Catch=                     NaN
 Abd=            NaN
 Catch=   11355.1678511946     
 Abd=   23976.95    
 Catch=   33369.1388845904     
 Abd=   19485.47    
 Catch=   38384.7072476553     
 Abd=   567141.5    
 Catch=   56622.2803203770     
 Abd=   152573.3    
 Catch=   13425.3100209873     
 Abd=   22753.96    
 Catch=   411173.955624327     
 Abd=   4294504.    
 Time step =         1817
 Catch=   10212.7569627819     
 Abd=   65009.48    
 Catch=   1024.78986450968     
 Abd=   6572.607    
 Catch=   13038.4413879689     
 Abd=   14159.05    
 Catch=   581.247198464843     
 Abd=   9698.445    
 Catch=   14072.3218386582     
 Abd=   47299.53    
 Catch=   14.5000088198494     
 Abd=   57.00004    
 Catch=                     NaN
 Abd=            NaN
 Catch=                     NaN
 Abd=            NaN
 Catch=   13695.2513706555     
 Abd=   228581.0    
 Catch=   8278.53993756472     
 Abd=   1880.982    
 Catch=   20252.2339626146     
 Abd=   114981.9    
 Catch=   522.269442973595     
 Abd=   8718.927    
 Catch=                     NaN
 Abd=            NaN
 Catch=   8600.54862939259     
 Abd=   124876.0    
 Catch=   55585.3581137086     
 Abd=   32160.67    
 Catch=                     NaN
 Abd=            NaN
 Catch=   1913.54978245278     
 Abd=   2802.784    
 Catch=                     NaN
 Abd=            NaN
 Catch=   7867.53917397322     
 Abd=   40822.18    
 Catch=   1270.01912788914     
 Abd=   4355.153    
 Catch=   176.904646829388     
 Abd=   1679.850    
 Catch=   89715.8403595297     
 Abd=   1497586.    
 Catch=   36772.4262731621     
 Abd=   128977.1    
 Catch=   6784.66315988065     
 Abd=   113240.5    
 Catch=                     NaN
 Abd=            NaN
 Catch=   11355.1661318562     
 Abd=   23976.94    
 Catch=   33369.1380207064     
 Abd=   19485.47    
 Catch=   38375.1587817716     
 Abd=   567001.4    
 Catch=   56622.2661291749     
 Abd=   152573.4    
 Catch=   13425.3068815004     
 Abd=   22753.96    
 Catch=   411173.982436552     
 Abd=   4294504.    
 Time step =         1818
 Catch=   10212.7577916415     
 Abd=   65009.48    
 Catch=   1024.82239929761     
 Abd=   6572.800    
 Catch=   13038.4397588491     
 Abd=   14159.05    
 Catch=   580.641583099571     
 Abd=   9688.459    
 Catch=   14072.3218386582     
 Abd=   47299.53    
 Catch=   14.5000088198494     
 Abd=   57.00004    
 Catch=                     NaN
 Abd=            NaN
 Catch=                     NaN
 Abd=            NaN
 Catch=   13687.6819976045     
 Abd=   228455.7    
 Catch=   8278.53993756472     
 Abd=   1880.982    
 Catch=   20251.8120751526     
 Abd=   114979.6    
 Catch=   522.267194271832     
 Abd=   8718.891    
 Catch=                     NaN
 Abd=            NaN
 Catch=   8598.12144948182     
 Abd=   124841.1    
 Catch=   55585.3570780342     
 Abd=   32160.66    
 Catch=                     NaN
 Abd=            NaN
 Catch=   1913.54978245278     
 Abd=   2802.784    
 Catch=                     NaN
 Abd=            NaN
 Catch=   7867.53613576220     
 Abd=   40822.16    
 Catch=   1270.01912788914     
 Abd=   4355.153    
 Catch=   176.843750567220     
 Abd=   1679.287    
 Catch=   89692.7211072610     
 Abd=   1497204.    
 Catch=   36772.4349913814     
 Abd=   128977.1    
 Catch=   6781.13345941529     
 Abd=   113182.0    
 Catch=                     NaN
 Abd=            NaN
 Catch=   11355.1636410214     
 Abd=   23976.95    
 Catch=   33369.1373339065     
 Abd=   19485.47    
 Catch=   38365.7561126788     
 Abd=   566863.6    
 Catch=   56622.2575691105     
 Abd=   152573.3    
 Catch=   13425.3100173193     
 Abd=   22753.96    
 Catch=   411173.925099092     
 Abd=   4294504.    
 Time step =         1819
 Catch=   10212.7605236533     
 Abd=   65009.50    
 Catch=   1024.85013048493     
 Abd=   6572.963    
 Catch=   13038.4417478523     
 Abd=   14159.05    
 Catch=   580.050779773458     
 Abd=   9678.720    
 Catch=   14072.3218386582     
 Abd=   47299.53    
 Catch=   14.5000088198494     
 Abd=   57.00004    
 Catch=                     NaN
 Abd=            NaN
 Catch=                     NaN
 Abd=            NaN
 Catch=   13680.2497251917     
 Abd=   228332.8    
 Catch=   8278.53993756472     
 Abd=   1880.982    
 Catch=   20251.4081958262     
 Abd=   114977.3    
 Catch=   522.265067855379     
 Abd=   8718.857    
 Catch=                     NaN
 Abd=            NaN
 Catch=   8595.74035022629     
 Abd=   124806.9    
 Catch=   55585.3618211201     
 Abd=   32160.67    
 Catch=                     NaN
 Abd=            NaN
 Catch=   1913.54978245278     
 Abd=   2802.784    
 Catch=                     NaN
 Abd=            NaN
 Catch=   7867.53477338259     
 Abd=   40822.17    
 Catch=   1270.01912788914     
 Abd=   4355.153    
 Catch=   176.786026113038     
 Abd=   1678.754    
 Catch=   89670.0697104923     
 Abd=   1496830.    
 Catch=   36772.4351731824     
 Abd=   128977.1    
 Catch=   6777.66486170081     
 Abd=   113124.6    
 Catch=                     NaN
 Abd=            NaN
 Catch=   11355.1661143228     
 Abd=   23976.95    
 Catch=   33369.1381007329     
 Abd=   19485.47    
 Catch=   38356.5057577758     
 Abd=   566728.1    
 Catch=   56622.2321836149     
 Abd=   152573.2    
 Catch=   13425.3072640101     
 Abd=   22753.96    
 Catch=   411173.888677612     
 Abd=   4294501.    
 Time step =         1820
 Catch=   10212.7573292787     
 Abd=   65009.46    
 Catch=   1024.87385944111     
 Abd=   6573.106    
 Catch=   13038.4403339804     
 Abd=   14159.04    
 Catch=   579.474637244413     
 Abd=   9669.219    
 Catch=   14072.3218386582     
 Abd=   47299.53    
 Catch=   14.5000088198494     
 Abd=   57.00004    
 Catch=                     NaN
 Abd=            NaN
 Catch=                     NaN
 Abd=            NaN
 Catch=   13672.9691281182     
 Abd=   228212.5    
 Catch=   8278.53993756472     
 Abd=   1880.982    
 Catch=   20251.0143171852     
 Abd=   114975.1    
 Catch=   522.263047327134     
 Abd=   8718.823    
 Catch=                     NaN
 Abd=            NaN
 Catch=   8593.40598050735     
 Abd=   124773.3    
 Catch=   55585.3551647560     
 Abd=   32160.66    
 Catch=                     NaN
 Abd=            NaN
 Catch=   1913.54978245278     
 Abd=   2802.784    
 Catch=                     NaN
 Abd=            NaN
 Catch=   7867.53534921203     
 Abd=   40822.16    
 Catch=   1270.01912788914     
 Abd=   4355.153    
 Catch=   176.731540175633     
 Abd=   1678.252    
 Catch=   89647.8552513624     
 Abd=   1496462.    
 Catch=   36772.4337340670     
 Abd=   128977.1    
 Catch=   6774.26025282151     
 Abd=   113068.3    
 Catch=                     NaN
 Abd=            NaN
 Catch=   11355.1659275054     
 Abd=   23976.95    
 Catch=   33369.1361425303     
 Abd=   19485.46    
 Catch=   38347.4031876011     
 Abd=   566594.4    
 Catch=   56622.2303566617     
 Abd=   152573.2    
 Catch=   13425.3046492952     
 Abd=   22753.95    
 Catch=   411173.811584119     
 Abd=   4294502.    
 Time step =         1821
 Catch=   10212.7556852731     
 Abd=   65009.47    
 Catch=   1024.89536679231     
 Abd=   6573.236    
 Catch=   13038.4347505881     
 Abd=   14159.05    
 Catch=   578.912259077350     
 Abd=   9659.946    
 Catch=   14072.3218386582     
 Abd=   47299.53    
 Catch=   14.5000088198494     
 Abd=   57.00004    
 Catch=                     NaN
 Abd=            NaN
 Catch=                     NaN
 Abd=            NaN
 Catch=   13665.8246828639     
 Abd=   228094.3    
 Catch=   8278.53993756472     
 Abd=   1880.982    
 Catch=   20250.6367383385     
 Abd=   114973.1    
 Catch=   522.261285464578     
 Abd=   8718.800    
 Catch=                     NaN
 Abd=            NaN
 Catch=   8591.11913063147     
 Abd=   124740.5    
 Catch=   55585.3482384806     
 Abd=   32160.66    
 Catch=                     NaN
 Abd=            NaN
 Catch=   1913.54978245278     
 Abd=   2802.784    
 Catch=                     NaN
 Abd=            NaN
 Catch=   7867.53548864070     
 Abd=   40822.16    
 Catch=   1270.01912788914     
 Abd=   4355.153    
 Catch=   176.680186802475     
 Abd=   1677.778    
 Catch=   89626.0357836151     
 Abd=   1496101.    
 Catch=   36772.4357073383     
 Abd=   128977.1    
 Catch=   6770.91731837593     
 Abd=   113013.0    
 Catch=                     NaN
 Abd=            NaN
 Catch=   11355.1658942117     
 Abd=   23976.95    
 Catch=   33369.1330384308     
 Abd=   19485.47    
 Catch=   38338.4331052737     
 Abd=   566463.1    
 Catch=   56622.2311707029     
 Abd=   152573.3    
 Catch=   13425.3050127799     
 Abd=   22753.96    
 Catch=   411173.785316112     
 Abd=   4294501.    
 Time step =         1822
 Catch=   10212.7565591467     
 Abd=   65009.46    
 Catch=   1024.91393837711     
 Abd=   6573.345    
 Catch=   13038.4407013129     
 Abd=   14159.05    
 Catch=   578.363673165373     
 Abd=   9650.895    
 Catch=   14072.3218386582     
 Abd=   47299.53    
 Catch=   14.5000088198494     
 Abd=   57.00004    
 Catch=                     NaN
 Abd=            NaN
 Catch=                     NaN
 Abd=            NaN
 Catch=   13658.8145460524     
 Abd=   227978.3    
 Catch=   8278.53993756472     
 Abd=   1880.982    
 Catch=   20250.2728796188     
 Abd=   114971.0    
 Catch=   522.259965471346     
 Abd=   8718.778    
 Catch=                     NaN
 Abd=            NaN
 Catch=   8588.88148591575     
 Abd=   124708.2    
 Catch=   55585.3544614327     
 Abd=   32160.66    
 Catch=                     NaN
 Abd=            NaN
 Catch=   1913.54978245278     
 Abd=   2802.784    
 Catch=                     NaN
 Abd=            NaN
 Catch=   7867.53737594597     
 Abd=   40822.18    
 Catch=   1270.01912788914     
 Abd=   4355.153    
 Catch=   176.620969510833     
 Abd=   1677.053    
 Catch=   89604.6065911636     
 Abd=   1495747.    
 Catch=   36772.4359923537     
 Abd=   128977.1    
 Catch=   6767.62694183686     
 Abd=   112958.5    
 Catch=                     NaN
 Abd=            NaN
 Catch=   11355.1701721557     
 Abd=   23976.96    
 Catch=   33369.1404352432     
 Abd=   19485.47    
 Catch=   38329.6210822644     
 Abd=   566334.0    
 Catch=   56622.2519488563     
 Abd=   152573.3    
 Catch=   13425.3101415068     
 Abd=   22753.97    
 Catch=   411173.755063457     
 Abd=   4294503.    
 Time step =         1823
 Catch=   10212.7566991051     
 Abd=   65009.46    
 Catch=   1024.92945281908     
 Abd=   6573.438    
 Catch=   13038.4392389177     
 Abd=   14159.04    
 Catch=   577.827577818353     
 Abd=   9642.050    
 Catch=   14072.3218386582     
 Abd=   47299.53    
 Catch=   14.5000088198494     
 Abd=   57.00004    
 Catch=                     NaN
 Abd=            NaN
 Catch=                     NaN
 Abd=            NaN
 Catch=   13651.9286119307     
 Abd=   227864.5    
 Catch=   8278.53993756472     
 Abd=   1880.982    
 Catch=   20249.9185036530     
 Abd=   114969.0    
 Catch=   522.258789716457     
 Abd=   8718.759    
 Catch=                     NaN
 Abd=            NaN
 Catch=   8586.68209626133     
 Abd=   124676.6    
 Catch=   55585.3469515598     
 Abd=   32160.66    
 Catch=                     NaN
 Abd=            NaN
 Catch=   1913.54978245278     
 Abd=   2802.784    
 Catch=                     NaN
 Abd=            NaN
 Catch=   7867.53852219983     
 Abd=   40822.17    
 Catch=   1270.01912788914     
 Abd=   4355.153    
 Catch=   176.537206597414     
 Abd=   1676.267    
 Catch=   89583.6050082962     
 Abd=   1495399.    
 Catch=   36772.4294450478     
 Abd=   128977.1    
 Catch=   6764.39554866434     
 Abd=   112905.1    
 Catch=                     NaN
 Abd=            NaN
 Catch=   11355.1686534471     
 Abd=   23976.95    
 Catch=   33369.1424218124     
 Abd=   19485.47    
 Catch=   38320.9277182064     
 Abd=   566206.4    
 Catch=   56622.2711306969     
 Abd=   152573.3    
 Catch=   13425.3122190072     
 Abd=   22753.98    
 Catch=   411173.863523601     
 Abd=   4294503.    
 Time step =         1824
 Catch=   10212.7555083979     
 Abd=   65009.46    
 Catch=   1024.94251839814     
 Abd=   6573.515    
 Catch=   13038.4350767322     
 Abd=   14159.05    
 Catch=   577.303958627386     
 Abd=   9633.409    
 Catch=   14072.3218386582     
 Abd=   47299.53    
 Catch=   14.5000088198494     
 Abd=   57.00004    
 Catch=                     NaN
 Abd=            NaN
 Catch=                     NaN
 Abd=            NaN
 Catch=   13645.1707351577     
 Abd=   227752.7    
 Catch=   8278.53993756472     
 Abd=   1880.982    
 Catch=   20249.5807155103     
 Abd=   114967.1    
 Catch=   522.257683950346     
 Abd=   8718.742    
 Catch=                     NaN
 Abd=            NaN
 Catch=   8584.52412856724     
 Abd=   124645.5    
 Catch=   55585.3479788086     
 Abd=   32160.66    
 Catch=                     NaN
 Abd=            NaN
 Catch=   1913.54978245278     
 Abd=   2802.784    
 Catch=                     NaN
 Abd=            NaN
 Catch=   7867.53745616545     
 Abd=   40822.18    
 Catch=   1270.01912788914     
 Abd=   4355.153    
 Catch=   176.457582245738     
 Abd=   1675.541    
 Catch=   89562.9898540646     
 Abd=   1495059.    
 Catch=   36772.4377933131     
 Abd=   128977.1    
 Catch=   6761.22001946622     
 Abd=   112852.5    
 Catch=                     NaN
 Abd=            NaN
 Catch=   11355.1665858203     
 Abd=   23976.95    
 Catch=   33369.1438984691     
 Abd=   19485.48    
 Catch=   38312.3663897929     
 Abd=   566080.9    
 Catch=   56622.2391636288     
 Abd=   152573.2    
 Catch=   13425.3163184698     
 Abd=   22753.97    
 Catch=   411173.869950917     
 Abd=   4294502.    
 Time step =         1825
 Catch=   10212.7556329630     
 Abd=   65009.47    
 Catch=   1024.95378843504     
 Abd=   6573.582    
 Catch=   13038.4414767436     
 Abd=   14159.05    
 Catch=   576.792363826528     
 Abd=   9624.969    
 Catch=   14072.3218386582     
 Abd=   47299.53    
 Catch=   14.5000088198494     
 Abd=   57.00004    
 Catch=                     NaN
 Abd=            NaN
 Catch=                     NaN
 Abd=            NaN
 Catch=   13638.5399344711     
 Abd=   227643.1    
 Catch=   8278.53993756472     
 Abd=   1880.982    
 Catch=   20249.2478362164     
 Abd=   114965.3    
 Catch=   522.256737033552     
 Abd=   8718.727    
 Catch=                     NaN
 Abd=            NaN
 Catch=   8582.40040914196     
 Abd=   124615.0    
 Catch=   55585.3536524123     
 Abd=   32160.66    
 Catch=                     NaN
 Abd=            NaN
 Catch=   1913.54978245278     
 Abd=   2802.784    
 Catch=                     NaN
 Abd=            NaN
 Catch=   7867.53820956369     
 Abd=   40822.18    
 Catch=   1270.01912788914     
 Abd=   4355.153    
 Catch=   176.384072709895     
 Abd=   1674.870    
 Catch=   89542.7583911215     
 Abd=   1494724.    
 Catch=   36772.4344242450     
 Abd=   128977.1    
 Catch=   6758.09661075878     
 Abd=   112800.8    
 Catch=                     NaN
 Abd=            NaN
 Catch=   11355.1660050955     
 Abd=   23976.94    
 Catch=   33369.1395974300     
 Abd=   19485.47    
 Catch=   38303.9470701803     
 Abd=   565957.4    
 Catch=   56622.2350042024     
 Abd=   152573.2    
 Catch=   13425.3096264907     
 Abd=   22753.96    
 Catch=   411173.843391249     
 Abd=   4294503.    
 Time step =         1826
 Catch=   10212.7575755143     
 Abd=   65009.46    
 Catch=   1024.96354946712     
 Abd=   6573.638    
 Catch=   13038.4401219298     
 Abd=   14159.05    
 Catch=   576.292329618314     
 Abd=   9616.715    
 Catch=   14072.3218386582     
 Abd=   47299.53    
 Catch=   14.5000088198494     
 Abd=   57.00004    
 Catch=                     NaN
 Abd=            NaN
 Catch=                     NaN
 Abd=            NaN
 Catch=   13632.0298102377     
 Abd=   227535.3    
 Catch=   8278.53993756472     
 Abd=   1880.982    
 Catch=   20248.9273720154     
 Abd=   114963.5    
 Catch=   522.255766983507     
 Abd=   8718.708    
 Catch=                     NaN
 Abd=            NaN
 Catch=   8580.31351347474     
 Abd=   124584.9    
 Catch=   55585.3485082019     
 Abd=   32160.66    
 Catch=                     NaN
 Abd=            NaN
 Catch=   1913.54978245278     
 Abd=   2802.784    
 Catch=                     NaN
 Abd=            NaN
 Catch=   7867.53829503141     
 Abd=   40822.18    
 Catch=   1270.01912788914     
 Abd=   4355.153    
 Catch=   176.316171253586     
 Abd=   1674.250    
 Catch=   89522.9250251169     
 Abd=   1494396.    
 Catch=   36772.4293483067     
 Abd=   128977.1    
 Catch=   6755.02569535742     
 Abd=   112749.9    
 Catch=                     NaN
 Abd=            NaN
 Catch=   11355.1673019509     
 Abd=   23976.95    
 Catch=   33369.1430944970     
 Abd=   19485.47    
 Catch=   38295.6520244238     
 Abd=   565835.9    
 Catch=   56622.2231544499     
 Abd=   152573.2    
 Catch=   13425.3113891824     
 Abd=   22753.96    
 Catch=   411173.784218668     
 Abd=   4294501.    
 Time step =         1827
 Catch=   10212.7580210170     
 Abd=   65009.49    
 Catch=   1024.97126085949     
 Abd=   6573.683    
 Catch=   13038.4416979121     
 Abd=   14159.06    
 Catch=   575.803718669320     
 Abd=   9608.648    
 Catch=   14072.3218386582     
 Abd=   47299.53    
 Catch=   14.5000088198494     
 Abd=   57.00004    
 Catch=                     NaN
 Abd=            NaN
 Catch=                     NaN
 Abd=            NaN
 Catch=   13625.6415124031     
 Abd=   227429.8    
 Catch=   8278.53993756472     
 Abd=   1880.982    
 Catch=   20248.6173147443     
 Abd=   114961.7    
 Catch=   522.254904649843     
 Abd=   8718.703    
 Catch=                     NaN
 Abd=            NaN
 Catch=   8578.26638807402     
 Abd=   124555.5    
 Catch=   55585.3472198848     
 Abd=   32160.66    
 Catch=                     NaN
 Abd=            NaN
 Catch=   1913.54978245278     
 Abd=   2802.784    
 Catch=                     NaN
 Abd=            NaN
 Catch=   7867.54144512380     
 Abd=   40822.20    
 Catch=   1270.01912788914     
 Abd=   4355.153    
 Catch=   176.253351989797     
 Abd=   1673.675    
 Catch=   89503.4658681644     
 Abd=   1494073.    
 Catch=   36772.4325693961     
 Abd=   128977.1    
 Catch=   6752.00301165744     
 Abd=   112699.9    
 Catch=                     NaN
 Abd=            NaN
 Catch=   11355.1682567421     
 Abd=   23976.95    
 Catch=   33369.1385504468     
 Abd=   19485.47    
 Catch=   38287.4810220029     
 Abd=   565715.9    
 Catch=   56622.2261396397     
 Abd=   152573.2    
 Catch=   13425.3115139094     
 Abd=   22753.96    
 Catch=   411173.719998747     
 Abd=   4294501.    
 Time step =         1828
 Catch=   10212.7618266888     
 Abd=   65009.54    
 Catch=   1024.97781141395     
 Abd=   6573.722    
 Catch=   13038.4430858002     
 Abd=   14159.05    
 Catch=   575.325638684649     
 Abd=   9600.751    
 Catch=   14072.3218386582     
 Abd=   47299.53    
 Catch=   14.5000088198494     
 Abd=   57.00004    
 Catch=                     NaN
 Abd=            NaN
 Catch=                     NaN
 Abd=            NaN
 Catch=   13619.3734436314     
 Abd=   227326.0    
 Catch=   8278.53993756472     
 Abd=   1880.982    
 Catch=   20248.3095376502     
 Abd=   114960.0    
 Catch=   522.254864487240     
 Abd=   8718.703    
 Catch=                     NaN
 Abd=            NaN
 Catch=   8576.25839346541     
 Abd=   124526.6    
 Catch=   55585.3587319851     
 Abd=   32160.66    
 Catch=                     NaN
 Abd=            NaN
 Catch=   1913.54978245278     
 Abd=   2802.784    
 Catch=                     NaN
 Abd=            NaN
 Catch=   7867.54298919025     
 Abd=   40822.20    
 Catch=   1270.01912788914     
 Abd=   4355.153    
 Catch=   176.195254114193     
 Abd=   1673.145    
 Catch=   89484.2994750596     
 Abd=   1493756.    
 Catch=   36772.4404334876     
 Abd=   128977.1    
 Catch=   6749.03004145590     
 Abd=   112650.7    
 Catch=                     NaN
 Abd=            NaN
 Catch=   11355.1684407914     
 Abd=   23976.96    
 Catch=   33369.1382261957     
 Abd=   19485.47    
 Catch=   38279.4207319365     
 Abd=   565597.8    
 Catch=   56622.2409324136     
 Abd=   152573.2    
 Catch=   13425.3077560329     
 Abd=   22753.96    
 Catch=   411173.734019441     
 Abd=   4294500.    
 Time step =         1829
 Catch=   10212.7692977745     
 Abd=   65009.56    
 Catch=   1024.98406553023     
 Abd=   6573.762    
 Catch=   13038.4415664538     
 Abd=   14159.05    
 Catch=   574.857947502828     
 Abd=   9593.032    
 Catch=   14072.3218386582     
 Abd=   47299.53    
 Catch=   14.5000088198494     
 Abd=   57.00004    
 Catch=                     NaN
 Abd=            NaN
 Catch=                     NaN
 Abd=            NaN
 Catch=   13613.2181096975     
 Abd=   227224.2    
 Catch=   8278.53993756472     
 Abd=   1880.982    
 Catch=   20248.0298837658     
 Abd=   114958.5    
 Catch=   522.254864487240     
 Abd=   8718.703    
 Catch=                     NaN
 Abd=            NaN
 Catch=   8574.29103963000     
 Abd=   124498.4    
 Catch=   55585.3446872804     
 Abd=   32160.66    
 Catch=                     NaN
 Abd=            NaN
 Catch=   1913.54978245278     
 Abd=   2802.784    
 Catch=                     NaN
 Abd=            NaN
 Catch=   7867.54309559720     
 Abd=   40822.18    
 Catch=   1270.01912788914     
 Abd=   4355.153    
 Catch=   176.141414935343     
 Abd=   1672.653    
 Catch=   89465.5180637421     
 Abd=   1493446.    
 Catch=   36772.4391469562     
 Abd=   128977.1    
 Catch=   6746.10411421699     
 Abd=   112602.2    
 Catch=                     NaN
 Abd=            NaN
 Catch=   11355.1729382179     
 Abd=   23976.96    
 Catch=   33369.1421628149     
 Abd=   19485.47    
 Catch=   38271.4825195689     
 Abd=   565481.0    
 Catch=   56622.2487124867     
 Abd=   152573.3    
 Catch=   13425.3066976390     
 Abd=   22753.96    
 Catch=   411173.892830261     
 Abd=   4294504.    
 Time step =         1830
 Catch=   10212.7708830410     
 Abd=   65009.58    
 Catch=   1024.98969005684     
 Abd=   6573.794    
 Catch=   13038.4380367952     
 Abd=   14159.05    
 Catch=   574.400265825441     
 Abd=   9585.473    
 Catch=   14072.3218386582     
 Abd=   47299.53    
 Catch=   14.5000088198494     
 Abd=   57.00004    
 Catch=                     NaN
 Abd=            NaN
 Catch=                     NaN
 Abd=            NaN
 Catch=   13607.1743696169     
 Abd=   227124.3    
 Catch=   8278.53993756472     
 Abd=   1880.982    
 Catch=   20247.7613704580     
 Abd=   114957.0    
 Catch=   522.254864487240     
 Abd=   8718.703    
 Catch=                     NaN
 Abd=            NaN
 Catch=   8572.36401424605     
 Abd=   124470.6    
 Catch=   55585.3505693579     
 Abd=   32160.66    
 Catch=                     NaN
 Abd=            NaN
 Catch=   1913.54978245278     
 Abd=   2802.784    
 Catch=                     NaN
 Abd=            NaN
 Catch=   7867.53728242540     
 Abd=   40822.16    
 Catch=   1270.01912788914     
 Abd=   4355.153    
 Catch=   176.091424886203     
 Abd=   1672.196    
 Catch=   89447.0585426326     
 Abd=   1493140.    
 Catch=   36772.4287841942     
 Abd=   128977.1    
 Catch=   6743.22386664936     
 Abd=   112554.5    
 Catch=                     NaN
 Abd=            NaN
 Catch=   11355.1728769659     
 Abd=   23976.96    
 Catch=   33369.1377306776     
 Abd=   19485.47    
 Catch=   38263.6505890860     
 Abd=   565366.3    
 Catch=   56622.2292349876     
 Abd=   152573.2    
 Catch=   13425.3079627147     
 Abd=   22753.96    
 Catch=   411173.856369936     
 Abd=   4294501.    
 Time step =         1831
 Catch=   10212.7694690452     
 Abd=   65009.54    
 Catch=   1024.99417593498     
 Abd=   6573.818    
 Catch=   13038.4422344301     
 Abd=   14159.05    
 Catch=   573.952520740392     
 Abd=   9578.077    
 Catch=   14072.3218386582     
 Abd=   47299.53    
 Catch=   14.5000088198494     
 Abd=   57.00004    
 Catch=                     NaN
 Abd=            NaN
 Catch=                     NaN
 Abd=            NaN
 Catch=   13601.2476076370     
 Abd=   227026.3    
 Catch=   8278.53993756472     
 Abd=   1880.982    
 Catch=   20247.5052483213     
 Abd=   114955.6    
 Catch=   522.254864487240     
 Abd=   8718.703    
 Catch=                     NaN
 Abd=            NaN
 Catch=   8570.46760205694     
 Abd=   124443.3    
 Catch=   55585.3528960749     
 Abd=   32160.66    
 Catch=                     NaN
 Abd=            NaN
 Catch=   1913.54978245278     
 Abd=   2802.784    
 Catch=                     NaN
 Abd=            NaN
 Catch=   7867.53780637227     
 Abd=   40822.18    
 Catch=   1270.01912788914     
 Abd=   4355.153    
 Catch=   176.045069461753     
 Abd=   1671.771    
 Catch=   89428.9924663236     
 Abd=   1492842.    
 Catch=   36772.4344625931     
 Abd=   128977.1    
 Catch=   6740.39016438632     
 Abd=   112507.5    
 Catch=                     NaN
 Abd=            NaN
 Catch=   11355.1714524531     
 Abd=   23976.96    
 Catch=   33369.1389832828     
 Abd=   19485.47    
 Catch=   38255.9464546331     
 Abd=   565253.2    
 Catch=   56622.2285748954     
 Abd=   152573.2    
 Catch=   13425.3052570228     
 Abd=   22753.96    
 Catch=   411173.754625657     
 Abd=   4294502.    
 Time step =         1832
 Catch=   10212.7664058874     
 Abd=   65009.53    
 Catch=   1024.99742633829     
 Abd=   6573.839    
 Catch=   13038.4424046606     
 Abd=   14159.05    
 Catch=   573.514023344828     
 Abd=   9570.836    
 Catch=   14072.3218386582     
 Abd=   47299.53    
 Catch=   14.5000088198494     
 Abd=   57.00004    
 Catch=                     NaN
 Abd=            NaN
 Catch=                     NaN
 Abd=            NaN
 Catch=   13595.4324943268     
 Abd=   226930.1    
 Catch=   8278.53993756472     
 Abd=   1880.982    
 Catch=   20247.2435413570     
 Abd=   114954.1    
 Catch=   522.254864487240     
 Abd=   8718.703    
 Catch=                     NaN
 Abd=            NaN
 Catch=   8568.60127611508     
 Abd=   124416.5    
 Catch=   55585.3485928467     
 Abd=   32160.66    
 Catch=                     NaN
 Abd=            NaN
 Catch=   1913.54978245278     
 Abd=   2802.784    
 Catch=                     NaN
 Abd=            NaN
 Catch=   7867.53754591752     
 Abd=   40822.17    
 Catch=   1270.01912788914     
 Abd=   4355.153    
 Catch=   176.001972090106     
 Abd=   1671.377    
 Catch=   89411.2452078902     
 Abd=   1492548.    
 Catch=   36772.4453574862     
 Abd=   128977.2    
 Catch=   6737.60023181286     
 Abd=   112461.4    
 Catch=                     NaN
 Abd=            NaN
 Catch=   11355.1692059954     
 Abd=   23976.95    
 Catch=   33369.1333068782     
 Abd=   19485.46    
 Catch=   38248.3242920442     
 Abd=   565141.4    
 Catch=   56622.2200977404     
 Abd=   152573.2    
 Catch=   13425.3058022460     
 Abd=   22753.96    
 Catch=   411173.785227954     
 Abd=   4294502.    
 Time step =         1833
 Catch=   10212.7640131545     
 Abd=   65009.53    
 Catch=   1025.00064668642     
 Abd=   6573.858    
 Catch=   13038.4373251554     
 Abd=   14159.05    
 Catch=   573.084868528035     
 Abd=   9563.742    
 Catch=   14072.3218386582     
 Abd=   47299.53    
 Catch=   14.5000088198494     
 Abd=   57.00004    
 Catch=                     NaN
 Abd=            NaN
 Catch=                     NaN
 Abd=            NaN
 Catch=   13589.7153088139     
 Abd=   226835.4    
 Catch=   8278.53993756472     
 Abd=   1880.982    
 Catch=   20246.9935366422     
 Abd=   114952.7    
 Catch=   522.254864487240     
 Abd=   8718.703    
 Catch=                     NaN
 Abd=            NaN
 Catch=   8566.77197182287     
 Abd=   124390.2    
 Catch=   55585.3586501406     
 Abd=   32160.67    
 Catch=                     NaN
 Abd=            NaN
 Catch=   1913.54978245278     
 Abd=   2802.784    
 Catch=                     NaN
 Abd=            NaN
 Catch=   7867.53986410286     
 Abd=   40822.19    
 Catch=   1270.01912788914     
 Abd=   4355.153    
 Catch=   175.961879780996     
 Abd=   1671.009    
 Catch=   89393.8103596740     
 Abd=   1492260.    
 Catch=   36772.4514592041     
 Abd=   128977.1    
 Catch=   6734.85530338286     
 Abd=   112415.9    
 Catch=                     NaN
 Abd=            NaN
 Catch=   11355.1686318514     
 Abd=   23976.95    
 Catch=   33369.1358526765     
 Abd=   19485.47    
 Catch=   38240.8163404621     
 Abd=   565031.4    
 Catch=   56622.2387061523     
 Abd=   152573.3    
 Catch=   13425.3078825893     
 Abd=   22753.96    
 Catch=   411173.932412101     
 Abd=   4294504.    
 Time step =         1834
 Catch=   10212.7610817183     
 Abd=   65009.50    
 Catch=   1025.00310740553     
 Abd=   6573.871    
 Catch=   13038.4404356186     
 Abd=   14159.05    
 Catch=   572.664641222451     
 Abd=   9556.805    
 Catch=   14072.3218386582     
 Abd=   47299.53    
 Catch=   14.5000088198494     
 Abd=   57.00004    
 Catch=                     NaN
 Abd=            NaN
 Catch=                     NaN
 Abd=            NaN
 Catch=   13584.0996399684     
 Abd=   226742.7    
 Catch=   8278.53993756472     
 Abd=   1880.982    
 Catch=   20246.7509512010     
 Abd=   114951.3    
 Catch=   522.254864487240     
 Abd=   8718.703    
 Catch=                     NaN
 Abd=            NaN
 Catch=   8564.98269855290     
 Abd=   124364.4    
 Catch=   55585.3694926214     
 Abd=   32160.67    
 Catch=                     NaN
 Abd=            NaN
 Catch=   1913.54978245278     
 Abd=   2802.784    
 Catch=                     NaN
 Abd=            NaN
 Catch=   7867.54390535037     
 Abd=   40822.21    
 Catch=   1270.01912788914     
 Abd=   4355.153    
 Catch=   175.924517933485     
 Abd=   1670.667    
 Catch=   89376.6785025289     
 Abd=   1491976.    
 Catch=   36772.4431060531     
 Abd=   128977.2    
 Catch=   6732.15422342617     
 Abd=   112371.2    
 Catch=                     NaN
 Abd=            NaN
 Catch=   11355.1672500572     
 Abd=   23976.95    
 Catch=   33369.1399317734     
 Abd=   19485.47    
 Catch=   38233.4307777977     
 Abd=   564922.8    
 Catch=   56622.2328262582     
 Abd=   152573.2    
 Catch=   13425.3096342094     
 Abd=   22753.96    
 Catch=   411173.958238670     
 Abd=   4294502.    
 Time step =         1835
 Catch=   10212.7601189451     
 Abd=   65009.48    
 Catch=   1025.00539340538     
 Abd=   6573.888    
 Catch=   13038.4426566081     
 Abd=   14159.05    
 Catch=   572.253015814003     
 Abd=   9549.998    
 Catch=   14072.3218386582     
 Abd=   47299.53    
 Catch=   14.5000088198494     
 Abd=   57.00004    
 Catch=                     NaN
 Abd=            NaN
 Catch=                     NaN
 Abd=            NaN
 Catch=   13578.5916018889     
 Abd=   226651.4    
 Catch=   8278.53993756472     
 Abd=   1880.982    
 Catch=   20246.5142379952     
 Abd=   114950.0    
 Catch=   522.254864487240     
 Abd=   8718.703    
 Catch=                     NaN
 Abd=            NaN
 Catch=   8563.21490688552     
 Abd=   124339.0    
 Catch=   55585.3683680123     
 Abd=   32160.67    
 Catch=                     NaN
 Abd=            NaN
 Catch=   1913.54978245278     
 Abd=   2802.784    
 Catch=                     NaN
 Abd=            NaN
 Catch=   7867.54606491323     
 Abd=   40822.21    
 Catch=   1270.01912788914     
 Abd=   4355.153    
 Catch=   175.889698394021     
 Abd=   1670.348    
 Catch=   89359.8612971029     
 Abd=   1491698.    
 Catch=   36772.4604057207     
 Abd=   128977.2    
 Catch=   6729.48837612618     
 Abd=   112326.9    
 Catch=                     NaN
 Abd=            NaN
 Catch=   11355.1674855278     
 Abd=   23976.95    
 Catch=   33369.1375293275     
 Abd=   19485.47    
 Catch=   38226.1406387369     
 Abd=   564816.0    
 Catch=   56622.2142387850     
 Abd=   152573.2    
 Catch=   13425.3060496263     
 Abd=   22753.96    
 Catch=   411173.765648062     
 Abd=   4294502.    
 Time step =         1836
 Catch=   10212.7602485501     
 Abd=   65009.50    
 Catch=   1025.00785331321     
 Abd=   6573.901    
 Catch=   13038.4398324283     
 Abd=   14159.05    
 Catch=   571.849275721159     
 Abd=   9543.324    
 Catch=   14072.3218386582     
 Abd=   47299.53    
 Catch=   14.5000088198494     
 Abd=   57.00004    
 Catch=                     NaN
 Abd=            NaN
 Catch=                     NaN
 Abd=            NaN
 Catch=   13573.1811047537     
 Abd=   226562.0    
 Catch=   8278.53993756472     
 Abd=   1880.982    
 Catch=   20246.2947668922     
 Abd=   114948.9    
 Catch=   522.254864487240     
 Abd=   8718.703    
 Catch=                     NaN
 Abd=            NaN
 Catch=   8561.48091475309     
 Abd=   124314.0    
 Catch=   55585.3652234835     
 Abd=   32160.66    
 Catch=                     NaN
 Abd=            NaN
 Catch=   1913.54978245278     
 Abd=   2802.784    
 Catch=                     NaN
 Abd=            NaN
 Catch=   7867.54716641137     
 Abd=   40822.22    
 Catch=   1270.01912788914     
 Abd=   4355.153    
 Catch=   175.857217834615     
 Abd=   1670.049    
 Catch=   89343.3148066835     
 Abd=   1491424.    
 Catch=   36772.4642924122     
 Abd=   128977.2    
 Catch=   6726.85996620499     
 Abd=   112283.4    
 Catch=                     NaN
 Abd=            NaN
 Catch=   11355.1655532810     
 Abd=   23976.95    
 Catch=   33369.1337866664     
 Abd=   19485.46    
 Catch=   38218.9735628480     
 Abd=   564710.8    
 Catch=   56622.2138294907     
 Abd=   152573.2    
 Catch=   13425.3065820357     
 Abd=   22753.96    
 Catch=   411173.829297947     
 Abd=   4294502.    
 Time step =         1837
 Catch=   10212.7573140592     
 Abd=   65009.47    
 Catch=   1025.00940261804     
 Abd=   6573.910    
 Catch=   13038.4390986999     
 Abd=   14159.05    
 Catch=   571.453699992890     
 Abd=   9536.791    
 Catch=   14072.3218386582     
 Abd=   47299.53    
 Catch=   14.5000088198494     
 Abd=   57.00004    
 Catch=                     NaN
 Abd=            NaN
 Catch=                     NaN
 Abd=            NaN
 Catch=   13567.8681144329     
 Abd=   226473.1    
 Catch=   8278.53993756472     
 Abd=   1880.982    
 Catch=   20246.0926684952     
 Abd=   114947.7    
 Catch=   522.254864487240     
 Abd=   8718.703    
 Catch=                     NaN
 Abd=            NaN
 Catch=   8559.77924273296     
 Abd=   124289.6    
 Catch=   55585.3591744547     
 Abd=   32160.67    
 Catch=                     NaN
 Abd=            NaN
 Catch=   1913.54978245278     
 Abd=   2802.784    
 Catch=                     NaN
 Abd=            NaN
 Catch=   7867.54551422139     
 Abd=   40822.21    
 Catch=   1270.01912788914     
 Abd=   4355.153    
 Catch=   175.826875062211     
 Abd=   1669.771    
 Catch=   89327.0707757246     
 Abd=   1491156.    
 Catch=   36772.4493463619     
 Abd=   128977.1    
 Catch=   6724.27550484610     
 Abd=   112240.6    
 Catch=                     NaN
 Abd=            NaN
 Catch=   11355.1691438368     
 Abd=   23976.96    
 Catch=   33369.1303511996     
 Abd=   19485.47    
 Catch=   38211.8835262814     
 Abd=   564606.8    
 Catch=   56622.2121649509     
 Abd=   152573.2    
 Catch=   13425.3070242848     
 Abd=   22753.96    
 Catch=   411173.850450611     
 Abd=   4294502.    
 Time step =         1838
 Catch=   10212.7572377876     
 Abd=   65009.48    
 Catch=   1025.01056418377     
 Abd=   6573.915    
 Catch=   13038.4419373888     
 Abd=   14159.05    
 Catch=   571.066338394159     
 Abd=   9530.388    
 Catch=   14072.3218386582     
 Abd=   47299.53    
 Catch=   14.5000088198494     
 Abd=   57.00004    
 Catch=                     NaN
 Abd=            NaN
 Catch=                     NaN
 Abd=            NaN
 Catch=   13562.5945783486     
 Abd=   226385.8    
 Catch=   8278.53993756472     
 Abd=   1880.982    
 Catch=   20245.8908250409     
 Abd=   114946.6    
 Catch=   522.254864487240     
 Abd=   8718.703    
 Catch=                     NaN
 Abd=            NaN
 Catch=   8558.10664864335     
 Abd=   124265.4    
 Catch=   55585.3594606160     
 Abd=   32160.67    
 Catch=                     NaN
 Abd=            NaN
 Catch=   1913.54978245278     
 Abd=   2802.784    
 Catch=                     NaN
 Abd=            NaN
 Catch=   7867.54488987875     
 Abd=   40822.21    
 Catch=   1270.01912788914     
 Abd=   4355.153    
 Catch=   175.798509635999     
 Abd=   1669.511    
 Catch=   89311.1272214655     
 Abd=   1490892.    
 Catch=   36772.4428615631     
 Abd=   128977.1    
 Catch=   6721.72577052243     
 Abd=   112198.3    
 Catch=                     NaN
 Abd=            NaN
 Catch=   11355.1709507637     
 Abd=   23976.96    
 Catch=   33369.1406696322     
 Abd=   19485.47    
 Catch=   38204.8911498545     
 Abd=   564504.2    
 Catch=   56622.2315453206     
 Abd=   152573.2    
 Catch=   13425.3039343232     
 Abd=   22753.95    
 Catch=   411173.733766243     
 Abd=   4294500.    
 Time step =         1839
 Catch=   10212.7610031202     
 Abd=   65009.52    
 Catch=   1025.01120209263     
 Abd=   6573.917    
 Catch=   13038.4411927426     
 Abd=   14159.05    
 Catch=   570.686524278474     
 Abd=   9524.111    
 Catch=   14072.3218386582     
 Abd=   47299.53    
 Catch=   14.5000088198494     
 Abd=   57.00004    
 Catch=                     NaN
 Abd=            NaN
 Catch=                     NaN
 Abd=            NaN
 Catch=   13557.4113207399     
 Abd=   226300.2    
 Catch=   8278.53993756472     
 Abd=   1880.982    
 Catch=   20245.6949969030     
 Abd=   114945.5    
 Catch=   522.254864487240     
 Abd=   8718.703    
 Catch=                     NaN
 Abd=            NaN
 Catch=   8556.45803764704     
 Abd=   124241.8    
 Catch=   55585.3525813003     
 Abd=   32160.66    
 Catch=                     NaN
 Abd=            NaN
 Catch=   1913.54978245278     
 Abd=   2802.784    
 Catch=                     NaN
 Abd=            NaN
 Catch=   7867.54292532419     
 Abd=   40822.19    
 Catch=   1270.01912788914     
 Abd=   4355.153    
 Catch=   175.772024656292     
 Abd=   1669.267    
 Catch=   89295.5080117307     
 Abd=   1490634.    
 Catch=   36772.4344853205     
 Abd=   128977.1    
 Catch=   6719.20852134409     
 Abd=   112156.5    
 Catch=                     NaN
 Abd=            NaN
 Catch=   11355.1726368575     
 Abd=   23976.96    
 Catch=   33369.1344984544     
 Abd=   19485.46    
 Catch=   38198.0181147218     
 Abd=   564403.4    
 Catch=   56622.2264602442     
 Abd=   152573.2    
 Catch=   13425.3025544155     
 Abd=   22753.96    
 Catch=   411173.648478070     
 Abd=   4294500.    
 Time step =         1840
 Catch=   10212.7620310117     
 Abd=   65009.50    
 Catch=   1025.01120050101     
 Abd=   6573.917    
 Catch=   13038.4388469013     
 Abd=   14159.05    
 Catch=   570.314264183267     
 Abd=   9517.959    
 Catch=   14072.3218386582     
 Abd=   47299.53    
 Catch=   14.5000088198494     
 Abd=   57.00004    
 Catch=                     NaN
 Abd=            NaN
 Catch=                     NaN
 Abd=            NaN
 Catch=   13552.3328366264     
 Abd=   226216.2    
 Catch=   8278.53993756472     
 Abd=   1880.982    
 Catch=   20245.5035263518     
 Abd=   114944.4    
 Catch=   522.254864487240     
 Abd=   8718.703    
 Catch=                     NaN
 Abd=            NaN
 Catch=   8554.84168980357     
 Abd=   124218.5    
 Catch=   55585.3460243848     
 Abd=   32160.66    
 Catch=                     NaN
 Abd=            NaN
 Catch=   1913.54978245278     
 Abd=   2802.784    
 Catch=                     NaN
 Abd=            NaN
 Catch=   7867.54077289620     
 Abd=   40822.19    
 Catch=   1270.01912788914     
 Abd=   4355.153    
 Catch=   175.747210448863     
 Abd=   1669.040    
 Catch=   89280.1587301530     
 Abd=   1490380.    
 Catch=   36772.4291190262     
 Abd=   128977.1    
 Catch=   6716.72546287535     
 Abd=   112115.3    
 Catch=                     NaN
 Abd=            NaN
 Catch=   11355.1699571985     
 Abd=   23976.95    
 Catch=   33369.1318712808     
 Abd=   19485.48    
 Catch=   38191.2447569001     
 Abd=   564304.1    
 Catch=   56622.2250395537     
 Abd=   152573.2    
 Catch=   13425.3084442187     
 Abd=   22753.96    
 Catch=   411173.744283353     
 Abd=   4294500.    
 Time step =         1841
 Catch=   10212.7626870388     
 Abd=   65009.51    
 Catch=   1025.01122146255     
 Abd=   6573.917    
 Catch=   13038.4393708860     
 Abd=   14159.05    
 Catch=   569.949268081456     
 Abd=   9511.919    
 Catch=   14072.3218386582     
 Abd=   47299.53    
 Catch=   14.5000088198494     
 Abd=   57.00004    
 Catch=                     NaN
 Abd=            NaN
 Catch=                     NaN
 Abd=            NaN
 Catch=   13547.3472041183     
 Abd=   226133.6    
 Catch=   8278.53993756472     
 Abd=   1880.982    
 Catch=   20245.3215875244     
 Abd=   114943.4    
 Catch=   522.254864487240     
 Abd=   8718.703    
 Catch=                     NaN
 Abd=            NaN
 Catch=   8553.25128338254     
 Abd=   124195.5    
 Catch=   55585.3589171980     
 Abd=   32160.66    
 Catch=                     NaN
 Abd=            NaN
 Catch=   1913.54978245278     
 Abd=   2802.784    
 Catch=                     NaN
 Abd=            NaN
 Catch=   7867.54035776788     
 Abd=   40822.20    
 Catch=   1270.01912788914     
 Abd=   4355.153    
 Catch=   175.723949270106     
 Abd=   1668.824    
 Catch=   89265.0678046308     
 Abd=   1490130.    
 Catch=   36772.4197933298     
 Abd=   128977.0    
 Catch=   6714.27515696701     
 Abd=   112074.7    
 Catch=                     NaN
 Abd=            NaN
 Catch=   11355.1662081901     
 Abd=   23976.94    
 Catch=   33369.1387279301     
 Abd=   19485.47    
 Catch=   38184.5600464707     
 Abd=   564205.8    
 Catch=   56622.2197773490     
 Abd=   152573.2    
 Catch=   13425.3073983818     
 Abd=   22753.96    
 Catch=   411173.602007188     
 Abd=   4294501.    
 Time step =         1842
 Catch=   10212.7584734807     
 Abd=   65009.47    
 Catch=   1025.01121556527     
 Abd=   6573.917    
 Catch=   13038.4391462443     
 Abd=   14159.05    
 Catch=   569.590954859819     
 Abd=   9505.996    
 Catch=   14072.3218386582     
 Abd=   47299.53    
 Catch=   14.5000088198494     
 Abd=   57.00004    
 Catch=                     NaN
 Abd=            NaN
 Catch=                     NaN
 Abd=            NaN
 Catch=   13542.4431747193     
 Abd=   226052.5    
 Catch=   8278.53993756472     
 Abd=   1880.982    
 Catch=   20245.1514723457     
 Abd=   114942.4    
 Catch=   522.254864487240     
 Abd=   8718.703    
 Catch=                     NaN
 Abd=            NaN
 Catch=   8551.68687101285     
 Abd=   124173.0    
 Catch=   55585.3581137086     
 Abd=   32160.67    
 Catch=                     NaN
 Abd=            NaN
 Catch=   1913.54978245278     
 Abd=   2802.784    
 Catch=                     NaN
 Abd=            NaN
 Catch=   7867.53883224423     
 Abd=   40822.18    
 Catch=   1270.01912788914     
 Abd=   4355.153    
 Catch=   175.702074781002     
 Abd=   1668.624    
 Catch=   89250.2132277503     
 Abd=   1489884.    
 Catch=   36772.4309413293     
 Abd=   128977.1    
 Catch=   6711.86619468452     
 Abd=   112035.0    
 Catch=                     NaN
 Abd=            NaN
 Catch=   11355.1636370748     
 Abd=   23976.94    
 Catch=   33369.1379483781     
 Abd=   19485.48    
 Catch=   38177.9356629843     
 Abd=   564108.5    
 Catch=   56622.2317608832     
 Abd=   152573.2    
 Catch=   13425.3077540710     
 Abd=   22753.96    
 Catch=   411173.914314584     
 Abd=   4294504.    
 Time step =         1843
 Catch=   10212.7555299705     
 Abd=   65009.47    
 Catch=   1025.01112945781     
 Abd=   6573.917    
 Catch=   13038.4421745268     
 Abd=   14159.06    
 Catch=   569.239336690525     
 Abd=   9500.180    
 Catch=   14072.3218386582     
 Abd=   47299.53    
 Catch=   14.5000088198494     
 Abd=   57.00004    
 Catch=                     NaN
 Abd=            NaN
 Catch=                     NaN
 Abd=            NaN
 Catch=   13537.6262079585     
 Abd=   225972.8    
 Catch=   8278.53993756472     
 Abd=   1880.982    
 Catch=   20244.9674806148     
 Abd=   114941.4    
 Catch=   522.254864487240     
 Abd=   8718.703    
 Catch=                     NaN
 Abd=            NaN
 Catch=   8550.14544864685     
 Abd=   124150.8    
 Catch=   55585.3570780342     
 Abd=   32160.66    
 Catch=                     NaN
 Abd=            NaN
 Catch=   1913.54978245278     
 Abd=   2802.784    
 Catch=                     NaN
 Abd=            NaN
 Catch=   7867.53908277373     
 Abd=   40822.18    
 Catch=   1270.01912788914     
 Abd=   4355.153    
 Catch=   175.681564176628     
 Abd=   1668.435    
 Catch=   89235.5974744980     
 Abd=   1489642.    
 Catch=   36772.4367882355     
 Abd=   128977.1    
 Catch=   6709.50312170569     
 Abd=   111995.8    
 Catch=                     NaN
 Abd=            NaN
 Catch=   11355.1635523302     
 Abd=   23976.94    
 Catch=   33369.1397303888     
 Abd=   19485.47    
 Catch=   38171.4297411422     
 Abd=   564013.2    
 Catch=   56622.2344104030     
 Abd=   152573.2    
 Catch=   13425.3072752226     
 Abd=   22753.95    
 Catch=   411173.887918400     
 Abd=   4294503.    
 Time step =         1844
 Catch=   10212.7554984216     
 Abd=   65009.46    
 Catch=   1025.01135398968     
 Abd=   6573.919    
 Catch=   13038.4415777317     
 Abd=   14159.05    
 Catch=   568.894272307590     
 Abd=   9494.475    
 Catch=   14072.3218386582     
 Abd=   47299.53    
 Catch=   14.5000088198494     
 Abd=   57.00004    
 Catch=                     NaN
 Abd=            NaN
 Catch=                     NaN
 Abd=            NaN
 Catch=   13532.8992038525     
 Abd=   225894.6    
 Catch=   8278.53993756472     
 Abd=   1880.982    
 Catch=   20244.7896823044     
 Abd=   114940.4    
 Catch=   522.254864487240     
 Abd=   8718.703    
 Catch=                     NaN
 Abd=            NaN
 Catch=   8548.62721116392     
 Abd=   124128.9    
 Catch=   55585.3618211201     
 Abd=   32160.67    
 Catch=                     NaN
 Abd=            NaN
 Catch=   1913.54978245278     
 Abd=   2802.784    
 Catch=                     NaN
 Abd=            NaN
 Catch=   7867.54162470210     
 Abd=   40822.20    
 Catch=   1270.01912788914     
 Abd=   4355.153    
 Catch=   175.662277718662     
 Abd=   1668.257    
 Catch=   89221.2637809406     
 Abd=   1489405.    
 Catch=   36772.4437805008     
 Abd=   128977.2    
 Catch=   6707.17728990032     
 Abd=   111957.3    
 Catch=                     NaN
 Abd=            NaN
 Catch=   11355.1627821440     
 Abd=   23976.93    
 Catch=   33369.1375647925     
 Abd=   19485.47    
 Catch=   38165.0334200117     
 Abd=   563919.2    
 Catch=   56622.2358344110     
 Abd=   152573.3    
 Catch=   13425.3010118378     
 Abd=   22753.95    
 Catch=   411173.719077847     
 Abd=   4294502.    
 Time step =         1845
 Catch=   10212.7559638943     
 Abd=   65009.48    
 Catch=   1025.01174571173     
 Abd=   6573.919    
 Catch=   13038.4397304093     
 Abd=   14159.05    
 Catch=   568.555687962913     
 Abd=   9488.873    
 Catch=   14072.3218386582     
 Abd=   47299.53    
 Catch=   14.5000088198494     
 Abd=   57.00004    
 Catch=                     NaN
 Abd=            NaN
 Catch=                     NaN
 Abd=            NaN
 Catch=   13528.2590445011     
 Abd=   225817.9    
 Catch=   8278.53993756472     
 Abd=   1880.982    
 Catch=   20244.6275776482     
 Abd=   114939.5    
 Catch=   522.254864487240     
 Abd=   8718.703    
 Catch=                     NaN
 Abd=            NaN
 Catch=   8547.13557515578     
 Abd=   124107.4    
 Catch=   55585.3551647560     
 Abd=   32160.66    
 Catch=                     NaN
 Abd=            NaN
 Catch=   1913.54978245278     
 Abd=   2802.784    
 Catch=                     NaN
 Abd=            NaN
 Catch=   7867.54313555784     
 Abd=   40822.20    
 Catch=   1270.01912788914     
 Abd=   4355.153    
 Catch=   175.644118845983     
 Abd=   1668.090    
 Catch=   89207.1965643536     
 Abd=   1489172.    
 Catch=   36772.4448611819     
 Abd=   128977.1    
 Catch=   6704.89020440554     
 Abd=   111919.4    
 Catch=                     NaN
 Abd=            NaN
 Catch=   11355.1606737478     
 Abd=   23976.94    
 Catch=   33369.1390854908     
 Abd=   19485.47    
 Catch=   38158.6930353452     
 Abd=   563826.1    
 Catch=   56622.2406713762     
 Abd=   152573.2    
 Catch=   13425.3075261245     
 Abd=   22753.96    
 Catch=   411173.860647921     
 Abd=   4294503.    
 Time step =         1846
 Catch=   10212.7584316998     
 Abd=   65009.48    
 Catch=   1025.01179911004     
 Abd=   6573.921    
 Catch=   13038.4394937965     
 Abd=   14159.05    
 Catch=   568.219743528222     
 Abd=   9483.232    
 Catch=   14072.3218386582     
 Abd=   47299.53    
 Catch=   14.5000088198494     
 Abd=   57.00004    
 Catch=                     NaN
 Abd=            NaN
 Catch=                     NaN
 Abd=            NaN
 Catch=   13523.7022338544     
 Abd=   225742.4    
 Catch=   8278.53993756472     
 Abd=   1880.982    
 Catch=   20244.4726076727     
 Abd=   114938.7    
 Catch=   522.254864487240     
 Abd=   8718.703    
 Catch=                     NaN
 Abd=            NaN
 Catch=   8545.67169907388     
 Abd=   124086.4    
 Catch=   55585.3482384806     
 Abd=   32160.66    
 Catch=                     NaN
 Abd=            NaN
 Catch=   1913.54978245278     
 Abd=   2802.784    
 Catch=                     NaN
 Abd=            NaN
 Catch=   7867.54226140035     
 Abd=   40822.19    
 Catch=   1270.01912788914     
 Abd=   4355.153    
 Catch=   175.627032343466     
 Abd=   1667.932    
 Catch=   89193.3282207452     
 Abd=   1488942.    
 Catch=   36772.4499306342     
 Abd=   128977.2    
 Catch=   6702.63712535824     
 Abd=   111882.2    
 Catch=                     NaN
 Abd=            NaN
 Catch=   11355.1639156617     
 Abd=   23976.95    
 Catch=   33369.1389270227     
 Abd=   19485.47    
 Catch=   38152.4421771594     
 Abd=   563734.4    
 Catch=   56622.2331279298     
 Abd=   152573.2    
 Catch=   13425.3111654762     
 Abd=   22753.96    
 Catch=   411173.896686487     
 Abd=   4294503.    
 Time step =         1847
 Catch=   10212.7592646642     
 Abd=   65009.47    
 Catch=   1025.01167265956     
 Abd=   6573.919    
 Catch=   13038.4425988261     
 Abd=   14159.05    
 Catch=   567.881826871938     
 Abd=   9477.568    
 Catch=   14072.3218386582     
 Abd=   47299.53    
 Catch=   14.5000088198494     
 Abd=   57.00004    
 Catch=                     NaN
 Abd=            NaN
 Catch=                     NaN
 Abd=            NaN
 Catch=   13519.2146828539     
 Abd=   225668.1    
 Catch=   8278.53993756472     
 Abd=   1880.982    
 Catch=   20244.3322613520     
 Abd=   114937.9    
 Catch=   522.254864487240     
 Abd=   8718.703    
 Catch=                     NaN
 Abd=            NaN
 Catch=   8544.23353008436     
 Abd=   124065.7    
 Catch=   55585.3544614327     
 Abd=   32160.66    
 Catch=                     NaN
 Abd=            NaN
 Catch=   1913.54978245278     
 Abd=   2802.784    
 Catch=                     NaN
 Abd=            NaN
 Catch=   7867.54485332506     
 Abd=   40822.21    
 Catch=   1270.01912788914     
 Abd=   4355.153    
 Catch=   175.610955363548     
 Abd=   1667.785    
 Catch=   89179.6898867464     
 Abd=   1488716.    
 Catch=   36772.4605283002     
 Abd=   128977.2    
 Catch=   6700.42693689845     
 Abd=   111845.6    
 Catch=                     NaN
 Abd=            NaN
 Catch=   11355.1664946853     
 Abd=   23976.94    
 Catch=   33369.1370805061     
 Abd=   19485.47    
 Catch=   38146.2829330365     
 Abd=   563644.1    
 Catch=   56622.2176519097     
 Abd=   152573.2    
 Catch=   13425.3080987894     
 Abd=   22753.96    
 Catch=   411173.714871182     
 Abd=   4294502.    
 Time step =         1848
 Catch=   10212.7567400499     
 Abd=   65009.47    
 Catch=   1025.01154540146     
 Abd=   6573.919    
 Catch=   13038.4396829350     
 Abd=   14159.05    
 Catch=   567.537815422719     
 Abd=   9471.791    
 Catch=   14072.3218386582     
 Abd=   47299.53    
 Catch=   14.5000088198494     
 Abd=   57.00004    
 Catch=                     NaN
 Abd=            NaN
 Catch=                     NaN
 Abd=            NaN
 Catch=   13514.8072080522     
 Abd=   225595.3    
 Catch=   8278.53993756472     
 Abd=   1880.982    
 Catch=   20244.1933508319     
 Abd=   114937.1    
 Catch=   522.254864487240     
 Abd=   8718.703    
 Catch=                     NaN
 Abd=            NaN
 Catch=   8542.81543856593     
 Abd=   124045.3    
 Catch=   55585.3469515598     
 Abd=   32160.66    
 Catch=                     NaN
 Abd=            NaN
 Catch=   1913.54978245278     
 Abd=   2802.784    
 Catch=                     NaN
 Abd=            NaN
 Catch=   7867.54325701904     
 Abd=   40822.18    
 Catch=   1270.01912788914     
 Abd=   4355.153    
 Catch=   175.595761985605     
 Abd=   1667.643    
 Catch=   89166.2823355630     
 Abd=   1488495.    
 Catch=   36772.4578614197     
 Abd=   128977.2    
 Catch=   6698.25369474443     
 Abd=   111809.6    
 Catch=                     NaN
 Abd=            NaN
 Catch=   11355.1652570488     
 Abd=   23976.94    
 Catch=   33369.1353164748     
 Abd=   19485.47    
 Catch=   38140.2004915396     
 Abd=   563554.8    
 Catch=   56622.2214770914     
 Abd=   152573.2    
 Catch=   13425.3047669624     
 Abd=   22753.95    
 Catch=   411173.752383352     
 Abd=   4294502.    
 Time step =         1849
 Catch=   10212.7582672055     
 Abd=   65009.47    
 Catch=   1025.01154540146     
 Abd=   6573.919    
 Catch=   13038.4376848024     
 Abd=   14159.05    
 Catch=   567.194528863809     
 Abd=   9466.111    
 Catch=   14072.3218386582     
 Abd=   47299.53    
 Catch=   14.5000088198494     
 Abd=   57.00004    
 Catch=                     NaN
 Abd=            NaN
 Catch=                     NaN
 Abd=            NaN
 Catch=   13510.4872470980     
 Abd=   225523.9    
 Catch=   8278.53993756472     
 Abd=   1880.982    
 Catch=   20244.0480867410     
 Abd=   114936.3    
 Catch=   522.254864487240     
 Abd=   8718.703    
 Catch=                     NaN
 Abd=            NaN
 Catch=   8541.42135101334     
 Abd=   124025.1    
 Catch=   55585.3479788086     
 Abd=   32160.66    
 Catch=                     NaN
 Abd=            NaN
 Catch=   1913.54978245278     
 Abd=   2802.784    
 Catch=                     NaN
 Abd=            NaN
 Catch=   7867.54154360743     
 Abd=   40822.19    
 Catch=   1270.01912788914     
 Abd=   4355.153    
 Catch=   175.581276394557     
 Abd=   1667.511    
 Catch=   89153.1061057720     
 Abd=   1488276.    
 Catch=   36772.4748724872     
 Abd=   128977.2    
 Catch=   6696.11330233213     
 Abd=   111774.1    
 Catch=                     NaN
 Abd=            NaN
 Catch=   11355.1666019451     
 Abd=   23976.95    
 Catch=   33369.1395708714     
 Abd=   19485.48    
 Catch=   38134.1941765553     
 Abd=   563466.8    
 Catch=   56622.2134262025     
 Abd=   152573.1    
 Catch=   13425.3039081874     
 Abd=   22753.96    
 Catch=   411173.888072703     
 Abd=   4294504.    
 Time step =         1850
 Catch=   10212.7547057861     
 Abd=   65009.45    
 Catch=   1025.01154540146     
 Abd=   6573.919    
 Catch=   13038.4362419539     
 Abd=   14159.05    
 Catch=   566.857647686832     
 Abd=   9460.534    
 Catch=   14072.3218386582     
 Abd=   47299.53    
 Catch=   14.5000088198494     
 Abd=   57.00004    
 Catch=                     NaN
 Abd=            NaN
 Catch=                     NaN
 Abd=            NaN
 Catch=   13506.2462844145     
 Abd=   225453.7    
 Catch=   8278.53993756472     
 Abd=   1880.982    
 Catch=   20243.9101761546     
 Abd=   114935.5    
 Catch=   522.254864487240     
 Abd=   8718.703    
 Catch=                     NaN
 Abd=            NaN
 Catch=   8540.04377252789     
 Abd=   124005.2    
 Catch=   55585.3536524123     
 Abd=   32160.66    
 Catch=                     NaN
 Abd=            NaN
 Catch=   1913.54978245278     
 Abd=   2802.784    
 Catch=                     NaN
 Abd=            NaN
 Catch=   7867.54352287586     
 Abd=   40822.20    
 Catch=   1270.01912788914     
 Abd=   4355.153    
 Catch=   175.567778367541     
 Abd=   1667.386    
 Catch=   89140.1035812114     
 Abd=   1488061.    
 Catch=   36772.4639720826     
 Abd=   128977.2    
 Catch=   6694.00454618596     
 Abd=   111738.2    
 Catch=                     NaN
 Abd=            NaN
 Catch=   11355.1685938412     
 Abd=   23976.96    
 Catch=   33369.1390703737     
 Abd=   19485.47    
 Catch=   38128.2762234505     
 Abd=   563379.9    
 Catch=   56622.2219149037     
 Abd=   152573.2    
 Catch=   13425.3088306945     
 Abd=   22753.96    
 Catch=   411173.981164397     
 Abd=   4294503.    
 Time step =         1851
 Catch=   10212.7555653276     
 Abd=   65009.47    
 Catch=   1025.01154540146     
 Abd=   6573.919    
 Catch=   13038.4367355825     
 Abd=   14159.05    
 Catch=   566.523415405595     
 Abd=   9454.967    
 Catch=   14072.3218386582     
 Abd=   47299.53    
 Catch=   14.5000088198494     
 Abd=   57.00004    
 Catch=                     NaN
 Abd=            NaN
 Catch=                     NaN
 Abd=            NaN
 Catch=   13502.0816406905     
 Abd=   225384.8    
 Catch=   8278.53993756472     
 Abd=   1880.982    
 Catch=   20243.7749440163     
 Abd=   114934.8    
 Catch=   522.254864487240     
 Abd=   8718.703    
 Catch=                     NaN
 Abd=            NaN
 Catch=   8538.69011851289     
 Abd=   123985.8    
 Catch=   55585.3485082019     
 Abd=   32160.66    
 Catch=                     NaN
 Abd=            NaN
 Catch=   1913.54978245278     
 Abd=   2802.784    
 Catch=                     NaN
 Abd=            NaN
 Catch=   7867.54460085633     
 Abd=   40822.20    
 Catch=   1270.01912788914     
 Abd=   4355.153    
 Catch=   175.554985220669     
 Abd=   1667.268    
 Catch=   89127.3507879645     
 Abd=   1487850.    
 Catch=   36772.4562630096     
 Abd=   128977.2    
 Catch=   6691.87619526177     
 Abd=   111703.0    
 Catch=                     NaN
 Abd=            NaN
 Catch=   11355.1684114973     
 Abd=   23976.95    
 Catch=   33369.1421061664     
 Abd=   19485.47    
 Catch=   38122.4600270616     
 Abd=   563294.9    
 Catch=   56622.2500429699     
 Abd=   152573.3    
 Catch=   13425.3069197848     
 Abd=   22753.96    
 Catch=   411174.025159830     
 Abd=   4294504.    
 Time step =         1852
 Catch=   10212.7573293759     
 Abd=   65009.47    
 Catch=   1025.01154540146     
 Abd=   6573.919    
 Catch=   13038.4354345093     
 Abd=   14159.04    
 Catch=   566.194085766660     
 Abd=   9449.537    
 Catch=   14072.3218386582     
 Abd=   47299.53    
 Catch=   14.5000088198494     
 Abd=   57.00004    
 Catch=                     NaN
 Abd=            NaN
 Catch=                     NaN
 Abd=            NaN
 Catch=   13497.9923108986     
 Abd=   225317.1    
 Catch=   8278.53993756472     
 Abd=   1880.982    
 Catch=   20243.6505456103     
 Abd=   114934.1    
 Catch=   522.254864487240     
 Abd=   8718.703    
 Catch=                     NaN
 Abd=            NaN
 Catch=   8537.36239172126     
 Abd=   123966.6    
 Catch=   55585.3472198848     
 Abd=   32160.66    
 Catch=                     NaN
 Abd=            NaN
 Catch=   1913.54978245278     
 Abd=   2802.784    
 Catch=                     NaN
 Abd=            NaN
 Catch=   7867.54362087314     
 Abd=   40822.20    
 Catch=   1270.01912788914     
 Abd=   4355.153    
 Catch=   175.542934116152     
 Abd=   1667.156    
 Catch=   89114.8036765346     
 Abd=   1487643.    
 Catch=   36772.4568822075     
 Abd=   128977.2    
 Catch=   6689.78748396973     
 Abd=   111668.4    
 Catch=                     NaN
 Abd=            NaN
 Catch=   11355.1655328554     
 Abd=   23976.95    
 Catch=   33369.1409490654     
 Abd=   19485.48    
 Catch=   38116.7282038122     
 Abd=   563210.2    
 Catch=   56622.2738969243     
 Abd=   152573.3    
 Catch=   13425.3061197220     
 Abd=   22753.96    
 Catch=   411174.001811660     
 Abd=   4294503.    
 Time step =         1853
 Catch=   10212.7559510071     
 Abd=   65009.48    
 Catch=   1025.01154540146     
 Abd=   6573.919    
 Catch=   13038.4369787179     
 Abd=   14159.05    
 Catch=   565.872916019056     
 Abd=   9444.243    
 Catch=   14072.3218386582     
 Abd=   47299.53    
 Catch=   14.5000088198494     
 Abd=   57.00004    
 Catch=                     NaN
 Abd=            NaN
 Catch=                     NaN
 Abd=            NaN
 Catch=   13493.9710703371     
 Abd=   225250.4    
 Catch=   8278.53993756472     
 Abd=   1880.982    
 Catch=   20243.5259087122     
 Abd=   114933.4    
 Catch=   522.254864487240     
 Abd=   8718.703    
 Catch=                     NaN
 Abd=            NaN
 Catch=   8536.03746325610     
 Abd=   123947.4    
 Catch=   55585.3587319851     
 Abd=   32160.66    
 Catch=                     NaN
 Abd=            NaN
 Catch=   1913.54978245278     
 Abd=   2802.784    
 Catch=                     NaN
 Abd=            NaN
 Catch=   7867.54465423274     
 Abd=   40822.23    
 Catch=   1270.01912788914     
 Abd=   4355.153    
 Catch=   175.531559893222     
 Abd=   1667.052    
 Catch=   89102.4867836445     
 Abd=   1487438.    
 Catch=   36772.4518399846     
 Abd=   128977.2    
 Catch=   6687.73664121718     
 Abd=   111634.5    
 Catch=                     NaN
 Abd=            NaN
 Catch=   11355.1653289748     
 Abd=   23976.94    
 Catch=   33369.1430433198     
 Abd=   19485.47    
 Catch=   38111.0300230063     
 Abd=   563126.6    
 Catch=   56622.2468055199     
 Abd=   152573.3    
 Catch=   13425.3099969773     
 Abd=   22753.96    
 Catch=   411173.920193053     
 Abd=   4294504.    
 Time step =         1854
 Catch=   10212.7565630978     
 Abd=   65009.46    
 Catch=   1025.01154540146     
 Abd=   6573.919    
 Catch=   13038.4378038427     
 Abd=   14159.05    
 Catch=   565.559706181559     
 Abd=   9439.077    
 Catch=   14072.3218386582     
 Abd=   47299.53    
 Catch=   14.5000088198494     
 Abd=   57.00004    
 Catch=                     NaN
 Abd=            NaN
 Catch=                     NaN
 Abd=            NaN
 Catch=   13490.0067357953     
 Abd=   225184.8    
 Catch=   8278.53993756472     
 Abd=   1880.982    
 Catch=   20243.4031913028     
 Abd=   114932.7    
 Catch=   522.254864487240     
 Abd=   8718.703    
 Catch=                     NaN
 Abd=            NaN
 Catch=   8534.72437359320     
 Abd=   123928.5    
 Catch=   55585.3446872804     
 Abd=   32160.66    
 Catch=                     NaN
 Abd=            NaN
 Catch=   1913.54978245278     
 Abd=   2802.784    
 Catch=                     NaN
 Abd=            NaN
 Catch=   7867.54983453286     
 Abd=   40822.24    
 Catch=   1270.01912788914     
 Abd=   4355.153    
 Catch=   175.520806290939     
 Abd=   1666.952    
 Catch=   89090.4090697139     
 Abd=   1487239.    
 Catch=   36772.4655246846     
 Abd=   128977.2    
 Catch=   6685.71904635065     
 Abd=   111601.1    
 Catch=                     NaN
 Abd=            NaN
 Catch=   11355.1623523824     
 Abd=   23976.94    
 Catch=   33369.1389372441     
 Abd=   19485.47    
 Catch=   38105.4196036046     
 Abd=   563044.1    
 Catch=   56622.2278790073     
 Abd=   152573.2    
 Catch=   13425.3096680784     
 Abd=   22753.96    
 Catch=   411173.859078723     
 Abd=   4294504.    
 Time step =         1855
 Catch=   10212.7551013502     
 Abd=   65009.46    
 Catch=   1025.01154540146     
 Abd=   6573.919    
 Catch=   13038.4399001189     
 Abd=   14159.05    
 Catch=   565.254056495934     
 Abd=   9434.036    
 Catch=   14072.3218386582     
 Abd=   47299.53    
 Catch=   14.5000088198494     
 Abd=   57.00004    
 Catch=                     NaN
 Abd=            NaN
 Catch=                     NaN
 Abd=            NaN
 Catch=   13486.1166157581     
 Abd=   225120.5    
 Catch=   8278.53993756472     
 Abd=   1880.982    
 Catch=   20243.2826906997     
 Abd=   114932.0    
 Catch=   522.254864487240     
 Abd=   8718.703    
 Catch=                     NaN
 Abd=            NaN
 Catch=   8533.43670362726     
 Abd=   123910.0    
 Catch=   55585.3505693579     
 Abd=   32160.66    
 Catch=                     NaN
 Abd=            NaN
 Catch=   1913.54978245278     
 Abd=   2802.784    
 Catch=                     NaN
 Abd=            NaN
 Catch=   7867.55113320176     
 Abd=   40822.23    
 Catch=   1270.01912788914     
 Abd=   4355.153    
 Catch=   175.510568309466     
 Abd=   1666.857    
 Catch=   89078.5072599781     
 Abd=   1487042.    
 Catch=   36772.4598913246     
 Abd=   128977.2    
 Catch=   6683.73348532406     
 Abd=   111568.2    
 Catch=                     NaN
 Abd=            NaN
 Catch=   11355.1650903701     
 Abd=   23976.94    
 Catch=   33369.1283857853     
 Abd=   19485.46    
 Catch=   38099.8655972464     
 Abd=   562962.8    
 Catch=   56622.2235966811     
 Abd=   152573.2    
 Catch=   13425.3182256535     
 Abd=   22753.98    
 Catch=   411173.951628445     
 Abd=   4294504.    
 Time step =         1856
 Catch=   10212.7573265458     
 Abd=   65009.47    
 Catch=   1025.01154540146     
 Abd=   6573.919    
 Catch=   13038.4422285117     
 Abd=   14159.05    
 Catch=   564.955555054174     
 Abd=   9429.110    
 Catch=   14072.3218386582     
 Abd=   47299.53    
 Catch=   14.5000088198494     
 Abd=   57.00004    
 Catch=                     NaN
 Abd=            NaN
 Catch=                     NaN
 Abd=            NaN
 Catch=   13482.2940283469     
 Abd=   225057.2    
 Catch=   8278.53993756472     
 Abd=   1880.982    
 Catch=   20243.1800447574     
 Abd=   114931.4    
 Catch=   522.254864487240     
 Abd=   8718.703    
 Catch=                     NaN
 Abd=            NaN
 Catch=   8532.17096189622     
 Abd=   123891.8    
 Catch=   55585.3528960749     
 Abd=   32160.66    
 Catch=                     NaN
 Abd=            NaN
 Catch=   1913.54978245278     
 Abd=   2802.784    
 Catch=                     NaN
 Abd=            NaN
 Catch=   7867.55334411421     
 Abd=   40822.25    
 Catch=   1270.01912788914     
 Abd=   4355.153    
 Catch=   175.500764945403     
 Abd=   1666.767    
 Catch=   89066.7950685966     
 Abd=   1486848.    
 Catch=   36772.4586444756     
 Abd=   128977.2    
 Catch=   6681.78313284234     
 Abd=   111536.0    
 Catch=                     NaN
 Abd=            NaN
 Catch=   11355.1656961655     
 Abd=   23976.94    
 Catch=   33369.1343585199     
 Abd=   19485.46    
 Catch=   38094.4045716205     
 Abd=   562882.6    
 Catch=   56622.2267675079     
 Abd=   152573.2    
 Catch=   13425.3149402826     
 Abd=   22753.97    
 Catch=   411173.958904958     
 Abd=   4294504.    
 Time step =         1857
 Catch=   10212.7555607945     
 Abd=   65009.46    
 Catch=   1025.01154540146     
 Abd=   6573.919    
 Catch=   13038.4412317541     
 Abd=   14159.05    
 Catch=   564.664078176432     
 Abd=   9424.304    
 Catch=   14072.3218386582     
 Abd=   47299.53    
 Catch=   14.5000088198494     
 Abd=   57.00004    
 Catch=                     NaN
 Abd=            NaN
 Catch=                     NaN
 Abd=            NaN
 Catch=   13478.5354683863     
 Abd=   224995.2    
 Catch=   8278.53993756472     
 Abd=   1880.982    
 Catch=   20243.0712066633     
 Abd=   114930.8    
 Catch=   522.254864487240     
 Abd=   8718.703    
 Catch=                     NaN
 Abd=            NaN
 Catch=   8530.92665236330     
 Abd=   123873.9    
 Catch=   55585.3485928467     
 Abd=   32160.66    
 Catch=                     NaN
 Abd=            NaN
 Catch=   1913.54978245278     
 Abd=   2802.784    
 Catch=                     NaN
 Abd=            NaN
 Catch=   7867.55364821171     
 Abd=   40822.25    
 Catch=   1270.01912788914     
 Abd=   4355.153    
 Catch=   175.491495352177     
 Abd=   1666.680    
 Catch=   89055.2904969377     
 Abd=   1486657.    
 Catch=   36772.4595028877     
 Abd=   128977.2    
 Catch=   6679.87001154387     
 Abd=   111504.2    
 Catch=                     NaN
 Abd=            NaN
 Catch=   11355.1656534920     
 Abd=   23976.95    
 Catch=   33369.1329206005     
 Abd=   19485.47    
 Catch=   38089.0129431169     
 Abd=   562803.5    
 Catch=   56622.2346736650     
 Abd=   152573.2    
 Catch=   13425.3170188928     
 Abd=   22753.98    
 Catch=   411173.965071556     
 Abd=   4294504.    
 Time step =         1858
 Catch=   10212.7522819053     
 Abd=   65009.44    
 Catch=   1025.01154540146     
 Abd=   6573.919    
 Catch=   13038.4428618245     
 Abd=   14159.05    
 Catch=   564.379607698992     
 Abd=   9419.613    
 Catch=   14072.3218386582     
 Abd=   47299.53    
 Catch=   14.5000088198494     
 Abd=   57.00004    
 Catch=                     NaN
 Abd=            NaN
 Catch=                     NaN
 Abd=            NaN
 Catch=   13474.8560785408     
 Abd=   224934.2    
 Catch=   8278.53993756472     
 Abd=   1880.982    
 Catch=   20242.9633998710     
 Abd=   114930.2    
 Catch=   522.254864487240     
 Abd=   8718.703    
 Catch=                     NaN
 Abd=            NaN
 Catch=   8529.70931628224     
 Abd=   123856.4    
 Catch=   55585.3586501406     
 Abd=   32160.67    
 Catch=                     NaN
 Abd=            NaN
 Catch=   1913.54978245278     
 Abd=   2802.784    
 Catch=                     NaN
 Abd=            NaN
 Catch=   7867.55417440352     
 Abd=   40822.26    
 Catch=   1270.01912788914     
 Abd=   4355.153    
 Catch=   175.482637949174     
 Abd=   1666.599    
 Catch=   89043.9182706267     
 Abd=   1486469.    
 Catch=   36772.4563678303     
 Abd=   128977.2    
 Catch=   6677.98274728224     
 Abd=   111473.1    
 Catch=                     NaN
 Abd=            NaN
 Catch=   11355.1662284131     
 Abd=   23976.95    
 Catch=   33369.1355036600     
 Abd=   19485.48    
 Catch=   38083.6916402377     
 Abd=   562725.4    
 Catch=   56622.2351538120     
 Abd=   152573.2    
 Catch=   13425.3191702502     
 Abd=   22753.98    
 Catch=   411173.865706841     
 Abd=   4294502.    
 Time step =         1859
 Catch=   10212.7535857233     
 Abd=   65009.45    
 Catch=   1025.01154540146     
 Abd=   6573.919    
 Catch=   13038.4399077481     
 Abd=   14159.05    
 Catch=   564.101590851987     
 Abd=   9415.014    
 Catch=   14072.3218386582     
 Abd=   47299.53    
 Catch=   14.5000088198494     
 Abd=   57.00004    
 Catch=                     NaN
 Abd=            NaN
 Catch=                     NaN
 Abd=            NaN
 Catch=   13471.2318093075     
 Abd=   224874.2    
 Catch=   8278.53993756472     
 Abd=   1880.982    
 Catch=   20242.8667959827     
 Abd=   114929.8    
 Catch=   522.254864487240     
 Abd=   8718.703    
 Catch=                     NaN
 Abd=            NaN
 Catch=   8528.51236311466     
 Abd=   123839.1    
 Catch=   55585.3694926214     
 Abd=   32160.67    
 Catch=                     NaN
 Abd=            NaN
 Catch=   1913.54978245278     
 Abd=   2802.784    
 Catch=                     NaN
 Abd=            NaN
 Catch=   7867.55558040319     
 Abd=   40822.25    
 Catch=   1270.01912788914     
 Abd=   4355.153    
 Catch=   175.474344825876     
 Abd=   1666.522    
 Catch=   89032.8065893413     
 Abd=   1486285.    
 Catch=   36772.4549762732     
 Abd=   128977.2    
 Catch=   6676.12522358492     
 Abd=   111442.2    
 Catch=                     NaN
 Abd=            NaN
 Catch=   11355.1662062503     
 Abd=   23976.95    
 Catch=   33369.1392600055     
 Abd=   19485.46    
 Catch=   38078.4412777570     
 Abd=   562648.2    
 Catch=   56622.2372744737     
 Abd=   152573.2    
 Catch=   13425.3166993372     
 Abd=   22753.97    
 Catch=   411173.737539204     
 Abd=   4294500.    
 Time step =         1860
 Catch=   10212.7542730595     
 Abd=   65009.46    
 Catch=   1025.01154540146     
 Abd=   6573.919    
 Catch=   13038.4377128275     
 Abd=   14159.05    
 Catch=   563.828969067866     
 Abd=   9410.516    
 Catch=   14072.3218386582     
 Abd=   47299.53    
 Catch=   14.5000088198494     
 Abd=   57.00004    
 Catch=                     NaN
 Abd=            NaN
 Catch=                     NaN
 Abd=            NaN
 Catch=   13467.6586556264     
 Abd=   224814.9    
 Catch=   8278.53993756472     
 Abd=   1880.982    
 Catch=   20242.7804160318     
 Abd=   114929.2    
 Catch=   522.254864487240     
 Abd=   8718.703    
 Catch=                     NaN
 Abd=            NaN
 Catch=   8527.33375863717     
 Abd=   123822.2    
 Catch=   55585.3683680123     
 Abd=   32160.67    
 Catch=                     NaN
 Abd=            NaN
 Catch=   1913.54978245278     
 Abd=   2802.784    
 Catch=                     NaN
 Abd=            NaN
 Catch=   7867.55598700161     
 Abd=   40822.27    
 Catch=   1270.01912788914     
 Abd=   4355.153    
 Catch=   175.466517295334     
 Abd=   1666.450    
 Catch=   89021.8361769857     
 Abd=   1486103.    
 Catch=   36772.4456831311     
 Abd=   128977.1    
 Catch=   6674.29233766477     
 Abd=   111411.9    
 Catch=                     NaN
 Abd=            NaN
 Catch=   11355.1656330571     
 Abd=   23976.95    
 Catch=   33369.1368764795     
 Abd=   19485.46    
 Catch=   38073.2479205903     
 Abd=   562572.0    
 Catch=   56622.2307669157     
 Abd=   152573.2    
 Catch=   13425.3148671998     
 Abd=   22753.97    
 Catch=   411173.636153714     
 Abd=   4294501.    
 Time step =         1811
 Abd=   65009.46    
 Catch=   425.950929565282     
 Abd=   6573.919    
 Catch=   41.8331150254688     
 Abd=   14159.05    
 Catch=   548.301446950988     
 Abd=   9410.516    
 Catch=   23.5870474367842     
 Abd=   47299.53    
 Catch=   591.691311114304     
 Abd=   57.00004    
 Catch=  0.600223559168979     
 Abd=            NaN
 Catch=                     NaN
 Abd=            NaN
 Catch=                     NaN
 Abd=   224814.9    
 Catch=   559.825270105817     
 Abd=   1880.982    
 Catch=   351.350856331844     
 Abd=   114929.2    
 Catch=   844.852229916051     
 Abd=   8718.703    
 Catch=   21.9036506127776     
 Abd=            NaN
 Catch=                     NaN
 Abd=   123822.2    
 Catch=   354.974605308938     
 Abd=   32160.67    
 Catch=   2170.20941732819     
 Abd=            NaN
 Catch=                     NaN
 Abd=   2802.784    
 Catch=   73.5430313449621     
 Abd=            NaN
 Catch=                     NaN
 Abd=   40822.27    
 Catch=   325.064675020590     
 Abd=   4355.153    
 Catch=   52.3590092206647     
 Abd=   1666.450    
 Catch=   7.30857630985088     
 Abd=   1486103.    
 Catch=   3712.03033012715     
 Abd=   128977.1    
 Catch=   1513.62593845491     
 Abd=   111411.9    
 Catch=   277.783651598743     
 Abd=            NaN
 Catch=                     NaN
 Abd=   23976.95    
 Catch=   471.909820736843     
 Abd=   19485.46    
 Catch=   1497.52929739938     
 Abd=   562572.0    
 Catch=   1574.46735227796     
 Abd=   152573.2    
 Catch=   2318.20890379759     
 Abd=   22753.97    
 Catch=   563.777888650638     
 Abd=   4294501.    
 Catch=   17187.5420741398     
 Time step =         1812
 Abd=   65080.39    
 Catch=   426.329216074681     
 Abd=   6436.535    
 Catch=   43.4751661679103     
 Abd=   14298.16    
 Catch=   566.071049966022     
 Abd=   9450.617    
 Catch=   23.3987789683177     
 Abd=   47736.78    
 Catch=   593.032883760485     
 Abd=   56.62118    
 Catch=  0.563951431888100     
 Abd=            NaN
 Catch=                     NaN
 Abd=            NaN
 Catch=                     NaN
 Abd=   224310.6    
 Catch=   560.049575607827     
 Abd=   1915.978    
 Catch=   340.529222634971     
 Abd=   115124.7    
 Catch=   835.714768852317     
 Abd=   8777.202    
 Catch=   22.0773647461058     
 Abd=            NaN
 Catch=                     NaN
 Abd=   123721.6    
 Catch=   352.378132475704     
 Abd=   30122.26    
 Catch=   2001.82163672180     
 Abd=            NaN
 Catch=                     NaN
 Abd=   2583.240    
 Catch=   62.3769610306426     
 Abd=            NaN
 Catch=                     NaN
 Abd=   40480.98    
 Catch=   328.001561776842     
 Abd=   4308.360    
 Catch=   51.7435107700438     
 Abd=   1665.906    
 Catch=   7.31255649123642     
 Abd=   1487369.    
 Catch=   3727.67164622391     
 Abd=   127391.6    
 Catch=   1510.47631874336     
 Abd=   111303.8    
 Catch=   277.024840323123     
 Abd=            NaN
 Catch=                     NaN
 Abd=   23918.98    
 Catch=   492.052716414051     
 Abd=   21005.10    
 Catch=   1312.14818895207     
 Abd=   558231.5    
 Catch=   1565.46092540333     
 Abd=   149879.4    
 Catch=   2304.27987612187     
 Abd=   22941.44    
 Catch=   587.802613624106     
 Abd=   4308666.    
 Catch=   17128.9908054587     
 Time step =         1813
 Abd=   65137.80    
 Catch=   426.122319344507     
 Abd=   6697.331    
 Catch=   42.5010160917838     
 Abd=   14764.93    
 Catch=   582.587056553062     
 Abd=   9373.307    
 Catch=   23.3391453268879     
 Abd=   47840.64    
 Catch=   587.451230906896     
 Abd=   53.13573    
 Catch=  0.560193951093660     
 Abd=            NaN
 Catch=                     NaN
 Abd=            NaN
 Catch=                     NaN
 Abd=   224414.5    
 Catch=   561.045705924105     
 Abd=   1856.942    
 Catch=   313.561285874732     
 Abd=   113808.4    
 Catch=   843.978711065338     
 Abd=   8847.035    
 Catch=   22.2143073389318     
 Abd=            NaN
 Catch=                     NaN
 Abd=   122801.1    
 Catch=   348.920759661579     
 Abd=   27785.30    
 Catch=   2232.31391818555     
 Abd=            NaN
 Catch=                     NaN
 Abd=   2191.420    
 Catch=   50.5891253907554     
 Abd=            NaN
 Catch=                     NaN
 Abd=   40859.75    
 Catch=   329.888700718777     
 Abd=   4257.634    
 Catch=   52.9703261328211     
 Abd=   1666.837    
 Catch=   7.31987422279003     
 Abd=   1493741.    
 Catch=   3670.79165832344     
 Abd=   127151.0    
 Catch=   1505.76922595030     
 Abd=   110996.1    
 Catch=   274.626462809162     
 Abd=            NaN
 Catch=                     NaN
 Abd=   24958.11    
 Catch=   505.538888077323     
 Abd=   18381.95    
 Catch=   1199.44850213713     
 Abd=   555067.8    
 Catch=   1559.11464016317     
 Abd=   149006.7    
 Catch=   2319.99087330649     
 Abd=   23930.48    
 Catch=   603.204600454127     
 Abd=   4293411.    
 Catch=   17119.7299047882     
 Time step =         1814
 Abd=   65104.41    
 Catch=   428.956464910587     
 Abd=   6538.960    
 Catch=   43.4758347665275     
 Abd=   15195.09    
 Catch=   594.831548876080     
 Abd=   9353.910    
 Catch=   23.2375946203727     
 Abd=   47380.89    
 Catch=   590.799031153520     
 Abd=   52.84551    
 Catch=  0.570900675026009     
 Abd=            NaN
 Catch=                     NaN
 Abd=            NaN
 Catch=                     NaN
 Abd=   224820.7    
 Catch=   561.831927070792     
 Abd=   1710.000    
 Catch=   345.681459961151     
 Abd=   115037.1    
 Catch=   863.544831502734     
 Abd=   8901.590    
 Catch=   22.3937259911448     
 Abd=            NaN
 Catch=                     NaN
 Abd=   121591.9    
 Catch=   347.878125136795     
 Abd=   31027.99    
 Catch=   2494.87257858785     
 Abd=            NaN
 Catch=                     NaN
 Abd=   1775.646    
 Catch=   53.5309337803192     
 Abd=            NaN
 Catch=                     NaN
 Abd=   41092.03    
 Catch=   332.412814284076     
 Abd=   4361.412    
 Catch=   52.9537082414545     
 Abd=   1668.522    
 Catch=   7.35618108151750     
 Abd=   1470375.    
 Catch=   3647.47165137943     
 Abd=   126752.7    
 Catch=   1513.08127854034     
 Abd=   110022.6    
 Catch=   273.539572557937     
 Abd=            NaN
 Catch=                     NaN
 Abd=   25636.20    
 Catch=   517.836508610800     
 Abd=   16822.83    
 Catch=   1344.10229304141     
 Abd=   552898.9    
 Catch=   1564.76629197153     
 Abd=   150058.7    
 Catch=   2346.12035486734     
 Abd=   24552.23    
 Catch=   612.493307612434     
 Abd=   4291348.    
 Catch=   17104.7621404796     
 Time step =         1815
 Abd=   65547.31    
 Catch=   428.524292034311     
 Abd=   6695.165    
 Catch=   43.6577744179446     
 Abd=   15511.28    
 Catch=   593.229172695961     
 Abd=   9310.724    
 Catch=   23.6658192722120     
 Abd=   47662.92    
 Catch=   586.997456254676     
 Abd=   53.88145    
 Catch=  0.587650303494809     
 Abd=            NaN
 Catch=                     NaN
 Abd=            NaN
 Catch=                     NaN
 Abd=   225132.4    
 Catch=   562.821054455725     
 Abd=   1885.154    
 Catch=   369.415576994967     
 Abd=   117726.2    
 Catch=   888.241656864571     
 Abd=   8973.840    
 Catch=   22.4234372296749     
 Abd=            NaN
 Catch=                     NaN
 Abd=   121243.8    
 Catch=   348.429462570848     
 Abd=   34673.53    
 Catch=   2504.59997172585     
 Abd=            NaN
 Catch=                     NaN
 Abd=   1887.447    
 Catch=   69.9040530098484     
 Abd=            NaN
 Catch=                     NaN
 Abd=   41407.66    
 Catch=   335.207759197744     
 Abd=   4358.077    
 Catch=   53.5275162918472     
 Abd=   1676.931    
 Catch=   7.34275507150243     
 Abd=   1461295.    
 Catch=   3654.09774548203     
 Abd=   127384.3    
 Catch=   1520.61036714699     
 Abd=   109598.1    
 Catch=   273.640432785013     
 Abd=            NaN
 Catch=                     NaN
 Abd=   26256.02    
 Catch=   519.590632686849     
 Abd=   18860.38    
 Catch=   1487.69821395451     
 Abd=   554983.2    
 Catch=   1573.85205036982     
 Abd=   151755.5    
 Catch=   2346.12440550349     
 Abd=   24922.54    
 Catch=   611.875981433571     
 Abd=   4287563.    
 Catch=   17064.7070317804     
 Time step =         1816
 Abd=   65471.59    
 Catch=   428.436450878295     
 Abd=   6720.500    
 Catch=   42.6403033681626     
 Abd=   15464.93    
 Catch=   588.996373898455     
 Abd=   9485.959    
 Catch=   23.6341724946153     
 Abd=   47346.61    
 Catch=   587.252479698754     
 Abd=   55.47205    
 Catch=  0.589617127888589     
 Abd=            NaN
 Catch=                     NaN
 Abd=            NaN
 Catch=                     NaN
 Abd=   225528.8    
 Catch=   563.887340207834     
 Abd=   2014.550    
 Catch=   379.927086468382     
 Abd=   121104.5    
 Catch=   900.273428037016     
 Abd=   8984.486    
 Catch=   22.3949914714895     
 Abd=            NaN
 Catch=                     NaN
 Abd=   121447.2    
 Catch=   349.956775113601     
 Abd=   34781.90    
 Catch=   2452.04792332124     
 Abd=            NaN
 Catch=                     NaN
 Abd=   2470.560    
 Catch=   81.1943627830609     
 Abd=            NaN
 Catch=                     NaN
 Abd=   41756.20    
 Catch=   339.057075140918     
 Abd=   4406.236    
 Catch=   53.7816645467638     
 Abd=   1673.641    
 Catch=   7.34582925921741     
 Abd=   1464189.    
 Catch=   3676.34230544109     
 Abd=   128019.5    
 Catch=   1535.51031593698     
 Abd=   109647.2    
 Catch=   274.620485802255     
 Abd=            NaN
 Catch=                     NaN
 Abd=   26337.16    
 Catch=   524.413946297636     
 Abd=   20874.20    
 Catch=   1551.72860226282     
 Abd=   558230.4    
 Catch=   1575.95930817899     
 Abd=   151726.5    
 Catch=   2354.90130824890     
 Abd=   24890.60    
 Catch=   615.518008451531     
 Abd=   4277394.    
 Catch=   17007.0064952920     
 Time step =         1817
 Abd=   65459.02    
 Catch=   427.481610207952     
 Abd=   6560.412    
 Catch=   43.0599061910359     
 Abd=   15354.26    
 Catch=   580.902746913191     
 Abd=   9469.489    
 Catch=   23.9072679220285     
 Abd=   47371.94    
 Catch=   589.034476261213     
 Abd=   55.63083    
 Catch=  0.579137230255146     
 Abd=            NaN
 Catch=                     NaN
 Abd=            NaN
 Catch=                     NaN
 Abd=   225957.7    
 Catch=   563.786677887901     
 Abd=   2071.823    
 Catch=   393.641503699793     
 Abd=   122703.9    
 Catch=   902.621701179434     
 Abd=   8972.635    
 Catch=   22.1704978741951     
 Abd=            NaN
 Catch=                     NaN
 Abd=   121985.8    
 Catch=   350.871787411831     
 Abd=   34056.99    
 Catch=   2414.14276371670     
 Abd=            NaN
 Catch=                     NaN
 Abd=   2861.683    
 Catch=   83.7257492876409     
 Abd=            NaN
 Catch=                     NaN
 Abd=   42237.76    
 Catch=   340.602573925482     
 Abd=   4426.647    
 Catch=   54.1897990742793     
 Abd=   1674.420    
 Catch=   7.34019060319371     
 Abd=   1473227.    
 Catch=   3708.95169076896     
 Abd=   129283.4    
 Catch=   1539.50816330783     
 Abd=   110047.7    
 Catch=   275.529730071908     
 Abd=            NaN
 Catch=                     NaN
 Abd=   26584.67    
 Catch=   517.951942070572     
 Abd=   21760.39    
 Catch=   1588.46795900109     
 Abd=   558932.9    
 Catch=   1567.52242406590     
 Abd=   152304.0    
 Catch=   2311.65184174005     
 Abd=   25046.33    
 Catch=   607.847374769653     
 Abd=   4262842.    
 Catch=   16969.9429347225     
 Time step =         1818
 Abd=   65311.10    
 Catch=   427.388065854129     
 Abd=   6629.303    
 Catch=   42.1763728526920     
 Abd=   15141.34    
 Catch=   578.708131501464     
 Abd=   9582.104    
 Catch=   24.2757721648905     
 Abd=   47518.61    
 Catch=   590.676209976820     
 Abd=   54.62066    
 Catch=  0.563144213561031     
 Abd=            NaN
 Catch=                     NaN
 Abd=            NaN
 Catch=                     NaN
 Abd=   225908.5    
 Catch=   564.342528047951     
 Abd=   2146.601    
 Catch=   370.872303382031     
 Abd=   122996.6    
 Catch=   898.563504900736     
 Abd=   8881.094    
 Catch=   21.8865745698046     
 Abd=            NaN
 Catch=                     NaN
 Abd=   122300.2    
 Catch=   352.186828268043     
 Abd=   33536.07    
 Catch=   2319.48421547375     
 Abd=            NaN
 Catch=                     NaN
 Abd=   2945.849    
 Catch=   84.3252146133082     
 Abd=            NaN
 Catch=                     NaN
 Abd=   42424.56    
 Catch=   340.568528433077     
 Abd=   4460.480    
 Catch=   55.0247165318644     
 Abd=   1673.090    
 Catch=   7.32299710681174     
 Abd=   1486379.    
 Catch=   3725.72716677239     
 Abd=   129603.3    
 Catch=   1540.17606776573     
 Abd=   110411.2    
 Catch=   276.493514976008     
 Abd=            NaN
 Catch=                     NaN
 Abd=   26247.02    
 Catch=   508.740636913671     
 Abd=   22271.63    
 Catch=   1565.40741222701     
 Abd=   555872.7    
 Catch=   1556.54511153714     
 Abd=   149447.8    
 Catch=   2313.16562679707     
 Abd=   24724.78    
 Catch=   602.848099883485     
 Abd=   4253659.    
 Catch=   16914.9423953406     
 Time step =         1819
 Abd=   65298.35    
 Catch=   427.735496058667     
 Abd=   6489.386    
 Catch=   41.3366089510064     
 Abd=   15086.68    
 Catch=   554.421602597099     
 Abd=   9730.505    
 Catch=   24.2389191605811     
 Abd=   47650.71    
 Catch=   584.254838108026     
 Abd=   53.10323    
 Catch=  0.571268121753784     
 Abd=            NaN
 Catch=                     NaN
 Abd=            NaN
 Catch=                     NaN
 Abd=   226134.4    
 Catch=   564.167457700899     
 Abd=   2022.354    
 Catch=   336.126355031090     
 Abd=   122397.8    
 Catch=   903.222659688453     
 Abd=   8766.891    
 Catch=   21.5411645373513     
 Abd=            NaN
 Catch=                     NaN
 Abd=   122761.2    
 Catch=   351.782498607908     
 Abd=   32199.90    
 Catch=   2178.33523130310     
 Abd=            NaN
 Catch=                     NaN
 Abd=   2965.929    
 Catch=   78.4142929406073     
 Abd=            NaN
 Catch=                     NaN
 Abd=   42417.20    
 Catch=   337.901708099578     
 Abd=   4529.848    
 Catch=   53.9062031198132     
 Abd=   1669.124    
 Catch=   7.30586545791201     
 Abd=   1492966.    
 Catch=   3713.72009708250     
 Abd=   129654.3    
 Catch=   1531.78938226630     
 Abd=   110796.8    
 Catch=   276.083163708519     
 Abd=            NaN
 Catch=                     NaN
 Abd=   25779.00    
 Catch=   495.997891073565     
 Abd=   21942.62    
 Catch=   1349.58663246628     
 Abd=   551859.1    
 Catch=   1555.18199078425     
 Abd=   149594.8    
 Catch=   2333.91688083333     
 Abd=   24524.39    
 Catch=   582.076416446727     
 Abd=   4239786.    
 Catch=   16930.0855899606     
 Time step =         1820
 Abd=   65351.64    
 Catch=   426.842742026448     
 Abd=   6360.305    
 Catch=   40.3878390072914     
 Abd=   14447.95    
 Catch=   538.329131127177     
 Abd=   9713.517    
 Catch=   23.9255070244886     
 Abd=   47123.30    
 Catch=   583.673165703489     
 Abd=   53.91131    
 Catch=  0.580961494743139     
 Abd=            NaN
 Catch=                     NaN
 Abd=            NaN
 Catch=                     NaN
 Abd=   226061.4    
 Catch=   563.772767156994     
 Abd=   1832.854    
 Catch=   333.982959856906     
 Abd=   123087.0    
 Catch=   890.394287000976     
 Abd=   8628.014    
 Catch=   21.3020943254996     
 Abd=            NaN
 Catch=                     NaN
 Abd=   122608.1    
 Catch=   351.566692089351     
 Abd=   30235.95    
 Catch=   2215.46276468393     
 Abd=            NaN
 Catch=                     NaN
 Abd=   2754.492    
 Catch=   65.2267598442733     
 Abd=            NaN
 Catch=                     NaN
 Abd=   42078.59    
 Catch=   334.503297906232     
 Abd=   4434.854    
 Catch=   53.8801107247889     
 Abd=   1665.218    
 Catch=   7.28764485380332     
 Abd=   1487920.    
 Catch=   3692.67152850380     
 Abd=   128935.8    
 Catch=   1520.01495804762     
 Abd=   110621.1    
 Catch=   275.463104126629     
 Abd=            NaN
 Catch=                     NaN
 Abd=   25131.33    
 Catch=   479.405781991174     
 Abd=   18902.11    
 Catch=   1388.71043678316     
 Abd=   551522.8    
 Catch=   1538.84577122086     
 Abd=   150963.2    
 Catch=   2310.33990945815     
 Abd=   23672.57    
 Catch=   558.355412278997     
 Abd=   4243931.    
 Catch=   16896.0710207040     
 Time step =         1821
 Abd=   65213.43    
 Catch=   424.999110627046     
 Abd=   6213.905    
 Catch=   38.5267267835111     
 Abd=   14029.95    
 Catch=   519.130522152988     
 Abd=   9586.499    
 Catch=   23.8570891210070     
 Abd=   47082.64    
 Catch=   577.059448548630     
 Abd=   54.82804    
 Catch=  0.552227683282451     
 Abd=            NaN
 Catch=                     NaN
 Abd=            NaN
 Catch=                     NaN
 Abd=   225900.6    
 Catch=   562.578934058401     
 Abd=   1821.242    
 Catch=   345.021395170744     
 Abd=   121291.5    
 Catch=   883.552786857030     
 Abd=   8533.092    
 Catch=   21.0397170387318     
 Abd=            NaN
 Catch=                     NaN
 Abd=   122534.6    
 Catch=   352.000035765665     
 Abd=   30769.62    
 Catch=   2439.57373447237     
 Abd=            NaN
 Catch=                     NaN
 Abd=   2289.198    
 Catch=   70.4408537605945     
 Abd=            NaN
 Catch=                     NaN
 Abd=   41653.68    
 Catch=   327.277579855232     
 Abd=   4434.370    
 Catch=   52.6872110147986     
 Abd=   1661.058    
 Catch=   7.28021002831658     
 Abd=   1479420.    
 Catch=   3680.98057316118     
 Abd=   127938.2    
 Catch=   1508.81895147353     
 Abd=   110371.4    
 Catch=   275.287255554736     
 Abd=            NaN
 Catch=                     NaN
 Abd=   24284.99    
 Catch=   465.154872053110     
 Abd=   19474.67    
 Catch=   1427.62681889931     
 Abd=   545643.8    
 Catch=   1528.75259352802     
 Abd=   149386.8    
 Catch=   2306.19112480902     
 Abd=   22701.40    
 Catch=   540.807764229341     
 Abd=   4235148.    
 Catch=   16805.8075727175     
 Time step =         1822
 Abd=   64928.95    
 Catch=   423.729526499998     
 Abd=   5924.923    
 Catch=   37.3278268737618     
 Abd=   13528.60    
 Catch=   501.420385672790     
 Abd=   9559.268    
 Catch=   23.2167807936847     
 Abd=   46542.65    
 Catch=   577.513874908545     
 Abd=   52.05291    
 Catch=  0.544545403607474     
 Abd=            NaN
 Catch=                     NaN
 Abd=            NaN
 Catch=                     NaN
 Abd=   225416.0    
 Catch=   562.855387724523     
 Abd=   1881.468    
 Catch=   356.254050285698     
 Abd=   120375.6    
 Catch=   890.558808940851     
 Abd=   8427.762    
 Catch=   20.9412211487585     
 Abd=            NaN
 Catch=                     NaN
 Abd=   122690.1    
 Catch=   352.302671695243     
 Abd=   33903.71    
 Catch=   2344.89641821748     
 Abd=            NaN
 Catch=                     NaN
 Abd=   2482.490    
 Catch=   81.0256760748712     
 Abd=            NaN
 Catch=                     NaN
 Abd=   40745.49    
 Catch=   322.924838207220     
 Abd=   4334.446    
 Catch=   51.9593823587812     
 Abd=   1659.413    
 Catch=   7.25439649794347     
 Abd=   1474812.    
 Catch=   3688.99884325618     
 Abd=   126997.0    
 Catch=   1510.60791168160     
 Abd=   110304.5    
 Catch=   275.558883881215     
 Abd=            NaN
 Catch=                     NaN
 Abd=   23564.93    
 Catch=   437.658576877891     
 Abd=   20018.02    
 Catch=   1463.58651824695     
 Abd=   542105.7    
 Catch=   1522.14513783946     
 Abd=   149141.2    
 Catch=   2312.51302927045     
 Abd=   21991.79    
 Catch=   500.320362128374     
 Abd=   4212248.    
 Catch=   16795.8349795128     
 Time step =         1823
 Abd=   64737.07    
 Catch=   422.898057136744     
 Abd=   5742.240    
 Catch=   36.6284125853986     
 Abd=   13068.23    
 Catch=   526.219602252024     
 Abd=   9298.125    
 Catch=   23.4404671919788     
 Abd=   46587.53    
 Catch=   577.004697252937     
 Abd=   51.36288    
 Catch=  0.541045062692000     
 Abd=            NaN
 Catch=                     NaN
 Abd=            NaN
 Catch=                     NaN
 Abd=   225533.6    
 Catch=   563.837961549603     
 Abd=   1942.734    
 Catch=   314.803955055280     
 Abd=   121366.3    
 Catch=   883.047371412919     
 Abd=   8389.633    
 Catch=   20.8964303019900     
 Abd=            NaN
 Catch=                     NaN
 Abd=   122794.4    
 Catch=   348.618909151088     
 Abd=   32553.57    
 Catch=   2222.40811343097     
 Abd=            NaN
 Catch=                     NaN
 Abd=   2857.204    
 Catch=   71.9659009498613     
 Abd=            NaN
 Catch=                     NaN
 Abd=   40210.62    
 Catch=   324.162730982692     
 Abd=   4275.255    
 Catch=   51.9085828994858     
 Abd=   1653.444    
 Catch=   7.27291414461051     
 Abd=   1478184.    
 Catch=   3700.06447327028     
 Abd=   127167.3    
 Catch=   1511.99093322643     
 Abd=   110416.8    
 Catch=   274.210011783791     
 Abd=            NaN
 Catch=                     NaN
 Abd=   22163.25    
 Catch=   454.444335461968     
 Abd=   20523.41    
 Catch=   1231.62017723283     
 Abd=   539711.4    
 Catch=   1519.92591052849     
 Abd=   149559.8    
 Catch=   2319.04172297461     
 Abd=   20335.44    
 Catch=   532.550169857350     
 Abd=   4210161.    
 Catch=   16814.9312767237     
 Time step =         1824
 Abd=   64610.15    
 Catch=   424.713290698842     
 Abd=   5635.998    
 Catch=   37.1845640208143     
 Abd=   13725.79    
 Catch=   533.494387205195     
 Abd=   9395.728    
 Catch=   23.4237922754657     
 Abd=   46545.78    
 Catch=   569.961036780422     
 Abd=   51.03973    
 Catch=  0.540061503076612     
 Abd=            NaN
 Catch=                     NaN
 Abd=            NaN
 Catch=                     NaN
 Abd=   225936.8    
 Catch=   564.916716561817     
 Abd=   1716.590    
 Catch=   322.126728278655     
 Abd=   120249.9    
 Catch=   898.334190452162     
 Abd=   8372.101    
 Catch=   20.9294889905458     
 Abd=            NaN
 Catch=                     NaN
 Abd=   121483.3    
 Catch=   347.480567466389     
 Abd=   30853.62    
 Catch=   2339.70237769149     
 Abd=            NaN
 Catch=                     NaN
 Abd=   2527.834    
 Catch=   59.3141505734463     
 Abd=            NaN
 Catch=                     NaN
 Abd=   40377.39    
 Catch=   323.269591319633     
 Abd=   4272.063    
 Catch=   52.4625279529379     
 Abd=   1657.869    
 Catch=   7.28226870537164     
 Abd=   1482643.    
 Catch=   3673.93150134700     
 Abd=   127284.7    
 Catch=   1508.81922586632     
 Abd=   109863.4    
 Catch=   273.382856286185     
 Abd=            NaN
 Catch=                     NaN
 Abd=   23050.04    
 Catch=   464.261652953966     
 Abd=   17249.31    
 Catch=   1248.32722117829     
 Abd=   538970.4    
 Catch=   1523.03656155645     
 Abd=   149982.7    
 Catch=   2324.84120900865     
 Abd=   21690.03    
 Catch=   551.283336287368     
 Abd=   4215086.    
 Catch=   16865.2224927744     
 Time step =         1825
 Abd=   64895.30    
 Catch=   426.104727924116     
 Abd=   5725.358    
 Catch=   37.5294233255907     
 Abd=   13908.34    
 Catch=   517.503070697341     
 Abd=   9386.969    
 Catch=   23.2996736794906     
 Abd=   45967.97    
 Catch=   574.515854840976     
 Abd=   50.94645    
 Catch=  0.548237263316198     
 Abd=            NaN
 Catch=                     NaN
 Abd=            NaN
 Catch=                     NaN
 Abd=   226370.5    
 Catch=   564.934743458985     
 Abd=   1756.756    
 Catch=   327.708711706697     
 Abd=   122456.1    
 Catch=   915.635007843673     
 Abd=   8385.980    
 Catch=   21.0144689566940     
 Abd=            NaN
 Catch=                     NaN
 Abd=   121104.7    
 Catch=   345.785516482946     
 Abd=   32504.49    
 Catch=   2401.35872254150     
 Abd=            NaN
 Catch=                     NaN
 Abd=   2083.555    
 Catch=   71.9728012317846     
 Abd=            NaN
 Catch=                     NaN
 Abd=   40260.94    
 Catch=   319.074983101016     
 Abd=   4318.555    
 Catch=   51.5107431162006     
 Abd=   1659.959    
 Catch=   7.28175816729208     
 Abd=   1471864.    
 Catch=   3630.50995861120     
 Abd=   127011.8    
 Catch=   1520.83588136134     
 Abd=   109536.4    
 Catch=   271.894616063671     
 Abd=            NaN
 Catch=                     NaN
 Abd=   23538.93    
 Catch=   451.927879527222     
 Abd=   17513.74    
 Catch=   1365.13838556740     
 Abd=   540174.8    
 Catch=   1533.79022993613     
 Abd=   150356.4    
 Catch=   2349.10909740109     
 Abd=   22439.43    
 Catch=   533.552486105145     
 Abd=   4227848.    
 Catch=   16915.7752101899     
 Time step =         1826
 Abd=   65106.51    
 Catch=   425.259014253692     
 Abd=   5777.705    
 Catch=   37.3674792682681     
 Abd=   13484.37    
 Catch=   490.253580119592     
 Abd=   9337.035    
 Catch=   23.5401748451678     
 Abd=   46351.09    
 Catch=   573.526520749950     
 Abd=   51.73692    
 Catch=  0.553035266976677     
 Abd=            NaN
 Catch=                     NaN
 Abd=            NaN
 Catch=                     NaN
 Abd=   226367.7    
 Catch=   565.185162802760     
 Abd=   1787.050    
 Catch=   340.192255255756     
 Abd=   124817.3    
 Catch=   912.402883771866     
 Abd=   8420.447    
 Catch=   21.1005300570295     
 Abd=            NaN
 Catch=                     NaN
 Abd=   120510.2    
 Catch=   345.307936279573     
 Abd=   33359.25    
 Catch=   2312.68872333546     
 Abd=            NaN
 Catch=                     NaN
 Abd=   2539.852    
 Catch=   75.1415487543658     
 Abd=            NaN
 Catch=                     NaN
 Abd=   39730.85    
 Catch=   310.425104292660     
 Abd=   4237.958    
 Catch=   50.3971953546904     
 Abd=   1659.795    
 Catch=   7.24362625102635     
 Abd=   1454334.    
 Catch=   3615.68445145782     
 Abd=   128047.1    
 Catch=   1525.89143553754     
 Abd=   108934.9    
 Catch=   271.325853329161     
 Abd=            NaN
 Catch=                     NaN
 Abd=   22896.01    
 Catch=   432.873745542951     
 Abd=   19150.69    
 Catch=   1386.01024670978     
 Abd=   544027.0    
 Catch=   1527.60216199715     
 Abd=   151954.9    
 Catch=   2353.11716613310     
 Abd=   21696.34    
 Catch=   500.165758046805     
 Abd=   4240513.    
 Catch=   16912.3060330546     
 Time step =         1827
 Abd=   64970.52    
 Catch=   426.299180766857     
 Abd=   5751.258    
 Catch=   37.6052723083940     
 Abd=   12770.89    
 Catch=   506.719317553044     
 Abd=   9434.803    
 Catch=   23.9411344679879     
 Abd=   46263.99    
 Catch=   575.148639022263     
 Abd=   52.18475    
 Catch=  0.548285928873757     
 Abd=            NaN
 Catch=                     NaN
 Abd=            NaN
 Catch=                     NaN
 Abd=   226470.1    
 Catch=   565.745158260640     
 Abd=   1855.152    
 Catch=   360.463995961361     
 Abd=   124288.9    
 Catch=   921.448225728193     
 Abd=   8454.930    
 Catch=   21.3704521234771     
 Abd=            NaN
 Catch=                     NaN
 Abd=   120351.9    
 Catch=   345.823109926179     
 Abd=   32106.21    
 Catch=   2216.89400664351     
 Abd=            NaN
 Catch=                     NaN
 Abd=   2644.796    
 Catch=   77.8078120836393     
 Abd=            NaN
 Catch=                     NaN
 Abd=   38643.73    
 Catch=   310.325673836067     
 Abd=   4146.118    
 Catch=   49.2124949861640     
 Abd=   1650.931    
 Catch=   7.23586105698899     
 Abd=   1448630.    
 Catch=   3616.79033841094     
 Abd=   128460.3    
 Catch=   1518.42419986921     
 Abd=   108714.3    
 Catch=   271.429994821930     
 Abd=            NaN
 Catch=                     NaN
 Abd=   21925.11    
 Catch=   437.590570169124     
 Abd=   19430.04    
 Catch=   1394.17152843381     
 Abd=   541627.1    
 Catch=   1523.42108964164     
 Abd=   152183.7    
 Catch=   2323.37343498419     
 Abd=   20329.52    
 Catch=   510.145535586351     
 Abd=   4239369.    
 Catch=   16945.7483910248     
 Time step =         1828
 Abd=   65134.53    
 Catch=   427.530550194865     
 Abd=   5789.095    
 Catch=   38.2090818919191     
 Abd=   13213.72    
 Catch=   535.622949290391     
 Abd=   9596.068    
 Catch=   24.2819648099320     
 Abd=   46398.56    
 Catch=   577.320768828045     
 Abd=   51.71975    
 Catch=  0.544869809713048     
 Abd=            NaN
 Catch=                     NaN
 Abd=            NaN
 Catch=                     NaN
 Abd=   226697.5    
 Catch=   566.236656498656     
 Abd=   1965.714    
 Catch=   348.136251230437     
 Abd=   125587.1    
 Catch=   929.685505849032     
 Abd=   8564.625    
 Catch=   21.6418348063316     
 Abd=            NaN
 Catch=                     NaN
 Abd=   120537.9    
 Catch=   345.316328056630     
 Abd=   30775.75    
 Catch=   2331.60330389711     
 Abd=            NaN
 Catch=                     NaN
 Abd=   2738.372    
 Catch=   78.3949932088497     
 Abd=            NaN
 Catch=                     NaN
 Abd=   38651.68    
 Catch=   314.563302377736     
 Abd=   4048.518    
 Catch=   50.7241956178926     
 Abd=   1649.306    
 Catch=   7.26186306586173     
 Abd=   1449194.    
 Catch=   3620.56094560544     
 Abd=   127811.5    
 Catch=   1504.19370886028     
 Abd=   108762.1    
 Catch=   271.210592960934     
 Abd=            NaN
 Catch=                     NaN
 Abd=   22184.43    
 Catch=   452.453863994372     
 Abd=   19544.45    
 Catch=   1344.96048846724     
 Abd=   540273.9    
 Catch=   1523.35450734217     
 Abd=   150222.1    
 Catch=   2297.32162741527     
 Abd=   20762.46    
 Catch=   536.508874296356     
 Abd=   4247945.    
 Catch=   17027.8878449933     
 Time step =         1829
 Abd=   65324.67    
 Catch=   428.315136840725     
 Abd=   5883.144    
 Catch=   39.5500008548154     
 Abd=   13971.68    
 Catch=   529.182024666673     
 Abd=   9732.052    
 Catch=   24.7994195822326     
 Abd=   46574.91    
 Catch=   579.343991077316     
 Abd=   51.40008    
 Catch=  0.519352691153896     
 Abd=            NaN
 Catch=                     NaN
 Abd=            NaN
 Catch=                     NaN
 Abd=   226894.5    
 Catch=   566.928518674222     
 Abd=   1898.396    
 Catch=   376.858925755687     
 Abd=   126699.5    
 Catch=   927.015608020923     
 Abd=   8673.338    
 Catch=   21.8658161555364     
 Abd=            NaN
 Catch=                     NaN
 Abd=   120354.1    
 Catch=   346.403848315749     
 Abd=   32389.16    
 Catch=   2288.01340905744     
 Abd=            NaN
 Catch=                     NaN
 Abd=   2758.028    
 Catch=   81.4998691804065     
 Abd=            NaN
 Catch=                     NaN
 Abd=   39189.27    
 Catch=   315.390547341447     
 Abd=   4177.025    
 Catch=   50.4364447164430     
 Abd=   1655.383    
 Catch=   7.27505144994983     
 Abd=   1450725.    
 Catch=   3639.25740595180     
 Abd=   126603.8    
 Catch=   1512.30162018527     
 Abd=   108671.5    
 Catch=   271.843704883684     
 Abd=            NaN
 Catch=                     NaN
 Abd=   22947.62    
 Catch=   457.503480655006     
 Abd=   18847.61    
 Catch=   1516.35958658185     
 Abd=   540263.4    
 Catch=   1523.19069120723     
 Abd=   148543.9    
 Catch=   2308.02339513237     
 Abd=   21847.75    
 Catch=   540.165391901292     
 Abd=   4268780.    
 Catch=   17084.0593629416     
 Time step =         1830
 Abd=   65443.42    
 Catch=   429.166127004505     
 Abd=   6091.960    
 Catch=   41.1615322622842     
 Abd=   13790.40    
 Catch=   547.000679049013     
 Abd=   9942.598    
 Catch=   24.8666333181566     
 Abd=   46736.93    
 Catch=   577.791869433564     
 Abd=   48.95580    
 Catch=  0.512273339763025     
 Abd=            NaN
 Catch=                     NaN
 Abd=            NaN
 Catch=                     NaN
 Abd=   227169.3    
 Catch=   567.036076723381     
 Abd=   2055.138    
 Catch=   337.767498732567     
 Abd=   126249.3    
 Catch=   933.367761809698     
 Abd=   8762.678    
 Catch=   22.0725712966081     
 Abd=            NaN
 Catch=                     NaN
 Abd=   120744.4    
 Catch=   346.306354517380     
 Abd=   31768.30    
 Catch=   2247.28222946130     
 Abd=            NaN
 Catch=                     NaN
 Abd=   2868.029    
 Catch=   76.1179265727790     
 Abd=            NaN
 Catch=                     NaN
 Abd=   39283.69    
 Catch=   317.675286969097     
 Abd=   4150.488    
 Catch=   52.1339677161100     
 Abd=   1658.328    
 Catch=   7.28377109212474     
 Abd=   1458342.    
 Catch=   3637.78681066866     
 Abd=   127319.6    
 Catch=   1494.65013476537     
 Abd=   108931.2    
 Catch=   271.852831423677     
 Abd=            NaN
 Catch=                     NaN
 Abd=   23192.48    
 Catch=   463.435848193694     
 Abd=   21274.55    
 Catch=   1369.25809468294     
 Abd=   540155.6    
 Catch=   1522.21646284421     
 Abd=   149275.6    
 Catch=   2290.70278599352     
 Abd=   21977.68    
 Catch=   546.626408447682     
 Abd=   4282723.    
 Catch=   17114.7728630944     
 Time step =         1831
 Abd=   65572.64    
 Catch=   429.133405880426     
 Abd=   6340.692    
 Catch=   43.3625235320550     
 Abd=   14264.95    
 Catch=   544.085752670265     
 Abd=   9964.689    
 Catch=   24.9732460081227     
 Abd=   46606.99    
 Catch=   579.547110640735     
 Abd=   48.31240    
 Catch=  0.506032293341632     
 Abd=            NaN
 Catch=                     NaN
 Abd=            NaN
 Catch=                     NaN
 Abd=   227211.8    
 Catch=   566.402888721213     
 Abd=   1841.809    
 Catch=   334.976266007720     
 Abd=   127205.6    
 Catch=   955.498143528335     
 Abd=   8845.380    
 Catch=   22.2867889861652     
 Abd=            NaN
 Catch=                     NaN
 Abd=   120701.8    
 Catch=   346.247120249435     
 Abd=   31202.62    
 Catch=   2155.81358235802     
 Abd=            NaN
 Catch=                     NaN
 Abd=   2673.670    
 Catch=   77.8888989922281     
 Abd=            NaN
 Catch=                     NaN
 Abd=   39572.55    
 Catch=   317.059347999476     
 Abd=   4293.325    
 Catch=   52.3743433156240     
 Abd=   1660.301    
 Catch=   7.27020364483515     
 Abd=   1457582.    
 Catch=   3627.15745975411     
 Abd=   125796.0    
 Catch=   1496.86913062382     
 Abd=   108929.6    
 Catch=   271.625358784941     
 Abd=            NaN
 Catch=                     NaN
 Abd=   23495.95    
 Catch=   461.889282064083     
 Abd=   19182.09    
 Catch=   1348.32618273843     
 Abd=   539855.2    
 Catch=   1527.07508910866     
 Abd=   148122.0    
 Catch=   2282.99113849750     
 Abd=   22244.59    
 Catch=   549.817768221869     
 Abd=   4290296.    
 Catch=   17172.4843669722     
 Time step =         1832
 Abd=   65565.09    
 Catch=   425.767976400267     
 Abd=   6681.422    
 Catch=   44.2892943780252     
 Abd=   14181.59    
 Catch=   547.806477325722     
 Abd=   10006.39    
 Catch=   24.7222981005423     
 Abd=   46753.82    
 Catch=   569.436535952639     
 Abd=   47.72641    
 Catch=  0.501011254409320     
 Abd=            NaN
 Catch=                     NaN
 Abd=            NaN
 Catch=                     NaN
 Abd=   226951.6    
 Catch=   566.111308790419     
 Abd=   1826.653    
 Catch=   340.256073470745     
 Abd=   130253.4    
 Catch=   973.507269868458     
 Abd=   8931.275    
 Catch=   22.4103572957402     
 Abd=            NaN
 Catch=                     NaN
 Abd=   120681.7    
 Catch=   347.091154372761     
 Abd=   29929.41    
 Catch=   2441.55746249307     
 Abd=            NaN
 Catch=                     NaN
 Abd=   2739.979    
 Catch=   76.8954119778308     
 Abd=            NaN
 Catch=                     NaN
 Abd=   39488.70    
 Catch=   317.355442161136     
 Abd=   4310.769    
 Catch=   52.5359947407071     
 Abd=   1657.105    
 Catch=   7.26356335860115     
 Abd=   1453251.    
 Catch=   3624.25993886064     
 Abd=   126013.3    
 Catch=   1504.72414906228     
 Abd=   108836.7    
 Catch=   271.944124067327     
 Abd=            NaN
 Catch=                     NaN
 Abd=   23410.15    
 Catch=   470.824480946485     
 Abd=   18900.26    
 Catch=   1334.21486880262     
 Abd=   541614.7    
 Catch=   1533.42736706057     
 Abd=   147637.1    
 Catch=   2242.07920783570     
 Abd=   22372.59    
 Catch=   560.825711071093     
 Abd=   4304903.    
 Catch=   17188.1119358145     
 Time step =         1833
 Abd=   65040.73    
 Catch=   421.007605120452     
 Abd=   6819.907    
 Catch=   44.2605710378153     
 Abd=   14281.24    
 Catch=   536.260622812500     
 Abd=   9904.291    
 Catch=   24.3882800103863     
 Abd=   45923.04    
 Catch=   566.399715809463     
 Abd=   47.25664    
 Catch=  0.509633929887406     
 Abd=            NaN
 Catch=                     NaN
 Abd=            NaN
 Catch=                     NaN
 Abd=   226836.0    
 Catch=   565.317368924480     
 Abd=   1855.475    
 Catch=   351.264968420182     
 Abd=   132705.3    
 Catch=   994.019096868049     
 Abd=   8980.021    
 Catch=   22.3594278828557     
 Abd=            NaN
 Catch=                     NaN
 Abd=   120982.2    
 Catch=   347.153787234253     
 Abd=   33937.16    
 Catch=   2450.16516939751     
 Abd=            NaN
 Catch=                     NaN
 Abd=   2703.442    
 Catch=   79.9342127113508     
 Abd=            NaN
 Catch=                     NaN
 Abd=   39527.65    
 Catch=   315.575087912058     
 Abd=   4323.995    
 Catch=   53.0257539123047     
 Abd=   1655.621    
 Catch=   7.24980366531029     
 Abd=   1452156.    
 Catch=   3631.31622857967     
 Abd=   126681.7    
 Catch=   1517.47562289753     
 Abd=   108968.9    
 Catch=   272.054294737887     
 Abd=            NaN
 Catch=                     NaN
 Abd=   23871.43    
 Catch=   456.110034606116     
 Abd=   18703.87    
 Catch=   1433.71498665720     
 Abd=   543871.6    
 Catch=   1541.36647936749     
 Abd=   144955.8    
 Catch=   2235.06913570220     
 Abd=   22823.24    
 Catch=   536.302459276312     
 Abd=   4308602.    
 Catch=   17150.2936595993     
 Time step =         1834
 Abd=   64310.50    
 Catch=   418.967603730366     
 Abd=   6812.646    
 Catch=   44.1318757108466     
 Abd=   13975.79    
 Catch=   548.436702624546     
 Abd=   9769.365    
 Catch=   24.1672768692291     
 Abd=   45686.46    
 Catch=   569.553579615991     
 Abd=   48.09727    
 Catch=  0.514422213203470     
 Abd=            NaN
 Catch=                     NaN
 Abd=            NaN
 Catch=                     NaN
 Abd=   226518.2    
 Catch=   565.045180333765     
 Abd=   1915.518    
 Catch=   340.805761945117     
 Abd=   135506.8    
 Catch=   999.581427545627     
 Abd=   8958.184    
 Catch=   22.0892736170940     
 Abd=            NaN
 Catch=                     NaN
 Abd=   120998.5    
 Catch=   347.186550305223     
 Abd=   34031.66    
 Catch=   2450.28188637359     
 Abd=            NaN
 Catch=                     NaN
 Abd=   2813.044    
 Catch=   79.9099240581098     
 Abd=            NaN
 Catch=                     NaN
 Abd=   39300.93    
 Catch=   319.401012562319     
 Abd=   4364.806    
 Catch=   53.6933860941105     
 Abd=   1652.449    
 Catch=   7.24617193995783     
 Abd=   1455065.    
 Catch=   3635.94904505461     
 Abd=   127763.0    
 Catch=   1521.80560812427     
 Abd=   109011.3    
 Catch=   271.939596566787     
 Abd=            NaN
 Catch=                     NaN
 Abd=   23106.49    
 Catch=   469.028608173209     
 Abd=   20109.60    
 Catch=   1366.44446374711     
 Abd=   546696.5    
 Catch=   1540.19509288444     
 Abd=   144537.9    
 Catch=   2228.34876443865     
 Abd=   21804.37    
 Catch=   561.784817192536     
 Abd=   4298859.    
 Catch=   17034.6587455736     
 Time step =         1835
 Abd=   64006.93    
 Catch=   419.232724945735     
 Abd=   6792.580    
 Catch=   42.5897093547761     
 Abd=   14299.51    
 Catch=   561.667902152396     
 Abd=   9681.514    
 Catch=   24.0957388790387     
 Abd=   45949.59    
 Catch=   570.529098322473     
 Abd=   48.54153    
 Catch=  0.509728266053625     
 Abd=            NaN
 Catch=                     NaN
 Abd=            NaN
 Catch=                     NaN
 Abd=   226411.4    
 Catch=   565.901475630929     
 Abd=   1858.426    
 Catch=   337.594584437041     
 Abd=   136213.9    
 Catch=   983.335771070895     
 Abd=   8848.186    
 Catch=   21.6665739625248     
 Abd=            NaN
 Catch=                     NaN
 Abd=   121009.6    
 Catch=   347.638991057629     
 Abd=   34037.99    
 Catch=   2495.57187612541     
 Abd=            NaN
 Catch=                     NaN
 Abd=   2810.362    
 Catch=   72.6503459627688     
 Abd=            NaN
 Catch=                     NaN
 Abd=   39790.67    
 Catch=   323.660205224272     
 Abd=   4420.017    
 Catch=   54.5074178948696     
 Abd=   1651.671    
 Catch=   7.26881513186177     
 Abd=   1456898.    
 Catch=   3630.68300073112     
 Abd=   128114.6    
 Catch=   1531.41690301244     
 Abd=   108963.5    
 Catch=   272.064986351707     
 Abd=            NaN
 Catch=                     NaN
 Abd=   23784.66    
 Catch=   477.531714653949     
 Abd=   19146.67    
 Catch=   1323.27656243097     
 Abd=   546158.6    
 Catch=   1536.81083736746     
 Abd=   144107.3    
 Catch=   2249.10282675692     
 Abd=   22872.96    
 Catch=   569.509242665858     
 Abd=   4269497.    
 Catch=   16938.1817765672     
 Time step =         1836
 Abd=   64052.86    
 Catch=   417.466727733385     
 Abd=   6551.096    
 Catch=   42.9056400126080     
 Abd=   14644.61    
 Catch=   552.879328370131     
 Abd=   9653.862    
 Catch=   24.0103917680749     
 Abd=   46024.97    
 Catch=   571.301772074495     
 Abd=   48.08226    
 Catch=  0.497697226175345     
 Abd=            NaN
 Catch=                     NaN
 Abd=            NaN
 Catch=                     NaN
 Abd=   226763.7    
 Catch=   565.811959341829     
 Abd=   1840.944    
 Catch=   355.478026500738     
 Abd=   133880.9    
 Catch=   1013.98043700504     
 Abd=   8677.641    
 Catch=   21.2664562048174     
 Abd=            NaN
 Catch=                     NaN
 Abd=   121170.3    
 Catch=   348.402909538751     
 Abd=   34659.99    
 Catch=   2345.17089455375     
 Abd=            NaN
 Catch=                     NaN
 Abd=   2551.491    
 Catch=   78.3452903735254     
 Abd=            NaN
 Catch=                     NaN
 Abd=   40321.81    
 Catch=   323.479393531183     
 Abd=   4487.234    
 Catch=   53.6788740888883     
 Abd=   1656.954    
 Catch=   7.25288737024239     
 Abd=   1454707.    
 Catch=   3626.14315061495     
 Abd=   128933.3    
 Catch=   1541.12264023181     
 Abd=   109015.8    
 Catch=   272.047398820953     
 Abd=            NaN
 Catch=                     NaN
 Abd=   24211.66    
 Catch=   473.390718655337     
 Abd=   18547.80    
 Catch=   1445.81070973783     
 Abd=   544939.5    
 Catch=   1548.13416358987     
 Abd=   145476.9    
 Catch=   2341.34976209492     
 Abd=   23176.00    
 Catch=   558.475661855380     
 Abd=   4245407.    
 Catch=   16847.3883543152     
 Time step =         1837
 Abd=   63778.40    
 Catch=   413.706071078323     
 Abd=   6605.268    
 Catch=   41.6775457493771     
 Abd=   14409.42    
 Catch=   534.573362977144     
 Abd=   9619.521    
 Catch=   23.9959304291860     
 Abd=   46087.16    
 Catch=   569.924353262182     
 Abd=   46.93538    
 Catch=  0.466690951256696     
 Abd=            NaN
 Catch=                     NaN
 Abd=            NaN
 Catch=                     NaN
 Abd=   226719.5    
 Catch=   565.115267097586     
 Abd=   1938.505    
 Catch=   367.437974303448     
 Abd=   138269.8    
 Catch=   1048.74536099598     
 Abd=   8517.533    
 Catch=   21.0291897453335     
 Abd=            NaN
 Catch=                     NaN
 Abd=   121438.8    
 Catch=   348.504443556099     
 Abd=   32554.26    
 Catch=   2107.45976661609     
 Abd=            NaN
 Catch=                     NaN
 Abd=   2757.687    
 Catch=   84.7450633943648     
 Abd=            NaN
 Catch=                     NaN
 Abd=   40288.66    
 Catch=   319.529175031541     
 Abd=   4416.568    
 Catch=   52.2848358003619     
 Abd=   1653.141    
 Catch=   7.24015934961747     
 Abd=   1452898.    
 Catch=   3653.58750163670     
 Abd=   129751.0    
 Catch=   1532.31344764269     
 Abd=   109007.6    
 Catch=   272.522371503182     
 Abd=            NaN
 Catch=                     NaN
 Abd=   23990.22    
 Catch=   462.937791349407     
 Abd=   20279.32    
 Catch=   1495.76086003473     
 Abd=   549141.2    
 Catch=   1544.69120630758     
 Abd=   151533.1    
 Catch=   2336.78726237425     
 Abd=   22714.93    
 Catch=   548.771322176609     
 Abd=   4222675.    
 Catch=   16796.2537220412     
 Time step =         1838
 Abd=   63198.10    
 Catch=   413.645229036269     
 Abd=   6411.557    
 Catch=   42.8078430274225     
 Abd=   13929.68    
 Catch=   529.535724038905     
 Abd=   9613.938    
 Catch=   23.8008690399067     
 Abd=   45972.55    
 Catch=   563.903347215723     
 Abd=   43.98014    
 Catch=  0.465991585665472     
 Abd=            NaN
 Catch=                     NaN
 Abd=            NaN
 Catch=                     NaN
 Abd=   226437.6    
 Catch=   564.358498949077     
 Abd=   2003.745    
 Catch=   337.682348062793     
 Abd=   143004.8    
 Catch=   1085.54058602836     
 Abd=   8423.771    
 Catch=   20.8029711433460     
 Abd=            NaN
 Catch=                     NaN
 Abd=   121469.6    
 Catch=   347.923550743503     
 Abd=   29246.71    
 Catch=   2312.20779556229     
 Abd=            NaN
 Catch=                     NaN
 Abd=   2984.436    
 Catch=   76.0661455398813     
 Abd=            NaN
 Catch=                     NaN
 Abd=   39788.29    
 Catch=   317.225152033487     
 Abd=   4301.063    
 Catch=   52.0644347017518     
 Abd=   1650.260    
 Catch=   7.23398173139324     
 Abd=   1464157.    
 Catch=   3639.54016721850     
 Abd=   128979.3    
 Catch=   1540.42353256824     
 Abd=   109202.0    
 Catch=   271.938248209894     
 Abd=            NaN
 Catch=                     NaN
 Abd=   23455.94    
 Catch=   461.943089505485     
 Abd=   20973.49    
 Catch=   1362.07896716727     
 Abd=   547751.1    
 Catch=   1554.05403752029     
 Abd=   151117.3    
 Catch=   2380.66321984043     
 Abd=   22320.57    
 Catch=   546.693409387357     
 Abd=   4210052.    
 Catch=   16747.0180645495     
 Time step =         1839
 Abd=   63199.80    
 Catch=   412.235900498173     
 Abd=   6592.991    
 Catch=   43.7187148619205     
 Abd=   13802.13    
 Catch=   508.183698041172     
 Abd=   9535.998    
 Catch=   23.6238038477833     
 Abd=   45481.24    
 Catch=   562.296221343485     
 Abd=   43.95761    
 Catch=  0.458795717726870     
 Abd=            NaN
 Catch=                     NaN
 Abd=            NaN
 Catch=                     NaN
 Abd=   226134.3    
 Catch=   563.876346096119     
 Abd=   1841.375    
 Catch=   329.179836456081     
 Abd=   148020.0    
 Catch=   1120.84995485441     
 Abd=   8333.197    
 Catch=   20.7241393985715     
 Abd=            NaN
 Catch=                     NaN
 Abd=   121262.4    
 Catch=   347.090263445782     
 Abd=   32134.04    
 Catch=   2339.42870676768     
 Abd=            NaN
 Catch=                     NaN
 Abd=   2670.654    
 Catch=   76.4079365459267     
 Abd=            NaN
 Catch=                     NaN
 Abd=   39505.27    
 Catch=   310.781441920986     
 Abd=   4284.654    
 Catch=   50.5017663007645     
 Abd=   1648.882    
 Catch=   7.24012082021141     
 Abd=   1458184.    
 Catch=   3615.91586020140     
 Abd=   129687.5    
 Catch=   1548.73560140479     
 Abd=   108959.2    
 Catch=   271.249572957664     
 Abd=            NaN
 Catch=                     NaN
 Abd=   23412.61    
 Catch=   451.518779275356     
 Abd=   19082.70    
 Catch=   1309.68395605869     
 Abd=   551219.6    
 Catch=   1561.86342234718     
 Abd=   154016.3    
 Catch=   2395.25305160316     
 Abd=   22239.95    
 Catch=   525.092867240724     
 Abd=   4197720.    
 Catch=   16741.2593859790     
 Time step =         1840
 Abd=   62980.55    
 Catch=   410.757231641557     
 Abd=   6731.840    
 Catch=   42.9619347432668     
 Abd=   13240.68    
 Catch=   499.221385262637     
 Abd=   9464.073    
 Catch=   23.7155348380431     
 Abd=   45357.30    
 Catch=   568.102775140835     
 Abd=   43.27278    
 Catch=  0.446703336362075     
 Abd=            NaN
 Catch=                     NaN
 Abd=            NaN
 Catch=                     NaN
 Abd=   225940.5    
 Catch=   563.586125684490     
 Abd=   1795.041    
 Catch=   345.929187784865     
 Abd=   152829.8    
 Catch=   1113.47804905717     
 Abd=   8302.812    
 Catch=   20.6044946981874     
 Abd=            NaN
 Catch=                     NaN
 Abd=   120970.5    
 Catch=   346.534473461296     
 Abd=   32493.29    
 Catch=   2318.48477604923     
 Abd=            NaN
 Catch=                     NaN
 Abd=   2686.921    
 Catch=   76.3417743220345     
 Abd=            NaN
 Catch=                     NaN
 Abd=   38693.24    
 Catch=   305.948827729561     
 Abd=   4154.063    
 Catch=   50.4970890844208     
 Abd=   1650.336    
 Catch=   7.21704233538364     
 Abd=   1448648.    
 Catch=   3623.18191472647     
 Abd=   130386.8    
 Catch=   1558.13287302716     
 Abd=   108682.7    
 Catch=   271.052592381992     
 Abd=            NaN
 Catch=                     NaN
 Abd=   22876.41    
 Catch=   450.417390137644     
 Abd=   18355.52    
 Catch=   1311.32424695109     
 Abd=   553973.0    
 Catch=   1555.86883686032     
 Abd=   154920.6    
 Catch=   2416.02389543163     
 Abd=   21349.69    
 Catch=   524.135341109706     
 Abd=   4196503.    
 Catch=   16717.9925818872     
 Time step =         1841
 Abd=   62754.62    
 Catch=   409.977126589903     
 Abd=   6610.594    
 Catch=   42.8253058516930     
 Abd=   13011.17    
 Catch=   502.706970136393     
 Abd=   9503.108    
 Catch=   23.7897221277282     
 Abd=   45836.25    
 Catch=   573.275542105567     
 Abd=   42.12442    
 Catch=  0.432938730108080     
 Abd=            NaN
 Catch=                     NaN
 Abd=            NaN
 Catch=                     NaN
 Abd=   225827.9    
 Catch=   563.644611103884     
 Abd=   1886.467    
 Catch=   400.295311839339     
 Abd=   151697.2    
 Catch=   1097.38606182866     
 Abd=   8254.515    
 Catch=   20.5175657820726     
 Abd=            NaN
 Catch=                     NaN
 Abd=   120778.4    
 Catch=   345.714674075904     
 Abd=   32204.72    
 Catch=   2253.99836439041     
 Abd=            NaN
 Catch=                     NaN
 Abd=   2683.893    
 Catch=   86.3773436541053     
 Abd=            NaN
 Catch=                     NaN
 Abd=   38095.51    
 Catch=   306.637847342826     
 Abd=   4155.988    
 Catch=   50.8378249321010     
 Abd=   1644.938    
 Catch=   7.21852483155596     
 Abd=   1451808.    
 Catch=   3664.10764959749     
 Abd=   131179.7    
 Catch=   1560.63667727305     
 Abd=   108607.6    
 Catch=   271.734969345428     
 Abd=            NaN
 Catch=                     NaN
 Abd=   22828.39    
 Catch=   447.256004893918     
 Abd=   18386.32    
 Catch=   1618.13556706209     
 Abd=   551686.9    
 Catch=   1556.97429048266     
 Abd=   156283.9    
 Catch=   2371.79026935441     
 Abd=   21323.20    
 Catch=   521.510211558931     
 Abd=   4190571.    
 Catch=   16735.4378877367     
 Time step =         1842
 Abd=   62636.44    
 Catch=   407.377048814937     
 Abd=   6591.485    
 Catch=   42.6838701985347     
 Abd=   13106.27    
 Catch=   529.883618442966     
 Abd=   9532.102    
 Catch=   23.5006972249128     
 Abd=   46252.19    
 Catch=   565.916254333416     
 Abd=   40.82283    
 Catch=  0.436217199792196     
 Abd=            NaN
 Catch=                     NaN
 Abd=            NaN
 Catch=                     NaN
 Abd=   225853.7    
 Catch=   563.451019710720     
 Abd=   2183.025    
 Catch=   313.662360506138     
 Abd=   149451.9    
 Catch=   1121.85166213851     
 Abd=   8219.961    
 Catch=   20.4194404724797     
 Abd=            NaN
 Catch=                     NaN
 Abd=   120492.4    
 Catch=   344.425337454717     
 Abd=   31321.38    
 Catch=   2423.09741670744     
 Abd=            NaN
 Catch=                     NaN
 Abd=   3042.722    
 Catch=   70.3121076245500     
 Abd=            NaN
 Catch=                     NaN
 Abd=   38193.81    
 Catch=   308.186052738413     
 Abd=   4184.512    
 Catch=   51.2946796510911     
 Abd=   1645.391    
 Catch=   7.22095487512106     
 Abd=   1468483.    
 Catch=   3647.63251256797     
 Abd=   131380.8    
 Catch=   1562.34771285314     
 Abd=   108888.6    
 Catch=   270.957746840426     
 Abd=            NaN
 Catch=                     NaN
 Abd=   22666.54    
 Catch=   470.691740534131     
 Abd=   22723.20    
 Catch=   1241.83902065046     
 Abd=   552134.9    
 Catch=   1550.12022912022     
 Abd=   153338.6    
 Catch=   2401.62801235270     
 Abd=   21215.65    
 Catch=   556.966406327675     
 Abd=   4195150.    
 Catch=   16719.3981989345     
 Time step =         1843
 Abd=   62233.84    
 Catch=   406.811860722117     
 Abd=   6569.665    
 Catch=   42.0500404956240     
 Abd=   13823.26    
 Catch=   522.534542087567     
 Abd=   9415.611    
 Catch=   23.4454950142744     
 Abd=   45641.21    
 Catch=   561.608728156708     
 Abd=   41.16155    
 Catch=  0.448884397854139     
 Abd=            NaN
 Catch=                     NaN
 Abd=            NaN
 Catch=                     NaN
 Abd=   225774.4    
 Catch=   564.528757453679     
 Abd=   1710.302    
 Catch=   300.740619045018     
 Abd=   152956.6    
 Catch=   1130.02230913630     
 Abd=   8180.547    
 Catch=   20.4775784540676     
 Abd=            NaN
 Catch=                     NaN
 Abd=   120039.1    
 Catch=   341.020653294451     
 Abd=   33677.71    
 Catch=   2424.20730276955     
 Abd=            NaN
 Catch=                     NaN
 Abd=   2465.638    
 Catch=   60.3333139371153     
 Abd=            NaN
 Catch=                     NaN
 Abd=   38389.16    
 Catch=   307.689044556528     
 Abd=   4222.280    
 Catch=   52.0587570784647     
 Abd=   1645.950    
 Catch=   7.23008580942997     
 Abd=   1461406.    
 Catch=   3578.03993272652     
 Abd=   131522.1    
 Catch=   1564.69138766870     
 Abd=   108566.0    
 Catch=   268.342956205984     
 Abd=            NaN
 Catch=                     NaN
 Abd=   23879.52    
 Catch=   466.315981389607     
 Abd=   17385.15    
 Catch=   1208.27837547596     
 Abd=   549726.8    
 Catch=   1545.07805253124     
 Abd=   155350.9    
 Catch=   2427.60559159784     
 Abd=   22685.76    
 Catch=   555.874665703688     
 Abd=   4190950.    
 Catch=   16756.1655987959     
 Time step =         1844
 Abd=   62153.98    
 Catch=   407.208271005048     
 Abd=   6470.636    
 Catch=   42.2617764381034     
 Abd=   13618.88    
 Catch=   519.507628827830     
 Abd=   9394.535    
 Catch=   23.3597297740812     
 Abd=   45298.09    
 Catch=   566.356458851608     
 Abd=   42.37321    
 Catch=  0.450315357744281     
 Abd=            NaN
 Catch=                     NaN
 Abd=            NaN
 Catch=                     NaN
 Abd=   226214.3    
 Catch=   565.465766422282     
 Abd=   1640.083    
 Catch=   338.303010169874     
 Abd=   153993.9    
 Catch=   1135.98306425820     
 Abd=   8205.133    
 Catch=   20.5897103164148     
 Abd=            NaN
 Catch=                     NaN
 Abd=   118838.8    
 Catch=   339.600487894568     
 Abd=   33680.69    
 Catch=   2324.42538219366     
 Abd=            NaN
 Catch=                     NaN
 Abd=   2118.530    
 Catch=   64.2512932208546     
 Abd=            NaN
 Catch=                     NaN
 Abd=   38321.86    
 Catch=   308.448734729821     
 Abd=   4285.636    
 Catch=   50.8063497466007     
 Abd=   1648.063    
 Catch=   7.22237594730706     
 Abd=   1433110.    
 Catch=   3568.25914796600     
 Abd=   131720.9    
 Catch=   1573.24583334683     
 Abd=   107503.3    
 Catch=   267.364573174213     
 Abd=            NaN
 Catch=                     NaN
 Abd=   23631.07    
 Catch=   466.543328602846     
 Abd=   16943.06    
 Catch=   1325.26986020986     
 Abd=   547928.8    
 Catch=   1553.31971633765     
 Abd=   157033.1    
 Catch=   2458.77872677186     
 Abd=   22613.57    
 Catch=   552.489872919801     
 Abd=   4200440.    
 Catch=   16785.0589738004     
 Time step =         1845
 Abd=   62216.70    
 Catch=   404.925010738288     
 Abd=   6505.800    
 Catch=   42.9146401759555     
 Abd=   13542.12    
 Catch=   536.109279249919     
 Abd=   9358.907    
 Catch=   23.3118065911103     
 Abd=   45693.68    
 Catch=   569.364183895394     
 Abd=   42.48294    
 Catch=  0.437286807951721     
 Abd=            NaN
 Catch=                     NaN
 Abd=            NaN
 Catch=                     NaN
 Abd=   226590.1    
 Catch=   565.140238376121     
 Abd=   1845.031    
 Catch=   322.858687847034     
 Abd=   154814.7    
 Catch=   1128.35047065766     
 Abd=   8250.484    
 Catch=   20.7479319552275     
 Abd=            NaN
 Catch=                     NaN
 Abd=   118356.4    
 Catch=   339.002876458978     
 Abd=   32275.44    
 Catch=   1986.02695143352     
 Abd=            NaN
 Catch=                     NaN
 Abd=   2264.568    
 Catch=   68.8704305328414     
 Abd=            NaN
 Catch=                     NaN
 Abd=   38419.47    
 Catch=   311.663806300531     
 Abd=   4179.547    
 Catch=   51.9793787360005     
 Abd=   1646.230    
 Catch=   7.20293324911964     
 Abd=   1429671.    
 Catch=   3555.24155279736     
 Abd=   132451.7    
 Catch=   1564.86482144507     
 Abd=   107123.9    
 Catch=   266.693812333826     
 Abd=            NaN
 Catch=                     NaN
 Abd=   23648.13    
 Catch=   468.469772336254     
 Abd=   18597.79    
 Catch=   1305.37738829456     
 Abd=   550907.6    
 Catch=   1547.08493891179     
 Abd=   159056.0    
 Catch=   2405.31190268652     
 Abd=   22477.20    
 Catch=   560.683275039998     
 Abd=   4207638.    
 Catch=   16804.2751562660     
 Time step =         1846
 Abd=   61859.99    
 Catch=   407.155065109896     
 Abd=   6607.535    
 Catch=   44.9279251974556     
 Abd=   13981.91    
 Catch=   552.209160086664     
 Abd=   9339.643    
 Catch=   23.3291919297875     
 Abd=   45934.13    
 Catch=   568.520448407118     
 Abd=   41.22742    
 Catch=  0.422059890359710     
 Abd=            NaN
 Catch=                     NaN
 Abd=            NaN
 Catch=                     NaN
 Abd=   226450.8    
 Catch=   565.308974678560     
 Abd=   1760.572    
 Catch=   316.611727923269     
 Abd=   153727.3    
 Catch=   1109.42586609134     
 Abd=   8314.256    
 Catch=   20.8887601653029     
 Abd=            NaN
 Catch=                     NaN
 Abd=   118153.6    
 Catch=   337.383629887860     
 Abd=   27554.54    
 Catch=   2331.48199173981     
 Abd=            NaN
 Catch=                     NaN
 Abd=   2424.686    
 Catch=   65.0662479892169     
 Abd=            NaN
 Catch=                     NaN
 Abd=   38826.06    
 Catch=   315.101516622353     
 Abd=   4279.791    
 Catch=   53.3473562882393     
 Abd=   1641.746    
 Catch=   7.22080973264629     
 Abd=   1424420.    
 Catch=   3504.85032996869     
 Abd=   131720.9    
 Catch=   1550.39047084281     
 Abd=   106857.4    
 Catch=   265.025858643452     
 Abd=            NaN
 Catch=                     NaN
 Abd=   23748.19    
 Catch=   479.984436094879     
 Abd=   18294.14    
 Catch=   1182.17940475977     
 Abd=   548579.8    
 Catch=   1547.32910773686     
 Abd=   155497.2    
 Catch=   2400.75338036810     
 Abd=   22817.83    
 Catch=   579.777567785208     
 Abd=   4212409.    
 Catch=   16796.0966326919     
 Time step =         1847
 Abd=   62215.59    
 Catch=   408.009085660939     
 Abd=   6921.868    
 Catch=   44.0469300196644     
 Abd=   14400.56    
 Catch=   527.730134575915     
 Abd=   9347.509    
 Catch=   23.5367926650510     
 Abd=   45860.49    
 Catch=   572.831873768677     
 Abd=   39.79441    
 Catch=  0.404348713810246     
 Abd=            NaN
 Catch=                     NaN
 Abd=            NaN
 Catch=                     NaN
 Abd=   226522.6    
 Catch=   566.133836172589     
 Abd=   1726.531    
 Catch=   352.568390319209     
 Abd=   151115.9    
 Catch=   1099.00664772082     
 Abd=   8370.526    
 Catch=   21.0096466981011     
 Abd=            NaN
 Catch=                     NaN
 Abd=   117582.9    
 Catch=   337.862389046712     
 Abd=   32451.76    
 Catch=   2398.24059751202     
 Abd=            NaN
 Catch=                     NaN
 Abd=   2286.918    
 Catch=   68.5186435560344     
 Abd=            NaN
 Catch=                     NaN
 Abd=   39254.66    
 Catch=   313.660012479258     
 Abd=   4392.613    
 Catch=   52.3081017687895     
 Abd=   1645.998    
 Catch=   7.18597144812281     
 Abd=   1403939.    
 Catch=   3500.50156114534     
 Abd=   130491.1    
 Catch=   1546.40900623529     
 Abd=   106181.6    
 Catch=   264.942374098721     
 Abd=            NaN
 Catch=                     NaN
 Abd=   24338.70    
 Catch=   454.662031886278     
 Abd=   16559.75    
 Catch=   1357.99899524046     
 Abd=   548768.6    
 Catch=   1554.03470937639     
 Abd=   155258.3    
 Catch=   2403.37062360980     
 Abd=   23601.61    
 Catch=   532.277474954073     
 Abd=   4210222.    
 Catch=   16883.3561896420     
 Time step =         1848
 Abd=   62340.48    
 Catch=   409.863565920091     
 Abd=   6777.169    
 Catch=   44.1727473038792     
 Abd=   13750.21    
 Catch=   539.609532307558     
 Abd=   9432.003    
 Catch=   23.8138294511366     
 Abd=   46215.88    
 Catch=   573.120497551362     
 Abd=   38.11906    
 Catch=  0.391460093709515     
 Abd=            NaN
 Catch=                     NaN
 Abd=            NaN
 Catch=                     NaN
 Abd=   226856.6    
 Catch=   566.393150395436     
 Abd=   1922.730    
 Catch=   337.932814514079     
 Abd=   149722.2    
 Catch=   1071.79329070375     
 Abd=   8418.797    
 Catch=   21.1244804663614     
 Abd=            NaN
 Catch=                     NaN
 Abd=   117763.5    
 Catch=   337.975660545212     
 Abd=   33319.95    
 Catch=   2417.58150470891     
 Abd=            NaN
 Catch=                     NaN
 Abd=   2411.318    
 Catch=   69.1697665750641     
 Abd=            NaN
 Catch=                     NaN
 Abd=   39062.99    
 Catch=   317.235349409140     
 Abd=   4303.435    
 Catch=   53.1864683269193     
 Abd=   1637.809    
 Catch=   7.18542196585891     
 Abd=   1402564.    
 Catch=   3502.12449294548     
 Abd=   130173.3    
 Catch=   1543.27023758975     
 Abd=   106160.5    
 Catch=   264.760944912803     
 Abd=            NaN
 Catch=                     NaN
 Abd=   23024.64    
 Catch=   457.290826797797     
 Abd=   19056.07    
 Catch=   1310.68739449684     
 Abd=   551157.8    
 Catch=   1546.03821279912     
 Abd=   155431.4    
 Catch=   2376.93512808446     
 Abd=   21629.07    
 Catch=   540.306148326910     
 Abd=   4232584.    
 Catch=   16997.4399658503     
 Time step =         1849
 Abd=   62626.36    
 Catch=   411.678722404592     
 Abd=   6799.694    
 Catch=   44.2766315276543     
 Abd=   14070.28    
 Catch=   547.822472341713     
 Abd=   9543.546    
 Catch=   24.0653955914147     
 Abd=   46233.19    
 Catch=   568.991092279810     
 Abd=   36.91130    
 Catch=  0.386450562979790     
 Abd=            NaN
 Catch=                     NaN
 Abd=            NaN
 Catch=                     NaN
 Abd=   226955.2    
 Catch=   566.377707709713     
 Abd=   1842.759    
 Catch=   349.721800206750     
 Abd=   145911.8    
 Catch=   1065.64130855816     
 Abd=   8464.760    
 Catch=   21.3351975661113     
 Abd=            NaN
 Catch=                     NaN
 Abd=   117800.3    
 Catch=   338.839797853819     
 Abd=   33586.79    
 Catch=   2372.53288092348     
 Abd=            NaN
 Catch=                     NaN
 Abd=   2432.628    
 Catch=   74.7470917571593     
 Abd=            NaN
 Catch=                     NaN
 Abd=   39520.34    
 Catch=   318.876689855607     
 Abd=   4378.667    
 Catch=   53.5174187990386     
 Abd=   1637.841    
 Catch=   7.19216743378873     
 Abd=   1403256.    
 Catch=   3500.92870428771     
 Abd=   129909.0    
 Catch=   1525.79086075296     
 Abd=   106086.8    
 Catch=   264.804178736005     
 Abd=            NaN
 Catch=                     NaN
 Abd=   23180.13    
 Catch=   464.959379146173     
 Abd=   18364.93    
 Catch=   1395.45073071159     
 Abd=   548210.7    
 Catch=   1540.61779046537     
 Abd=   153689.2    
 Catch=   2382.89649919959     
 Abd=   21986.88    
 Catch=   550.308554736093     
 Abd=   4261313.    
 Catch=   17111.4753715843     
 Time step =         1850
 Abd=   62904.77    
 Catch=   412.053602198997     
 Abd=   6815.558    
 Catch=   44.3022266067424     
 Abd=   14283.08    
 Catch=   544.690833448476     
 Abd=   9644.572    
 Catch=   24.3126628587719     
 Abd=   45893.86    
 Catch=   572.335029954478     
 Abd=   36.45142    
 Catch=  0.379851794571288     
 Abd=            NaN
 Catch=                     NaN
 Abd=            NaN
 Catch=                     NaN
 Abd=   226947.4    
 Catch=   566.464032679089     
 Abd=   1907.099    
 Catch=   369.649578779152     
 Abd=   145186.0    
 Catch=   1069.04711405180     
 Abd=   8549.993    
 Catch=   21.5630065407581     
 Abd=            NaN
 Catch=                     NaN
 Abd=   118106.7    
 Catch=   339.009742140765     
 Abd=   32958.01    
 Catch=   2169.50649406002     
 Abd=            NaN
 Catch=                     NaN
 Abd=   2631.120    
 Catch=   77.8838686747702     
 Abd=            NaN
 Catch=                     NaN
 Abd=   39719.95    
 Catch=   320.986595690750     
 Abd=   4405.005    
 Catch=   54.5779564966389     
 Abd=   1639.410    
 Catch=   7.18713728734394     
 Abd=   1402751.    
 Catch=   3526.37034476975     
 Abd=   128417.3    
 Catch=   1529.68358089198     
 Abd=   106105.9    
 Catch=   265.190458768817     
 Abd=            NaN
 Catch=                     NaN
 Abd=   23573.90    
 Catch=   459.726297780614     
 Abd=   19566.21    
 Catch=   1433.62172191893     
 Abd=   546352.3    
 Catch=   1535.90020687951     
 Abd=   154112.3    
 Catch=   2379.57609171630     
 Abd=   22394.66    
 Catch=   539.811832567064     
 Abd=   4289896.    
 Catch=   17189.4870666086     
 Time step =         1851
 Abd=   62957.06    
 Catch=   413.309532938947     
 Abd=   6819.267    
 Catch=   44.1876035546723     
 Abd=   14198.01    
 Catch=   561.597692102089     
 Abd=   9744.616    
 Catch=   24.2216492368210     
 Abd=   46174.01    
 Catch=   573.082138742134     
 Abd=   35.82615    
 Catch=  0.375911924860081     
 Abd=            NaN
 Catch=                     NaN
 Abd=            NaN
 Catch=                     NaN
 Abd=   226982.0    
 Catch=   566.637214608498     
 Abd=   2015.824    
 Catch=   351.480502842883     
 Abd=   145673.3    
 Catch=   1067.01649092020     
 Abd=   8641.396    
 Catch=   21.7612621899023     
 Abd=            NaN
 Catch=                     NaN
 Abd=   118161.2    
 Catch=   338.883783801789     
 Abd=   30114.98    
 Catch=   2178.44384821915     
 Abd=            NaN
 Catch=                     NaN
 Abd=   2740.103    
 Catch=   80.2362178362741     
 Abd=            NaN
 Catch=                     NaN
 Abd=   39983.73    
 Catch=   324.563208747482     
 Abd=   4493.434    
 Catch=   55.7322721583837     
 Abd=   1638.203    
 Catch=   7.17697700962557     
 Abd=   1413169.    
 Catch=   3548.38857362024     
 Abd=   128777.1    
 Catch=   1532.20626300116     
 Abd=   106263.6    
 Catch=   265.705797984832     
 Abd=            NaN
 Catch=                     NaN
 Abd=   23296.95    
 Catch=   470.615298948768     
 Abd=   20100.08    
 Catch=   1431.89531728020     
 Abd=   544621.8    
 Catch=   1527.64766289092     
 Abd=   153885.4    
 Catch=   2339.36462627888     
 Abd=   21955.42    
 Catch=   563.064069496450     
 Abd=   4309264.    
 Catch=   17204.8927249328     
 Time step =         1852
 Abd=   63151.78    
 Catch=   412.483860447011     
 Abd=   6801.192    
 Catch=   43.7531054410710     
 Abd=   14646.02    
 Catch=   553.972699967016     
 Abd=   9704.075    
 Catch=   24.0194924049544     
 Abd=   46230.79    
 Catch=   567.753946893819     
 Abd=   35.45914    
 Catch=  0.383195708358123     
 Abd=            NaN
 Catch=                     NaN
 Abd=            NaN
 Catch=                     NaN
 Abd=   227052.9    
 Catch=   566.578364656250     
 Abd=   1916.622    
 Catch=   342.817302507593     
 Abd=   145349.0    
 Catch=   1079.27370413231     
 Abd=   8720.577    
 Catch=   21.9028186336497     
 Abd=            NaN
 Catch=                     NaN
 Abd=   118115.2    
 Catch=   338.905998982431     
 Abd=   30254.72    
 Catch=   2388.97522239135     
 Abd=            NaN
 Catch=                     NaN
 Abd=   2822.119    
 Catch=   72.8787236795341     
 Abd=            NaN
 Catch=                     NaN
 Abd=   40433.23    
 Catch=   326.383623819391     
 Abd=   4588.559    
 Catch=   55.2720233753529     
 Abd=   1635.873    
 Catch=   7.17584206088127     
 Abd=   1421958.    
 Catch=   3557.00479235131     
 Abd=   128987.4    
 Catch=   1523.01794320699     
 Abd=   106472.0    
 Catch=   265.821314978013     
 Abd=            NaN
 Catch=                     NaN
 Abd=   23864.81    
 Catch=   467.863066253360     
 Abd=   20070.19    
 Catch=   1345.87596189383     
 Abd=   541713.7    
 Catch=   1530.52782682727     
 Abd=   151245.9    
 Catch=   2351.03258029437     
 Abd=   22928.30    
 Catch=   546.069805103728     
 Abd=   4312806.    
 Catch=   17209.4373964921     
 Time step =         1853
 Abd=   63019.30    
 Catch=   411.434448118836     
 Abd=   6733.383    
 Catch=   43.2454143907852     
 Abd=   14438.34    
 Catch=   556.034137429772     
 Abd=   9622.386    
 Catch=   24.1472716035177     
 Abd=   45792.00    
 Catch=   568.254101108980     
 Abd=   36.16585    
 Catch=  0.388703003632114     
 Abd=            NaN
 Catch=                     NaN
 Abd=            NaN
 Catch=                     NaN
 Abd=   227026.5    
 Catch=   566.870024779366     
 Abd=   1869.406    
 Catch=   346.390948769409     
 Abd=   147102.3    
 Catch=   1094.97843065324     
 Abd=   8776.822    
 Catch=   22.0079509555099     
 Abd=            NaN
 Catch=                     NaN
 Abd=   118123.9    
 Catch=   339.063962085320     
 Abd=   33200.87    
 Catch=   2270.87860050203     
 Abd=            NaN
 Catch=                     NaN
 Abd=   2559.026    
 Catch=   77.8655749107423     
 Abd=            NaN
 Catch=                     NaN
 Abd=   40654.78    
 Catch=   328.360089212408     
 Abd=   4548.217    
 Catch=   55.1450719810426     
 Abd=   1635.651    
 Catch=   7.16797248532075     
 Abd=   1425298.    
 Catch=   3557.70298797035     
 Abd=   128195.5    
 Catch=   1527.48042649075     
 Abd=   106514.9    
 Catch=   265.708357407105     
 Abd=            NaN
 Catch=                     NaN
 Abd=   23710.95    
 Catch=   475.164172049868     
 Abd=   18857.95    
 Catch=   1370.83748057561     
 Abd=   542851.9    
 Catch=   1536.63976546991     
 Abd=   152057.7    
 Catch=   2368.17206993426     
 Abd=   22206.24    
 Catch=   565.048348547624     
 Abd=   4313895.    
 Catch=   17136.2421389988     
 Time step =         1854
 Abd=   62858.05    
 Catch=   410.088024543727     
 Abd=   6655.042    
 Catch=   42.5937637968896     
 Abd=   14494.76    
 Catch=   540.291704348321     
 Abd=   9676.180    
 Catch=   24.4019440016266     
 Abd=   45841.00    
 Catch=   566.107868272528     
 Abd=   36.68185    
 Catch=  0.394680480079657     
 Abd=            NaN
 Catch=                     NaN
 Abd=            NaN
 Catch=                     NaN
 Abd=   227147.0    
 Catch=   567.583879379398     
 Abd=   1888.922    
 Catch=   332.947228431054     
 Abd=   149256.4    
 Catch=   1104.94537093434     
 Abd=   8818.650    
 Catch=   21.9897444807984     
 Abd=            NaN
 Catch=                     NaN
 Abd=   118179.9    
 Catch=   339.303782699660     
 Abd=   31523.81    
 Catch=   2413.01685166664     
 Abd=            NaN
 Catch=                     NaN
 Abd=   2741.462    
 Catch=   78.1994140540217     
 Abd=            NaN
 Catch=                     NaN
 Abd=   40901.46    
 Catch=   325.987624289500     
 Abd=   4538.309    
 Catch=   54.1191261531615     
 Abd=   1633.826    
 Catch=   7.16802005370330     
 Abd=   1425513.    
 Catch=   3548.58577932979     
 Abd=   128592.7    
 Catch=   1532.84792308355     
 Abd=   106467.8    
 Catch=   265.644953413712     
 Abd=            NaN
 Catch=                     NaN
 Abd=   24089.54    
 Catch=   470.162147436191     
 Abd=   19218.12    
 Catch=   1382.42597182486     
 Abd=   545013.9    
 Catch=   1556.05801556746     
 Abd=   153172.1    
 Catch=   2409.72023205242     
 Abd=   23001.26    
 Catch=   560.254169784007     
 Abd=   4295156.    
 Catch=   17096.4144842874     
 Time step =         1855
 Abd=   62651.84    
 Catch=   408.885017144371     
 Abd=   6554.298    
 Catch=   41.1001823196794     
 Abd=   14079.19    
 Catch=   522.838772954979     
 Abd=   9781.166    
 Catch=   24.6115508768681     
 Abd=   45663.57    
 Catch=   564.663142878799     
 Abd=   37.24704    
 Catch=  0.395119293964431     
 Abd=            NaN
 Catch=                     NaN
 Abd=            NaN
 Catch=                     NaN
 Abd=   227435.1    
 Catch=   566.783675861526     
 Abd=   1815.573    
 Catch=   343.595183767005     
 Abd=   150528.3    
 Catch=   1111.47900173860     
 Abd=   8810.338    
 Catch=   21.8329277900677     
 Abd=            NaN
 Catch=                     NaN
 Abd=   118264.1    
 Catch=   340.005002116430     
 Abd=   33523.52    
 Catch=   2316.97139079407     
 Abd=            NaN
 Catch=                     NaN
 Abd=   2749.331    
 Catch=   81.0186925409434     
 Abd=            NaN
 Catch=                     NaN
 Abd=   40596.07    
 Catch=   323.437087102726     
 Abd=   4452.538    
 Catch=   54.3807508575864     
 Abd=   1633.879    
 Catch=   7.16144467124420     
 Abd=   1421781.    
 Catch=   3564.81465330974     
 Abd=   129047.1    
 Catch=   1535.08576988813     
 Abd=   106441.9    
 Catch=   266.203415415155     
 Abd=            NaN
 Catch=                     NaN
 Abd=   23826.24    
 Catch=   454.201174487725     
 Abd=   19378.74    
 Catch=   1441.48732444191     
 Abd=   551991.8    
 Catch=   1560.60946733271     
 Abd=   155888.8    
 Catch=   2393.50220276385     
 Abd=   22790.91    
 Catch=   536.075108839511     
 Abd=   4285347.    
 Catch=   17091.0826516370     
 Time step =         1856
 Abd=   62468.57    
 Catch=   407.860159368224     
 Abd=   6321.988    
 Catch=   41.0997120031879     
 Abd=   13624.80    
 Catch=   519.077939480252     
 Abd=   9863.722    
 Catch=   24.7478488174164     
 Abd=   45548.48    
 Catch=   564.449920066943     
 Abd=   37.27809    
 Catch=  0.407911193443565     
 Abd=            NaN
 Catch=                     NaN
 Abd=            NaN
 Catch=                     NaN
 Abd=   227104.6    
 Catch=   566.636841105705     
 Abd=   1873.700    
 Catch=   351.162680468346     
 Abd=   151472.6    
 Catch=   1116.63828158612     
 Abd=   8746.391    
 Catch=   21.7186987051670     
 Abd=            NaN
 Catch=                     NaN
 Abd=   118511.8    
 Catch=   340.814905323966     
 Abd=   32165.79    
 Catch=   2241.49297962261     
 Abd=            NaN
 Catch=                     NaN
 Abd=   2849.677    
 Catch=   80.8187336124268     
 Abd=            NaN
 Catch=                     NaN
 Abd=   40278.22    
 Catch=   322.492725947318     
 Abd=   4476.008    
 Catch=   53.5303998282590     
 Abd=   1632.346    
 Catch=   7.18268730598637     
 Abd=   1428495.    
 Catch=   3568.76441971113     
 Abd=   129228.5    
 Catch=   1535.85432776841     
 Abd=   106671.8    
 Catch=   266.377534404810     
 Abd=            NaN
 Catch=                     NaN
 Abd=   23009.18    
 Catch=   449.319982225233     
 Abd=   20212.22    
 Catch=   1400.68545533296     
 Abd=   553545.2    
 Catch=   1567.85023991715     
 Abd=   154772.3    
 Catch=   2376.87868929151     
 Abd=   21796.02    
 Catch=   528.849220771602     
 Abd=   4284182.    
 Catch=   17081.5140069479     
 Time step =         1857
 Abd=   62312.54    
 Catch=   409.572123533695     
 Abd=   6326.322    
 Catch=   41.1755028760017     
 Abd=   13530.36    
 Catch=   507.048661849827     
 Abd=   9917.008    
 Catch=   25.0573482182762     
 Abd=   45533.12    
 Catch=   564.471280261196     
 Abd=   38.50793    
 Catch=  0.392041166629991     
 Abd=            NaN
 Catch=                     NaN
 Abd=            NaN
 Catch=                     NaN
 Abd=   227047.9    
 Catch=   566.923901525866     
 Abd=   1914.947    
 Catch=   351.203302262588     
 Abd=   152161.8    
 Catch=   1104.26026174269     
 Abd=   8700.995    
 Catch=   21.4673291585072     
 Abd=            NaN
 Catch=                     NaN
 Abd=   118794.7    
 Catch=   342.105205922519     
 Abd=   31119.73    
 Catch=   2513.66981894317     
 Abd=            NaN
 Catch=                     NaN
 Abd=   2841.304    
 Catch=   83.7556524218378     
 Abd=            NaN
 Catch=                     NaN
 Abd=   40164.09    
 Catch=   320.171430129775     
 Abd=   4404.330    
 Catch=   52.7779928739122     
 Abd=   1637.315    
 Catch=   7.19127562994790     
 Abd=   1429970.    
 Catch=   3583.55272669207     
 Abd=   129291.8    
 Catch=   1528.54886330011     
 Abd=   106737.3    
 Catch=   267.163241231693     
 Abd=            NaN
 Catch=                     NaN
 Abd=   22770.14    
 Catch=   437.839566414337     
 Abd=   19630.87    
 Catch=   1473.99963978112     
 Abd=   556110.9    
 Catch=   1573.83677534060     
 Abd=   153696.3    
 Catch=   2380.28377448418     
 Abd=   21511.71    
 Catch=   511.689475631877     
 Abd=   4281755.    
 Catch=   17056.6045148377     
 Time step =         1858
 Abd=   62582.65    
 Catch=   410.940704171721     
 Abd=   6338.134    
 Catch=   41.2460094913525     
 Abd=   13213.64    
 Catch=   514.107848478453     
 Abd=   10042.20    
 Catch=   25.3298555071720     
 Abd=   45535.19    
 Catch=   566.359067924468     
 Abd=   36.96011    
 Catch=  0.391707821631421     
 Abd=            NaN
 Catch=                     NaN
 Abd=            NaN
 Catch=                     NaN
 Abd=   227166.7    
 Catch=   567.670251903981     
 Abd=   1915.147    
 Catch=   360.302566579590     
 Abd=   150427.1    
 Catch=   1093.17807650349     
 Abd=   8599.158    
 Catch=   21.4072251752422     
 Abd=            NaN
 Catch=                     NaN
 Abd=   119247.7    
 Catch=   342.993172225779     
 Abd=   34947.55    
 Catch=   2296.94270340653     
 Abd=            NaN
 Catch=                     NaN
 Abd=   2946.147    
 Catch=   83.7189999783080     
 Abd=            NaN
 Catch=                     NaN
 Abd=   39871.69    
 Catch=   320.349344003577     
 Abd=   4342.579    
 Catch=   52.5390017054653     
 Abd=   1639.211    
 Catch=   7.17349395568737     
 Abd=   1435988.    
 Catch=   3596.22994985857     
 Abd=   128664.3    
 Catch=   1524.49538375620     
 Abd=   107057.2    
 Catch=   267.733808485481     
 Abd=            NaN
 Catch=                     NaN
 Abd=   22183.18    
 Catch=   440.756648044016     
 Abd=   20668.98    
 Catch=   1480.99141876044     
 Abd=   558215.4    
 Catch=   1569.96747474503     
 Abd=   153940.5    
 Catch=   2358.47978104225     
 Abd=   20808.26    
 Catch=   517.550745996715     
 Abd=   4275440.    
 Catch=   17046.6418196714     
 Time step =         1859
 Abd=   62790.93    
 Catch=   411.893472961523     
 Abd=   6348.972    
 Catch=   41.2301609238392     
 Abd=   13402.36    
 Catch=   531.300868069918     
 Abd=   10150.88    
 Catch=   25.3050605250718     
 Abd=   45689.57    
 Catch=   565.874734137313     
 Abd=   36.95633    
 Catch=  0.398096180074594     
 Abd=            NaN
 Catch=                     NaN
 Abd=            NaN
 Catch=                     NaN
 Abd=   227469.4    
 Catch=   568.124864715797     
 Abd=   1964.794    
 Catch=   338.718800216225     
 Abd=   148922.0    
 Catch=   1076.91705247938     
 Abd=   8576.658    
 Catch=   21.4011853873948     
 Abd=            NaN
 Catch=                     NaN
 Abd=   119554.3    
 Catch=   342.923069364388     
 Abd=   31878.24    
 Catch=   2320.48731004725     
 Abd=            NaN
 Catch=                     NaN
 Abd=   2943.333    
 Catch=   82.3718413578657     
 Abd=            NaN
 Catch=                     NaN
 Abd=   39899.80    
 Catch=   322.413974291853     
 Abd=   4323.667    
 Catch=   52.8830620239407     
 Abd=   1635.036    
 Catch=   7.18238969586729     
 Abd=   1441048.    
 Catch=   3600.02374765687     
 Abd=   128329.1    
 Catch=   1509.76995133242     
 Abd=   107283.9    
 Catch=   267.806851293702     
 Abd=            NaN
 Catch=                     NaN
 Abd=   22343.70    
 Catch=   458.017914669260     
 Abd=   20761.99    
 Catch=   1359.47053391880     
 Abd=   556765.9    
 Catch=   1575.37627916616     
 Abd=   152499.9    
 Catch=   2318.17762397821     
 Abd=   21061.80    
 Catch=   545.063984257798     
 Abd=   4273025.    
 Catch=   17073.5510467466     
 Time step =         1860
 Abd=   62935.38    
 Catch=   411.124968693971     
 Abd=   6346.271    
 Catch=   42.5113206068668     
 Abd=   13854.59    
 Catch=   557.077598659529     
 Abd=   10139.65    
 Catch=   25.2096046256482     
 Abd=   45647.23    
 Catch=   565.877933805343     
 Abd=   37.56991    
 Catch=  0.406457402307352     
 Abd=            NaN
 Catch=                     NaN
 Abd=            NaN
 Catch=                     NaN
 Abd=   227648.9    
 Catch=   568.265308577836     
 Abd=   1847.018    
 Catch=   318.708275303786     
 Abd=   146694.0    
 Catch=   1054.14632893101     
 Abd=   8574.650    
 Catch=   21.4912305449990     
 Abd=            NaN
 Catch=                     NaN
 Abd=   119523.0    
 Catch=   341.639093781467     
 Abd=   32225.75    
 Catch=   2203.18095500264     
 Abd=            NaN
 Catch=                     NaN
 Abd=   2895.428    
 Catch=   78.0457139404492     
 Abd=            NaN
 Catch=                     NaN
 Abd=   40161.59    
 Catch=   325.195103010120     
 Abd=   4352.850    
 Catch=   53.0940719037014     
 Abd=   1637.189    
 Catch=   7.20522923897255     
 Abd=   1442494.    
 Catch=   3600.12258896917     
 Abd=   127072.2    
 Catch=   1504.86138203938     
 Abd=   107309.1    
 Catch=   267.336553354253     
 Abd=            NaN
 Catch=                     NaN
 Abd=   23231.44    
 Catch=   479.135186184984     
 Abd=   19046.52    
 Catch=   1284.32196489221     
 Abd=   558748.6    
 Catch=   1576.68504444659     
 Abd=   149875.8    
 Catch=   2301.58863139934     
 Abd=   22196.23    
 Catch=   578.164447952493     
 Abd=   4279950.    
 Catch=   17081.8116948143     
 Time step =         1861
 Abd=   62811.63    
 Catch=   414.087062914444     
 Abd=   6547.752    
 Catch=   41.3040293557223     
 Abd=   14529.10    
 Catch=   546.845507585059     
 Abd=   10100.66    
 Catch=   25.1307088328640     
 Abd=   45648.68    
 Catch=   578.711171967087     
 Abd=   38.36218    
 Catch=  0.408917427418321     
 Abd=            NaN
 Catch=                     NaN
 Abd=            NaN
 Catch=                     NaN
 Abd=   227704.2    
 Catch=   568.290199482995     
 Abd=   1737.904    
 Catch=   349.033382383362     
 Abd=   143569.8    
 Catch=   1050.85941616471     
 Abd=   8611.518    
 Catch=   21.5327573201864     
 Abd=            NaN
 Catch=                     NaN
 Abd=   119067.2    
 Catch=   341.802515093700     
 Abd=   30584.90    
 Catch=   2545.60596071563     
 Abd=            NaN
 Catch=                     NaN
 Abd=   2741.626    
 Catch=   71.1967358102666     
 Abd=            NaN
 Catch=                     NaN
 Abd=   40509.75    
 Catch=   319.065402213365     
 Abd=   4369.998    
 Catch=                     NaN
 Abd=   1642.458    
 Catch=   7.21785444918523     
 Abd=   1442507.    
 Catch=   3605.29804918833     
 Abd=   126674.8    
 Catch=   1492.65935498668     
 Abd=   107117.3    
 Catch=   267.112828492152     
 Abd=            NaN
 Catch=                     NaN
 Abd=   24304.70    
 Catch=   476.088196229862     
 Abd=   17998.16    
 Catch=   1426.36383001364     
 Abd=   559164.5    
 Catch=   1585.43281196065     
 Abd=   148829.0    
 Catch=   2252.35612568912     
 Abd=   23545.95    
 Catch=   563.804606365318     
 Abd=   4281922.    
 Catch=   17098.5001885881     
 Time step =         1862
 Abd=   63275.59    
 Catch=   414.183322351387     
 Abd=   6354.074    
 Catch=   42.4142040635610     
 Abd=   14253.71    
 Catch=   540.690878733940     
 Abd=   10068.87    
 Catch=   25.1558394994709     
 Abd=   46702.34    
 Catch=   584.928000996440     
 Abd=   38.58351    
 Catch=  0.401345392979860     
 Abd=            NaN
 Catch=                     NaN
 Abd=            NaN
 Catch=                     NaN
 Abd=   227711.3    
 Catch=   567.845690653662     
 Abd=   1903.408    
 Catch=   369.087506001380     
 Abd=   143190.5    
 Catch=   1036.82632725844     
 Abd=   8627.735    
 Catch=   21.7329648008079     
 Abd=            NaN
 Catch=                     NaN
 Abd=   119134.5    
 Catch=   342.441519492748     
 Abd=   35431.82    
 Catch=   2149.55126314376     
 Abd=            NaN
 Catch=                     NaN
 Abd=   2500.909    
 Catch=   68.6730033920951     
 Abd=            NaN
 Catch=                     NaN
 Abd=   39726.78    
 Catch=   316.564572980534     
 Abd=            NaN
 Catch=                     NaN
 Abd=   1645.293    
 Catch=   7.21674074733369     
 Abd=   1444622.    
 Catch=   3630.74395942296     
 Abd=   125636.6    
 Catch=   1486.37865730386     
 Abd=   107029.7    
 Catch=   267.793678777327     
 Abd=            NaN
 Catch=                     NaN
 Abd=   24129.63    
 Catch=   475.899075774630     
 Abd=   20010.31    
 Catch=   1468.32694456098     
 Abd=   562348.7    
 Catch=   1589.83066459093     
 Abd=   145609.2    
 Catch=   2250.02106807069     
 Abd=   22931.09    
 Catch=   562.561068993097     
 Abd=   4286150.    
 Catch=   17101.5732968197     
 Time step =         1863
 Abd=   63281.57    
 Catch=   415.765044544146     
 Abd=   6532.216    
 Catch=   42.0693133914455     
 Abd=   14092.40    
 Catch=   566.936799655251     
 Abd=   10080.54    
 Catch=   24.9253437071277     
 Abd=   47193.69    
 Catch=   583.819828458388     
 Abd=   37.85227    
 Catch=  0.398004347750211     
 Abd=            NaN
 Catch=                     NaN
 Abd=            NaN
 Catch=                     NaN
 Abd=   227530.7    
 Catch=   567.687707748437     
 Abd=   2012.727    
 Catch=   340.436626760574     
 Abd=   141239.6    
 Catch=   1035.55159954696     
 Abd=   8709.288    
 Catch=   21.9324919643840     
 Abd=            NaN
 Catch=                     NaN
 Abd=   119360.3    
 Catch=   342.312516655448     
 Abd=   29828.47    
 Catch=   2290.14209168345     
 Abd=            NaN
 Catch=                     NaN
 Abd=   2416.213    
 Catch=   66.2588969373566     
 Abd=            NaN
 Catch=                     NaN
 Abd=   39422.81    
 Catch=   320.662777205177     
 Abd=            NaN
 Catch=                     NaN
 Abd=   1644.971    
 Catch=   7.23095351955742     
 Abd=   1454985.    
 Catch=   3613.15818519128     
 Abd=   125117.2    
 Catch=   1485.41564181952     
 Abd=   107308.9    
 Catch=   267.374853550656     
 Abd=            NaN
 Catch=                     NaN
 Abd=   24120.13    
 Catch=   488.276243724107     
 Abd=   20585.88    
 Catch=   1349.00529032417     
 Abd=   563875.9    
 Catch=   1607.58407576645     
 Abd=   145515.8    
 Catch=   2226.34373181019     
 Abd=   22885.19    
 Catch=   579.724405835803     
 Abd=   4286851.    
 Catch=   17105.9285471850     
 Time step =         1864
 Abd=   63527.37    
 Catch=   416.444479960219     
 Abd=   6474.428    
 Catch=   41.6700330008713     
 Abd=   14788.21    
 Catch=   579.846448305839     
 Abd=   9986.988    
 Catch=   24.6721934489303     
 Abd=   47094.09    
 Catch=   583.468372946338     
 Abd=   37.54427    
 Catch=  0.406396078161654     
 Abd=            NaN
 Catch=                     NaN
 Abd=            NaN
 Catch=                     NaN
 Abd=   227470.9    
 Catch=   567.451369651054     
 Abd=   1856.398    
 Catch=   361.878807568443     
 Abd=   141111.1    
 Catch=   1047.19481590881     
 Abd=   8789.197    
 Catch=   22.0480086364800     
 Abd=            NaN
 Catch=                     NaN
 Abd=   119310.2    
 Catch=   343.536127069543     
 Abd=   31818.15    
 Catch=   2442.79676791258     
 Abd=            NaN
 Catch=                     NaN
 Abd=   2329.893    
 Catch=   70.8599872918004     
 Abd=            NaN
 Catch=                     NaN
 Abd=   39948.76    
 Catch=   324.399622187605     
 Abd=            NaN
 Catch=                     NaN
 Abd=   1648.285    
 Catch=   7.25332900887263     
 Abd=   1447582.    
 Catch=   3610.96743656612     
 Abd=   125044.4    
 Catch=   1495.87988828952     
 Abd=   107132.1    
 Catch=   267.572738543570     
 Abd=            NaN
 Catch=                     NaN
 Abd=   24759.52    
 Catch=   498.366382603718     
 Abd=   18902.42    
 Catch=   1471.03291022738     
 Abd=   570262.6    
 Catch=   1629.83853674872     
 Abd=   143953.0    
 Catch=   2262.75751754701     
 Abd=   23597.95    
 Catch=   589.798629768666     
 Abd=   4287948.    
 Catch=   17080.4891087560     
 Time step =         1865
 Abd=   63629.12    
 Catch=   417.414517184570     
 Abd=   6412.853    
 Catch=   42.7014286034927     
 Abd=   15120.11    
 Catch=   555.704992176626     
 Abd=   9883.309    
 Catch=   24.3959189034306     
 Abd=   47066.74    
 Catch=   578.324594340571     
 Abd=   38.35675    
 Catch=  0.416059937266099     
 Abd=            NaN
 Catch=                     NaN
 Abd=            NaN
 Catch=                     NaN
 Abd=   227376.7    
 Catch=   568.503648193242     
 Abd=   1973.422    
 Catch=   353.383984375793     
 Abd=   142730.0    
 Catch=   1037.39266975677     
 Abd=   8834.776    
 Catch=   22.0628524947271     
 Abd=            NaN
 Catch=                     NaN
 Abd=   119746.0    
 Catch=   344.177963217062     
 Abd=   33937.48    
 Catch=   2439.70649689056     
 Abd=            NaN
 Catch=                     NaN
 Abd=   2496.277    
 Catch=   76.4294024443563     
 Abd=            NaN
 Catch=                     NaN
 Abd=   40412.68    
 Catch=   324.984702935272     
 Abd=            NaN
 Catch=                     NaN
 Abd=   1653.424    
 Catch=   7.25763244558237     
 Abd=   1446834.    
 Catch=   3629.41092732247     
 Abd=   125941.9    
 Catch=   1498.83065072504     
 Abd=   107216.5    
 Catch=   268.139119678042     
 Abd=            NaN
 Catch=                     NaN
 Abd=   25267.62    
 Catch=   478.347428869762     
 Abd=   20633.32    
 Catch=   1415.92531757808     
 Abd=   578187.0    
 Catch=   1640.22252652656     
 Abd=   146377.6    
 Catch=   2270.03117905996     
 Abd=   23999.84    
 Catch=   557.911139686989     
 Abd=   4281423.    
 Catch=   17069.3864390751     
 Time step =         1866
 Abd=   63779.37    
 Catch=   418.264850776680     
 Abd=   6576.153    
 Catch=   43.1760731989094     
 Abd=   14480.12    
 Catch=   550.546319630688     
 Abd=   9772.445    
 Catch=   23.8777721573497     
 Abd=   46644.97    
 Catch=   572.804353514229     
 Abd=   39.27111    
 Catch=  0.418459824663170     
 Abd=            NaN
 Catch=                     NaN
 Abd=            NaN
 Catch=                     NaN
 Abd=   227809.5    
 Catch=   568.374960294560     
 Abd=   1927.027    
 Catch=   348.976329637049     
 Abd=   141326.1    
 Catch=   1033.85811686664     
 Abd=   8839.900    
 Catch=   22.0907611952199     
 Abd=            NaN
 Catch=                     NaN
 Abd=   119965.3    
 Catch=   345.476109084960     
 Abd=   33878.41    
 Catch=   2719.85677330307     
 Abd=            NaN
 Catch=                     NaN
 Abd=   2690.921    
 Catch=   75.9333424154222     
 Abd=            NaN
 Catch=                     NaN
 Abd=   40477.93    
 Catch=   326.126087417972     
 Abd=            NaN
 Catch=                     NaN
 Abd=   1654.320    
 Catch=   7.25426785442218     
 Abd=   1454393.    
 Catch=   3631.43829197802     
 Abd=   126177.4    
 Catch=   1507.70027952040     
 Abd=   107447.3    
 Catch=   268.958271625428     
 Abd=            NaN
 Catch=                     NaN
 Abd=   24229.68    
 Catch=   475.844372645239     
 Abd=   19843.12    
 Catch=   1405.86188661147     
 Abd=   581786.9    
 Catch=   1654.05119536001     
 Abd=   146813.2    
 Catch=   2266.51689752962     
 Abd=   22679.47    
 Catch=   552.309587651325     
 Abd=   4278720.    
 Catch=   17103.0147236631     
 Time step =         1867
 Abd=   63908.27    
 Catch=   419.461612572337     
 Abd=   6647.234    
 Catch=   46.0611834110309     
 Abd=   14351.14    
 Catch=   539.243092689858     
 Abd=   9564.166    
 Catch=   23.5489464725456     
 Abd=   46200.84    
 Catch=   574.098719931901     
 Abd=   39.48006    
 Catch=  0.411209626681417     
 Abd=            NaN
 Catch=                     NaN
 Abd=            NaN
 Catch=                     NaN
 Abd=   227747.6    
 Catch=   569.338433985148     
 Abd=   1903.006    
 Catch=   354.960733761708     
 Abd=   140873.2    
 Catch=   1027.85782062378     
 Abd=   8851.209    
 Catch=   22.0341929213834     
 Abd=            NaN
 Catch=                     NaN
 Abd=   120422.6    
 Catch=   346.321564157317     
 Abd=   37809.77    
 Catch=   2694.54536845302     
 Abd=            NaN
 Catch=                     NaN
 Abd=   2670.089    
 Catch=   80.5724890429797     
 Abd=            NaN
 Catch=                     NaN
 Abd=   40621.18    
 Catch=   325.768685867555     
 Abd=            NaN
 Catch=                     NaN
 Abd=   1653.515    
 Catch=   7.25037835132382     
 Abd=   1455066.    
 Catch=   3643.74946864824     
 Abd=   126934.9    
 Catch=   1518.59124010591     
 Abd=   107776.6    
 Catch=   269.466576612573     
 Abd=            NaN
 Catch=                     NaN
 Abd=   24117.34    
 Catch=   464.603891552186     
 Abd=   19707.77    
 Catch=   1417.84645207254     
 Abd=   586701.1    
 Catch=   1663.02210388415     
 Abd=   146575.8    
 Catch=   2283.56187608885     
 Abd=   22469.45    
 Catch=   542.811347004025     
 Abd=   4287370.    
 Catch=   17089.8292834552     
 Time step =         1868
 Abd=   64092.12    
 Catch=   421.078603721702     
 Abd=   7099.441    
 Catch=   46.6726264003642     
 Abd=   14054.79    
 Catch=   552.272792981344     
 Abd=   9432.527    
 Catch=   23.4649447159666     
 Abd=   46313.09    
 Catch=   575.871925049591     
 Abd=   38.78064    
 Catch=  0.399431269075438     
 Abd=            NaN
 Catch=                     NaN
 Abd=            NaN
 Catch=                     NaN
 Abd=   228142.9    
 Catch=   570.223928900229     
 Abd=   1935.668    
 Catch=   361.621065631261     
 Abd=   140048.2    
 Catch=   1007.15452674959     
 Abd=   8827.844    
 Catch=   21.8563060354244     
 Abd=            NaN
 Catch=                     NaN
 Abd=   120713.8    
 Catch=   346.809565676967     
 Abd=   37436.70    
 Catch=   2224.21224618194     
 Abd=            NaN
 Catch=                     NaN
 Abd=   2837.866    
 Catch=   79.5224328943195     
 Abd=            NaN
 Catch=                     NaN
 Abd=   40573.44    
 Catch=   329.763207351454     
 Abd=            NaN
 Catch=                     NaN
 Abd=   1652.627    
 Catch=   7.24380635700956     
 Abd=   1460086.    
 Catch=   3660.94751279319     
 Abd=   127854.0    
 Catch=   1524.72027006875     
 Abd=   107977.6    
 Catch=   270.243893897240     
 Abd=            NaN
 Catch=                     NaN
 Abd=   23539.82    
 Catch=   481.830807784095     
 Abd=   19879.29    
 Catch=   1452.19901616998     
 Abd=   589864.1    
 Catch=   1667.27558399994     
 Abd=   147700.7    
 Catch=   2316.53767939875     
 Abd=   22078.76    
 Catch=   577.532695332847     
 Abd=   4283822.    
 Catch=   17066.4049255157     
 Time step =         1869
 Abd=   64339.95    
 Catch=   419.545301478419     
 Abd=   7185.605    
 Catch=   48.0447706680484     
 Abd=   14401.22    
 Catch=   554.304994949912     
 Abd=   9401.168    
 Catch=   23.5488959396855     
 Abd=   46457.12    
 Catch=   573.965330772166     
 Abd=   37.66501    
 Catch=  0.396795448595210     
 Abd=            NaN
 Catch=                     NaN
 Abd=            NaN
 Catch=                     NaN
 Abd=   228495.5    
 Catch=   571.153675985182     
 Abd=   1971.971    
 Catch=   349.602073863159     
 Abd=   137181.5    
 Catch=   1000.27732999678     
 Abd=   8755.594    
 Catch=   21.5959625448820     
 Abd=            NaN
 Catch=                     NaN
 Abd=   120881.4    
 Catch=   347.418267077078     
 Abd=   30849.12    
 Catch=   2238.75372931968     
 Abd=            NaN
 Catch=                     NaN
 Abd=   2795.191    
 Catch=   82.5945355914284     
 Abd=            NaN
 Catch=                     NaN
 Abd=   41081.30    
 Catch=   328.851284400422     
 Abd=            NaN
 Catch=                     NaN
 Abd=   1651.126    
 Catch=   7.23940047577762     
 Abd=   1467017.    
 Catch=   3669.49080641128     
 Abd=   128362.5    
 Catch=   1522.30514014475     
 Abd=   108291.4    
 Catch=   270.679738298487     
 Abd=            NaN
 Catch=                     NaN
 Abd=   24438.91    
 Catch=   494.224250762643     
 Abd=   20360.53    
 Catch=   1436.60984937026     
 Abd=   591314.1    
 Catch=   1671.84718219842     
 Abd=   149861.5    
 Catch=   2334.18929194713     
 Abd=   23522.28    
 Catch=   591.815382511791     
 Abd=   4277902.    
 Catch=   17066.1778310787     
 Time step =         1870
 Abd=   64095.84    
 Catch=   418.779713448370     
 Abd=   7399.434    
 Catch=   48.8176619301446     
 Abd=   14450.92    
 Catch=   548.280181257919     
 Abd=   9435.675    
 Catch=   23.5327468026701     
 Abd=   46298.08    
 Catch=   564.469830366787     
 Abd=   37.43145    
 Catch=  0.407890572406315     
 Abd=            NaN
 Catch=                     NaN
 Abd=            NaN
 Catch=                     NaN
 Abd=   228869.5    
 Catch=   570.623780934472     
 Abd=   1906.393    
 Catch=   344.971543413982     
 Abd=   136280.2    
 Catch=   995.356063812092     
 Abd=   8650.637    
 Catch=   21.2816446248118     
 Abd=            NaN
 Catch=                     NaN
 Abd=   121094.5    
 Catch=   348.031276935473     
 Abd=   31090.35    
 Catch=   2194.71866373345     
 Abd=            NaN
 Catch=                     NaN
 Abd=   2905.664    
 Catch=   79.0304052704495     
 Abd=            NaN
 Catch=                     NaN
 Abd=   40956.38    
 Catch=   328.551165954356     
 Abd=            NaN
 Catch=                     NaN
 Abd=   1650.128    
 Catch=   7.23713137784662     
 Abd=   1470367.    
 Catch=   3668.74703524606     
 Abd=   128146.1    
 Catch=   1518.59710839039     
 Abd=   108463.1    
 Catch=   270.916996252363     
 Abd=            NaN
 Catch=                     NaN
 Abd=   25060.19    
 Catch=   489.439193278985     
 Abd=   20137.10    
 Catch=   1389.73479129360     
 Abd=   592957.9    
 Catch=   1679.89306827019     
 Abd=   150974.6    
 Catch=   2325.92884889745     
 Abd=   24087.05    
 Catch=   578.306672463803     
 Abd=   4277963.    
 Catch=   17068.7522891518     
 Time step =         1871
 Abd=   63981.16    
 Catch=   418.809639188281     
 Abd=   7516.437    
 Catch=   48.2804849924212     
 Abd=   14290.08    
 Catch=   547.341870492208     
 Abd=   9430.529    
 Catch=   23.3735939921283     
 Abd=   45522.03    
 Catch=   560.959285755559     
 Abd=   38.50293    
 Catch=  0.397275656606284     
 Abd=            NaN
 Catch=                     NaN
 Abd=            NaN
 Catch=                     NaN
 Abd=   228642.9    
 Catch=   570.784850709700     
 Abd=   1881.153    
 Catch=   354.406962855574     
 Abd=   135620.5    
 Catch=   969.355627028628     
 Abd=   8524.278    
 Catch=   21.1540899458820     
 Abd=            NaN
 Catch=                     NaN
 Abd=   121308.1    
 Catch=   349.016540845359     
 Abd=   30472.32    
 Catch=   2349.76670673341     
 Abd=            NaN
 Catch=                     NaN
 Abd=   2779.761    
 Catch=   91.9815810114944     
 Abd=            NaN
 Catch=                     NaN
 Abd=   40919.91    
 Catch=   327.834100586927     
 Abd=            NaN
 Catch=                     NaN
 Abd=   1649.614    
 Catch=   7.24074815687407     
 Abd=   1469993.    
 Catch=   3678.31761675288     
 Abd=   127832.6    
 Catch=   1516.56955815302     
 Abd=   108556.6    
 Catch=   271.350156790908     
 Abd=            NaN
 Catch=                     NaN
 Abd=   24803.66    
 Catch=   477.983338514817     
 Abd=   19477.49    
 Catch=   1455.23926310683     
 Abd=   595837.0    
 Catch=   1681.17920737236     
 Abd=   150410.4    
 Catch=   2361.41617716912     
 Abd=   23520.74    
 Catch=   561.191108631816     
 Abd=   4278621.    
 Catch=   17084.6934296988     
 Time step =         1872
 Abd=   63989.29    
 Catch=   416.808313313877     
 Abd=   7429.910    
 Catch=   48.7074518390858     
 Abd=   14268.63    
 Catch=   539.836396554638     
 Abd=   9364.755    
 Catch=   23.1232793334524     
 Abd=   45247.27    
 Catch=   557.230737475742     
 Abd=   37.46243    
 Catch=  0.398465568563940     
 Abd=            NaN
 Catch=                     NaN
 Abd=            NaN
 Catch=                     NaN
 Abd=   228715.3    
 Catch=   571.146274226774     
 Abd=   1932.643    
 Catch=   342.572966695520     
 Abd=   131954.4    
 Catch=   974.577394556707     
 Abd=   8474.693    
 Catch=   21.0703275028621     
 Abd=            NaN
 Catch=                     NaN
 Abd=   121654.0    
 Catch=   349.554617627279     
 Abd=   32646.32    
 Catch=   2400.31511710471     
 Abd=            NaN
 Catch=                     NaN
 Abd=   3243.392    
 Catch=   81.9597380498364     
 Abd=            NaN
 Catch=                     NaN
 Abd=   40830.43    
 Catch=   325.240782906121     
 Abd=            NaN
 Catch=                     NaN
 Abd=   1650.469    
 Catch=   7.23687162609601     
 Abd=   1473913.    
 Catch=   3686.43758737399     
 Abd=   127664.2    
 Catch=   1521.02455395685     
 Abd=   108731.8    
 Catch=   271.603896643649     
 Abd=            NaN
 Catch=                     NaN
 Abd=   24219.57    
 Catch=   469.958148215866     
 Abd=   20407.22    
 Catch=   1449.40511124682     
 Abd=   596188.1    
 Catch=   1693.62014987161     
 Abd=   152769.4    
 Catch=   2371.95211328483     
 Abd=   22823.96    
 Catch=   553.421836416047     
 Abd=   4282686.    
 Catch=   17093.2840734624     
 Time step =         1873
 Abd=   63677.49    
 Catch=   415.516028819775     
 Abd=   7498.713    
 Catch=   46.6414454716347     
 Abd=   14069.58    
 Catch=   507.808029324564     
 Abd=   9262.787    
 Catch=   23.0245792384311     
 Abd=   44945.88    
 Catch=   555.006647446084     
 Abd=   37.59569    
 Catch=  0.403059653363928     
 Abd=            NaN
 Catch=                     NaN
 Abd=            NaN
 Catch=                     NaN
 Abd=   228858.6    
 Catch=   571.282939472602     
 Abd=   1868.058    
 Catch=   354.371613174873     
 Abd=   132820.9    
 Catch=   965.018100218836     
 Abd=   8441.460    
 Catch=   20.9546647378730     
 Abd=            NaN
 Catch=                     NaN
 Abd=   121838.4    
 Catch=   349.972378989089     
 Abd=   33336.05    
 Catch=   2310.05514047103     
 Abd=            NaN
 Catch=                     NaN
 Abd=   2876.856    
 Catch=   82.8940603974578     
 Abd=            NaN
 Catch=                     NaN
 Abd=   40502.48    
 Catch=   316.977002182651     
 Abd=            NaN
 Catch=                     NaN
 Abd=   1649.550    
 Catch=   7.21432085719377     
 Abd=   1477154.    
 Catch=   3676.37361681446     
 Abd=   128050.0    
 Catch=   1526.91457928907     
 Abd=   108832.9    
 Catch=   271.658840575150     
 Abd=            NaN
 Catch=                     NaN
 Abd=   23812.95    
 Catch=   444.359232895166     
 Abd=   20317.46    
 Catch=   1450.44331310983     
 Abd=   600724.6    
 Catch=   1693.96438657759     
 Abd=   153409.6    
 Catch=   2388.79228917110     
 Abd=   22509.99    
 Catch=   512.244331683234     
 Abd=   4284802.    
 Catch=   17110.1300173349     
 Time step =         1874
 Abd=   63481.11    
 Catch=   415.262362215171     
 Abd=   7173.301    
 Catch=   46.3622231280661     
 Abd=   13228.80    
 Catch=   497.925396320064     
 Abd=   9224.340    
 Catch=   22.8647925482445     
 Abd=   44768.27    
 Catch=   562.375252709931     
 Abd=   38.03474    
 Catch=  0.390895291280507     
 Abd=            NaN
 Catch=                     NaN
 Abd=            NaN
 Catch=                     NaN
 Abd=   228914.0    
 Catch=   571.454175776395     
 Abd=   1932.469    
 Catch=   361.219386662290     
 Abd=   131468.8    
 Catch=   951.694367192143     
 Abd=   8394.850    
 Catch=   20.8606116676166     
 Abd=            NaN
 Catch=                     NaN
 Abd=   121983.5    
 Catch=   350.333697845685     
 Abd=   32070.89    
 Catch=   2360.24429952249     
 Abd=            NaN
 Catch=                     NaN
 Abd=   2914.956    
 Catch=   83.5198804430547     
 Abd=            NaN
 Catch=                     NaN
 Abd=   39460.57    
 Catch=   311.587682194764     
 Abd=            NaN
 Catch=                     NaN
 Abd=   1644.323    
 Catch=   7.19890959108359     
 Abd=   1472974.    
 Catch=   3679.54710326637     
 Abd=   128547.3    
 Catch=   1515.29285684885     
 Abd=   108852.5    
 Catch=   271.788491477142     
 Abd=            NaN
 Catch=                     NaN
 Abd=   22502.91    
 Catch=   435.649115443928     
 Abd=   20334.52    
 Catch=   1449.62044278135     
 Abd=   600754.3    
 Catch=   1685.98172953398     
 Abd=   154508.2    
 Catch=   2378.65021897575     
 Abd=   20817.95    
 Catch=   502.398722662416     
 Abd=   4289066.    
 Catch=   17154.9405188476     
 Time step =         1875
 Abd=   63445.57    
 Catch=   415.175958654453     
 Abd=   7135.588    
 Catch=   47.1285832419127     
 Abd=   12977.30    
 Catch=   518.932259720556     
 Abd=   9159.636    
 Catch=   22.8003408565065     
 Abd=   45376.36    
 Catch=   567.885845941530     
 Abd=   36.85811    
 Catch=  0.366974548503564     
 Abd=            NaN
 Catch=                     NaN
 Abd=            NaN
 Catch=                     NaN
 Abd=   228982.2    
 Catch=   572.097759606025     
 Abd=   1969.789    
 Catch=   369.595285869135     
 Abd=   129643.5    
 Catch=   952.776747435792     
 Abd=   8357.348    
 Catch=   20.8050712372081     
 Abd=            NaN
 Catch=                     NaN
 Abd=   122108.8    
 Catch=   349.105047838661     
 Abd=   32780.47    
 Catch=   1892.60978857276     
 Abd=            NaN
 Catch=                     NaN
 Abd=   2937.183    
 Catch=   87.4734189708842     
 Abd=            NaN
 Catch=                     NaN
 Abd=   38796.17    
 Catch=   313.542208380650     
 Abd=            NaN
 Catch=                     NaN
 Abd=   1640.844    
 Catch=   7.17963812000451     
 Abd=   1474354.    
 Catch=   3702.10245687789     
 Abd=   127541.6    
 Catch=   1528.14538906296     
 Abd=   108905.0    
 Catch=   272.090649292124     
 Abd=            NaN
 Catch=                     NaN
 Abd=   22074.52    
 Catch=   450.522790401228     
 Abd=   20321.30    
 Catch=   1472.95319554831     
 Abd=   597882.8    
 Catch=   1689.51835930570     
 Abd=   153819.8    
 Catch=   2393.57862906358     
 Abd=   20434.44    
 Catch=   525.163640792061     
 Abd=   4300440.    
 Catch=   17187.2292002076     
 Time step =         1876
 Abd=   63432.64    
 Catch=   413.747638279068     
 Abd=   7256.792    
 Catch=   47.3775195859355     
 Abd=   13534.32    
 Catch=   559.093861515008     
 Abd=   9134.765    
 Catch=   22.5370104116174     
 Abd=   45818.16    
 Catch=   561.009252873809     
 Abd=   34.58389    
 Catch=  0.374360860969613     
 Abd=            NaN
 Catch=                     NaN
 Abd=            NaN
 Catch=                     NaN
 Abd=   229244.4    
 Catch=   573.191458030551     
 Abd=   2015.474    
 Catch=   293.625828026809     
 Abd=   129839.3    
 Catch=   958.735110860934     
 Abd=   8335.406    
 Catch=   20.9062893266054     
 Abd=            NaN
 Catch=                     NaN
 Abd=   121669.8    
 Catch=   344.822322953356     
 Abd=   26246.41    
 Catch=   2336.63538206164     
 Abd=            NaN
 Catch=                     NaN
 Abd=   3077.420    
 Catch=   62.2584254662070     
 Abd=            NaN
 Catch=                     NaN
 Abd=   39056.85    
 Catch=   318.954718361094     
 Abd=            NaN
 Catch=                     NaN
 Abd=   1636.433    
 Catch=   7.17285219210933     
 Abd=   1483554.    
 Catch=   3652.80327367402     
 Abd=   128663.3    
 Catch=   1534.49363701868     
 Abd=   109027.6    
 Catch=   269.514518008309     
 Abd=            NaN
 Catch=                     NaN
 Abd=   22848.26    
 Catch=   484.784744649079     
 Abd=   20651.85    
 Catch=   1147.10132970582     
 Abd=   599212.5    
 Catch=   1691.87033339096     
 Abd=   154815.0    
 Catch=   2418.59822487863     
 Abd=   21381.42    
 Catch=   580.437916529807     
 Abd=   4308465.    
 Catch=   17220.6293578271     
 Time step =         1877
 Abd=   63210.57    
 Catch=   414.498424701767     
 Abd=   7293.039    
 Catch=   49.4502510526857     
 Abd=   14590.39    
 Catch=   555.652598123118     
 Abd=   9029.759    
 Catch=   22.2737087506012     
 Abd=   45246.41    
 Catch=   567.809871064062     
 Abd=   35.33308    
 Catch=  0.373177840069301     
 Abd=            NaN
 Catch=                     NaN
 Abd=            NaN
 Catch=                     NaN
 Abd=   229684.3    
 Catch=   573.311686769977     
 Abd=   1601.061    
 Catch=   325.893235637367     
 Abd=   130661.2    
 Catch=   968.035581226315     
 Abd=   8377.254    
 Catch=   21.0018584784396     
 Abd=            NaN
 Catch=                     NaN
 Abd=   120157.6    
 Catch=   343.050352900741     
 Abd=   32528.65    
 Catch=   2494.99552362275     
 Abd=            NaN
 Catch=                     NaN
 Abd=   2180.399    
 Catch=   55.6245873348667     
 Abd=            NaN
 Catch=                     NaN
 Abd=   39739.42    
 Catch=   319.761533487697     
 Abd=            NaN
 Catch=                     NaN
 Abd=   1634.951    
 Catch=   7.19900398037671     
 Abd=   1463222.    
 Catch=   3615.18072596694     
 Abd=   129186.8    
 Catch=   1543.22719787017     
 Abd=   107972.7    
 Catch=   268.039717944506     
 Abd=            NaN
 Catch=                     NaN
 Abd=   24604.75    
 Catch=   486.850147595106     
 Abd=   16063.36    
 Catch=   1235.78078495971     
 Abd=   600035.5    
 Catch=   1693.49203285356     
 Abd=   156440.8    
 Catch=   2384.12715592935     
 Abd=   23657.84    
 Catch=   580.129681896293     
 Abd=   4316848.    
 Catch=   17181.0693857999     
 Time step =         1878
 Abd=   63331.48    
 Catch=   416.913359052339     
 Abd=   7618.158    
 Catch=   48.1824586957037     
 Abd=   14482.72    
 Catch=   537.124011569182     
 Abd=   8922.248    
 Catch=   22.1675141540035     
 Abd=   45813.79    
 Catch=   570.259508303463     
 Abd=   35.20515    
 Catch=  0.385005410183264     
 Abd=            NaN
 Catch=                     NaN
 Abd=            NaN
 Catch=                     NaN
 Abd=   229724.9    
 Catch=   573.943306983005     
 Abd=   1777.304    
 Catch=   342.788186639641     
 Abd=   131936.3    
 Catch=   980.259383176524     
 Abd=   8415.472    
 Catch=   21.0188543157977     
 Abd=            NaN
 Catch=                     NaN
 Abd=   119557.0    
 Catch=   342.238095679256     
 Abd=   34675.28    
 Catch=   2448.15977269701     
 Abd=            NaN
 Catch=                     NaN
 Abd=   1955.374    
 Catch=   64.3818972581382     
 Abd=            NaN
 Catch=                     NaN
 Abd=   39828.40    
 Catch=   317.263741123386     
 Abd=            NaN
 Catch=                     NaN
 Abd=   1641.063    
 Catch=   7.18722832600435     
 Abd=   1448244.    
 Catch=   3593.70470492647     
 Abd=   129924.2    
 Catch=   1554.45423830979     
 Abd=   107390.8    
 Catch=   267.159230500345     
 Abd=            NaN
 Catch=                     NaN
 Abd=   24677.72    
 Catch=   468.771430190559     
 Abd=   17340.03    
 Catch=   1346.84598831821     
 Abd=   600605.4    
 Catch=   1697.65249602111     
 Abd=   154145.4    
 Catch=   2393.30759276115     
 Abd=   23601.57    
 Catch=   551.946070833213     
 Abd=   4306562.    
 Catch=   17115.7570498151     
 Time step =         1879
 Abd=   63704.77    
 Catch=   418.872915891652     
 Abd=   7412.661    
 Catch=   47.7159745163285     
 Abd=   13996.19    
 Catch=   544.842942072311     
 Abd=   8880.898    
 Catch=   22.1620837468078     
 Abd=   46005.08    
 Catch=   576.815600289172     
 Abd=   36.34492    
 Catch=  0.384214796998082     
 Abd=            NaN
 Catch=                     NaN
 Abd=            NaN
 Catch=                     NaN
 Abd=   229984.6    
 Catch=   573.801495973142     
 Abd=   1869.312    
 Catch=   353.836522401179     
 Abd=   133609.8    
 Catch=   979.741492885017     
 Abd=   8421.629    
 Catch=   20.9874985092011     
 Abd=            NaN
 Catch=                     NaN
 Abd=   119279.8    
 Catch=   342.815559983631     
 Abd=   33994.26    
 Catch=   2224.79724384892     
 Abd=            NaN
 Catch=                     NaN
 Abd=   2271.148    
 Catch=   71.4548470150934     
 Abd=            NaN
 Catch=                     NaN
 Abd=   39509.45    
 Catch=   318.283926990534     
 Abd=            NaN
 Catch=                     NaN
 Abd=   1638.202    
 Catch=   7.16724118790370     
 Abd=   1439768.    
 Catch=   3589.79058479061     
 Abd=   130875.4    
 Catch=   1545.45150610118     
 Abd=   107042.4    
 Catch=   267.115855564630     
 Abd=            NaN
 Catch=                     NaN
 Abd=   23744.94    
 Catch=   473.171937610879     
 Abd=   18894.10    
 Catch=   1455.67492916407     
 Abd=   602101.1    
 Catch=   1690.36112952632     
 Abd=   154800.4    
 Catch=   2361.95378398911     
 Abd=   22438.28    
 Catch=   558.259036743316     
 Abd=   4290066.    
 Catch=   17006.5928953597     
 Time step =         1880
 Abd=   64002.68    
 Catch=   418.641628580180     
 Abd=   7343.425    
 Catch=   47.7776661080831     
 Abd=   14205.17    
 Catch=   540.004499403848     
 Abd=   8879.408    
 Catch=   22.0652187573691     
 Abd=   46539.75    
 Catch=   577.068940965120     
 Abd=   36.24744    
 Catch=  0.392197178825329     
 Abd=            NaN
 Catch=                     NaN
 Abd=            NaN
 Catch=                     NaN
 Abd=   229921.0    
 Catch=   573.351046317052     
 Abd=   1929.552    
 Catch=   359.859909652132     
 Abd=   133506.1    
 Catch=   977.896934398845     
 Abd=   8408.680    
 Catch=   20.7569088476628     
 Abd=            NaN
 Catch=                     NaN
 Abd=   119490.3    
 Catch=   343.712078256373     
 Abd=   30873.82    
 Catch=   2172.42836937539     
 Abd=            NaN
 Catch=                     NaN
 Abd=   2516.569    
 Catch=   77.4998696673771     
 Abd=            NaN
 Catch=                     NaN
 Abd=   39645.11    
 Catch=   319.354281928276     
 Abd=            NaN
 Catch=                     NaN
 Abd=   1633.612    
 Catch=   7.15066673314310     
 Abd=   1438337.    
 Catch=   3605.09426945026     
 Abd=   130085.5    
 Catch=   1545.14278180177     
 Abd=   107032.5    
 Catch=   267.618369468279     
 Abd=            NaN
 Catch=                     NaN
 Abd=   23986.68    
 Catch=   472.871556244124     
 Abd=   20413.14    
 Catch=   1425.24259556759     
 Abd=   599432.9    
 Catch=   1688.97146877651     
 Abd=   152715.5    
 Catch=   2330.02262559169     
 Abd=   22718.21    
 Catch=   556.752385986319     
 Abd=   4262486.    
 Catch=   16919.6926276024     
 Time step =         1881
 Abd=   63960.46    
 Catch=   415.842843198455     
 Abd=   7354.355    
 Catch=   47.3753453166746     
 Abd=   14075.18    
 Catch=   526.866407031761     
 Abd=   8839.869    
 Catch=   21.7671549154831     
 Abd=   46551.89    
 Catch=   576.776819811566     
 Abd=   37.01621    
 Catch=  0.394437031111618     
 Abd=            NaN
 Catch=                     NaN
 Abd=            NaN
 Catch=                     NaN
 Abd=   229737.5    
 Catch=   573.675197656441     
 Abd=   1962.377    
 Catch=   363.910429244228     
 Abd=   133244.2    
 Catch=   968.370594515171     
 Abd=   8314.672    
 Catch=   20.4940242800261     
 Abd=            NaN
 Catch=                     NaN
 Abd=   119804.9    
 Catch=   344.026294675707     
 Abd=   30164.06    
 Catch=   2071.91387561472     
 Abd=            NaN
 Catch=                     NaN
 Abd=   2728.595    
 Catch=   78.7218834650945     
 Abd=            NaN
 Catch=                     NaN
 Abd=   39777.91    
 Catch=   315.945844546967     
 Abd=            NaN
 Catch=                     NaN
 Abd=   1629.842    
 Catch=   7.12465797657997     
 Abd=   1444625.    
 Catch=   3627.24170469274     
 Abd=   130072.2    
 Catch=   1555.24748846833     
 Abd=   107238.2    
 Catch=   267.976662335020     
 Abd=            NaN
 Catch=                     NaN
 Abd=   23968.09    
 Catch=   461.991563856086     
 Abd=   19976.39    
 Catch=   1390.63918878620     
 Abd=   598984.8    
 Catch=   1686.97340325766     
 Abd=   150650.8    
 Catch=   2297.50798071737     
 Abd=   22650.65    
 Catch=   540.079553221436     
 Abd=   4240813.    
 Catch=   16837.6848001747     
 Time step =         1882
 Abd=   63525.60    
 Catch=   412.936835195954     
 Abd=   7291.021    
 Catch=   47.0738264666815     
 Abd=   13730.03    
 Catch=   521.890901330469     
 Abd=   8718.822    
 Catch=   21.4495099942732     
 Abd=   46527.28    
 Catch=   573.969661764486     
 Abd=   37.21688    
 Catch=  0.382809866432464     
 Abd=            NaN
 Catch=                     NaN
 Abd=            NaN
 Catch=                     NaN
 Abd=   229874.4    
 Catch=   573.089684867790     
 Abd=   1984.452    
 Catch=   345.019246712147     
 Abd=   131884.0    
 Catch=   991.028349546819     
 Abd=   8209.116    
 Catch=   20.1030537390736     
 Abd=            NaN
 Catch=                     NaN
 Abd=   119910.3    
 Catch=   342.201413142028     
 Abd=   28762.45    
 Catch=   2062.31176592553     
 Abd=            NaN
 Catch=                     NaN
 Abd=   2768.388    
 Catch=   75.8046254064591     
 Abd=            NaN
 Catch=                     NaN
 Abd=   39344.00    
 Catch=   313.780236299380     
 Abd=            NaN
 Catch=                     NaN
 Abd=   1623.871    
 Catch=   7.09611751773283     
 Abd=   1453552.    
 Catch=   3641.46580228588     
 Abd=   130938.3    
 Catch=   1559.64608335985     
 Abd=   107379.6    
 Catch=   267.427881046609     
 Abd=            NaN
 Catch=                     NaN
 Abd=   23407.67    
 Catch=   453.569639900951     
 Abd=   19491.83    
 Catch=   1389.60706385788     
 Abd=   598193.3    
 Catch=   1702.70646108740     
 Abd=   148546.1    
 Catch=   2329.17021318997     
 Abd=   21962.79    
 Catch=   528.473074625706     
 Abd=   4220279.    
 Catch=   16837.3747664371     
 Time step =         1883
 Abd=   63081.48    
 Catch=   411.184985480285     
 Abd=   7244.935    
 Catch=   45.0037874158906     
 Abd=   13603.28    
 Catch=   533.822074703366     
 Abd=   8591.570    
 Catch=   21.1300049534352     
 Abd=   46297.24    
 Catch=   567.879979373743     
 Abd=   36.09783    
 Catch=  0.385657518815775     
 Abd=            NaN
 Catch=                     NaN
 Abd=            NaN
 Catch=                     NaN
 Abd=   229634.9    
 Catch=   573.161959510580     
 Abd=   1881.384    
 Catch=   295.854476905349     
 Abd=   135117.7    
 Catch=   1021.17868438742     
 Abd=   8051.446    
 Catch=   19.7239496200170     
 Abd=            NaN
 Catch=                     NaN
 Abd=   119259.6    
 Catch=   339.383758922750     
 Abd=   28638.64    
 Catch=   2013.56352597031     
 Abd=            NaN
 Catch=                     NaN
 Abd=   2665.894    
 Catch=   68.5123632539210     
 Abd=            NaN
 Catch=                     NaN
 Abd=   39075.48    
 Catch=   314.349322332658     
 Abd=            NaN
 Catch=                     NaN
 Abd=   1617.354    
 Catch=   7.08419810786288     
 Abd=   1459184.    
 Catch=   3606.59663216206     
 Abd=   131300.8    
 Catch=   1572.36307256968     
 Abd=   107152.4    
 Catch=   265.758033988292     
 Abd=            NaN
 Catch=                     NaN
 Abd=   22982.76    
 Catch=   452.862744578295     
 Abd=   19479.01    
 Catch=   1242.65338533719     
 Abd=   603993.5    
 Catch=   1722.66466010243     
 Abd=   150677.8    
 Catch=   2349.94795650189     
 Abd=   21494.56    
 Catch=   531.267204189002     
 Abd=   4220616.    
 Catch=   16770.4429907656     
 Time step =         1884
 Abd=   62816.97    
 Catch=   410.096499788662     
 Abd=   6921.224    
 Catch=   44.1207712819861     
 Abd=   13919.97    
 Catch=   515.748774043460     
 Abd=   8463.562    
 Catch=   20.7933078288289     
 Abd=   45802.51    
 Catch=   559.950169250094     
 Abd=   36.39052    
 Catch=  0.387734261492459     
 Abd=            NaN
 Catch=                     NaN
 Abd=            NaN
 Catch=                     NaN
 Abd=   229668.1    
 Catch=   572.671479361787     
 Abd=   1613.297    
 Catch=   313.851654597758     
 Abd=   139215.6    
 Catch=   1071.83352228090     
 Abd=   7899.669    
 Catch=   19.3497771974994     
 Abd=            NaN
 Catch=                     NaN
 Abd=   118271.9    
 Catch=   337.383448424838     
 Abd=   27955.97    
 Catch=   2312.55454179617     
 Abd=            NaN
 Catch=                     NaN
 Abd=   2406.858    
 Catch=   65.1786273779445     
 Abd=            NaN
 Catch=                     NaN
 Abd=   39153.00    
 Catch=   306.695386146917     
 Abd=            NaN
 Catch=                     NaN
 Abd=   1614.712    
 Catch=   7.07069537252871     
 Abd=   1444826.    
 Catch=   3560.83658561403     
 Abd=   132384.1    
 Catch=   1584.66305996118     
 Abd=   106474.8    
 Catch=   264.051221385045     
 Abd=            NaN
 Catch=                     NaN
 Abd=   22953.87    
 Catch=   452.847233402407     
 Abd=   17417.56    
 Catch=   1221.63542122198     
 Abd=   611044.8    
 Catch=   1756.78209836357     
 Abd=   151998.6    
 Catch=   2331.95703286671     
 Abd=   21617.54    
 Catch=   535.232758597805     
 Abd=   4203493.    
 Catch=   16658.3054699844     
 Time step =         1885
 Abd=   62652.66    
 Catch=   410.045099949644     
 Abd=   6788.747    
 Catch=   44.2806588885294     
 Abd=   13440.46    
 Catch=   527.969679928986     
 Abd=   8329.420    
 Catch=   20.5293076307317     
 Abd=   45159.84    
 Catch=   559.273262754172     
 Abd=   36.58432    
 Catch=  0.393512669982964     
 Abd=            NaN
 Catch=                     NaN
 Abd=            NaN
 Catch=                     NaN
 Abd=   229466.1    
 Catch=   572.579504727392     
 Abd=   1711.565    
 Catch=   337.211841605481     
 Abd=   146188.2    
 Catch=   1116.64713175302     
 Abd=   7749.790    
 Catch=   19.0296368903623     
 Abd=            NaN
 Catch=                     NaN
 Abd=   117580.0    
 Catch=   337.139250568230     
 Abd=   32151.38    
 Catch=   2476.75767233905     
 Abd=            NaN
 Catch=                     NaN
 Abd=   2291.377    
 Catch=   71.0210866450869     
 Abd=            NaN
 Catch=                     NaN
 Abd=   38182.14    
 Catch=   306.463891508716     
 Abd=            NaN
 Catch=                     NaN
 Abd=   1611.627    
 Catch=   7.06076586340946     
 Abd=   1426400.    
 Catch=   3557.38738384062     
 Abd=   133419.4    
 Catch=   1577.46661685220     
 Abd=   105790.6    
 Catch=   263.662508795407     
 Abd=            NaN
 Catch=                     NaN
 Abd=   22953.35    
 Catch=   450.878399863779     
 Abd=   17126.48    
 Catch=   1357.90946572766     
 Abd=   623280.0    
 Catch=   1779.54565556908     
 Abd=   150789.7    
 Catch=   2343.29002671051     
 Abd=   21778.17    
 Catch=   533.063905062243     
 Abd=   4175165.    
 Catch=   16527.9686979406     
 Time step =         1886
 Abd=   62648.02    
 Catch=   410.245627522777     
 Abd=   6816.424    
 Catch=   45.7001145544998     
 Abd=   13767.54    
 Catch=   537.325245135120     
 Abd=   8223.391    
 Catch=   20.3005372496822     
 Abd=   45115.02    
 Catch=   562.811590853738     
 Abd=   37.13650    
 Catch=  0.392654345105744     
 Abd=            NaN
 Catch=                     NaN
 Abd=            NaN
 Catch=                     NaN
 Abd=   229432.1    
 Catch=   573.238949024621     
 Abd=   1838.933    
 Catch=   349.395790572876     
 Abd=   152290.9    
 Catch=   1178.10907976323     
 Abd=   7621.953    
 Catch=   18.7238794941989     
 Abd=            NaN
 Catch=                     NaN
 Abd=   117506.7    
 Catch=   337.692095456307     
 Abd=   34412.66    
 Catch=   2336.66093223550     
 Abd=            NaN
 Catch=                     NaN
 Abd=   2502.944    
 Catch=   73.4698737561802     
 Abd=            NaN
 Catch=                     NaN
 Abd=   38169.51    
 Catch=   308.269946793858     
 Abd=            NaN
 Catch=                     NaN
 Abd=   1609.381    
 Catch=   7.05083544189273     
 Abd=   1425361.    
 Catch=   3569.79234280022     
 Abd=   132782.5    
 Catch=   1584.01620630721     
 Abd=   105645.2    
 Catch=   263.896877750659     
 Abd=            NaN
 Catch=                     NaN
 Abd=   22851.91    
 Catch=   457.259109356079     
 Abd=   19052.27    
 Catch=   1416.71586900674     
 Abd=   631289.5    
 Catch=   1814.17132907501     
 Abd=   151559.8    
 Catch=   2341.93057552266     
 Abd=   21686.84    
 Catch=   542.263485791998     
 Abd=   4142418.    
 Catch=   16432.6860020558     
 Time step =         1887
 Abd=   62679.25    
 Catch=   412.287943776468     
 Abd=   7039.041    
 Catch=   46.2340148899809     
 Abd=   14010.86    
 Catch=   538.345664608080     
 Abd=   8133.886    
 Catch=   20.0368582860246     
 Abd=   45406.34    
 Catch=   564.440929220485     
 Abd=   37.04366    
 Catch=  0.399317158159845     
 Abd=            NaN
 Catch=                     NaN
 Abd=            NaN
 Catch=                     NaN
 Abd=   229702.8    
 Catch=   573.134583687528     
 Abd=   1905.325    
 Catch=   350.838532276042     
 Abd=   160711.0    
 Catch=   1223.23745194334     
 Abd=   7499.553    
 Catch=   18.5067433186484     
 Abd=            NaN
 Catch=                     NaN
 Abd=   117704.6    
 Catch=   337.828116207181     
 Abd=   32436.17    
 Catch=   2274.01325734085     
 Abd=            NaN
 Catch=                     NaN
 Abd=   2584.800    
 Catch=   73.9917505101350     
 Abd=            NaN
 Catch=                     NaN
 Abd=   38398.80    
 Catch=   308.168469015795     
 Abd=            NaN
 Catch=                     NaN
 Abd=   1607.116    
 Catch=   7.04094055362794     
 Abd=   1430455.    
 Catch=   3575.00020247616     
 Abd=   133356.2    
 Catch=   1582.93525824494     
 Abd=   105744.0    
 Catch=   263.920008730472     
 Abd=            NaN
 Catch=                     NaN
 Abd=   23181.69    
 Catch=   466.567707505639     
 Abd=   19862.52    
 Catch=   1313.45881724845     
 Abd=   643652.2    
 Catch=   1841.53953713198     
 Abd=   151453.6    
 Catch=   2333.87639167943     
 Abd=   22066.92    
 Catch=   553.892056611311     
 Abd=   4118712.    
 Catch=   16402.0872762309     
 Time step =         1888
 Abd=   62996.63    
 Catch=   411.178353998057     
 Abd=   7117.928    
 Catch=   47.0605631178952     
 Abd=   14034.72    
 Catch=   539.237595834664     
 Abd=   8026.786    
 Catch=   19.7989352742236     
 Abd=   45534.02    
 Catch=   565.371378579610     
 Abd=   37.68567    
 Catch=  0.394019884795170     
 Abd=            NaN
 Catch=                     NaN
 Abd=            NaN
 Catch=                     NaN
 Abd=   229654.2    
 Catch=   574.005745002657     
 Abd=   1913.160    
 Catch=   347.643695750145     
 Abd=   166810.0    
 Catch=   1250.44104178059     
 Abd=   7413.267    
 Catch=   18.3140196341244     
 Abd=            NaN
 Catch=                     NaN
 Abd=   117749.0    
 Catch=   336.414983783113     
 Abd=   31573.02    
 Catch=   2087.89643760616     
 Abd=            NaN
 Catch=                     NaN
 Abd=   2601.923    
 Catch=   73.9320519362777     
 Abd=            NaN
 Catch=                     NaN
 Abd=   38381.62    
 Catch=   308.649693270135     
 Abd=            NaN
 Catch=                     NaN
 Abd=   1604.867    
 Catch=   7.01604118374292     
 Abd=   1432481.    
 Catch=   3593.36172631748     
 Abd=   133253.2    
 Catch=   1583.29101356530     
 Abd=   105751.5    
 Catch=   263.630244945014     
 Abd=            NaN
 Catch=                     NaN
 Abd=   23655.29    
 Catch=   462.597277827211     
 Abd=   18403.59    
 Catch=   1383.31277020568     
 Abd=   653299.8    
 Catch=   1856.03753434880     
 Abd=   150925.8    
 Catch=   2328.37364712186     
 Abd=   22541.50    
 Catch=   547.366823776321     
 Abd=   4111352.    
 Catch=   16378.6317578512     
 Time step =         1889
 Abd=   62818.64    
 Catch=   411.633459552552     
 Abd=   7246.144    
 Catch=   50.0773915871905     
 Abd=   14057.81    
 Catch=   568.736092878117     
 Abd=   7931.782    
 Catch=   19.5771119661491     
 Abd=   45609.20    
 Catch=   564.346138753147     
 Abd=   37.16468    
 Catch=  0.396579350209066     
 Abd=            NaN
 Catch=                     NaN
 Abd=            NaN
 Catch=                     NaN
 Abd=   230011.1    
 Catch=   573.247253702751     
 Abd=   1895.740    
 Catch=   307.608955926641     
 Abd=   170475.6    
 Catch=   1317.04131721921     
 Abd=   7336.232    
 Catch=   18.0446139912353     
 Abd=            NaN
 Catch=                     NaN
 Abd=   117246.1    
 Catch=   333.262607591155     
 Abd=   28976.54    
 Catch=   2207.81542587255     
 Abd=            NaN
 Catch=                     NaN
 Abd=   2599.842    
 Catch=   70.1172952623522     
 Abd=            NaN
 Catch=                     NaN
 Abd=   38442.95    
 Catch=   313.037194008051     
 Abd=            NaN
 Catch=                     NaN
 Abd=   1599.116    
 Catch=   7.02183247342033     
 Abd=   1439949.    
 Catch=   3593.89749791093     
 Abd=   133285.3    
 Catch=   1583.66567787413     
 Abd=   105633.0    
 Catch=   262.306301398811     
 Abd=            NaN
 Catch=                     NaN
 Abd=   23443.28    
 Catch=   474.488860222921     
 Abd=   19396.01    
 Catch=   1219.41269864305     
 Abd=   658366.4    
 Catch=   1871.12822675754     
 Abd=   150576.4    
 Catch=   2354.04428270023     
 Abd=   22264.28    
 Catch=   564.945199572859     
 Abd=   4105502.    
 Catch=   16341.1422630311     
 Time step =         1890
 Abd=   62892.34    
 Catch=   412.431439828851     
 Abd=   7717.802    
 Catch=   49.6268512381117     
 Abd=   14837.54    
 Catch=   553.634969620264     
 Abd=   7842.253    
 Catch=   19.2904974549483     
 Abd=   45523.35    
 Catch=   558.925166493806     
 Abd=   37.42013    
 Catch=  0.406402848024503     
 Abd=            NaN
 Catch=                     NaN
 Abd=            NaN
 Catch=                     NaN
 Abd=   229693.8    
 Catch=   572.288949678929     
 Abd=   1677.353    
 Catch=   316.437962000513     
 Abd=   179662.7    
 Catch=   1386.70698051008     
 Abd=   7227.669    
 Catch=   17.8828684190238     
 Abd=            NaN
 Catch=                     NaN
 Abd=   116135.3    
 Catch=   332.162364084446     
 Abd=   30671.44    
 Catch=   2221.16235827776     
 Abd=            NaN
 Catch=                     NaN
 Abd=   2464.472    
 Catch=   66.6643703268508     
 Abd=            NaN
 Catch=                     NaN
 Abd=   38999.15    
 Catch=   310.085983763737     
 Abd=            NaN
 Catch=                     NaN
 Abd=   1600.582    
 Catch=   7.02709865555281     
 Abd=   1440013.    
 Catch=   3580.75864311804     
 Abd=   133317.4    
 Catch=   1584.81495190002     
 Abd=   105094.0    
 Catch=   261.279895066472     
 Abd=            NaN
 Catch=                     NaN
 Abd=   24061.22    
 Catch=   476.364769608799     
 Abd=   17080.45    
 Catch=   1228.87460556340     
 Abd=   663592.9    
 Catch=   1913.11077315884     
 Abd=   152271.3    
 Catch=   2368.43177646012     
 Abd=   22998.70    
 Catch=   563.500312421171     
 Abd=   4096030.    
 Catch=   16308.5692111916     
 Time step =         1891
 Abd=   63014.96    
 Catch=   410.862635654664     
 Abd=   7637.558    
 Catch=   48.6480254305450     
 Abd=   14427.86    
 Catch=   530.718061822669     
 Abd=   7726.908    
 Catch=   19.0773855978737     
 Abd=   45079.78    
 Catch=   556.795224881286     
 Abd=   38.36034    
 Catch=  0.409453329563879     
 Abd=            NaN
 Catch=                     NaN
 Abd=            NaN
 Catch=                     NaN
 Abd=   229311.7    
 Catch=   571.586503578943     
 Abd=   1725.618    
 Catch=   334.124488933317     
 Abd=   189157.3    
 Catch=   1446.98895821100     
 Abd=   7163.746    
 Catch=   17.6970781917054     
 Abd=            NaN
 Catch=                     NaN
 Abd=   115766.3    
 Catch=   331.796820818514     
 Abd=   30845.25    
 Catch=   2331.19641384229     
 Abd=            NaN
 Catch=                     NaN
 Abd=   2342.572    
 Catch=   71.5726588702685     
 Abd=            NaN
 Catch=  0.000000000000000E+000
 Abd=   38614.04    
 Catch=   306.648375849400     
 Abd=            NaN
 Catch=                     NaN
 Abd=   1601.776    
 Catch=   7.02734745963171     
 Abd=   1434639.    
 Catch=   3580.18212528740     
 Abd=   133416.0    
 Catch=   1597.86143950518     
 Abd=   104684.4    
 Catch=   260.824417322229     
 Abd=            NaN
 Catch=                     NaN
 Abd=   24145.23    
 Catch=   466.023814987572     
 Abd=   17230.16    
 Catch=   1283.39945296172     
 Abd=   678804.4    
 Catch=   1951.02132927091     
 Abd=   153184.1    
 Catch=   2399.47161482744     
 Abd=   22922.38    
 Catch=   547.540208635442     
 Abd=   4087892.    
 Catch=   16269.3369351767     
 Time step =         1892
 Abd=   62768.52    
 Catch=   411.378892491822     
 Abd=   7485.242    
 Catch=   48.1803488953805     
 Abd=   13828.58    
 Catch=   525.232647675692     
 Abd=   7641.920    
 Catch=   18.8586660599391     
 Abd=   44912.95    
 Catch=   552.790253650735     
 Abd=   38.63495    
 Catch=  0.400832546239295     
 Abd=            NaN
 Catch=                     NaN
 Abd=            NaN
 Catch=                     NaN
 Abd=   229029.5    
 Catch=   571.687879975222     
 Abd=   1822.064    
 Catch=   341.323625898722     
 Abd=   197341.0    
 Catch=   1501.98152406324     
 Abd=   7089.093    
 Catch=   17.3600530811268     
 Abd=            NaN
 Catch=                     NaN
 Abd=   115643.7    
 Catch=   331.441339912603     
 Abd=   32385.97    
 Catch=   2387.63814159266     
 Abd=            NaN
 Catch=                     NaN
 Abd=   2520.239    
 Catch=   72.8116555457139     
 Abd=            NaN
 Catch=                     NaN
 Abd=   38184.79    
 Catch=   306.819063927594     
 Abd=            NaN
 Catch=                     NaN
 Abd=   1601.811    
 Catch=   7.03520001907712     
 Abd=   1434513.    
 Catch=   3575.19418567098     
 Abd=   134530.2    
 Catch=   1605.45272415331     
 Abd=   104506.4    
 Catch=   260.284603147576     
 Abd=            NaN
 Catch=                     NaN
 Abd=   23611.52    
 Catch=   456.780644819411     
 Abd=   17996.02    
 Catch=   1329.60674629701     
 Abd=   692173.9    
 Catch=   1974.64003615526     
 Abd=   155212.5    
 Catch=   2411.90937403005     
 Abd=   22265.87    
 Catch=   535.026409376052     
 Abd=   4078023.    
 Catch=   16233.7023058841     
 Time step =         1893
 Abd=   62853.59    
 Catch=   412.941468497577     
 Abd=   7414.811    
 Catch=   46.9213131846413     
 Abd=   13691.39    
 Catch=   540.517332541577     
 Abd=   7554.263    
 Catch=   18.5963254518398     
 Abd=   44587.23    
 Catch=   556.533297171307     
 Abd=   37.80159    
 Catch=  0.379085340650061     
 Abd=            NaN
 Catch=                     NaN
 Abd=            NaN
 Catch=                     NaN
 Abd=   229077.4    
 Catch=   571.047418495639     
 Abd=   1861.296    
 Catch=   342.473559178954     
 Abd=   204820.3    
 Catch=   1530.52805401253     
 Abd=   6952.849    
 Catch=   17.1290455113609     
 Abd=            NaN
 Catch=                     NaN
 Abd=   115520.0    
 Catch=   331.695840005800     
 Abd=   33169.48    
 Catch=   2259.10950343052     
 Abd=            NaN
 Catch=                     NaN
 Abd=   2560.796    
 Catch=   73.5268109926161     
 Abd=            NaN
 Catch=                     NaN
 Abd=   38214.34    
 Catch=   307.659481396720     
 Abd=            NaN
 Catch=                     NaN
 Abd=   1603.636    
 Catch=   7.02729137061930     
 Abd=   1432478.    
 Catch=   3584.34776544074     
 Abd=   135162.2    
 Catch=   1594.26520363254     
 Abd=   104289.5    
 Catch=   260.468934191468     
 Abd=            NaN
 Catch=                     NaN
 Abd=   23144.37    
 Catch=   461.107820920030     
 Abd=   18643.46    
 Catch=   1355.61548744636     
 Abd=   700439.7    
 Catch=   2008.39638635710     
 Abd=   155994.4    
 Catch=   2416.84332033047     
 Abd=   21759.36    
 Catch=   542.270636938719     
 Abd=   4069110.    
 Catch=   16190.0212201301     
 Time step =         1894
 Abd=   63095.21    
 Catch=   415.866352140174     
 Abd=   7218.659    
 Catch=   47.8187314573546     
 Abd=   14096.07    
 Catch=   554.084848594840     
 Abd=   7448.898    
 Catch=   18.3845521029982     
 Abd=   44899.96    
 Catch=   563.207054343637     
 Abd=   35.72927    
 Catch=  0.375153184222221     
 Abd=            NaN
 Catch=                     NaN
 Abd=            NaN
 Catch=                     NaN
 Abd=   228816.0    
 Catch=   570.947335432308     
 Abd=   1867.563    
 Catch=   319.721158820543     
 Abd=   208636.3    
 Catch=   1455.30069400964     
 Abd=   6861.166    
 Catch=   17.0206897374985     
 Abd=            NaN
 Catch=                     NaN
 Abd=   115611.8    
 Catch=   331.398697236870     
 Abd=   31358.84    
 Catch=   2224.39379826272     
 Abd=            NaN
 Catch=                     NaN
 Abd=   2585.281    
 Catch=   69.2379021449619     
 Abd=            NaN
 Catch=                     NaN
 Abd=   38320.41    
 Catch=   310.087230755374     
 Abd=            NaN
 Catch=                     NaN
 Abd=   1601.760    
 Catch=   7.04213853616384     
 Abd=   1436262.    
 Catch=   3575.51178936441     
 Abd=   134192.2    
 Catch=   1594.51884901181     
 Abd=   104369.2    
 Catch=   260.114946700513     
 Abd=            NaN
 Catch=                     NaN
 Abd=   23374.79    
 Catch=   467.762773383823     
 Abd=   19006.07    
 Catch=   1268.24884001921     
 Abd=   712527.1    
 Catch=   2002.77033713175     
 Abd=   156304.7    
 Catch=   2383.51845985091     
 Abd=   22066.73    
 Catch=   556.269036860204     
 Abd=   4058119.    
 Catch=   16176.3225074019     
 Time step =         1895
 Abd=   63545.86    
 Catch=   417.493822004937     
 Abd=   7363.544    
 Catch=   49.1306532208571     
 Abd=   14448.95    
 Catch=   540.397928802404     
 Abd=   7364.425    
 Catch=   18.2229443079398     
 Abd=   45442.46    
 Catch=   565.323985653883     
 Abd=   35.38818    
 Catch=  0.379758146685458     
 Abd=            NaN
 Catch=                     NaN
 Abd=            NaN
 Catch=                     NaN
 Abd=   228776.3    
 Catch=   570.766974238434     
 Abd=   1743.419    
 Catch=   343.079287035876     
 Abd=   198095.3    
 Catch=   1365.19572833710     
 Abd=   6818.729    
 Catch=   16.8460927578272     
 Abd=            NaN
 Catch=                     NaN
 Abd=   115504.3    
 Catch=   331.205520659730     
 Abd=   30886.80    
 Catch=   2234.12371415352     
 Abd=            NaN
 Catch=                     NaN
 Abd=   2432.046    
 Catch=   72.0123387239713     
 Abd=            NaN
 Catch=                     NaN
 Abd=   38626.72    
 Catch=   312.096327479935     
 Abd=            NaN
 Catch=                     NaN
 Abd=   1605.254    
 Catch=   7.05296023255293     
 Abd=   1432569.    
 Catch=   3573.73333492161     
 Abd=   134230.4    
 Catch=   1579.57044405063     
 Abd=   104222.8    
 Catch=   259.673020391769     
 Abd=            NaN
 Catch=                     NaN
 Abd=   23713.44    
 Catch=   455.524183485422     
 Abd=   17769.46    
 Catch=   1316.59399958280     
 Abd=   710126.9    
 Catch=   2000.24438507907     
 Abd=   154108.1    
 Catch=   2371.83531329280     
 Abd=   22639.41    
 Catch=   529.307930476423     
 Abd=   4054842.    
 Catch=   16140.1864805078     
 Time step =         1896
 Abd=   63790.43    
 Catch=   418.450662411853     
 Abd=   7566.407    
 Catch=   50.4094211107833     
 Abd=   14084.38    
 Catch=   550.675928235776     
 Abd=   7300.096    
 Catch=   18.0546884707622     
 Abd=   45607.49    
 Catch=   560.916453757180     
 Abd=   35.83664    
 Catch=  0.377700948000245     
 Abd=            NaN
 Catch=                     NaN
 Abd=            NaN
 Catch=                     NaN
 Abd=   228704.3    
 Catch=   570.206296503727     
 Abd=   1870.912    
 Catch=   336.407403066198     
 Abd=   185823.0    
 Catch=   1326.48058394332     
 Abd=   6748.216    
 Catch=   16.7229492880386     
 Abd=            NaN
 Catch=                     NaN
 Abd=   115437.8    
 Catch=   330.983847855773     
 Abd=   31025.50    
 Catch=   2244.06504459446     
 Abd=            NaN
 Catch=                     NaN
 Abd=   2533.533    
 Catch=   68.6166484272761     
 Abd=            NaN
 Catch=  0.000000000000000E+000
 Abd=   38875.39    
 Catch=   314.167485414046     
 Abd=            NaN
 Catch=                     NaN
 Abd=   1607.694    
 Catch=   7.06520120453792     
 Abd=   1431920.    
 Catch=   3574.86664358342     
 Abd=   132949.5    
 Catch=   1569.18704129610     
 Abd=   104045.1    
 Catch=   259.420514155544     
 Abd=            NaN
 Catch=                     NaN
 Abd=   23078.93    
 Catch=   463.902826431546     
 Abd=   18460.34    
 Catch=   1303.16481372396     
 Abd=   709376.8    
 Catch=   2006.21922832131     
 Abd=   153375.9    
 Catch=   2330.14381943256     
 Abd=   21521.21    
 Catch=   550.588636416639     
 Abd=   4045664.    
 Catch=   16069.2978336824     
 Time step =         1897
 Abd=   63934.87    
 Catch=   418.761673781122     
 Abd=   7763.021    
 Catch=   51.0839181487863     
 Abd=   14359.45    
 Catch=   532.466681265291     
 Abd=   7232.509    
 Catch=   17.8637887206752     
 Abd=   45242.17    
 Catch=   559.778792183239     
 Abd=   35.63044    
 Catch=  0.391709900546163     
 Abd=            NaN
 Catch=                     NaN
 Abd=            NaN
 Catch=                     NaN
 Abd=   228474.7    
 Catch=   570.321994703247     
 Abd=   1834.456    
 Catch=   330.387786887153     
 Abd=   180666.4    
 Catch=   1265.25141838935     
 Abd=   6699.306    
 Catch=   16.5699283257034     
 Abd=            NaN
 Catch=                     NaN
 Abd=   115360.3    
 Catch=   329.987893153819     
 Abd=   31163.29    
 Catch=   2213.36516123594     
 Abd=            NaN
 Catch=                     NaN
 Abd=   2411.063    
 Catch=   66.5449387968897     
 Abd=            NaN
 Catch=  0.000000000000000E+000
 Abd=   39133.80    
 Catch=   311.100152204103     
 Abd=            NaN
 Catch=                     NaN
 Abd=   1610.495    
 Catch=   7.06381195536964     
 Abd=   1432395.    
 Catch=   3583.24095449901     
 Abd=   132083.2    
 Catch=   1557.86197076209     
 Abd=   103945.5    
 Catch=   258.938876858254     
 Abd=            NaN
 Catch=                     NaN
 Abd=   23521.57    
 Catch=   462.783309628683     
 Abd=   18265.72    
 Catch=   1265.63565780868     
 Abd=   711550.9    
 Catch=   1996.66899116681     
 Abd=   150646.4    
 Catch=   2294.15023008730     
 Abd=   22417.29    
 Catch=   547.944268290258     
 Abd=   4027726.    
 Catch=   16010.7424589381     
 Time step =         1898
 Abd=   63980.70    
 Catch=   418.884301226209     
 Abd=   7864.989    
 Catch=   49.7802905629137     
 Abd=   13875.46    
 Catch=   531.262167391659     
 Abd=   7155.940    
 Catch=   17.7485223894038     
 Abd=   45155.65    
 Catch=   563.405862410665     
 Abd=   36.98194    
 Catch=  0.382891831906333     
 Abd=            NaN
 Catch=                     NaN
 Abd=            NaN
 Catch=                     NaN
 Abd=   228530.0    
 Catch=   569.248118877230     
 Abd=   1801.627    
 Catch=   327.186902825867     
 Abd=   172246.3    
 Catch=   1209.65539424844     
 Abd=   6637.744    
 Catch=   16.3002342054453     
 Abd=            NaN
 Catch=                     NaN
 Abd=   115007.9    
 Catch=   329.376640167553     
 Abd=   30733.96    
 Catch=   2108.03296835076     
 Abd=            NaN
 Catch=                     NaN
 Abd=   2339.428    
 Catch=   71.5923090963104     
 Abd=            NaN
 Catch=  0.000000000000000E+000
 Abd=   38739.82    
 Catch=   311.061034364351     
 Abd=            NaN
 Catch=                     NaN
 Abd=   1610.116    
 Catch=   7.04444311497866     
 Abd=   1435811.    
 Catch=   3592.94877017057     
 Abd=   131126.9    
 Catch=   1537.95601504798     
 Abd=   103750.7    
 Catch=   259.048318782619     
 Abd=            NaN
 Catch=                     NaN
 Abd=   23454.48    
 Catch=   461.798161715182     
 Abd=   17737.32    
 Catch=   1331.62819824839     
 Abd=   708041.8    
 Catch=   1979.32205049771     
 Abd=   148328.7    
 Catch=   2303.52325718933     
 Abd=   22289.06    
 Catch=   546.675088446666     
 Abd=   4013114.    
 Catch=   15920.3453279568     
 Time step =         1899
 Abd=   63998.86    
 Catch=   417.754907833836     
 Abd=   7658.558    
 Catch=   49.1255495556720     
 Abd=   13849.31    
 Catch=   551.181017526754     
 Abd=   7110.327    
 Catch=   17.6024862550081     
 Abd=   45453.92    
 Catch=   557.541654120420     
 Abd=   36.10839    
 Catch=  0.388575418641057     
 Abd=            NaN
 Catch=                     NaN
 Abd=            NaN
 Catch=                     NaN
 Abd=   228089.3    
 Catch=   569.805282746735     
 Abd=   1784.187    
 Catch=   328.733000776151     
 Abd=   164686.2    
 Catch=   1175.15232998103     
 Abd=   6528.753    
 Catch=   16.0728501822113     
 Abd=            NaN
 Catch=                     NaN
 Abd=   114797.7    
 Catch=   327.099165496226     
 Abd=   29265.58    
 Catch=   2238.48899263010     
 Abd=            NaN
 Catch=                     NaN
 Abd=   2520.379    
 Catch=   75.7032952296956     
 Abd=            NaN
 Catch=                     NaN
 Abd=   38742.10    
 Catch=   315.098676882114     
 Abd=            NaN
 Catch=                     NaN
 Abd=   1605.620    
 Catch=   7.05296160729379     
 Abd=   1439711.    
 Catch=   3611.36162822596     
 Abd=   129438.8    
 Catch=   1532.97267783155     
 Abd=   103800.3    
 Catch=   258.401304469366     
 Abd=            NaN
 Catch=                     NaN
 Abd=   23404.92    
 Catch=   472.854512472979     
 Abd=   18673.38    
 Catch=   1283.78313614453     
 Abd=   701840.0    
 Catch=   1973.00276547892     
 Abd=   148992.3    
 Catch=   2267.82502801174     
 Abd=   22239.29    
 Catch=   557.829178776682     
 Abd=   3990288.    
 Catch=   15849.3641302750     
 Time step =         1900
 Abd=   63822.62    
 Catch=   418.172829493338     
 Abd=   7559.732    
 Catch=   48.7791435795204     
 Abd=   14376.39    
 Catch=   561.082437871254     
 Abd=   7051.583    
 Catch=   17.5208089565624     
 Abd=   44967.89    
 Catch=   555.867277710774     
 Abd=   36.67081    
 Catch=  0.382049485303992     
 Abd=            NaN
 Catch=                     NaN
 Abd=            NaN
 Catch=                     NaN
 Abd=   228325.3    
 Catch=   570.886009684527     
 Abd=   1792.632    
 Catch=   309.896094884147     
 Abd=   160053.8    
 Catch=   1158.19743989960     
 Abd=   6438.007    
 Catch=   15.8042536785828     
 Abd=            NaN
 Catch=                     NaN
 Abd=   113992.8    
 Catch=   325.530649868108     
 Abd=   31101.37    
 Catch=   2164.01256568039     
 Abd=            NaN
 Catch=                     NaN
 Abd=   2664.008    
 Catch=   70.4516296172700     
 Abd=            NaN
 Catch=                     NaN
 Abd=   39254.72    
 Catch=   317.511398543384     
 Abd=            NaN
 Catch=                     NaN
 Abd=   1607.689    
 Catch=   7.04368532733439     
 Abd=   1447160.    
 Catch=   3604.41274246078     
 Abd=   129042.8    
 Catch=   1541.48776298825     
 Abd=   103534.1    
 Catch=   257.721176936029     
 Abd=            NaN
 Catch=                     NaN
 Abd=   23977.02    
 Catch=   478.528960771947     
 Abd=   17991.22    
 Catch=   1246.23116118599     
 Abd=   699684.9    
 Catch=   1972.81280733863     
 Abd=   146624.4    
 Catch=   2252.39207427133     
 Abd=   22701.57    
 Catch=   563.540312496511     
 Abd=   3972603.    
 Catch=   15772.1181429024     
 Time step =         1901
 Abd=   63891.00    
 Catch=   416.966391399066     
 Abd=   7507.286    
 Catch=   47.9996635274873     
 Abd=   14630.62    
 Catch=   551.183378691825     
 Abd=   7019.348    
 Catch=   17.4113722426187     
 Abd=   44838.52    
 Catch=   553.368227290026     
 Abd=   36.03305    
 Catch=  0.386620113748347     
 Abd=            NaN
 Catch=                     NaN
 Abd=            NaN
 Catch=                     NaN
 Abd=   228763.0    
 Catch=   570.940279074400     
 Abd=   1689.887    
 Catch=   302.657101567334     
 Abd=   157787.9    
 Catch=   1154.19269902547     
 Abd=   6330.053    
 Catch=   15.5880006893057     
 Abd=            NaN
 Catch=                     NaN
 Abd=   113450.7    
 Catch=   324.041776509134     
 Abd=   30044.76    
 Catch=   2176.87698109422     
 Abd=            NaN
 Catch=                     NaN
 Abd=   2475.198    
 Catch=   71.8495604603654     
 Abd=            NaN
 Catch=                     NaN
 Abd=   39551.01    
 Catch=   315.785626242539     
 Abd=            NaN
 Catch=                     NaN
 Abd=   1605.488    
 Catch=   7.03716526681813     
 Abd=   1444163.    
 Catch=   3562.71536452140     
 Abd=   129778.3    
 Catch=   1556.24318545054     
 Abd=   103261.2    
 Catch=   256.293132324778     
 Abd=            NaN
 Catch=                     NaN
 Abd=   24260.89    
 Catch=   491.964983416154     
 Abd=   17468.98    
 Catch=   1235.01167037810     
 Abd=   699656.4    
 Catch=   1969.78244854212     
 Abd=   145647.7    
 Catch=   2274.08857872750     
 Abd=   22931.38    
 Catch=   582.605897129419     
 Abd=   3953215.    
 Catch=   15751.8453430312     
 Time step =         1902
 Abd=   63701.30    
 Catch=   416.135814799979     
 Abd=   7386.021    
 Catch=   50.4036939792211     
 Abd=   14366.08    
 Catch=   520.955755198712     
 Abd=   6975.264    
 Catch=   17.3913203577562     
 Abd=   44636.04    
 Catch=   552.513363752853     
 Abd=   36.48406    
 Catch=  0.393790490773714     
 Abd=            NaN
 Catch=                     NaN
 Abd=            NaN
 Catch=                     NaN
 Abd=   228776.6    
 Catch=   570.271135820236     
 Abd=   1650.416    
 Catch=   319.652734696260     
 Abd=   157241.8    
 Catch=   1157.40466748220     
 Abd=   6243.834    
 Catch=   15.4938711771975     
 Abd=            NaN
 Catch=                     NaN
 Abd=   112933.4    
 Catch=   323.601291722336     
 Abd=   30235.81    
 Catch=   2248.23076358567     
 Abd=            NaN
 Catch=                     NaN
 Abd=   2527.529    
 Catch=   68.8855605288581     
 Abd=            NaN
 Catch=                     NaN
 Abd=   39326.75    
 Catch=   311.907141170913     
 Abd=            NaN
 Catch=                     NaN
 Abd=   1604.022    
 Catch=   7.05329708007266     
 Abd=   1427186.    
 Catch=   3560.53885286206     
 Abd=   131030.9    
 Catch=   1554.43226843427     
 Abd=   102684.3    
 Catch=   255.903985787294     
 Abd=            NaN
 Catch=                     NaN
 Abd=   24946.17    
 Catch=   475.172998641596     
 Abd=   17313.37    
 Catch=   1194.05671520654     
 Abd=   698460.9    
 Catch=   1979.83780809681     
 Abd=   147098.8    
 Catch=   2279.26641628794     
 Abd=   23715.13    
 Catch=   555.519324647975     
 Abd=   3948416.    
 Catch=   15776.1372693518     
 Time step =         1903
 Abd=   63576.16    
 Catch=   412.281110466800     
 Abd=   7766.372    
 Catch=   51.0432080682667     
 Abd=   13572.27    
 Catch=   522.281138760704     
 Abd=   6968.708    
 Catch=   17.3111213794368     
 Abd=   44569.61    
 Catch=   553.781758117845     
 Abd=   37.16484    
 Catch=  0.379990336842402     
 Abd=            NaN
 Catch=                     NaN
 Abd=            NaN
 Catch=                     NaN
 Abd=   228501.6    
 Catch=   570.139893354556     
 Abd=   1743.180    
 Catch=   327.185784459610     
 Abd=   157734.5    
 Catch=   1193.14274431953     
 Abd=   6207.102    
 Catch=   15.4483880073377     
 Abd=            NaN
 Catch=                     NaN
 Abd=   112786.1    
 Catch=   322.182462531449     
 Abd=   31233.88    
 Catch=   2112.48143113402     
 Abd=            NaN
 Catch=                     NaN
 Abd=   2420.395    
 Catch=   72.0693839181563     
 Abd=            NaN
 Catch=                     NaN
 Abd=   38838.20    
 Catch=   310.927264753647     
 Abd=            NaN
 Catch=                     NaN
 Abd=   1607.797    
 Catch=   7.03038613721785     
 Abd=   1426634.    
 Catch=   3576.92617332303     
 Abd=   130854.7    
 Catch=   1578.58821020411     
 Abd=   102535.6    
 Catch=   255.701416323651     
 Abd=            NaN
 Catch=                     NaN
 Abd=   24070.50    
 Catch=   475.132879054515     
 Abd=   16735.28    
 Catch=   1281.80985195781     
 Abd=   702232.8    
 Catch=   2003.14126312872     
 Abd=   147408.1    
 Catch=   2279.47139886964     
 Abd=   22584.61    
 Catch=   557.778507994886     
 Abd=   3954714.    
 Catch=   15851.6576160859     
 Time step =         1904
 Abd=   62978.18    
 Catch=   410.068043109608     
 Abd=   7858.558    
 Catch=   52.5497028139755     
 Abd=   13617.56    
 Catch=   542.259166986883     
 Abd=   6935.324    
 Catch=   17.1725505712104     
 Abd=   44675.89    
 Catch=   552.823669525310     
 Abd=   35.82690    
 Catch=  0.374845236129807     
 Abd=            NaN
 Catch=                     NaN
 Abd=            NaN
 Catch=                     NaN
 Abd=   228455.9    
 Catch=   570.491754771615     
 Abd=   1784.208    
 Catch=   303.590308401873     
 Abd=   162674.5    
 Catch=   1229.96873816721     
 Abd=   6189.257    
 Catch=   15.5032217722097     
 Abd=            NaN
 Catch=                     NaN
 Abd=   112284.9    
 Catch=   320.267392702030     
 Abd=   29324.28    
 Catch=   2122.25921368988     
 Abd=            NaN
 Catch=                     NaN
 Abd=   2535.709    
 Catch=   63.7184146116571     
 Abd=            NaN
 Catch=                     NaN
 Abd=   38723.11    
 Catch=   312.032256955707     
 Abd=            NaN
 Catch=                     NaN
 Abd=   1602.390    
 Catch=   7.02434975351959     
 Abd=   1433347.    
 Catch=   3575.91177797576     
 Abd=   132927.1    
 Catch=   1584.77283103451     
 Abd=   102455.9    
 Catch=   254.895749514233     
 Abd=            NaN
 Catch=                     NaN
 Abd=   24082.27    
 Catch=   491.527332376195     
 Abd=   17977.46    
 Catch=   1210.27604072970     
 Abd=   710556.0    
 Catch=   2035.40302207023     
 Abd=   147418.4    
 Catch=   2278.72143181788     
 Abd=   22694.21    
 Catch=   584.517596700467     
 Abd=   3973902.    
 Catch=   15897.9326919524     
 Time step =         1905
 Abd=   62644.95    
 Catch=   409.550341275547     
 Abd=   8093.286    
 Catch=   53.6570757866592     
 Abd=   14143.22    
 Catch=   538.019517167037     
 Abd=   6880.183    
 Catch=   16.9983072073690     
 Abd=   44594.18    
 Catch=   553.765906466951     
 Abd=   35.35634    
 Catch=  0.388484876463541     
 Abd=            NaN
 Catch=                     NaN
 Abd=            NaN
 Catch=                     NaN
 Abd=   228602.1    
 Catch=   569.610647038699     
 Abd=   1655.457    
 Catch=   303.274663034594     
 Abd=   167706.7    
 Catch=   1274.30133053131     
 Abd=   6212.050    
 Catch=   15.5201642761823     
 Abd=            NaN
 Catch=                     NaN
 Abd=   111614.1    
 Catch=   319.077726436112     
 Abd=   29475.94    
 Catch=   2126.34103646073     
 Abd=            NaN
 Catch=                     NaN
 Abd=   2236.854    
 Catch=   66.7030951692159     
 Abd=            NaN
 Catch=                     NaN
 Abd=   38865.83    
 Catch=   311.607515754625     
 Abd=            NaN
 Catch=                     NaN
 Abd=   1601.101    
 Catch=   7.02836240547612     
 Abd=   1432794.    
 Catch=   3566.94381036333     
 Abd=   133418.4    
 Catch=   1597.97980828314     
 Abd=   102129.1    
 Catch=   254.048883556854     
 Abd=            NaN
 Catch=                     NaN
 Abd=   24927.60    
 Catch=   488.968528904320     
 Abd=   16959.62    
 Catch=   1191.39728475189     
 Abd=   722117.4    
 Catch=   2075.79355464255     
 Abd=   147367.3    
 Catch=   2291.13431588274     
 Abd=   23797.79    
 Catch=   580.479949892756     
 Abd=   3985349.    
 Catch=   15868.7013919114     
 Time step =         1906
 Abd=   62570.91    
 Catch=   405.641052566987     
 Abd=   8262.377    
 Catch=   53.6144712221257     
 Abd=   14024.34    
 Catch=   545.195873624228     
 Abd=   6809.347    
 Catch=   16.9657051601391     
 Abd=   44672.57    
 Catch=   554.124017986630     
 Abd=   36.67693    
 Catch=  0.387389709506262     
 Abd=            NaN
 Catch=                     NaN
 Abd=            NaN
 Catch=                     NaN
 Abd=   228238.0    
 Catch=   569.071810194397     
 Abd=   1653.789    
 Catch=   309.483072237111     
 Abd=   173768.6    
 Catch=   1343.57036815406     
 Abd=   6218.506    
 Catch=   15.5638676919843     
 Abd=            NaN
 Catch=                     NaN
 Abd=   111204.6    
 Catch=   318.077227616987     
 Abd=   29528.34    
 Catch=   2086.97232371922     
 Abd=            NaN
 Catch=                     NaN
 Abd=   2347.052    
 Catch=   69.0936622653479     
 Abd=            NaN
 Catch=                     NaN
 Abd=   38809.08    
 Catch=   314.971398934634     
 Abd=            NaN
 Catch=                     NaN
 Abd=   1602.059    
 Catch=   7.04186951629736     
 Abd=   1429138.    
 Catch=   3569.40423508000     
 Abd=   134541.8    
 Catch=   1601.48918490070     
 Abd=   101789.5    
 Catch=   253.451859364819     
 Abd=            NaN
 Catch=                     NaN
 Abd=   24780.10    
 Catch=   486.740640104235     
 Abd=   16699.15    
 Catch=   1190.68331913213     
 Abd=   736491.0    
 Catch=   2115.99754521152     
 Abd=   148185.8    
 Catch=   2279.67331199647     
 Abd=   23611.93    
 Catch=   574.819420330713     
 Abd=   3977638.    
 Catch=   15834.1202339502     
 Time step =         1907
 Abd=   61963.66    
 Catch=   402.369206706586     
 Abd=   8252.403    
 Catch=   55.7288562946036     
 Abd=   14215.55    
 Catch=   577.164247147953     
 Abd=   6797.362    
 Catch=   16.8467324543368     
 Abd=   44700.68    
 Catch=   556.282350466759     
 Abd=   36.54609    
 Catch=  0.383614915077747     
 Abd=            NaN
 Catch=                     NaN
 Abd=            NaN
 Catch=                     NaN
 Abd=   228024.2    
 Catch=   569.255239489915     
 Abd=   1687.664    
 Catch=   272.273480657351     
 Abd=   183281.7    
 Catch=   1409.37046117392     
 Abd=   6236.246    
 Catch=   15.5978185280996     
 Abd=            NaN
 Catch=                     NaN
 Abd=   110857.1    
 Catch=   315.395732208335     
 Abd=   28978.03    
 Catch=   2003.76075778963     
 Abd=            NaN
 Catch=                     NaN
 Abd=   2430.574    
 Catch=   64.0043814027926     
 Abd=            NaN
 Catch=                     NaN
 Abd=   39236.84    
 Catch=   320.621936178647     
 Abd=            NaN
 Catch=                     NaN
 Abd=   1605.178    
 Catch=   7.04986490096876     
 Abd=   1430220.    
 Catch=   3545.84598697636     
 Abd=   134822.9    
 Catch=   1601.20891253910     
 Abd=   101551.3    
 Catch=   251.977806885179     
 Abd=            NaN
 Catch=                     NaN
 Abd=   24668.33    
 Catch=   515.765690279519     
 Abd=   16690.94    
 Catch=   1132.84120405971     
 Abd=   750738.6    
 Catch=   2149.88257704582     
 Abd=   147415.4    
 Catch=   2252.21221398788     
 Abd=   23382.00    
 Catch=   618.406333719460     
 Abd=   3968952.    
 Catch=   15791.3437203576     
 Time step =         1908
 Abd=   61467.01    
 Catch=   401.337646082031     
 Abd=   8584.632    
 Catch=   58.6938000178325     
 Abd=   15058.51    
 Catch=   588.533107701903     
 Abd=   6748.968    
 Catch=   16.7195719556453     
 Abd=   44877.39    
 Catch=   554.846233148326     
 Abd=   36.18580    
 Catch=  0.393157442989652     
 Abd=            NaN
 Catch=                     NaN
 Abd=            NaN
 Catch=                     NaN
 Abd=   228104.3    
 Catch=   570.046065938046     
 Abd=   1484.678    
 Catch=   291.877889238441     
 Abd=   192244.6    
 Catch=   1505.92188127028     
 Abd=   6249.763    
 Catch=   15.6569092893066     
 Abd=            NaN
 Catch=                     NaN
 Abd=   109911.0    
 Catch=   312.615656695389     
 Abd=   27835.30    
 Catch=   2171.40982122043     
 Abd=            NaN
 Catch=                     NaN
 Abd=   2248.379    
 Catch=   56.6131728220066     
 Abd=            NaN
 Catch=                     NaN
 Abd=   39946.31    
 Catch=   326.682607133310     
 Abd=            NaN
 Catch=                     NaN
 Abd=   1606.978    
 Catch=   7.08148457981703     
 Abd=   1420569.    
 Catch=   3485.87760462721     
 Abd=   134793.0    
 Catch=   1611.46675586853     
 Abd=   100953.7    
 Catch=   249.697711312999     
 Abd=            NaN
 Catch=                     NaN
 Abd=   26168.75    
 Catch=   526.454437172966     
 Abd=   15876.90    
 Catch=   1128.62666853871     
 Abd=   762700.3    
 Catch=   2192.92007586412     
 Abd=   145623.0    
 Catch=   2274.68359591283     
 Abd=   25190.93    
 Catch=   629.342353047920     
 Abd=   3958189.    
 Catch=   15761.5452349370     
 Time step =         1909
 Abd=   61314.80    
 Catch=   398.361347679712     
 Abd=   9043.690    
 Catch=   56.4773356930205     
 Abd=   15345.73    
 Catch=   563.944481575241     
 Abd=   6697.805    
 Catch=   16.5794273370610     
 Abd=   44756.55    
 Catch=   558.038542651919     
 Abd=   37.10988    
 Catch=  0.404377787513690     
 Abd=            NaN
 Catch=                     NaN
 Abd=            NaN
 Catch=                     NaN
 Abd=   228426.4    
 Catch=   570.021279257271     
 Abd=   1591.839    
 Catch=   323.830777890690     
 Abd=   205487.3    
 Catch=   1588.95369275707     
 Abd=   6273.649    
 Catch=   15.6510469784801     
 Abd=            NaN
 Catch=                     NaN
 Abd=   108942.8    
 Catch=   312.294996100826     
 Abd=   30183.92    
 Catch=   2355.05467212426     
 Abd=            NaN
 Catch=                     NaN
 Abd=   1987.878    
 Catch=   62.8178589511837     
 Abd=            NaN
 Catch=                     NaN
 Abd=   40701.63    
 Catch=   326.780183771393     
 Abd=            NaN
 Catch=                     NaN
 Abd=   1614.295    
 Catch=   7.09375334865732     
 Abd=   1396259.    
 Catch=   3489.15355948092     
 Abd=   135672.3    
 Catch=   1613.84261563965     
 Abd=   100034.4    
 Catch=   249.275161807241     
 Abd=            NaN
 Catch=                     NaN
 Abd=   26692.01    
 Catch=   514.008180609855     
 Abd=   15833.74    
 Catch=   1202.25106950223     
 Abd=   778019.9    
 Catch=   2243.47974582063     
 Abd=   147135.8    
 Catch=   2289.22927939982     
 Abd=   25610.68    
 Catch=   600.520152600494     
 Abd=   3950786.    
 Catch=   15681.6654598264     
 Time step =         1910
 Abd=   60854.88    
 Catch=   397.374327606397     
 Abd=   8687.730    
 Catch=   54.7742966375596     
 Abd=   14694.16    
 Catch=   541.115272368791     
 Abd=   6641.709    
 Catch=   16.4784428700708     
 Abd=   45020.91    
 Catch=   556.784824949643     
 Abd=   38.17098    
 Catch=  0.403541231165904     
 Abd=            NaN
 Catch=                     NaN
 Abd=            NaN
 Catch=                     NaN
 Abd=   228409.2    
 Catch=   570.363300179204     
 Abd=   1766.028    
 Catch=   333.520178902664     
 Abd=   216750.8    
 Catch=   1661.53455579716     
 Abd=   6270.757    
 Catch=   15.5555534265585     
 Abd=            NaN
 Catch=                     NaN
 Abd=   108847.2    
 Catch=   313.638019154932     
 Abd=   32730.50    
 Catch=   2084.61078288694     
 Abd=            NaN
 Catch=                     NaN
 Abd=   2212.488    
 Catch=   72.3393911924889     
 Abd=            NaN
 Catch=                     NaN
 Abd=   40699.31    
 Catch=   325.150963993987     
 Abd=            NaN
 Catch=                     NaN
 Abd=   1616.999    
 Catch=   7.05750585402712     
 Abd=   1398080.    
 Catch=   3503.16351699686     
 Abd=   135860.6    
 Catch=   1623.19537572285     
 Abd=   99879.60    
 Catch=   250.050256492959     
 Abd=            NaN
 Catch=                     NaN
 Abd=   26042.59    
 Catch=   490.485918937266     
 Abd=   16860.74    
 Catch=   1304.09308932039     
 Abd=   796028.8    
 Catch=   2290.41339102107     
 Abd=   148065.6    
 Catch=   2233.08310798310     
 Abd=   24416.59    
 Catch=   567.836231814646     
 Abd=   3930510.    
 Catch=   15620.7065546595     
 Time step =         1911
 Abd=   60709.85    
 Catch=   397.261707825422     
 Abd=   8426.247    
 Catch=   52.9341472087828     
 Abd=   14100.70    
 Catch=   526.992915924480     
 Abd=   6601.580    
 Catch=   16.3962947756508     
 Abd=   44913.36    
 Catch=   552.551015387461     
 Abd=   38.07025    
 Catch=  0.418157750427833     
 Abd=            NaN
 Catch=                     NaN
 Abd=            NaN
 Catch=                     NaN
 Abd=   228550.0    
 Catch=   571.367416397595     
 Abd=   1818.764    
 Catch=   328.507398273338     
 Abd=   226596.1    
 Catch=   1721.92212862108     
 Abd=   6231.771    
 Catch=   15.3179325327237     
 Abd=            NaN
 Catch=                     NaN
 Abd=   109326.6    
 Catch=   314.444801777401     
 Abd=   28929.44    
 Catch=   2351.54848066781     
 Abd=            NaN
 Catch=                     NaN
 Abd=   2549.212    
 Catch=   70.2502417509439     
 Abd=            NaN
 Catch=                     NaN
 Abd=   40492.49    
 Catch=   323.862491922326     
 Abd=            NaN
 Catch=                     NaN
 Abd=   1608.521    
 Catch=   7.06278277657175     
 Abd=   1403774.    
 Catch=   3497.02480345779     
 Abd=   136659.1    
 Catch=   1619.77232202560     
 Abd=   100199.7    
 Catch=   250.143650422955     
 Abd=            NaN
 Catch=                     NaN
 Abd=   24841.95    
 Catch=   471.137859459268     
 Abd=   18289.34    
 Catch=   1323.14562905203     
 Abd=   812648.6    
 Catch=   2330.30269638355     
 Abd=   144354.1    
 Catch=   2245.40401401566     
 Abd=   23084.12    
 Catch=   543.506149551527     
 Abd=   3915327.    
 Catch=   15582.4511709168     
 Time step =         1912
 Abd=   60694.48    
 Catch=   398.458545035764     
 Abd=   8142.598    
 Catch=   51.3287802234883     
 Abd=   13735.48    
 Catch=   540.767632962054     
 Abd=   6568.824    
 Catch=   16.3170996756504     
 Abd=   44567.40    
 Catch=   554.409650420511     
 Abd=   39.47778    
 Catch=  0.413825129117183     
 Abd=            NaN
 Catch=                     NaN
 Abd=            NaN
 Catch=                     NaN
 Abd=   228956.1    
 Catch=   571.799099835410     
 Abd=   1791.385    
 Catch=   325.728488454778     
 Abd=   234803.8    
 Catch=   1788.78622417494     
 Abd=   6135.429    
 Catch=   14.9877658867454     
 Abd=            NaN
 Catch=                     NaN
 Abd=   109603.9    
 Catch=   315.042992785206     
 Abd=   32690.20    
 Catch=   2387.63733807949     
 Abd=            NaN
 Catch=                     NaN
 Abd=   2468.630    
 Catch=   67.3686474992689     
 Abd=            NaN
 Catch=                     NaN
 Abd=   40333.18    
 Catch=   326.301982790845     
 Abd=            NaN
 Catch=                     NaN
 Abd=   1609.914    
 Catch=   7.08127468833430     
 Abd=   1401145.    
 Catch=   3493.07284283738     
 Abd=   136350.1    
 Catch=   1630.14597444590     
 Abd=   100232.3    
 Catch=   250.109313778025     
 Abd=            NaN
 Catch=                     NaN
 Abd=   23865.39    
 Catch=   480.028591233020     
 Abd=   18547.49    
 Catch=   1279.45052092977     
 Abd=   826735.1    
 Catch=   2377.78266980105     
 Abd=   145227.1    
 Catch=   2265.91439609538     
 Abd=   22099.50    
 Catch=   566.380101766598     
 Abd=   3905853.    
 Catch=   15504.4384568881     
 Time step =         1913
 Abd=   60881.77    
 Catch=   395.556446051839     
 Abd=   7896.183    
 Catch=   51.4663712073653     
 Abd=   14102.54    
 Catch=   528.147590938027     
 Abd=   6536.873    
 Catch=   16.1729262876495     
 Abd=   44726.21    
 Catch=   551.735806978491     
 Abd=   39.03431    
 Catch=  0.430516285128285     
 Abd=            NaN
 Catch=                     NaN
 Abd=            NaN
 Catch=                     NaN
 Abd=   229124.1    
 Catch=   571.429446429464     
 Abd=   1776.224    
 Catch=   327.745648253702     
 Abd=   243932.4    
 Catch=   1834.80400935185     
 Abd=   6002.433    
 Catch=   14.6335785105239     
 Abd=            NaN
 Catch=                     NaN
 Abd=   109810.8    
 Catch=   315.530500513456     
 Abd=   33162.18    
 Catch=   2358.58353616827     
 Abd=            NaN
 Catch=                     NaN
 Abd=   2367.804    
 Catch=   67.7380091780933     
 Abd=            NaN
 Catch=                     NaN
 Abd=   40645.52    
 Catch=   322.881957941213     
 Abd=            NaN
 Catch=                     NaN
 Abd=   1614.186    
 Catch=   7.05726642424914     
 Abd=   1399582.    
 Catch=   3504.28136598393     
 Abd=   137245.8    
 Catch=   1629.13071862611     
 Abd=   100217.5    
 Catch=   250.365121077075     
 Abd=            NaN
 Catch=                     NaN
 Abd=   24338.05    
 Catch=   467.656650720709     
 Abd=   17927.06    
 Catch=   1266.82417197727     
 Abd=   843630.0    
 Catch=   2418.25084250987     
 Abd=   146563.5    
 Catch=   2232.31000010297     
 Abd=   23058.46    
 Catch=   553.000761719645     
 Abd=   3886104.    
 Catch=   15370.4106359846     
 Time step =         1914
 Abd=   60426.18    
 Catch=   393.940940937628     
 Abd=   7922.577    
 Catch=   52.1138985376045     
 Abd=   13765.97    
 Catch=   525.866781748365     
 Abd=   6478.639    
 Catch=   16.0333654048939     
 Abd=   44503.97    
 Catch=   556.619236313678     
 Abd=   40.64824    
 Catch=  0.433509962681165     
 Abd=            NaN
 Catch=                     NaN
 Abd=            NaN
 Catch=                     NaN
 Abd=   228968.2    
 Catch=   571.502419014755     
 Abd=   1787.254    
 Catch=   358.158071352676     
 Abd=   250145.2    
 Catch=   1902.73149053996     
 Abd=   5860.351    
 Catch=   14.3147552313588     
 Abd=            NaN
 Catch=                     NaN
 Abd=   109979.8    
 Catch=   315.664941760985     
 Abd=   32766.04    
 Catch=   2169.65976193832     
 Abd=            NaN
 Catch=                     NaN
 Abd=   2382.185    
 Catch=   71.9976885295110     
 Abd=            NaN
 Catch=                     NaN
 Abd=   40206.90    
 Catch=   322.148825034594     
 Abd=            NaN
 Catch=                     NaN
 Abd=   1608.521    
 Catch=   7.03802254781973     
 Abd=   1404198.    
 Catch=   3530.74377755141     
 Abd=   137140.8    
 Catch=   1611.40395681145     
 Abd=   100322.4    
 Catch=   251.046381728448     
 Abd=            NaN
 Catch=                     NaN
 Abd=   23696.62    
 Catch=   467.181763751609     
 Abd=   17756.36    
 Catch=   1373.66633739033     
 Abd=   857925.6    
 Catch=   2463.20037615696     
 Abd=   144327.7    
 Catch=   2205.99458800643     
 Abd=   22494.96    
 Catch=   544.189096531367     
 Abd=   3852242.    
 Catch=   15284.1422733683     
 Time step =         1915
 Abd=   60183.61    
 Catch=   395.916831378870     
 Abd=   8023.462    
 Catch=   53.4800582841106     
 Abd=   13708.86    
 Catch=   557.932799931433     
 Abd=   6422.854    
 Catch=   15.8442571422311     
 Abd=   44908.50    
 Catch=   558.764468289417     
 Abd=   40.90417    
 Catch=  0.433123053655029     
 Abd=            NaN
 Catch=                     NaN
 Abd=            NaN
 Catch=                     NaN
 Abd=   229003.5    
 Catch=   570.962661925392     
 Abd=   1953.162    
 Catch=   299.893646933890     
 Abd=   259463.2    
 Catch=   1910.73479774414     
 Abd=   5732.892    
 Catch=   14.0203634701297     
 Abd=            NaN
 Catch=                     NaN
 Abd=   110024.5    
 Catch=   315.137560784161     
 Abd=   30116.57    
 Catch=   2031.52458692386     
 Abd=            NaN
 Catch=                     NaN
 Abd=   2533.763    
 Catch=   60.8452093862113     
 Abd=            NaN
 Catch=                     NaN
 Abd=   40120.79    
 Catch=   324.770226884156     
 Abd=            NaN
 Catch=                     NaN
 Abd=   1604.153    
 Catch=   7.02884472546855     
 Abd=   1414927.    
 Catch=   3534.74955855838     
 Abd=   135625.6    
 Catch=   1608.76891380640     
 Abd=   100597.9    
 Catch=   250.830470952663     
 Abd=            NaN
 Catch=                     NaN
 Abd=   23679.20    
 Catch=   492.338479861308     
 Abd=   19264.14    
 Catch=   1237.00166985439     
 Abd=   873902.8    
 Catch=   2493.41309851321     
 Abd=   142634.0    
 Catch=   2187.09083422439     
 Abd=   22135.39    
 Catch=   583.179992993617     
 Abd=   3830856.    
 Catch=   15235.5362794136     
 Time step =         1916
 Abd=   60495.78    
 Catch=   395.884569303694     
 Abd=   8236.074    
 Catch=   56.3396488603865     
 Abd=   14556.74    
 Catch=   578.817709687748     
 Abd=   6347.514    
 Catch=   15.5049064999450     
 Abd=   45077.52    
 Catch=   557.315678114185     
 Abd=   40.86222    
 Catch=  0.440615755348100     
 Abd=            NaN
 Catch=                     NaN
 Abd=            NaN
 Catch=                     NaN
 Abd=   228784.2    
 Catch=   570.819476402168     
 Abd=   1635.251    
 Catch=   300.232976073622     
 Abd=   260360.2    
 Catch=   1983.37594654027     
 Abd=   5615.129    
 Catch=   13.8044327077358     
 Abd=            NaN
 Catch=                     NaN
 Abd=   109836.0    
 Catch=   313.368396030524     
 Abd=   28197.85    
 Catch=   2299.10895734657     
 Abd=            NaN
 Catch=                     NaN
 Abd=   2136.125    
 Catch=   54.6345188345910     
 Abd=            NaN
 Catch=                     NaN
 Abd=   40455.51    
 Catch=   326.183012253553     
 Abd=            NaN
 Catch=                     NaN
 Abd=   1602.112    
 Catch=   7.03327740993653     
 Abd=   1416342.    
 Catch=   3490.44175151526     
 Abd=   135426.9    
 Catch=   1607.48495401595     
 Abd=   100504.0    
 Catch=   249.319731874093     
 Abd=            NaN
 Catch=                     NaN
 Abd=   24977.79    
 Catch=   506.370622254320     
 Abd=   17329.51    
 Catch=   1129.39051947866     
 Abd=   884491.5    
 Catch=   2545.80724292192     
 Abd=   141419.7    
 Catch=   2226.62842164460     
 Abd=   23755.90    
 Catch=   604.487396972046     
 Abd=   3818846.    
 Catch=   15199.7936512817     
 Time step =         1917
 Abd=   60485.07    
 Catch=   396.222489071032     
 Abd=   8681.083    
 Catch=   58.9063355959720     
 Abd=   15097.05    
 Catch=   565.394790454742     
 Abd=   6209.732    
 Catch=   15.3726889519966     
 Abd=   44955.85    
 Catch=   559.089196060325     
 Abd=   41.58349    
 Catch=  0.438010619318216     
 Abd=            NaN
 Catch=                     NaN
 Abd=            NaN
 Catch=                     NaN
 Abd=   228730.7    
 Catch=   570.296390234126     
 Abd=   1637.371    
 Catch=   328.232149281499     
 Abd=   270463.0    
 Catch=   2035.42366625720     
 Abd=   5529.235    
 Catch=   13.6377149050368     
 Abd=            NaN
 Catch=                     NaN
 Abd=   109211.4    
 Catch=   313.395826717924     
 Abd=   31960.52    
 Catch=   2366.82578026280     
 Abd=            NaN
 Catch=                     NaN
 Abd=   1919.919    
 Catch=   63.1858048896333     
 Abd=            NaN
 Catch=                     NaN
 Abd=   40628.59    
 Catch=   325.757228746960     
 Abd=            NaN
 Catch=                     NaN
 Abd=   1603.184    
 Catch=   7.03589406430207     
 Abd=   1398203.    
 Catch=   3483.97660697190     
 Abd=   135321.0    
 Catch=   1626.19417640621     
 Abd=   99888.64    
 Catch=   248.998774164680     
 Abd=            NaN
 Catch=                     NaN
 Abd=   25678.85    
 Catch=   500.609790073171     
 Abd=   15838.24    
 Catch=   1248.85942333524     
 Abd=   903256.4    
 Catch=   2592.96073958837     
 Abd=   144045.3    
 Catch=   2241.93029404388     
 Abd=   24607.86    
 Catch=   592.048462223459     
 Abd=   3809955.    
 Catch=   15190.6760398064     
 Time step =         1918
 Abd=   60537.39    
 Catch=   395.179401091313     
 Abd=   9075.033    
 Catch=   58.6433790897097     
 Abd=   14735.05    
 Catch=   524.128739501464     
 Abd=   6158.320    
 Catch=   15.3080069384157     
 Abd=   45103.70    
 Catch=   560.627807348611     
 Abd=   41.32007    
 Catch=  0.436942943972000     
 Abd=            NaN
 Catch=                     NaN
 Abd=            NaN
 Catch=                     NaN
 Abd=   228513.6    
 Catch=   570.128594491520     
 Abd=   1789.987    
 Catch=   326.733949693248     
 Abd=   277495.6    
 Catch=   2076.05970647925     
 Abd=   5462.819    
 Catch=   13.5924496478005     
 Abd=            NaN
 Catch=                     NaN
 Abd=   109233.1    
 Catch=   313.588054310283     
 Abd=   32875.63    
 Catch=   2088.48795005299     
 Abd=            NaN
 Catch=                     NaN
 Abd=   2228.268    
 Catch=   67.0550925412241     
 Abd=            NaN
 Catch=                     NaN
 Abd=   40571.12    
 Catch=   318.138938641212     
 Abd=            NaN
 Catch=                     NaN
 Abd=   1603.773    
 Catch=   7.02134397007085     
 Abd=   1395924.    
 Catch=   3495.63979475712     
 Abd=   136925.8    
 Catch=   1628.42468401461     
 Abd=   99770.48    
 Catch=   249.182319042568     
 Abd=            NaN
 Catch=                     NaN
 Abd=   25367.97    
 Catch=   481.034521659064     
 Abd=   17517.82    
 Catch=   1259.20399551616     
 Abd=   919935.5    
 Catch=   2632.25415465607     
 Abd=   145007.2    
 Catch=   2246.58102233415     
 Abd=   24077.69    
 Catch=   562.400773262828     
 Abd=   3807787.    
 Catch=   15231.4868080494     
 Time step =         1919
 Abd=   60374.34    
 Catch=   393.602253175044     
 Abd=   9025.850    
 Catch=   62.5066721633253     
 Abd=   13651.95    
 Catch=   513.541863853447     
 Abd=   6132.896    
 Catch=   15.3303933907657     
 Abd=   45226.78    
 Catch=   562.647282196862     
 Abd=   41.22155    
 Catch=  0.446168484222589     
 Abd=            NaN
 Catch=                     NaN
 Abd=            NaN
 Catch=                     NaN
 Abd=   228448.4    
 Catch=   569.639425854263     
 Abd=   1781.718    
 Catch=   335.555099879315     
 Abd=   283005.1    
 Catch=   2122.93392279357     
 Abd=   5445.664    
 Catch=   13.5265863195018     
 Abd=            NaN
 Catch=                     NaN
 Abd=   109301.0    
 Catch=   313.713043486784     
 Abd=   28977.75    
 Catch=   2170.22250930930     
 Abd=            NaN
 Catch=                     NaN
 Abd=   2359.451    
 Catch=   72.9817800805722     
 Abd=            NaN
 Catch=                     NaN
 Abd=   39605.83    
 Catch=   314.890930075887     
 Abd=            NaN
 Catch=                     NaN
 Abd=   1600.375    
 Catch=   7.00540915778612     
 Abd=   1400740.    
 Catch=   3512.30924249718     
 Abd=   137087.4    
 Catch=   1633.93919352902     
 Abd=   99847.98    
 Catch=   249.489421275634     
 Abd=            NaN
 Catch=                     NaN
 Abd=   24365.97    
 Catch=   471.303770661654     
 Abd=   17649.27    
 Catch=   1321.59024971437     
 Abd=   933814.2    
 Catch=   2678.43460636708     
 Abd=   145295.7    
 Catch=   2223.84479155148     
 Abd=   22862.58    
 Catch=   548.814919374500     
 Abd=   3818267.    
 Catch=   15243.2603091809     
 Time step =         1920
 Abd=   60132.59    
 Catch=   393.067670096655     
 Abd=   9633.804    
 Catch=   61.2739105647972     
 Abd=   13385.52    
 Catch=   539.546007722285     
 Abd=   6142.496    
 Catch=   15.2087744222272     
 Abd=   45390.90    
 Catch=   566.746758170186     
 Abd=   42.11036    
 Catch=  0.441185639458144     
 Abd=            NaN
 Catch=                     NaN
 Abd=            NaN
 Catch=                     NaN
 Abd=   228253.3    
 Catch=   570.043972685689     
 Abd=   1829.868    
 Catch=   297.265744613889     
 Abd=   289359.1    
 Catch=   2109.13429132709     
 Abd=   5419.086    
 Catch=   13.3833723005495     
 Abd=            NaN
 Catch=                     NaN
 Abd=   109344.0    
 Catch=   309.956763447179     
 Abd=   30158.57    
 Catch=   1953.10057305901     
 Abd=            NaN
 Catch=                     NaN
 Abd=   2569.683    
 Catch=   68.6757958120261     
 Abd=            NaN
 Catch=                     NaN
 Abd=   39211.36    
 Catch=   316.367557497783     
 Abd=            NaN
 Catch=                     NaN
 Abd=   1596.737    
 Catch=   7.00472711831491     
 Abd=   1407458.    
 Catch=   3517.46552984742     
 Abd=   137557.3    
 Catch=   1631.34977364788     
 Abd=   99971.92    
 Catch=   248.038277476610     
 Abd=            NaN
 Catch=                     NaN
 Abd=   23881.29    
 Catch=   488.801423138641     
 Abd=   18531.88    
 Catch=   1187.12320753826     
 Abd=   950209.3    
 Catch=   2694.95867112783     
 Abd=   143791.9    
 Catch=   2245.96185688518     
 Abd=   22320.39    
 Catch=   577.485071029955     
 Abd=   3821065.    
 Catch=   15235.9723763604     
 Time step =         1921
 Abd=   60054.31    
 Catch=   391.466256938688     
 Abd=   9427.939    
 Catch=   55.4070186661715     
 Abd=   14075.23    
 Catch=   553.837408628892     
 Abd=   6092.691    
 Catch=   14.9820521336079     
 Abd=   45724.92    
 Catch=   561.702841381356     
 Abd=   41.61467    
 Catch=  0.430991969578177     
 Abd=            NaN
 Catch=                     NaN
 Abd=            NaN
 Catch=                     NaN
 Abd=   228420.0    
 Catch=   570.076867884884     
 Abd=   1620.949    
 Catch=   275.226383608725     
 Abd=   287374.4    
 Catch=   2122.12833661399     
 Abd=   5361.080    
 Catch=   13.2346652324546     
 Abd=            NaN
 Catch=                     NaN
 Abd=   108008.2    
 Catch=   306.996294150818     
 Abd=   27113.36    
 Catch=   2237.71317582907     
 Abd=            NaN
 Catch=                     NaN
 Abd=   2413.655    
 Catch=   53.4366581131432     
 Abd=            NaN
 Catch=                     NaN
 Abd=   39406.48    
 Catch=   316.744394910574     
 Abd=            NaN
 Catch=                     NaN
 Abd=   1596.651    
 Catch=   7.00684498648821     
 Abd=   1409428.    
 Catch=   3472.58028086067     
 Abd=   137327.9    
 Catch=   1628.86910658746     
 Abd=   99376.30    
 Catch=   245.949835990832     
 Abd=            NaN
 Catch=                     NaN
 Abd=   24789.99    
 Catch=   504.353754442809     
 Abd=   16629.51    
 Catch=   1089.73077949276     
 Abd=   955841.4    
 Catch=   2733.91081866079     
 Abd=   145274.6    
 Catch=   2289.45949991438     
 Abd=   23514.12    
 Catch=   600.739299474638     
 Abd=   3819146.    
 Catch=   15241.3864964134     
 Time step =         1922
 Abd=   59805.28    
 Catch=   392.122766007828     
 Abd=   8512.518    
 Catch=   52.2999662775312     
 Abd=   14443.65    
 Catch=   537.626234178169     
 Abd=   6001.856    
 Catch=   14.7442405144159     
 Abd=   45304.61    
 Catch=   562.308511600746     
 Abd=   40.64472    
 Catch=  0.434356006770810     
 Abd=            NaN
 Catch=                     NaN
 Abd=            NaN
 Catch=                     NaN
 Abd=   228433.7    
 Catch=   568.729508780418     
 Abd=   1500.854    
 Catch=   296.773409853303     
 Abd=   289213.4    
 Catch=   2145.95112418974     
 Abd=   5301.466    
 Catch=   13.0423585589751     
 Abd=            NaN
 Catch=                     NaN
 Abd=   106982.9    
 Catch=   306.575913800390     
 Abd=   31110.55    
 Catch=   2214.08664750275     
 Abd=            NaN
 Catch=                     NaN
 Abd=   1875.037    
 Catch=   63.1212519010279     
 Abd=            NaN
 Catch=                     NaN
 Abd=   39451.09    
 Catch=   314.117498074353     
 Abd=            NaN
 Catch=                     NaN
 Abd=   1597.148    
 Catch=   6.99456156978377     
 Abd=   1391044.    
 Catch=   3448.10551500546     
 Abd=   137118.3    
 Catch=   1631.62956669333     
 Abd=   98533.91    
 Catch=   245.287730182865     
 Abd=            NaN
 Catch=                     NaN
 Abd=   25577.01    
 Catch=   503.200902573832     
 Abd=   15273.48    
 Catch=   1173.34615878485     
 Abd=   969870.7    
 Catch=   2775.20557252972     
 Abd=   148115.0    
 Catch=   2272.52289617851     
 Abd=   24454.75    
 Catch=   594.701493297131     
 Abd=   3820571.    
 Catch=   15220.0695133398     
 Time step =         1923
 Abd=   59912.29    
 Catch=   392.263165820735     
 Abd=   8041.685    
 Catch=   54.3268029637642     
 Abd=   14010.27    
 Catch=   555.996507289481     
 Abd=   5905.662    
 Catch=   14.6080152006360     
 Abd=   45361.32    
 Catch=   567.464620858024     
 Abd=   40.98562    
 Catch=  0.431917556719648     
 Abd=            NaN
 Catch=                     NaN
 Abd=            NaN
 Catch=                     NaN
 Abd=   227886.6    
 Catch=   568.769491719632     
 Abd=   1618.400    
 Catch=   329.288451589317     
 Abd=   292422.8    
 Catch=   2187.82788870427     
 Abd=   5224.066    
 Catch=   12.8789359095436     
 Abd=            NaN
 Catch=                     NaN
 Abd=   106853.4    
 Catch=   307.051320984504     
 Abd=   30750.54    
 Catch=   2104.93058233013     
 Abd=            NaN
 Catch=                     NaN
 Abd=   2225.855    
 Catch=   66.4454811029273     
 Abd=            NaN
 Catch=  0.000000000000000E+000
 Abd=   39116.77    
 Catch=   318.106095393844     
 Abd=            NaN
 Catch=                     NaN
 Abd=   1594.286    
 Catch=   6.97936930858814     
 Abd=   1381403.    
 Catch=   3454.33541571937     
 Abd=   137358.2    
 Catch=   1625.70034015002     
 Abd=   98280.02    
 Catch=   245.554472032896     
 Abd=            NaN
 Catch=                     NaN
 Abd=   25502.17    
 Catch=   512.028326590771     
 Abd=   16456.12    
 Catch=   1248.02843597579     
 Abd=   984474.2    
 Catch=   2816.24755624931     
 Abd=   146947.3    
 Catch=   2269.62796836756     
 Abd=   24188.64    
 Catch=   601.878188132771     
 Abd=   3815090.    
 Catch=   15175.4436919461     
 Time step =         1924
 Abd=   59932.29    
 Catch=   392.991103125403     
 Abd=   8369.142    
 Catch=   56.6986693436980     
 Abd=   14500.58    
 Catch=   569.622531635457     
 Abd=   5851.887    
 Catch=   14.5303117037926     
 Abd=   45784.33    
 Catch=   565.430548502912     
 Abd=   40.74497    
 Catch=  0.422309335382753     
 Abd=            NaN
 Catch=                     NaN
 Abd=            NaN
 Catch=                     NaN
 Abd=   227907.4    
 Catch=   567.060581530039     
 Abd=   1795.763    
 Catch=   324.467402825466     
 Abd=   298238.8    
 Catch=   2219.49707123612     
 Abd=   5158.828    
 Catch=   12.5400762652275     
 Abd=            NaN
 Catch=                     NaN
 Abd=   107023.9    
 Catch=   306.684873932589     
 Abd=   29222.66    
 Catch=   2086.53509287740     
 Abd=            NaN
 Catch=                     NaN
 Abd=   2338.093    
 Catch=   70.6172122451562     
 Abd=            NaN
 Catch=                     NaN
 Abd=   39628.86    
 Catch=   321.276734230427     
 Abd=            NaN
 Catch=                     NaN
 Abd=   1590.809    
 Catch=   6.96042723699363     
 Abd=   1384149.    
 Catch=   3472.72811831579     
 Abd=   136846.0    
 Catch=   1623.88629187959     
 Abd=   98395.10    
 Catch=   245.765245335443     
 Abd=            NaN
 Catch=                     NaN
 Abd=   25958.47    
 Catch=   528.354313390302     
 Abd=   17502.53    
 Catch=   1280.54699339767     
 Abd=   999081.8    
 Catch=   2856.26747188694     
 Abd=   146776.5    
 Catch=   2222.16945674234     
 Abd=   24489.33    
 Catch=   621.712345500380     
 Abd=   3803790.    
 Catch=   15130.0514657162     
 Time step =         1925
 Abd=   60045.05    
 Catch=   391.472848043201     
 Abd=   8734.875    
 Catch=   59.5490769130395     
 Abd=   14853.62    
 Catch=   577.234595407893     
 Abd=   5821.196    
 Catch=   14.5174428901352     
 Abd=   45609.88    
 Catch=   561.200438030274     
 Abd=   39.82638    
 Catch=  0.424387471260254     
 Abd=            NaN
 Catch=                     NaN
 Abd=            NaN
 Catch=                     NaN
 Abd=   227210.4    
 Catch=   566.701354960606     
 Abd=   1769.347    
 Catch=   285.031426269756     
 Abd=   302520.2    
 Catch=   2270.70907643294     
 Abd=   5021.664    
 Catch=   12.1757616229262     
 Abd=            NaN
 Catch=                     NaN
 Abd=   106890.4    
 Catch=   305.401935612486     
 Abd=   28981.48    
 Catch=   2225.00066016685     
 Abd=            NaN
 Catch=                     NaN
 Abd=   2485.146    
 Catch=   60.2340298636240     
 Abd=            NaN
 Catch=                     NaN
 Abd=   40021.44    
 Catch=   322.965631418591     
 Abd=            NaN
 Catch=                     NaN
 Abd=   1586.473    
 Catch=   6.96326222990177     
 Abd=   1391616.    
 Catch=   3436.80538025646     
 Abd=   136699.5    
 Catch=   1623.59269297119     
 Abd=   98479.05    
 Catch=   244.499142310692     
 Abd=            NaN
 Catch=                     NaN
 Abd=   26792.61    
 Catch=   544.812348149315     
 Abd=   17951.61    
 Catch=   1163.76801977456     
 Abd=   1013264.    
 Catch=   2901.79724500164     
 Abd=   143656.7    
 Catch=   2187.93525785132     
 Abd=   25305.49    
 Catch=   641.697254039323     
 Abd=   3792409.    
 Catch=   15115.8055425636     
 Time step =         1926
 Abd=   59807.09    
 Catch=   390.963969001849     
 Abd=   9175.021    
 Catch=   58.5707254430094     
 Abd=   15050.51    
 Catch=   576.715026128252     
 Abd=   5816.570    
 Catch=   14.4472846114804     
 Abd=   45265.27    
 Catch=   561.668291292960     
 Abd=   40.04285    
 Catch=  0.416578443460124     
 Abd=            NaN
 Catch=                     NaN
 Abd=            NaN
 Catch=                     NaN
 Abd=   227075.2    
 Catch=   565.627832526044     
 Abd=   1554.277    
 Catch=   306.401341863233     
 Abd=   309554.5    
 Catch=   2280.86070132072     
 Abd=   4875.531    
 Catch=   11.6946266570595     
 Abd=            NaN
 Catch=                     NaN
 Abd=   106437.6    
 Catch=   305.696797058911     
 Abd=   30916.77    
 Catch=   2421.32958805538     
 Abd=            NaN
 Catch=                     NaN
 Abd=   2113.887    
 Catch=   63.6677141031708     
 Abd=            NaN
 Catch=                     NaN
 Abd=   40228.54    
 Catch=   324.674708267376     
 Abd=            NaN
 Catch=                     NaN
 Abd=   1587.220    
 Catch=   6.95425436823337     
 Abd=   1376779.    
 Catch=   3429.31281816588     
 Abd=   136677.5    
 Catch=   1619.87489781356     
 Abd=   97959.06    
 Catch=   244.283950868177     
 Abd=            NaN
 Catch=                     NaN
 Abd=   27627.50    
 Catch=   543.176780719741     
 Abd=   16309.22    
 Catch=   1153.23258308052     
 Abd=   1029452.    
 Catch=   2934.53324820276     
 Abd=   141459.5    
 Catch=   2172.97569647893     
 Abd=   26118.71    
 Catch=   638.594746093577     
 Abd=   3788997.    
 Catch=   15064.3760239386     
 Time step =         1927
 Abd=   59731.84    
 Catch=   390.165210549570     
 Abd=   9012.379    
 Catch=   54.2415930513165     
 Abd=   15035.06    
 Catch=   574.442042935666     
 Abd=   5788.662    
 Catch=   14.3727705415733     
 Abd=   45309.75    
 Catch=   560.070650134043     
 Abd=   39.28880    
 Catch=  0.406305175085149     
 Abd=            NaN
 Catch=                     NaN
 Abd=            NaN
 Catch=                     NaN
 Abd=   226643.0    
 Catch=   565.221810593183     
 Abd=   1670.930    
 Catch=   327.797674033356     
 Abd=   310827.7    
 Catch=   2299.32572907139     
 Abd=   4681.874    
 Catch=   11.2412672029689     
 Abd=            NaN
 Catch=                     NaN
 Abd=   106550.8    
 Catch=   302.315862500601     
 Abd=   33644.55    
 Catch=   1999.01333610622     
 Abd=            NaN
 Catch=                     NaN
 Abd=   2241.071    
 Catch=   67.3013627939245     
 Abd=            NaN
 Catch=                     NaN
 Abd=   40441.47    
 Catch=   325.432898677521     
 Abd=            NaN
 Catch=                     NaN
 Abd=   1585.110    
 Catch=   6.93116702899638     
 Abd=   1374013.    
 Catch=   3450.78935619831     
 Abd=   136359.0    
 Catch=   1604.44280764951     
 Abd=   97881.34    
 Catch=   243.683528815277     
 Abd=            NaN
 Catch=                     NaN
 Abd=   27527.79    
 Catch=   542.658526425825     
 Abd=   16163.66    
 Catch=   1262.25541471758     
 Abd=   1040968.    
 Catch=   2964.69982229943     
 Abd=   140513.4    
 Catch=   2191.51810317836     
 Abd=   25976.98    
 Catch=   637.648826219428     
 Abd=   3775918.    
 Catch=   15047.7180540870     
 Time step =         1928
 Abd=   59608.71    
 Catch=   388.720916179349     
 Abd=   8337.053    
 Catch=   51.5347214627463     
 Abd=   14975.17    
 Catch=   567.591230153264     
 Abd=   5758.896    
 Catch=   14.3149201385628     
 Abd=   45178.02    
 Catch=   552.490545218981     
 Abd=   38.31611    
 Catch=  0.420909161598675     
 Abd=            NaN
 Catch=                     NaN
 Abd=            NaN
 Catch=                     NaN
 Abd=   226479.9    
 Catch=   565.524028332398     
 Abd=   1787.608    
 Catch=   318.494268918678     
 Abd=   313366.2    
 Catch=   2310.60638954560     
 Abd=   4500.465    
 Catch=   10.9443786791328     
 Abd=            NaN
 Catch=                     NaN
 Abd=   105349.6    
 Catch=   302.576853374801     
 Abd=   27724.91    
 Catch=   2195.48651697805     
 Abd=            NaN
 Catch=                     NaN
 Abd=   2368.685    
 Catch=   62.8673502413611     
 Abd=            NaN
 Catch=                     NaN
 Abd=   40533.18    
 Catch=   324.508562997822     
 Abd=            NaN
 Catch=                     NaN
 Abd=   1579.780    
 Catch=   6.89816354787035     
 Abd=   1382853.    
 Catch=   3445.69711630305     
 Abd=   135043.2    
 Catch=   1592.99274990475     
 Abd=   97638.33    
 Catch=   243.734290891018     
 Abd=            NaN
 Catch=                     NaN
 Abd=   27502.92    
 Catch=   550.381402982304     
 Abd=   17705.31    
 Catch=   1318.71070270760     
 Abd=   1051649.    
 Catch=   2998.74990387593     
 Abd=   141751.2    
 Catch=   2206.03760470270     
 Abd=   25941.10    
 Catch=   648.417980780205     
 Abd=   3771920.    
 Catch=   15005.5538699259     
 Time step =         1929
 Abd=   59386.45    
 Catch=   390.289036024142     
 Abd=   7924.943    
 Catch=   53.2408058730595     
 Abd=   14795.00    
 Catch=   531.945598507381     
 Abd=   5735.962    
 Catch=   14.2371795106755     
 Abd=   44558.27    
 Catch=   557.385711983438     
 Abd=   39.73777    
 Catch=  0.426544729560967     
 Abd=            NaN
 Catch=                     NaN
 Abd=            NaN
 Catch=                     NaN
 Abd=   226610.2    
 Catch=   565.318038296942     
 Abd=   1736.796    
 Catch=   331.634894441112     
 Abd=   314884.1    
 Catch=   2310.39985324790     
 Abd=   4382.709    
 Catch=   10.6269241162493     
 Abd=            NaN
 Catch=                     NaN
 Abd=   105463.7    
 Catch=   303.494799192824     
 Abd=   30515.85    
 Catch=   2373.11750660624     
 Abd=            NaN
 Catch=                     NaN
 Abd=   2209.214    
 Catch=   61.9714554289839     
 Abd=            NaN
 Catch=                     NaN
 Abd=   40414.27    
 Catch=   317.239094870618     
 Abd=            NaN
 Catch=                     NaN
 Abd=   1572.215    
 Catch=   6.89056233598427     
 Abd=   1380588.    
 Catch=   3447.77630276846     
 Abd=   134086.3    
 Catch=   1585.26515752489     
 Abd=   97663.20    
 Catch=   243.806909268348     
 Abd=            NaN
 Catch=                     NaN
 Abd=   27901.39    
 Catch=   531.008581044132     
 Abd=   18490.47    
 Catch=   1288.42084480137     
 Abd=   1063754.    
 Catch=   3025.48021171028     
 Abd=   142682.3    
 Catch=   2213.32528412095     
 Abd=   26386.29    
 Catch=   623.695188270427     
 Abd=   3761224.    
 Catch=   15038.6409682008     
 Time step =         1930
 Abd=   59635.23    
 Catch=   387.411991611670     
 Abd=   8200.897    
 Catch=   55.1118615890536     
 Abd=   13858.64    
 Catch=   548.244425857475     
 Abd=   5703.692    
 Catch=   14.1263032749340     
 Abd=   44970.45    
 Catch=   558.127544051913     
 Abd=   40.25231    
 Catch=  0.440093762041664     
 Abd=            NaN
 Catch=                     NaN
 Abd=            NaN
 Catch=                     NaN
 Abd=   226525.6    
 Catch=   565.702812230236     
 Abd=   1808.481    
 Catch=   328.699913253988     
 Abd=   314830.6    
 Catch=   2341.65928776985     
 Abd=   4255.337    
 Catch=   10.3815723405581     
 Abd=            NaN
 Catch=                     NaN
 Abd=   105787.7    
 Catch=   302.952215545160     
 Abd=   32974.59    
 Catch=   2010.39131269592     
 Abd=            NaN
 Catch=                     NaN
 Abd=   2180.362    
 Catch=   73.1003039205265     
 Abd=            NaN
 Catch=                     NaN
 Abd=   39494.70    
 Catch=   317.408834508171     
 Abd=            NaN
 Catch=                     NaN
 Abd=   1570.603    
 Catch=   6.86842572163666     
 Abd=   1381483.    
 Catch=   3469.49647076592     
 Abd=   133440.2    
 Catch=   1588.51291889997     
 Abd=   97692.33    
 Catch=   243.963301543810     
 Abd=            NaN
 Catch=                     NaN
 Abd=   26896.69    
 Catch=   539.304541677400     
 Abd=   18054.99    
 Catch=   1298.45199392412     
 Abd=   1073181.    
 Catch=   3060.66797566224     
 Abd=   143146.3    
 Catch=   2219.18450291158     
 Abd=   25357.19    
 Catch=   636.438290461973     
 Abd=   3769909.    
 Catch=   15058.5006038387     
 Time step =         1931
 Abd=   59182.05    
 Catch=   386.688465456795     
 Abd=   8488.978    
 Catch=   57.4479906348895     
 Abd=   14300.37    
 Catch=   582.886918360268     
 Abd=   5659.092    
 Catch=   13.8795802489705     
 Abd=   45024.04    
 Catch=   556.881596837797     
 Abd=   41.54531    
 Catch=  0.433118363893812     
 Abd=            NaN
 Catch=                     NaN
 Abd=            NaN
 Catch=                     NaN
 Abd=   226683.5    
 Catch=   564.955798720707     
 Abd=   1792.447    
 Catch=   290.651534587157     
 Abd=   319169.4    
 Catch=   2367.40967720201     
 Abd=   4157.599    
 Catch=   10.2506152492484     
 Abd=            NaN
 Catch=                     NaN
 Abd=   105588.4    
 Catch=   301.686301393041     
 Abd=   27896.31    
 Catch=   2056.03235474739     
 Abd=            NaN
 Catch=                     NaN
 Abd=   2578.084    
 Catch=   64.0221098204974     
 Abd=            NaN
 Catch=                     NaN
 Abd=   39533.47    
 Catch=   324.248063567512     
 Abd=            NaN
 Catch=                     NaN
 Abd=   1565.486    
 Catch=   6.86981632764555     
 Abd=   1390349.    
 Catch=   3478.32469326052     
 Abd=   133729.3    
 Catch=   1594.66032578324     
 Abd=   97755.77    
 Catch=   243.587984123957     
 Abd=            NaN
 Catch=                     NaN
 Abd=   27339.95    
 Catch=   559.178771307277     
 Abd=   18202.09    
 Catch=   1180.46037546891     
 Abd=   1085721.    
 Catch=   3094.21073483687     
 Abd=   143525.7    
 Catch=   2220.96971421742     
 Abd=   25899.13    
 Catch=   663.389989788439     
 Abd=   3774802.    
 Catch=   15064.3275512634     
 Time step =         1932
 Abd=   59077.97    
 Catch=   387.027569787248     
 Abd=   8849.949    
 Catch=   58.2092098108674     
 Abd=   15209.09    
 Catch=   578.132226192609     
 Abd=   5559.157    
 Catch=   13.6801140651244     
 Abd=   44920.72    
 Catch=   548.409050307968     
 Abd=   40.85015    
 Catch=  0.439238703083545     
 Abd=            NaN
 Catch=                     NaN
 Abd=            NaN
 Catch=                     NaN
 Abd=   226376.0    
 Catch=   565.032900841513     
 Abd=   1584.880    
 Catch=   270.061854331997     
 Abd=   322609.8    
 Catch=   2361.02790847512     
 Abd=   4106.024    
 Catch=   10.2405970438060     
 Abd=            NaN
 Catch=                     NaN
 Abd=   105142.3    
 Catch=   299.527549240024     
 Abd=   28603.54    
 Catch=   2215.43976637439     
 Abd=            NaN
 Catch=                     NaN
 Abd=   2247.539    
 Catch=   53.2449754984991     
 Abd=            NaN
 Catch=                     NaN
 Abd=   40400.52    
 Catch=   326.104261286951     
 Abd=            NaN
 Catch=                     NaN
 Abd=   1565.911    
 Catch=   6.87632244076027     
 Abd=   1393775.    
 Catch=   3418.76898100025     
 Abd=   134251.5    
 Catch=   1597.22627318529     
 Abd=   97600.99    
 Catch=   241.609777440208     
 Abd=            NaN
 Catch=                     NaN
 Abd=   28357.76    
 Catch=   569.214041753415     
 Abd=   16536.74    
 Catch=   1084.14764484693     
 Abd=   1097553.    
 Catch=   3117.77685173613     
 Abd=   143635.1    
 Catch=   2240.39384327060     
 Abd=   27006.04    
 Catch=   675.815735651081     
 Abd=   3776188.    
 Catch=   15084.2747274781     
 Time step =         1933
 Abd=   59133.66    
 Catch=   387.483863614258     
 Abd=   8961.971    
 Catch=   58.8352762865207     
 Abd=   15071.49    
 Catch=   587.654925472105     
 Abd=   5479.625    
 Catch=   13.4814443311957     
 Abd=   44227.86    
 Catch=   553.287958318264     
 Abd=   41.45112    
 Catch=  0.448443819457814     
 Abd=            NaN
 Catch=                     NaN
 Abd=            NaN
 Catch=                     NaN
 Abd=   226411.8    
 Catch=   563.690725759473     
 Abd=   1472.772    
 Catch=   304.375278044620     
 Abd=   321717.2    
 Catch=   2341.03464772832     
 Abd=   4102.979    
 Catch=   10.2017669564493     
 Abd=            NaN
 Catch=                     NaN
 Abd=   104384.9    
 Catch=   298.608425580522     
 Abd=   30792.70    
 Catch=   2565.44976802783     
 Abd=            NaN
 Catch=                     NaN
 Abd=   1868.605    
 Catch=   57.0477931596747     
 Abd=            NaN
 Catch=                     NaN
 Abd=   40619.41    
 Catch=   329.212849432206     
 Abd=            NaN
 Catch=                     NaN
 Abd=   1567.420    
 Catch=   6.88962774257480     
 Abd=   1369367.    
 Catch=   3393.90397616626     
 Abd=   134461.6    
 Catch=   1601.88121110322     
 Abd=   96796.02    
 Catch=   240.547705053767     
 Abd=            NaN
 Catch=                     NaN
 Abd=   28857.25    
 Catch=   571.222129955883     
 Abd=   15203.85    
 Catch=   1150.16706661909     
 Abd=   1105894.    
 Catch=   3135.08429722354     
 Abd=   144914.2    
 Catch=   2239.74289302804     
 Abd=   27500.68    
 Catch=   677.552850375555     
 Abd=   3781257.    
 Catch=   15087.5100042069     
 Time step =         1934
 Abd=   59203.16    
 Catch=   387.549759462023     
 Abd=   9058.008    
 Catch=   61.3465381629973     
 Abd=   15324.15    
 Catch=   575.943897403192     
 Abd=   5400.038    
 Catch=   13.3626031370649     
 Abd=   44639.65    
 Catch=   555.711055590226     
 Abd=   42.32482    
 Catch=  0.451024346121802     
 Abd=            NaN
 Catch=                     NaN
 Abd=            NaN
 Catch=                     NaN
 Abd=   225864.8    
 Catch=   562.551474550189     
 Abd=   1659.928    
 Catch=   324.786214334428     
 Abd=   318881.7    
 Catch=   2393.22061085923     
 Abd=   4087.164    
 Catch=   9.94412728614187     
 Abd=            NaN
 Catch=                     NaN
 Abd=   104072.4    
 Catch=   296.892626113693     
 Abd=   35670.54    
 Catch=   2112.22208320307     
 Abd=            NaN
 Catch=                     NaN
 Abd=   2010.103    
 Catch=   62.3016326903637     
 Abd=            NaN
 Catch=                     NaN
 Abd=   41009.53    
 Catch=   327.575861256674     
 Abd=            NaN
 Catch=                     NaN
 Abd=   1570.479    
 Catch=   6.86480219265526     
 Abd=   1359689.    
 Catch=   3410.88942478781     
 Abd=   134857.3    
 Catch=   1615.70732660396     
 Abd=   96377.70    
 Catch=   239.957469331403     
 Abd=            NaN
 Catch=                     NaN
 Abd=   28952.42    
 Catch=   565.259822204239     
 Abd=   16129.34    
 Catch=   1246.02163123378     
 Abd=   1111904.    
 Catch=   3175.97132559651     
 Abd=   144846.6    
 Catch=   2205.63764862869     
 Abd=   27564.55    
 Catch=   669.699618299698     
 Abd=   3781988.    
 Catch=   15056.8184265375     
 Time step =         1935
 Abd=   59212.15    
 Catch=   388.067523991631     
 Abd=   9450.574    
 Catch=   60.6085616123617     
 Abd=   15012.31    
 Catch=   571.763083529275     
 Abd=   5352.993    
 Catch=   13.2497989492663     
 Abd=   44831.03    
 Catch=   557.055632256664     
 Abd=   42.55621    
 Catch=  0.456663056619575     
 Abd=            NaN
 Catch=                     NaN
 Abd=            NaN
 Catch=                     NaN
 Abd=   225409.1    
 Catch=   562.205022641790     
 Abd=   1771.209    
 Catch=   305.348834517242     
 Abd=   326229.1    
 Catch=   2385.47016933525     
 Abd=   3982.192    
 Catch=   9.59849086205331     
 Abd=            NaN
 Catch=                     NaN
 Abd=   103468.9    
 Catch=   296.024048781426     
 Abd=   29300.83    
 Catch=   2064.24869297681     
 Abd=            NaN
 Catch=                     NaN
 Abd=   2194.457    
 Catch=   60.9611974226207     
 Abd=            NaN
 Catch=                     NaN
 Abd=   40794.74    
 Catch=   327.837274670391     
 Abd=            NaN
 Catch=                     NaN
 Abd=   1564.647    
 Catch=   6.86012935040970     
 Abd=   1366830.    
 Catch=   3423.79993695064     
 Abd=   136035.0    
 Catch=   1611.86208235071     
 Abd=   96144.90    
 Catch=   239.658022505699     
 Abd=            NaN
 Catch=                     NaN
 Abd=   28643.83    
 Catch=   558.469637548160     
 Abd=   17479.88    
 Catch=   1155.74758255572     
 Abd=   1126579.    
 Catch=   3204.56618659012     
 Abd=   142602.0    
 Catch=   2193.68649822039     
 Abd=   27239.09    
 Catch=   658.201684216074     
 Abd=   3774126.    
 Catch=   15010.8030365469     
 Time step =         1936
 Abd=   59292.56    
 Catch=   387.554900279899     
 Abd=   9327.075    
 Catch=   57.3252285619692     
 Abd=   14906.71    
 Catch=   584.301367669375     
 Abd=   5307.802    
 Catch=   13.1164197802467     
 Abd=   44938.99    
 Catch=   556.707969063554     
 Abd=   43.09393    
 Catch=  0.457175517138150     
 Abd=            NaN
 Catch=                     NaN
 Abd=            NaN
 Catch=                     NaN
 Abd=   225275.9    
 Catch=   561.123149401628     
 Abd=   1665.059    
 Catch=   285.233172882711     
 Abd=   325034.2    
 Catch=   2396.14773626395     
 Abd=   3843.074    
 Catch=   9.31190767178804     
 Abd=            NaN
 Catch=                     NaN
 Abd=   103172.0    
 Catch=   295.308937458040     
 Abd=   28672.70    
 Catch=   2208.51163480483     
 Abd=            NaN
 Catch=                     NaN
 Abd=   2142.994    
 Catch=   64.6856059351177     
 Abd=            NaN
 Catch=                     NaN
 Abd=   40831.35    
 Catch=   330.051807930295     
 Abd=            NaN
 Catch=                     NaN
 Abd=   1563.676    
 Catch=   6.83547873904247     
 Abd=   1371963.    
 Catch=   3413.97614360677     
 Abd=   135684.1    
 Catch=   1610.36378973804     
 Abd=   96027.16    
 Catch=   239.117903950081     
 Abd=            NaN
 Catch=                     NaN
 Abd=   28298.04    
 Catch=   579.287225673675     
 Abd=   16191.06    
 Catch=   1127.66129048967     
 Abd=   1136702.    
 Catch=   3239.11513492827     
 Abd=   141857.8    
 Catch=   2217.83199772980     
 Abd=   26768.51    
 Catch=   689.184483267744     
 Abd=   3762525.    
 Catch=   15006.9757096969     
 Time step =         1937
 Abd=   59211.43    
 Catch=   386.438624687381     
 Abd=   8814.670    
 Catch=   56.6025442017786     
 Abd=   15239.22    
 Catch=   571.039786621333     
 Abd=   5254.237    
 Catch=   13.0166571490647     
 Abd=   44908.20    
 Catch=   554.391589270219     
 Abd=   43.13290    
 Catch=  0.447475017346904     
 Abd=            NaN
 Catch=                     NaN
 Abd=            NaN
 Catch=                     NaN
 Abd=   224836.4    
 Catch=   560.623822738341     
 Abd=   1555.361    
 Catch=   299.611078494670     
 Abd=   326533.8    
 Catch=   2403.34137310147     
 Abd=   3728.714    
 Catch=   8.88979991306723     
 Abd=            NaN
 Catch=                     NaN
 Abd=   102923.5    
 Catch=   295.271781870919     
 Abd=   30686.14    
 Catch=   2183.62198400073     
 Abd=            NaN
 Catch=                     NaN
 Abd=   2277.925    
 Catch=   65.5348301256436     
 Abd=            NaN
 Catch=                     NaN
 Abd=   41112.02    
 Catch=   330.143117093895     
 Abd=            NaN
 Catch=                     NaN
 Abd=   1557.966    
 Catch=   6.81977847362286     
 Abd=   1367840.    
 Catch=   3399.36631589682     
 Abd=   135562.7    
 Catch=   1593.72133697174     
 Abd=   95808.61    
 Catch=   238.668673127609     
 Abd=            NaN
 Catch=                     NaN
 Abd=   29378.11    
 Catch=   560.742506516840     
 Abd=   15803.58    
 Catch=   1174.77967004875     
 Abd=   1148996.    
 Catch=   3268.13777854277     
 Abd=   143458.2    
 Catch=   2267.86863354879     
 Abd=   28058.14    
 Catch=   660.740766459306     
 Abd=   3761773.    
 Catch=   15023.0641514072     
 Time step =         1938
 Abd=   59038.78    
 Catch=   385.843411938683     
 Abd=   8710.879    
 Catch=   56.6440901577952     
 Abd=   14885.14    
 Catch=   515.542237006202     
 Abd=   5214.558    
 Catch=   13.0093134426367     
 Abd=   44718.75    
 Catch=   553.749467700054     
 Abd=   42.20029    
 Catch=  0.439253616912116     
 Abd=            NaN
 Catch=                     NaN
 Abd=            NaN
 Catch=                     NaN
 Abd=   224638.8    
 Catch=   559.189770524699     
 Abd=   1633.851    
 Catch=   320.195664725022     
 Abd=   327506.6    
 Catch=   2436.95004238564     
 Abd=   3558.572    
 Catch=   8.27769746769835     
 Abd=            NaN
 Catch=                     NaN
 Abd=   102915.5    
 Catch=   295.421494262769     
 Abd=   30323.44    
 Catch=   2197.85797604021     
 Abd=            NaN
 Catch=                     NaN
 Abd=   2305.223    
 Catch=   63.7123020287560     
 Abd=            NaN
 Catch=                     NaN
 Abd=   41117.97    
 Catch=   320.912731897551     
 Abd=            NaN
 Catch=                     NaN
 Abd=   1554.428    
 Catch=   6.79029945742786     
 Abd=   1361951.    
 Catch=   3415.52784488179     
 Abd=   134138.8    
 Catch=   1603.16384781630     
 Abd=   95628.48    
 Catch=   238.782855263845     
 Abd=            NaN
 Catch=                     NaN
 Abd=   28404.67    
 Catch=   513.911162773658     
 Abd=   16471.45    
 Catch=   1221.09443076934     
 Abd=   1159248.    
 Catch=   3314.17010260178     
 Abd=   146723.8    
 Catch=   2297.64345918113     
 Abd=   26861.43    
 Catch=   594.381330457009     
 Abd=   3765906.    
 Catch=   15003.1148152276     
 Time step =         1939
 Abd=   58949.34    
 Catch=   382.519295278173     
 Abd=   8718.971    
 Catch=   50.2815311874383     
 Abd=   13428.49    
 Catch=   492.473469045531     
 Abd=   5212.358    
 Catch=   12.9842787490756     
 Abd=   44669.04    
 Catch=   551.126216703555     
 Abd=   41.42773    
 Catch=  0.428845106582321     
 Abd=            NaN
 Catch=                     NaN
 Abd=            NaN
 Catch=                     NaN
 Abd=   224058.1    
 Catch=   558.449040251092     
 Abd=   1746.179    
 Catch=   341.895584685341     
 Abd=   332119.5    
 Catch=   2412.67413448476     
 Abd=   3312.052    
 Catch=   7.64720715986797     
 Abd=            NaN
 Catch=                     NaN
 Abd=   102969.0    
 Catch=   294.650945698342     
 Abd=   30521.61    
 Catch=   1940.23837501262     
 Abd=            NaN
 Catch=                     NaN
 Abd=   2241.571    
 Catch=   70.1190888426007     
 Abd=            NaN
 Catch=                     NaN
 Abd=   39947.41    
 Catch=   311.489950127782     
 Abd=            NaN
 Catch=                     NaN
 Abd=   1547.643    
 Catch=   6.73024046897785     
 Abd=   1368683.    
 Catch=   3450.71838186559     
 Abd=   134973.7    
 Catch=   1612.29745029880     
 Abd=   95679.86    
 Catch=   239.124268277607     
 Abd=            NaN
 Catch=                     NaN
 Abd=   26013.65    
 Catch=   489.943911392936     
 Abd=   17124.60    
 Catch=   1316.30570800290     
 Abd=   1175678.    
 Catch=   3338.97286763895     
 Abd=   148629.5    
 Catch=   2335.30345198804     
 Abd=   24147.00    
 Catch=   566.030423666081     
 Abd=   3760721.    
 Catch=   15058.7866354443     
 Time step =         1940
 Abd=   58433.39    
 Catch=   377.215975162702     
 Abd=   7722.515    
 Catch=   50.3200083471632     
 Abd=   12834.52    
 Catch=   515.401913432420     
 Abd=   5202.160    
 Catch=   12.8820074156677     
 Abd=   44455.72    
 Catch=   538.262972632474     
 Abd=   40.44212    
 Catch=  0.435849511829557     
 Abd=            NaN
 Catch=                     NaN
 Abd=            NaN
 Catch=                     NaN
 Abd=   223765.6    
 Catch=   557.273539428726     
 Abd=   1864.460    
 Catch=   282.478027552203     
 Abd=   328715.2    
 Catch=   2422.98683375378     
 Abd=   3059.401    
 Catch=                     NaN
 Abd=            NaN
 Catch=                     NaN
 Abd=   102694.5    
 Catch=   293.933447021092     
 Abd=   26924.48    
 Catch=   2009.56490771388     
 Abd=            NaN
 Catch=                     NaN
 Abd=   2470.061    
 Catch=   54.3048651344624     
 Abd=            NaN
 Catch=                     NaN
 Abd=   38774.22    
 Catch=   310.107577433194     
 Abd=            NaN
 Catch=                     NaN
 Abd=   1533.815    
 Catch=   6.67266488400898     
 Abd=   1382936.    
 Catch=   3427.59026546609     
 Abd=   135740.5    
 Catch=   1603.68742735850     
 Abd=   95817.62    
 Catch=   238.637893779949     
 Abd=            NaN
 Catch=                     NaN
 Abd=   24814.07    
 Catch=   494.044616992794     
 Abd=   18460.56    
 Catch=   1144.99895018762     
 Abd=   1184358.    
 Catch=   3344.24749781469     
 Abd=   151078.3    
 Catch=   2336.85242513901     
 Abd=   23011.95    
 Catch=   573.657732337134     
 Abd=   3775062.    
 Catch=   15066.7520833393     
 Time step =         1941
 Abd=   57618.45    
 Catch=   374.788001949701     
 Abd=   7746.009    
 Catch=   47.3229822184197     
 Abd=   13447.00    
 Catch=   545.568293245486     
 Abd=   5160.565    
 Catch=   12.6913089792766     
 Abd=   43403.99    
 Catch=   538.659713231909     
 Abd=   41.13343    
 Catch=  0.444717377731321     
 Abd=            NaN
 Catch=                     NaN
 Abd=            NaN
 Catch=                     NaN
 Abd=   223291.0    
 Catch=   556.577199298609     
 Abd=   1540.318    
 Catch=   295.961302349468     
 Abd=   330191.9    
 Catch=   2451.00601842819     
 Abd=            NaN
 Catch=                     NaN
 Abd=            NaN
 Catch=                     NaN
 Abd=   102444.8    
 Catch=   293.823135488769     
 Abd=   27914.41    
 Catch=   2331.96586627120     
 Abd=            NaN
 Catch=                     NaN
 Abd=   1904.929    
 Catch=   56.3114322952206     
 Abd=            NaN
 Catch=                     NaN
 Abd=   38620.22    
 Catch=   310.943637064972     
 Abd=            NaN
 Catch=                     NaN
 Abd=   1520.705    
 Catch=   6.66334420933548     
 Abd=   1373188.    
 Catch=   3416.09439740036     
 Abd=   134989.2    
 Catch=   1617.02838674097     
 Abd=   95615.97    
 Catch=   238.119072609613     
 Abd=            NaN
 Catch=                     NaN
 Abd=   25043.43    
 Catch=   506.542664241460     
 Abd=   16044.78    
 Catch=   1124.32343041417     
 Abd=   1186021.    
 Catch=   3368.19865464605     
 Abd=   151130.1    
 Catch=   2314.84755748087     
 Abd=   23343.49    
 Catch=   590.851664201731     
 Abd=   3776816.    
 Catch=   15082.9538427680     
 Time step =         1942
 Abd=   57255.62    
 Catch=   376.774060715038     
 Abd=   7275.645    
 Catch=   45.6381600202669     
 Abd=   14235.55    
 Catch=   543.808054869523     
 Abd=   5083.386    
 Catch=   12.5439214213191     
 Abd=   43452.93    
 Catch=   543.952210805264     
 Abd=   41.97265    
 Catch=  0.419342340604472     
 Abd=            NaN
 Catch=                     NaN
 Abd=            NaN
 Catch=                     NaN
 Abd=   223015.8    
 Catch=   555.605342997673     
 Abd=   1613.973    
 Catch=   316.228361464983     
 Abd=   334012.6    
 Catch=   2422.85489177256     
 Abd=            NaN
 Catch=                     NaN
 Abd=            NaN
 Catch=                     NaN
 Abd=   102410.1    
 Catch=   294.460468904458     
 Abd=   32421.34    
 Catch=   2214.65713667321     
 Abd=            NaN
 Catch=                     NaN
 Abd=   1982.861    
 Catch=   61.9255320159595     
 Abd=            NaN
 Catch=                     NaN
 Abd=   38729.51    
 Catch=   308.829275637487     
 Abd=            NaN
 Catch=                     NaN
 Abd=   1518.802    
 Catch=   6.62730342450231     
 Abd=   1368682.    
 Catch=   3424.21416641088     
 Abd=   136145.7    
 Catch=   1635.07630016747     
 Abd=   95407.73    
 Catch=   238.203145733505     
 Abd=            NaN
 Catch=                     NaN
 Abd=   25685.26    
 Catch=   509.263913803078     
 Abd=   15757.82    
 Catch=   1204.67724607980     
 Abd=   1194674.    
 Catch=   3385.57029610670     
 Abd=   149682.6    
 Catch=   2295.03313068022     
 Abd=   24048.79    
 Catch=   591.864691618370     
 Abd=   3780922.    
 Catch=   15123.4996472209     
 Time step =         1943
 Abd=   57572.05    
 Catch=   376.472385139819     
 Abd=   7020.081    
 Catch=   46.2767346510544     
 Abd=   14178.11    
 Catch=   520.298339514059     
 Abd=   5024.771    
 Catch=   12.5188534981371     
 Abd=   43886.98    
 Catch=   544.207983028052     
 Abd=   39.52129    
 Catch=  0.412917825947485     
 Abd=            NaN
 Catch=                     NaN
 Abd=            NaN
 Catch=                     NaN
 Abd=   222624.1    
 Catch=   555.915996521865     
 Abd=   1724.491    
 Catch=   308.364428116776     
 Abd=   330060.1    
 Catch=   2469.74674444854     
 Abd=            NaN
 Catch=                     NaN
 Abd=            NaN
 Catch=                     NaN
 Abd=   102637.3    
 Catch=   295.433407016571     
 Abd=   30749.93    
 Catch=   2137.31876124279     
 Abd=            NaN
 Catch=                     NaN
 Abd=   2181.123    
 Catch=   60.4691251499818     
 Abd=            NaN
 Catch=                     NaN
 Abd=   38459.55    
 Catch=   304.866991071286     
 Abd=            NaN
 Catch=                     NaN
 Abd=   1510.468    
 Catch=   6.58086781055324     
 Abd=   1372094.    
 Catch=   3426.96778578447     
 Abd=   137671.8    
 Catch=   1647.95416392085     
 Abd=   95447.25    
 Catch=   238.688725537744     
 Abd=            NaN
 Catch=                     NaN
 Abd=   25814.33    
 Catch=   496.203607027252     
 Abd=   16892.86    
 Catch=   1241.54906577144     
 Abd=   1200802.    
 Catch=   3356.83190404314     
 Abd=   148403.0    
 Catch=   2288.66017284820     
 Abd=   24079.25    
 Catch=   574.513291090718     
 Abd=   3791202.    
 Catch=   15172.1243597459     
 Time step =         1944
 Abd=   57518.95    
 Catch=   374.456970838322     
 Abd=   7125.153    
 Catch=   44.6415128565980     
 Abd=   13559.91    
 Catch=   526.728416721126     
 Abd=   5015.695    
 Catch=   12.3964176287125     
 Abd=   43900.37    
 Catch=   542.871422327016     
 Abd=   38.94669    
 Catch=  0.430754258031270     
 Abd=            NaN
 Catch=                     NaN
 Abd=            NaN
 Catch=                     NaN
 Abd=   222758.9    
 Catch=   555.884632776279     
 Abd=   1681.528    
 Catch=   301.773738840935     
 Abd=   336661.7    
 Catch=   2506.76963951784     
 Abd=            NaN
 Catch=                     NaN
 Abd=            NaN
 Catch=                     NaN
 Abd=   102978.6    
 Catch=   295.895364083457     
 Abd=   29673.92    
 Catch=   2193.92726935711     
 Abd=            NaN
 Catch=                     NaN
 Abd=   2126.125    
 Catch=   62.5077335517007     
 Abd=            NaN
 Catch=                     NaN
 Abd=   37961.55    
 Catch=   304.244782456720     
 Abd=            NaN
 Catch=                     NaN
 Abd=   1499.832    
 Catch=   6.56601520760076     
 Abd=   1373149.    
 Catch=   3423.88421973540     
 Abd=   138748.4    
 Catch=   1663.76652107712     
 Abd=   95643.98    
 Catch=   238.647662312660     
 Abd=            NaN
 Catch=                     NaN
 Abd=   25138.89    
 Catch=   502.765956957250     
 Abd=   17403.39    
 Catch=   1187.61670995347     
 Abd=   1190433.    
 Catch=   3388.94852686954     
 Abd=   148003.2    
 Catch=   2260.32508087230     
 Abd=   23361.84    
 Catch=   585.280654387341     
 Abd=   3803426.    
 Catch=   15212.7339336647     
 Time step =         1945
 Abd=   57205.90    
 Catch=   374.830143750321     
 Abd=   6866.626    
 Catch=   43.7813716677314     
 Abd=   13737.06    
 Catch=   535.288829075827     
 Abd=   4965.844    
 Catch=   12.3662369929095     
 Abd=   43791.95    
 Catch=   543.933012399833     
 Abd=   40.67258    
 Catch=  0.424948139007505     
 Abd=            NaN
 Catch=                     NaN
 Abd=            NaN
 Catch=                     NaN
 Abd=   222743.3    
 Catch=   555.663576804894     
 Abd=   1645.588    
 Catch=   325.861274915159     
 Abd=   341642.2    
 Catch=   2469.88141992622     
 Abd=            NaN
 Catch=                     NaN
 Abd=            NaN
 Catch=                     NaN
 Abd=   103135.9    
 Catch=   296.167314720524     
 Abd=   30475.69    
 Catch=   2113.50795730247     
 Abd=            NaN
 Catch=                     NaN
 Abd=   2201.467    
 Catch=   65.4299734783625     
 Abd=            NaN
 Catch=                     NaN
 Abd=   37892.09    
 Catch=   305.714171225594     
 Abd=            NaN
 Catch=                     NaN
 Abd=   1496.600    
 Catch=   6.57174583787550     
 Abd=   1371866.    
 Catch=   3445.34678384793     
 Abd=   140083.2    
 Catch=   1659.02049510676     
 Abd=   95623.19    
 Catch=   239.154412674297     
 Abd=            NaN
 Catch=                     NaN
 Abd=   25487.91    
 Catch=   509.150633589376     
 Abd=   16638.86    
 Catch=   1251.28504162555     
 Abd=   1202104.    
 Catch=   3394.16678404806     
 Abd=   146147.3    
 Catch=   2255.37825745855     
 Abd=   23818.59    
 Catch=   594.268789935667     
 Abd=   3813566.    
 Catch=   15202.7685554487     
 Time step =         1946
 Abd=   57269.79    
 Catch=   373.990362847108     
 Abd=   6736.564    
 Catch=   44.6359838915871     
 Abd=   13960.56    
 Catch=   551.017088144152     
 Abd=   4955.506    
 Catch=   12.3302591656881     
 Abd=   43879.66    
 Catch=   543.907442091171     
 Abd=   40.08154    
 Catch=  0.421975508345948     
 Abd=            NaN
 Catch=                     NaN
 Abd=            NaN
 Catch=                     NaN
 Abd=   222654.2    
 Catch=   554.797225323927     
 Abd=   1777.054    
 Catch=   289.981505380230     
 Abd=   336448.2    
 Catch=   2436.37722666344     
 Abd=            NaN
 Catch=                     NaN
 Abd=            NaN
 Catch=                     NaN
 Abd=   103229.8    
 Catch=   296.548216926095     
 Abd=   29344.60    
 Catch=   1957.23468518906     
 Abd=            NaN
 Catch=                     NaN
 Abd=   2302.784    
 Catch=   57.3166467808280     
 Abd=            NaN
 Catch=                     NaN
 Abd=   38079.72    
 Catch=   307.149973722677     
 Abd=            NaN
 Catch=                     NaN
 Abd=   1497.984    
 Catch=   6.54712846176229     
 Abd=   1380672.    
 Catch=   3447.12391259759     
 Abd=   139653.9    
 Catch=   1653.73638843300     
 Abd=   95830.91    
 Catch=   239.363157537796     
 Abd=            NaN
 Catch=                     NaN
 Abd=   25810.18    
 Catch=   528.122860059407     
 Abd=   17546.60    
 Catch=   1189.24068649316     
 Abd=   1203768.    
 Catch=   3384.85884674404     
 Abd=   145855.1    
 Catch=   2271.93360150788     
 Abd=   24181.47    
 Catch=   618.959943687264     
 Abd=   3810810.    
 Catch=   15167.4133400759     
 Time step =         1947
 Abd=   57137.77    
 Catch=   374.693232763532     
 Abd=   6873.334    
 Catch=   46.1123751053271     
 Abd=   14373.31    
 Catch=   557.775306467271     
 Abd=   4940.015    
 Catch=   12.2762268224983     
 Abd=   43876.26    
 Catch=   544.276935543621     
 Abd=   39.80621    
 Catch=  0.419288395505141     
 Abd=            NaN
 Catch=                     NaN
 Abd=            NaN
 Catch=                     NaN
 Abd=   222301.9    
 Catch=   553.871026637500     
 Abd=   1581.243    
 Catch=   283.044815782753     
 Abd=   331939.1    
 Catch=   2425.42195484007     
 Abd=            NaN
 Catch=                     NaN
 Abd=            NaN
 Catch=                     NaN
 Abd=   103363.1    
 Catch=   295.886143535706     
 Abd=   27173.69    
 Catch=   2221.13638100721     
 Abd=            NaN
 Catch=                     NaN
 Abd=   2013.568    
 Catch=   51.5326070623050     
 Abd=            NaN
 Catch=                     NaN
 Abd=   38258.85    
 Catch=   310.814172080305     
 Abd=            NaN
 Catch=                     NaN
 Abd=   1492.231    
 Catch=   6.54549389937701     
 Abd=   1381216.    
 Catch=   3426.53034431472     
 Abd=   139207.7    
 Catch=   1664.09161873984     
 Abd=   95911.94    
 Catch=   238.472832060502     
 Abd=            NaN
 Catch=                     NaN
 Abd=   26783.20    
 Catch=   527.052562656020     
 Abd=   16666.09    
 Catch=   1102.12000997657     
 Abd=   1200416.    
 Catch=   3392.21554355982     
 Abd=   146948.4    
 Catch=   2237.08091203594     
 Abd=   25196.60    
 Catch=   611.955696130815     
 Abd=   3801818.    
 Catch=   15126.2843421951     
 Time step =         1948
 Abd=   57249.64    
 Catch=   373.344229040284     
 Abd=   7102.352    
 Catch=   47.9311696263733     
 Abd=   14546.59    
 Catch=   562.112442632565     
 Abd=   4918.144    
 Catch=   12.2422668747175     
 Abd=   43906.95    
 Catch=   547.926036260558     
 Abd=   39.55333    
 Catch=  0.424418856147863     
 Abd=            NaN
 Catch=                     NaN
 Abd=            NaN
 Catch=                     NaN
 Abd=   221930.0    
 Catch=   554.052443805190     
 Abd=   1543.485    
 Catch=   325.500542253795     
 Abd=   330475.2    
 Catch=   2451.52886009232     
 Abd=            NaN
 Catch=                     NaN
 Abd=            NaN
 Catch=                     NaN
 Abd=   103125.2    
 Catch=   296.867781927869     
 Abd=   30889.54    
 Catch=   2237.84389430833     
 Abd=            NaN
 Catch=                     NaN
 Abd=   1811.710    
 Catch=   52.8196894388396     
 Abd=            NaN
 Catch=                     NaN
 Abd=   38720.09    
 Catch=   313.403732885638     
 Abd=            NaN
 Catch=                     NaN
 Abd=   1491.969    
 Catch=   6.54615781897725     
 Abd=   1372786.    
 Catch=   3436.37381555778     
 Abd=   140102.8    
 Catch=   1660.97621880195     
 Abd=   95547.39    
 Catch=   238.687745383791     
 Abd=            NaN
 Catch=                     NaN
 Abd=   26712.80    
 Catch=   539.927777260668     
 Abd=   15444.79    
 Catch=   1238.97094953498     
 Abd=   1203110.    
 Catch=   3431.49517441359     
 Abd=   144635.9    
 Catch=   2207.17268400983     
 Abd=   24892.85    
 Catch=   629.709930974872     
 Abd=   3791486.    
 Catch=   15093.8963422470     
 Time step =         1949
 Abd=   57037.75    
 Catch=   373.254765033421     
 Abd=   7383.370    
 Catch=   47.2079429663240     
 Abd=   14658.03    
 Catch=   580.903926522431     
 Abd=   4904.732    
 Catch=   12.1061083392124     
 Abd=   44204.89    
 Catch=   547.781190173473     
 Abd=   40.05106    
 Catch=  0.436329219272645     
 Abd=            NaN
 Catch=                     NaN
 Abd=            NaN
 Catch=                     NaN
 Abd=   222012.3    
 Catch=   553.400738608006     
 Abd=   1775.106    
 Catch=   316.071375847261     
 Abd=   334126.3    
 Catch=   2492.44878284938     
 Abd=            NaN
 Catch=                     NaN
 Abd=            NaN
 Catch=                     NaN
 Abd=   103478.7    
 Catch=   297.536927574268     
 Abd=   31083.79    
 Catch=   2230.31797852342     
 Abd=            NaN
 Catch=                     NaN
 Abd=   1859.573    
 Catch=   62.4216148458628     
 Abd=            NaN
 Catch=                     NaN
 Abd=   39039.78    
 Catch=   319.432997303224     
 Abd=            NaN
 Catch=                     NaN
 Abd=   1492.127    
 Catch=   6.55687224918442     
 Abd=   1376980.    
 Catch=   3431.43754833769     
 Abd=   139820.0    
 Catch=   1661.03544373659     
 Abd=   95642.52    
 Catch=   238.699775066831     
 Abd=            NaN
 Catch=                     NaN
 Abd=   27375.32    
 Catch=   557.169994370388     
 Abd=   17382.32    
 Catch=   1249.63096251509     
 Abd=   1217264.    
 Catch=   3478.87025977280     
 Abd=   142706.1    
 Catch=   2165.84494121985     
 Abd=   25628.92    
 Catch=   652.757934107284     
 Abd=   3783408.    
 Catch=   15060.8857127981     
 Time step =         1950
 Abd=   57027.52    
 Catch=   374.264717119854     
 Abd=   7264.247    
 Catch=   47.1079292417577     
 Abd=   15152.65    
 Catch=   549.244844537516     
 Abd=   4849.370    
 Catch=   11.9713917627364     
 Abd=   44189.04    
 Catch=   552.046520852775     
 Abd=   41.18730    
 Catch=  0.439046265379526     
 Abd=            NaN
 Catch=                     NaN
 Abd=            NaN
 Catch=                     NaN
 Abd=   221744.6    
 Catch=   552.282642673206     
 Abd=   1723.555    
 Catch=   323.372608719154     
 Abd=   339736.4    
 Catch=   2425.47697582672     
 Abd=            NaN
 Catch=                     NaN
 Abd=            NaN
 Catch=                     NaN
 Abd=   103709.5    
 Catch=   297.971469351584     
 Abd=   30971.06    
 Catch=   2207.37483700074     
 Abd=            NaN
 Catch=                     NaN
 Abd=   2201.729    
 Catch=   69.1572341975319     
 Abd=            NaN
 Catch=                     NaN
 Abd=   39798.91    
 Catch=   315.452801953489     
 Abd=            NaN
 Catch=                     NaN
 Abd=   1494.619    
 Catch=   6.54906715025659     
 Abd=   1374875.    
 Catch=   3438.25141359762     
 Abd=   139829.7    
 Catch=   1648.27478497646     
 Abd=   95645.53    
 Catch=   238.782620497570     
 Abd=            NaN
 Catch=                     NaN
 Abd=   28252.72    
 Catch=   546.041957331562     
 Abd=   17517.86    
 Catch=   1221.10827637514     
 Abd=   1234117.    
 Catch=   3475.79351044271     
 Abd=   140021.9    
 Catch=   2183.86685969185     
 Abd=   26570.33    
 Catch=   639.004751003752     
 Abd=   3775126.    
 Catch=   15024.2602758790     
 Time step =         1951
 Abd=   57185.21    
 Catch=   374.814998931720     
 Abd=   7250.802    
 Catch=   44.3873388893428     
 Abd=   14312.05    
 Catch=   572.224894758322     
 Abd=   4795.398    
 Catch=   11.8215240012494     
 Abd=   44537.86    
 Catch=   552.736374005152     
 Abd=   41.42633    
 Catch=  0.438825713976904     
 Abd=            NaN
 Catch=                     NaN
 Abd=            NaN
 Catch=                     NaN
 Abd=   221291.7    
 Catch=   552.036539105738     
 Abd=   1763.415    
 Catch=   327.248929725119     
 Abd=   330350.9    
 Catch=   2432.38456509131     
 Abd=            NaN
 Catch=                     NaN
 Abd=            NaN
 Catch=                     NaN
 Abd=   103859.2    
 Catch=   298.967190739852     
 Abd=   30651.10    
 Catch=   1949.01145452625     
 Abd=            NaN
 Catch=                     NaN
 Abd=   2436.436    
 Catch=   79.1637205815015     
 Abd=            NaN
 Catch=                     NaN
 Abd=   39279.64    
 Catch=   319.429592066212     
 Abd=            NaN
 Catch=                     NaN
 Abd=   1492.755    
 Catch=   6.51232409475765     
 Abd=   1377706.    
 Catch=   3458.67206742069     
 Abd=   138735.4    
 Catch=   1648.68685394985     
 Abd=   95679.30    
 Catch=   239.675763665510     
 Abd=            NaN
 Catch=                     NaN
 Abd=   27664.90    
 Catch=   564.102465183611     
 Abd=   17115.35    
 Catch=   1300.47698427977     
 Abd=   1232681.    
 Catch=   3504.51815827171     
 Abd=   141256.2    
 Catch=   2169.28624895409     
 Abd=   25986.31    
 Catch=   663.845972964373     
 Abd=   3765932.    
 Catch=   15033.2303131140     
 Time step =         1952
 Abd=   57268.11    
 Catch=   376.803512866253     
 Abd=   6824.605    
 Catch=   42.2411521826656     
 Abd=   14928.02    
 Catch=   590.332163442832     
 Abd=   4735.293    
 Catch=   11.7390833786469     
 Abd=   44589.39    
 Catch=   555.961601060488     
 Abd=   41.40057    
 Catch=  0.437279256993732     
 Abd=            NaN
 Catch=                     NaN
 Abd=            NaN
 Catch=                     NaN
 Abd=   221200.1    
 Catch=   551.100007673027     
 Abd=   1784.546    
 Catch=   300.154125125332     
 Abd=   331427.3    
 Catch=   2435.88399889780     
 Abd=            NaN
 Catch=                     NaN
 Abd=            NaN
 Catch=                     NaN
 Abd=   104210.3    
 Catch=   298.728694011007     
 Abd=   27043.85    
 Catch=   2192.02185587364     
 Abd=            NaN
 Catch=                     NaN
 Abd=   2790.895    
 Catch=   57.8777071758128     
 Abd=            NaN
 Catch=                     NaN
 Abd=   39793.73    
 Catch=   325.479297606930     
 Abd=            NaN
 Catch=                     NaN
 Abd=   1484.257    
 Catch=   6.49272934092381     
 Abd=   1386002.    
 Catch=   3440.84556431047     
 Abd=   138791.0    
 Catch=   1630.87823582288     
 Abd=   96042.88    
 Catch=   239.100839381464     
 Abd=            NaN
 Catch=                     NaN
 Abd=   28605.87    
 Catch=   574.620037597392     
 Abd=   18238.55    
 Catch=   1177.42366316148     
 Abd=   1243060.    
 Catch=   3531.03498659074     
 Abd=   140271.8    
 Catch=   2159.69769202637     
 Abd=   27023.54    
 Catch=   677.080590572371     
 Abd=   3768408.    
 Catch=   15032.2549876731     
 Time step =         1953
 Abd=   57576.41    
 Catch=   377.090030772470     
 Abd=   6495.895    
 Catch=   41.6127817529313     
 Abd=   15398.00    
 Catch=   577.457926526917     
 Abd=   4702.765    
 Catch=   11.7267738066442     
 Abd=   44853.00    
 Catch=   555.753553644053     
 Abd=   41.25238    
 Catch=  0.433262760417794     
 Abd=            NaN
 Catch=                     NaN
 Abd=            NaN
 Catch=                     NaN
 Abd=   220819.1    
 Catch=   548.886875241310     
 Abd=   1636.728    
 Catch=   331.404639660488     
 Abd=   331932.7    
 Catch=   2462.73761600389     
 Abd=            NaN
 Catch=                     NaN
 Abd=            NaN
 Catch=                     NaN
 Abd=   104118.6    
 Catch=   299.312185501805     
 Abd=   30475.62    
 Catch=   2138.18602798967     
 Abd=            NaN
 Catch=                     NaN
 Abd=   2031.126    
 Catch=   69.8140966229637     
 Abd=            NaN
 Catch=                     NaN
 Abd=   40551.60    
 Catch=   324.356447936536     
 Abd=            NaN
 Catch=                     NaN
 Abd=   1479.866    
 Catch=   6.47176123256786     
 Abd=   1378540.    
 Catch=   3457.32996148028     
 Abd=   137264.8    
 Catch=   1622.92101375431     
 Abd=   95800.43    
 Catch=   239.591328470526     
 Abd=            NaN
 Catch=                     NaN
 Abd=   29131.33    
 Catch=   578.011320588979     
 Abd=   16495.21    
 Catch=   1283.74399385652     
 Abd=   1252468.    
 Catch=   3563.78116000398     
 Abd=   139657.8    
 Catch=   2144.24714267241     
 Abd=   27552.48    
 Catch=   680.198770807216     
 Abd=   3768112.    
 Catch=   15024.8689324829     
 Time step =         1954
 Abd=   57614.92    
 Catch=   377.530729917709     
 Abd=   6403.455    
 Catch=   42.3728606229856     
 Abd=   15053.28    
 Catch=   553.208669088210     
 Abd=   4698.408    
 Catch=   11.6253911466422     
 Abd=   44831.16    
 Catch=   552.808548004321     
 Abd=   40.86922    
 Catch=  0.406774599764682     
 Abd=            NaN
 Catch=                     NaN
 Abd=            NaN
 Catch=                     NaN
 Abd=   219923.6    
 Catch=   546.403557418128     
 Abd=   1807.324    
 Catch=   304.608316707383     
 Abd=   335655.2    
 Catch=   2448.97884246939     
 Abd=            NaN
 Catch=                     NaN
 Abd=            NaN
 Catch=                     NaN
 Abd=   104327.9    
 Catch=   299.685876166509     
 Abd=   29693.60    
 Catch=   1932.09738362890     
 Abd=            NaN
 Catch=                     NaN
 Abd=   2462.458    
 Catch=   67.1012122444674     
 Abd=            NaN
 Catch=                     NaN
 Abd=   40395.30    
 Catch=   318.292511858638     
 Abd=            NaN
 Catch=                     NaN
 Abd=   1475.083    
 Catch=   6.44832137548067     
 Abd=   1385434.    
 Catch=   3475.11321040633     
 Abd=   136610.2    
 Catch=   1610.79061921440     
 Abd=   96006.86    
 Catch=   240.201552219642     
 Abd=            NaN
 Catch=                     NaN
 Abd=   29298.18    
 Catch=   565.254801360472     
 Abd=   18008.99    
 Catch=   1267.10632383894     
 Abd=   1264124.    
 Catch=   3583.86122864671     
 Abd=   138653.2    
 Catch=   2138.16648205862     
 Abd=   27673.93    
 Catch=   664.493862071869     
 Abd=   3766233.    
 Catch=   14991.1763662850     
 Time step =         1955
 Abd=   57682.44    
 Catch=   377.078208536281     
 Abd=   6524.491    
 Catch=   40.3133579167690     
 Abd=   14417.50    
 Catch=   511.745342626377     
 Abd=   4657.042    
 Catch=   11.5691290161641     
 Abd=   44590.77    
 Catch=   546.790002642528     
 Abd=   38.33395    
 Catch=  0.413245935796414     
 Abd=            NaN
 Catch=                     NaN
 Abd=            NaN
 Catch=                     NaN
 Abd=   218927.8    
 Catch=   545.418733727264     
 Abd=   1661.010    
 Catch=   283.890976793299     
 Abd=   333621.9    
 Catch=   2468.48636371869     
 Abd=            NaN
 Catch=                     NaN
 Abd=            NaN
 Catch=                     NaN
 Abd=   104456.4    
 Catch=   298.467485781209     
 Abd=   26817.23    
 Catch=   2176.88607342478     
 Abd=            NaN
 Catch=                     NaN
 Abd=   2359.199    
 Catch=   51.3236163614196     
 Abd=            NaN
 Catch=                     NaN
 Abd=   39629.24    
 Catch=   310.630866076678     
 Abd=            NaN
 Catch=                     NaN
 Abd=   1469.722    
 Catch=   6.41506333582522     
 Abd=   1392563.    
 Catch=   3448.91218074301     
 Abd=   135582.6    
 Catch=   1609.20606567641     
 Abd=   96251.12    
 Catch=   239.178698142610     
 Abd=            NaN
 Catch=                     NaN
 Abd=   28638.23    
 Catch=   531.096289333027     
 Abd=   17759.46    
 Catch=   1143.90611530361     
 Abd=   1271117.    
 Catch=   3614.77328884867     
 Abd=   138270.8    
 Catch=   2141.28684518279     
 Abd=   27022.17    
 Catch=   619.726617461945     
 Abd=   3757652.    
 Catch=   14954.8802583490     
 Time step =         1956
 Abd=   57610.80    
 Catch=   373.991364957993     
 Abd=   6199.318    
 Catch=   36.5760515494603     
 Abd=   13331.65    
 Catch=   490.836903308504     
 Abd=   4634.917    
 Catch=   11.4651718178491     
 Abd=   44100.76    
 Catch=   545.323842977899     
 Abd=   39.00050    
 Catch=  0.419897859128683     
 Abd=            NaN
 Catch=                     NaN
 Abd=            NaN
 Catch=                     NaN
 Abd=   218544.9    
 Catch=   545.795478632747     
 Abd=   1548.092    
 Catch=   312.692588796273     
 Abd=   336420.8    
 Catch=   2451.43554435620     
 Abd=            NaN
 Catch=                     NaN
 Abd=            NaN
 Catch=                     NaN
 Abd=   104020.8    
 Catch=   298.581219843218     
 Abd=   30263.45    
 Catch=   2422.10424158342     
 Abd=            NaN
 Catch=                     NaN
 Abd=   1800.060    
 Catch=   57.2043704250371     
 Abd=            NaN
 Catch=                     NaN
 Abd=   38671.16    
 Catch=   304.283447459840     
 Abd=            NaN
 Catch=                     NaN
 Abd=   1462.098    
 Catch=   6.36851629640289     
 Abd=   1381704.    
 Catch=   3444.54359241590     
 Abd=   135464.5    
 Catch=   1603.51780044067     
 Abd=   95828.06    
 Catch=   238.976617758109     
 Abd=            NaN
 Catch=                     NaN
 Abd=   26890.15    
 Catch=   495.263041415299     
 Abd=   16030.84    
 Catch=   1209.30870110691     
 Abd=   1282200.    
 Catch=   3620.84193880076     
 Abd=   138483.0    
 Catch=   2148.20227201865     
 Abd=   25184.43    
 Catch=   574.094162460104     
 Abd=   3748542.    
 Catch=   14868.7337088008     
 Time step =         1957
 Abd=   57132.85    
 Catch=   371.837494555861     
 Abd=   5619.823    
 Catch=   34.2375538029136     
 Abd=   12794.36    
 Catch=   525.905947079800     
 Abd=   4592.839    
 Catch=   11.3805852993589     
 Abd=   43988.60    
 Catch=   548.022265956398     
 Abd=   39.62702    
 Catch=  0.431766578364026     
 Abd=            NaN
 Catch=                     NaN
 Abd=            NaN
 Catch=                     NaN
 Abd=   218704.3    
 Catch=   544.941295643761     
 Abd=   1705.223    
 Catch=   322.129867365453     
 Abd=   333997.7    
 Catch=   2437.07956420421     
 Abd=            NaN
 Catch=                     NaN
 Abd=            NaN
 Catch=                     NaN
 Abd=   104069.9    
 Catch=   299.071382793879     
 Abd=   33673.41    
 Catch=   2070.92420768293     
 Abd=            NaN
 Catch=                     NaN
 Abd=   2017.158    
 Catch=   65.9144320904920     
 Abd=            NaN
 Catch=                     NaN
 Abd=   37883.60    
 Catch=   306.182497116467     
 Abd=            NaN
 Catch=                     NaN
 Abd=   1451.429    
 Catch=   6.33471061491704     
 Abd=   1380138.    
 Catch=   3461.34514455700     
 Abd=   134978.6    
 Catch=   1607.02096228119     
 Abd=   95754.00    
 Catch=   239.253931053061     
 Abd=            NaN
 Catch=                     NaN
 Abd=   25075.16    
 Catch=   510.822803901331     
 Abd=   16956.12    
 Catch=   1241.37393534385     
 Abd=   1284079.    
 Catch=   3636.73172270974     
 Abd=   138936.7    
 Catch=   2137.52231645751     
 Abd=   23330.15    
 Catch=   599.582288475184     
 Abd=   3726697.    
 Catch=   14821.2450167488     
 Time step =         1958
 Abd=   56805.34    
 Catch=   369.557303386214     
 Abd=   5263.547    
 Catch=   34.1999589692640     
 Abd=   13724.82    
 Catch=   567.696318295878     
 Abd=   4559.122    
 Catch=   11.3323791464293     
 Abd=   44211.41    
 Catch=   546.527263311640     
 Abd=   40.75641    
 Catch=  0.446801031941060     
 Abd=            NaN
 Catch=                     NaN
 Abd=            NaN
 Catch=                     NaN
 Abd=   218353.1    
 Catch=   544.577507415236     
 Abd=   1756.665    
 Catch=   308.023917644841     
 Abd=   332046.3    
 Catch=   2443.85508490205     
 Abd=            NaN
 Catch=                     NaN
 Abd=            NaN
 Catch=                     NaN
 Abd=   104243.2    
 Catch=   298.681424950469     
 Abd=   28731.28    
 Catch=   2152.21358064140     
 Abd=            NaN
 Catch=                     NaN
 Abd=   2323.851    
 Catch=   58.8296437528972     
 Abd=            NaN
 Catch=                     NaN
 Abd=   38139.35    
 Catch=   312.537972570150     
 Abd=            NaN
 Catch=                     NaN
 Abd=   1443.776    
 Catch=   6.29973044889912     
 Abd=   1387043.    
 Catch=   3462.38488906064     
 Abd=   135288.3    
 Catch=   1611.57761869915     
 Abd=   95868.91    
 Catch=   238.920712589345     
 Abd=            NaN
 Catch=                     NaN
 Abd=   25903.18    
 Catch=   541.839357758136     
 Abd=   17406.03    
 Catch=   1198.36525087404     
 Abd=   1289880.    
 Catch=   3660.89870588178     
 Abd=   138223.1    
 Catch=   2141.37041367639     
 Abd=   24409.37    
 Catch=   640.921489349496     
 Abd=   3714994.    
 Catch=   14766.8640491917     
 Time step =         1959
 Abd=   56456.05    
 Catch=   365.032460302482     
 Abd=   5264.213    
 Catch=   35.0984879455283     
 Abd=   14816.19    
 Catch=   581.537563477907     
 Abd=   4540.128    
 Catch=   11.2610056338153     
 Abd=   44085.54    
 Catch=   548.276992550389     
 Abd=   42.18070    
 Catch=  0.439558443705633     
 Abd=            NaN
 Catch=                     NaN
 Abd=            NaN
 Catch=                     NaN
 Abd=   218209.4    
 Catch=   544.580443772097     
 Abd=   1679.659    
 Catch=   294.389750377029     
 Abd=   333026.4    
 Catch=   2405.49916785033     
 Abd=            NaN
 Catch=                     NaN
 Abd=            NaN
 Catch=                     NaN
 Abd=   104100.8    
 Catch=   298.017151031911     
 Abd=   29903.89    
 Catch=   2086.56835645630     
 Abd=            NaN
 Catch=                     NaN
 Abd=   2067.431    
 Catch=   59.0325499087723     
 Abd=            NaN
 Catch=                     NaN
 Abd=   38941.39    
 Catch=   316.721197718437     
 Abd=            NaN
 Catch=                     NaN
 Abd=   1435.800    
 Catch=   6.25236538947069     
 Abd=   1387324.    
 Catch=   3465.82924062048     
 Abd=   135672.9    
 Catch=   1604.11275842405     
 Abd=   95731.16    
 Catch=   238.914741170919     
 Abd=            NaN
 Catch=                     NaN
 Abd=   27489.76    
 Catch=   565.126923586857     
 Abd=   16792.65    
 Catch=   1154.58470899997     
 Abd=   1298503.    
 Catch=   3659.97056931259     
 Abd=   138493.4    
 Catch=   2153.36982110494     
 Abd=   26101.64    
 Catch=   671.398015487503     
 Abd=   3701328.    
 Catch=   14776.4421846305     
 Time step =         1960
 Abd=   55758.85    
 Catch=   363.903206919364     
 Abd=   5405.297    
 Catch=   36.4517893455393     
 Abd=   15166.10    
 Catch=   603.177918850853     
 Abd=   4511.324    
 Catch=   11.1652243258879     
 Abd=   44231.19    
 Catch=   544.935034265933     
 Abd=   41.45749    
 Catch=  0.435152550504307     
 Abd=            NaN
 Catch=                     NaN
 Abd=            NaN
 Catch=                     NaN
 Abd=   218214.7    
 Catch=   544.335684588495     
 Abd=   1605.307    
 Catch=   291.503602985958     
 Abd=   327686.8    
 Catch=   2404.54600807460     
 Abd=            NaN
 Catch=                     NaN
 Abd=            NaN
 Catch=                     NaN
 Abd=   103867.6    
 Catch=   296.866281844009     
 Abd=   28973.02    
 Catch=   2011.44839866839     
 Abd=            NaN
 Catch=                     NaN
 Abd=   2076.331    
 Catch=   54.0297775882205     
 Abd=            NaN
 Catch=                     NaN
 Abd=   39456.61    
 Catch=   322.599024414904     
 Abd=            NaN
 Catch=                     NaN
 Abd=   1424.946    
 Catch=   6.22677610957614     
 Abd=   1388728.    
 Catch=   3435.71088263332     
 Abd=   135026.2    
 Catch=   1600.14495463744     
 Abd=   95730.61    
 Catch=   237.987417237638     
 Abd=            NaN
 Catch=                     NaN
 Abd=   28662.21    
 Catch=   588.403483504085     
 Abd=   16179.96    
 Catch=   1187.58440280263     
 Abd=   1298001.    
 Catch=   3681.41931386578     
 Abd=   139274.2    
 Catch=   2182.21830713526     
 Abd=   27334.14    
 Catch=   698.983885465047     
 Abd=   3704050.    
 Catch=   14804.9911240916     
 Time step =         1961
 Abd=   55596.73    
 Catch=   363.439765304108     
 Abd=   5615.010    
 Catch=   37.0858083922690     
 Abd=   15732.38    
 Catch=   568.938874005722     
 Abd=   4472.724    
 Catch=   11.1157883099478     
 Abd=   43954.17    
 Catch=   550.066716733892     
 Abd=   41.04705    
 Catch=  0.440470704430427     
 Abd=            NaN
 Catch=                     NaN
 Abd=            NaN
 Catch=                     NaN
 Abd=   218113.5    
 Catch=   543.852532265959     
 Abd=   1589.649    
 Catch=   310.553111538881     
 Abd=   327589.7    
 Catch=   2420.73797289050     
 Abd=            NaN
 Catch=                     NaN
 Abd=            NaN
 Catch=                     NaN
 Abd=   103463.8    
 Catch=   297.328665257445     
 Abd=   27929.20    
 Catch=   2248.41278209153     
 Abd=            NaN
 Catch=                     NaN
 Abd=   1899.888    
 Catch=   64.3374111139678     
 Abd=            NaN
 Catch=                     NaN
 Abd=   40192.65    
 Catch=   320.345913654268     
 Abd=            NaN
 Catch=                     NaN
 Abd=   1419.217    
 Catch=   6.21155350129193     
 Abd=   1376388.    
 Catch=   3443.06725237766     
 Abd=   134699.0    
 Catch=   1591.62971860097     
 Abd=   95352.73    
 Catch=   238.244608897588     
 Abd=            NaN
 Catch=                     NaN
 Abd=   29841.14    
 Catch=   566.594981821524     
 Abd=   16656.78    
 Catch=   1192.37641379801     
 Abd=   1305709.    
 Catch=   3706.65037755336     
 Abd=   141160.7    
 Catch=   2204.44186813357     
 Abd=   28452.80    
 Catch=   668.397852918799     
 Abd=   3711299.    
 Catch=   14864.9517717956     
 Time step =         1962
 Abd=   55526.96    
 Catch=   362.676063042404     
 Abd=   5710.271    
 Catch=   38.1971883122006     
 Abd=   14823.80    
 Catch=   571.192438723035     
 Abd=   4453.334    
 Catch=   11.0589153725534     
 Abd=   44380.22    
 Catch=   553.158972106273     
 Abd=   41.56577    
 Catch=  0.428151486005725     
 Abd=            NaN
 Catch=                     NaN
 Abd=            NaN
 Catch=                     NaN
 Abd=   217917.2    
 Catch=   542.510030243901     
 Abd=   1693.568    
 Catch=   303.046234428923     
 Abd=   329901.6    
 Catch=   2423.84878724665     
 Abd=            NaN
 Catch=                     NaN
 Abd=            NaN
 Catch=                     NaN
 Abd=   103635.7    
 Catch=   297.897484654658     
 Abd=   31269.84    
 Catch=   2014.14486372915     
 Abd=            NaN
 Catch=                     NaN
 Abd=   2269.630    
 Catch=   66.7047890208865     
 Abd=            NaN
 Catch=                     NaN
 Abd=   39892.34    
 Catch=   320.217825401508     
 Abd=            NaN
 Catch=                     NaN
 Abd=   1415.790    
 Catch=   6.17494727114588     
 Abd=   1379645.    
 Catch=   3438.43922309634     
 Abd=   133974.2    
 Catch=   1589.69054581108     
 Abd=   95465.33    
 Catch=   238.505410251855     
 Abd=            NaN
 Catch=                     NaN
 Abd=   28697.43    
 Catch=   572.808558701855     
 Abd=   16715.75    
 Catch=   1241.75881372241     
 Abd=   1314736.    
 Catch=   3727.94457914631     
 Abd=   142591.1    
 Catch=   2207.19001087686     
 Abd=   27171.24    
 Catch=   675.833250069364     
 Abd=   3726486.    
 Catch=   14979.5524181940     
 Time step =         1963
 Abd=   55409.71    
 Catch=   362.872028788659     
 Abd=   5882.898    
 Catch=   40.2200729011152     
 Abd=   14893.06    
 Catch=   585.359771680813     
 Abd=   4430.473    
 Catch=   11.0303595620667     
 Abd=   44626.45    
 Catch=   552.628297596944     
 Abd=   40.37280    
 Catch=  0.436080617854340     
 Abd=            NaN
 Catch=                     NaN
 Abd=            NaN
 Catch=                     NaN
 Abd=   217372.4    
 Catch=   541.187664737603     
 Abd=   1652.534    
 Catch=   304.180413277666     
 Abd=   330223.2    
 Catch=   2478.08783529421     
 Abd=            NaN
 Catch=                     NaN
 Abd=            NaN
 Catch=                     NaN
 Abd=   103834.5    
 Catch=   297.816739490427     
 Abd=   27963.67    
 Catch=   2275.54255514046     
 Abd=            NaN
 Catch=                     NaN
 Abd=   2349.897    
 Catch=   50.5529237947654     
 Abd=            NaN
 Catch=                     NaN
 Abd=   39881.98    
 Catch=   323.050157017170     
 Abd=            NaN
 Catch=                     NaN
 Abd=   1407.351    
 Catch=   6.17724296819420     
 Abd=   1377686.    
 Catch=   3432.92463700507     
 Abd=   133821.7    
 Catch=   1602.25590511324     
 Abd=   95568.69    
 Catch=   238.212214802871     
 Abd=            NaN
 Catch=                     NaN
 Abd=   29036.69    
 Catch=   583.384327370327     
 Abd=   17409.70    
 Catch=   1176.17763572594     
 Abd=   1322170.    
 Catch=   3771.70514427011     
 Abd=   142747.4    
 Catch=   2211.55867152473     
 Abd=   27498.54    
 Catch=   688.962193895767     
 Abd=   3755491.    
 Catch=   15086.6500777599     
 Time step =         1964
 Abd=   55443.00    
 Catch=   360.814965492614     
 Abd=   6197.414    
 Catch=   40.2421770524452     
 Abd=   15266.07    
 Catch=   589.621162462706     
 Abd=   4419.271    
 Catch=   11.0517490773293     
 Abd=   44579.48    
 Catch=   556.802813642033     
 Abd=   41.15678    
 Catch=  0.428218637114072     
 Abd=            NaN
 Catch=                     NaN
 Abd=            NaN
 Catch=                     NaN
 Abd=   216843.9    
 Catch=   540.365340036192     
 Abd=   1658.733    
 Catch=   335.526700310037     
 Abd=   337824.1    
 Catch=   2537.59188872487     
 Abd=            NaN
 Catch=                     NaN
 Abd=            NaN
 Catch=                     NaN
 Abd=   103801.8    
 Catch=   297.674912716427     
 Abd=   31652.21    
 Catch=   2011.36799668321     
 Abd=            NaN
 Catch=                     NaN
 Abd=   1775.099    
 Catch=   64.5194987209239     
 Abd=            NaN
 Catch=                     NaN
 Abd=   40241.52    
 Catch=   324.257777846166     
 Abd=            NaN
 Catch=                     NaN
 Abd=   1408.055    
 Catch=   6.17240453083867     
 Abd=   1375470.    
 Catch=   3457.52791529332     
 Abd=   134900.9    
 Catch=   1626.96222336427     
 Abd=   95447.66    
 Catch=   238.627235598409     
 Abd=            NaN
 Catch=                     NaN
 Abd=   29575.89    
 Catch=   589.717638675678     
 Abd=   16478.91    
 Catch=   1283.30295157959     
 Abd=   1337950.    
 Catch=   3820.73673509709     
 Abd=   143030.0    
 Catch=   2251.55770087602     
 Abd=   28036.56    
 Catch=   695.152916113386     
 Abd=   3782287.    
 Catch=   15146.3156920532     
 Time step =         1965
 Abd=   55121.74    
 Catch=   361.492972456604     
 Abd=   6194.197    
 Catch=   40.1705524797138     
 Abd=   15373.98    
 Catch=   589.192799028282     
 Abd=   4428.212    
 Catch=   10.9556536267302     
 Abd=   44923.48    
 Catch=   557.374627354521     
 Abd=   40.38647    
 Catch=  0.435824911446965     
 Abd=            NaN
 Catch=                     NaN
 Abd=            NaN
 Catch=                     NaN
 Abd=   216519.0    
 Catch=   539.621568924029     
 Abd=   1829.776    
 Catch=   279.228788173729     
 Abd=   345922.5    
 Catch=   2535.13419377419     
 Abd=            NaN
 Catch=                     NaN
 Abd=            NaN
 Catch=                     NaN
 Abd=   103752.4    
 Catch=   297.064116256484     
 Abd=   27913.61    
 Catch=   1921.75121424926     
 Abd=            NaN
 Catch=                     NaN
 Abd=   2279.752    
 Catch=   52.2246379098488     
 Abd=            NaN
 Catch=                     NaN
 Abd=   40388.18    
 Catch=   324.895815810801     
 Abd=            NaN
 Catch=                     NaN
 Abd=   1406.913    
 Catch=   6.14903664084403     
 Abd=   1385577.    
 Catch=   3452.59773785940     
 Abd=   136999.6    
 Catch=   1621.36894692858     
 Abd=   95619.96    
 Catch=   238.282326712939     
 Abd=            NaN
 Catch=                     NaN
 Abd=   29892.32    
 Catch=   599.878662404455     
 Abd=   18000.11    
 Catch=   1129.63803085082     
 Abd=   1355393.    
 Catch=   3829.83561633328     
 Abd=   145669.7    
 Catch=   2259.08868574708     
 Abd=   28282.17    
 Catch=   709.788170382746     
 Abd=   3797002.    
 Catch=   15164.2948049665     
 Time step =         1966
 Abd=   55233.59    
 Catch=   358.102545971512     
 Abd=   6183.007    
 Catch=   39.6516834361291     
 Abd=   15361.57    
 Catch=   588.695099213945     
 Abd=   4388.754    
 Catch=   10.9181644659724     
 Abd=   44963.29    
 Catch=   549.384269661795     
 Abd=   41.13197    
 Catch=  0.441250784491437     
 Abd=            NaN
 Catch=                     NaN
 Abd=            NaN
 Catch=                     NaN
 Abd=   216221.7    
 Catch=   538.665708883407     
 Abd=   1522.557    
 Catch=   277.261174895446     
 Abd=   345443.8    
 Catch=   2572.44884216584     
 Abd=            NaN
 Catch=                     NaN
 Abd=            NaN
 Catch=                     NaN
 Abd=   103536.1    
 Catch=   295.596469009905     
 Abd=   26687.16    
 Catch=   2259.49315514630     
 Abd=            NaN
 Catch=                     NaN
 Abd=   1832.780    
 Catch=   47.5231968569611     
 Abd=            NaN
 Catch=                     NaN
 Abd=   40466.41    
 Catch=   327.096983169966     
 Abd=            NaN
 Catch=                     NaN
 Abd=   1401.501    
 Catch=   6.13388896311503     
 Abd=   1383354.    
 Catch=   3407.92469847173     
 Abd=   136481.5    
 Catch=   1615.94294634274     
 Abd=   95474.42    
 Catch=   237.033519094886     
 Abd=            NaN
 Catch=                     NaN
 Abd=   30411.25    
 Catch=   600.777405256970     
 Abd=   15821.10    
 Catch=   1083.30378187800     
 Abd=   1358315.    
 Catch=   3863.21587547064     
 Abd=   146105.9    
 Catch=   2289.73413847435     
 Abd=   28883.55    
 Catch=   706.862849375138     
 Abd=   3801306.    
 Catch=   15168.2313894873     
 Time step =         1967
 Abd=   54703.47    
 Catch=   358.263325261116     
 Abd=   6101.807    
 Catch=   38.0981446002142     
 Abd=   15348.26    
 Catch=   567.047690887678     
 Abd=   4374.257    
 Catch=   10.8245672227157     
 Abd=   44307.52    
 Catch=   556.690949107357     
 Abd=   41.63974    
 Catch=  0.439196078402491     
 Abd=            NaN
 Catch=                     NaN
 Abd=            NaN
 Catch=                     NaN
 Abd=   215835.6    
 Catch=   538.375035114041     
 Abd=   1512.020    
 Catch=   304.531474928719     
 Abd=   350628.6    
 Catch=   2576.60813933002     
 Abd=            NaN
 Catch=                     NaN
 Abd=            NaN
 Catch=                     NaN
 Abd=   103019.2    
 Catch=   295.862831708884     
 Abd=   31422.02    
 Catch=   2348.48132600049     
 Abd=            NaN
 Catch=                     NaN
 Abd=   1670.465    
 Catch=   50.7336014425821     
 Abd=            NaN
 Catch=                     NaN
 Abd=   40743.84    
 Catch=   325.618236903386     
 Abd=            NaN
 Catch=                     NaN
 Abd=   1398.086    
 Catch=   6.12012104727176     
 Abd=   1365140.    
 Catch=   3390.25937920775     
 Abd=   136026.1    
 Catch=   1615.79462093611     
 Abd=   94968.14    
 Catch=   236.686120583362     
 Abd=            NaN
 Catch=                     NaN
 Abd=   30449.19    
 Catch=   559.709989861859     
 Abd=   15190.24    
 Catch=   1150.64798374478     
 Abd=   1370324.    
 Catch=   3880.37496377812     
 Abd=   148124.5    
 Catch=   2264.92973861384     
 Abd=   28754.79    
 Catch=   651.835719380562     
 Abd=   3802234.    
 Catch=   15177.0604424093     
 Time step =         1968
 Abd=   54738.62    
 Catch=   358.241779842564     
 Abd=   5859.737    
 Catch=   35.8540391058144     
 Abd=   14778.75    
 Catch=   544.635897817129     
 Abd=   4336.177    
 Catch=   10.7046240206069     
 Abd=   44917.69    
 Catch=   560.547455861712     
 Abd=   41.43221    
 Catch=  0.448236334940710     
 Abd=            NaN
 Catch=                     NaN
 Abd=            NaN
 Catch=                     NaN
 Abd=   215725.2    
 Catch=   537.097461340217     
 Abd=   1660.722    
 Catch=   308.002998962881     
 Abd=   351057.4    
 Catch=   2586.64715223169     
 Abd=            NaN
 Catch=                     NaN
 Abd=            NaN
 Catch=                     NaN
 Abd=   103123.8    
 Catch=   296.309692842098     
 Abd=   32630.50    
 Catch=   1984.63851755033     
 Abd=            NaN
 Catch=                     NaN
 Abd=   1786.856    
 Catch=   55.6342038586074     
 Abd=            NaN
 Catch=                     NaN
 Abd=   40551.05    
 Catch=   322.380415205946     
 Abd=            NaN
 Catch=                     NaN
 Abd=   1394.956    
 Catch=   6.08612909966003     
 Abd=   1358284.    
 Catch=   3392.62998255794     
 Abd=   136021.0    
 Catch=   1614.87695744410     
 Abd=   94836.16    
 Catch=   236.761145235338     
 Abd=            NaN
 Catch=                     NaN
 Abd=   28335.55    
 Catch=   540.133002654952     
 Abd=   16133.03    
 Catch=   1165.59605612232     
 Abd=   1376238.    
 Catch=   3899.29248334755     
 Abd=   146448.2    
 Catch=   2231.35658795581     
 Abd=   26485.89    
 Catch=   627.309895509604     
 Abd=   3804479.    
 Catch=   15239.7404227053     
 Time step =         1969
 Abd=   54734.84    
 Catch=   358.902574900417     
 Abd=   5512.523    
 Catch=   34.4471241740237     
 Abd=   14193.73    
 Catch=   565.786536727973     
 Abd=   4288.037    
 Catch=   10.6786265223106     
 Abd=   45223.38    
 Catch=   563.644556008966     
 Abd=   42.30515    
 Catch=  0.458561105218494     
 Abd=            NaN
 Catch=                     NaN
 Abd=            NaN
 Catch=                     NaN
 Abd=   215205.0    
 Catch=   536.319525543977     
 Abd=   1679.594    
 Catch=   363.029277445166     
 Abd=   352494.2    
 Catch=   2557.31378940765     
 Abd=            NaN
 Catch=                     NaN
 Abd=            NaN
 Catch=                     NaN
 Abd=   103280.3    
 Catch=   295.646305738177     
 Abd=   27534.04    
 Catch=   2076.54850232913     
 Abd=            NaN
 Catch=                     NaN
 Abd=   1959.478    
 Catch=   65.1410033471337     
 Abd=            NaN
 Catch=                     NaN
 Abd=   40143.64    
 Catch=   324.766474761086     
 Abd=            NaN
 Catch=                     NaN
 Abd=   1387.116    
 Catch=   6.01912956734214     
 Abd=   1359392.    
 Catch=   3427.60742718731     
 Abd=   135943.1    
 Catch=   1626.87993462654     
 Abd=   94869.39    
 Catch=   237.510634097089     
 Abd=            NaN
 Catch=                     NaN
 Abd=   27360.54    
 Catch=   555.744760448641     
 Abd=   16337.98    
 Catch=   1391.89810420266     
 Abd=   1383016.    
 Catch=   3899.73016986357     
 Abd=   144268.9    
 Catch=   2215.91735516549     
 Abd=   25506.26    
 Catch=   651.374491280528     
 Abd=   3820458.    
 Catch=   15332.3411503888     
 Time step =         1970
 Abd=   54837.88    
 Catch=   358.857622750930     
 Abd=   5298.275    
 Catch=   33.3837823336025     
 Abd=   14758.74    
 Catch=   603.611323480622     
 Abd=   4278.356    
 Catch=   10.6861985206674     
 Abd=   45472.49    
 Catch=   557.010075002001     
 Abd=   43.28139    
 Catch=  0.455876617141740     
 Abd=            NaN
 Catch=                     NaN
 Abd=            NaN
 Catch=                     NaN
 Abd=   214898.3    
 Catch=   536.187437384100     
 Abd=   1979.834    
 Catch=   308.247918943796     
 Abd=   348346.2    
 Catch=   2503.05169820412     
 Abd=            NaN
 Catch=                     NaN
 Abd=            NaN
 Catch=                     NaN
 Abd=   103043.9    
 Catch=   296.649513830344     
 Abd=   28861.87    
 Catch=   2033.44116135224     
 Abd=            NaN
 Catch=                     NaN
 Abd=   2296.609    
 Catch=   57.2686024376873     
 Abd=            NaN
 Catch=                     NaN
 Abd=   40454.13    
 Catch=   327.730630456435     
 Abd=            NaN
 Catch=                     NaN
 Abd=   1371.698    
 Catch=   5.93356406693292     
 Abd=   1373678.    
 Catch=   3425.69389510536     
 Abd=   136973.4    
 Catch=   1627.38325752959     
 Abd=   95175.83    
 Catch=   237.859362020819     
 Abd=            NaN
 Catch=                     NaN
 Abd=   28180.69    
 Catch=   581.554321491711     
 Abd=   19536.47    
 Catch=   1256.16819595748     
 Abd=   1382992.    
 Catch=   3881.40128483486     
 Abd=   143290.6    
 Catch=   2219.91473072414     
 Abd=   26516.50    
 Catch=   687.523636130845     
 Abd=   3843816.    
 Catch=   15471.8039835847     
 Time step =         1971
 Abd=   54828.41    
 Catch=   359.345784317373     
 Abd=   5135.550    
 Catch=   34.0515256362608     
 Abd=   15751.57    
 Catch=   612.888271338283     
 Abd=   4281.622    
 Catch=   10.6191070015182     
 Abd=   44924.52    
 Catch=   556.048220128730     
 Abd=   43.00511    
 Catch=  0.446728676991503     
 Abd=            NaN
 Catch=                     NaN
 Abd=            NaN
 Catch=                     NaN
 Abd=   214850.6    
 Catch=   534.704063508609     
 Abd=   1680.817    
 Catch=   274.976143575453     
 Abd=   340934.2    
 Catch=   2498.39229732389     
 Abd=            NaN
 Catch=                     NaN
 Abd=            NaN
 Catch=                     NaN
 Abd=   103403.2    
 Catch=   295.618169256448     
 Abd=   28235.12    
 Catch=   2369.35780889357     
 Abd=            NaN
 Catch=                     NaN
 Abd=   2011.231    
 Catch=   51.6095827798133     
 Abd=            NaN
 Catch=                     NaN
 Abd=   40824.89    
 Catch=   330.920007598863     
 Abd=            NaN
 Catch=                     NaN
 Abd=   1352.118    
 Catch=   5.89943624513707     
 Abd=   1372602.    
 Catch=   3392.85385100181     
 Abd=   136997.3    
 Catch=   1638.42130595635     
 Abd=   95310.73    
 Catch=   236.585674152610     
 Abd=            NaN
 Catch=                     NaN
 Abd=   29498.92    
 Catch=   592.566321933772     
 Abd=   17599.28    
 Catch=   1089.62757923475     
 Abd=   1376352.    
 Catch=   3881.85158442618     
 Abd=   143569.8    
 Catch=   2252.05670005019     
 Abd=   27996.13    
 Catch=   699.288619064080     
 Abd=   3879014.    
 Catch=   15628.7266869848     
 Time step =         1972
 Abd=   54904.17    
 Catch=   357.326298220446     
 Abd=   5243.487    
 Catch=   34.7036070796663     
 Abd=   15982.26    
 Catch=   586.443015308256     
 Abd=   4254.174    
 Catch=   10.6390454244340     
 Abd=   44854.58    
 Catch=   560.722264022027     
 Abd=   42.13093    
 Catch=  0.453720865008922     
 Abd=            NaN
 Catch=                     NaN
 Abd=            NaN
 Catch=                     NaN
 Abd=   214243.5    
 Catch=   533.469383805133     
 Abd=   1499.421    
 Catch=   344.113163628537     
 Abd=   340428.7    
 Catch=   2470.90523526611     
 Abd=            NaN
 Catch=                     NaN
 Abd=            NaN
 Catch=                     NaN
 Abd=   103029.2    
 Catch=   295.449881590660     
 Abd=   32944.43    
 Catch=   2176.20629884623     
 Abd=            NaN
 Catch=                     NaN
 Abd=   1813.723    
 Catch=   63.0172754940985     
 Abd=            NaN
 Catch=                     NaN
 Abd=   41222.25    
 Catch=   329.190065635590     
 Abd=            NaN
 Catch=                     NaN
 Abd=   1344.567    
 Catch=   5.86702995041244     
 Abd=   1359195.    
 Catch=   3419.15003374337     
 Abd=   137942.6    
 Catch=   1637.66569001485     
 Abd=   94787.25    
 Catch=   236.921355309514     
 Abd=            NaN
 Catch=                     NaN
 Abd=   30041.49    
 Catch=   580.951766219393     
 Abd=   15262.46    
 Catch=   1252.95778193052     
 Abd=   1376676.    
 Catch=   3876.17071369974     
 Abd=   145683.5    
 Catch=   2227.43648973442     
 Abd=   28454.90    
 Catch=   679.772599499767     
 Abd=   3918430.    
 Catch=   15723.7477374306     
 Time step =         1973
 Abd=   54588.95    
 Catch=   355.184535234346     
 Abd=   5343.695    
 Catch=   36.4152146688353     
 Abd=   15282.23    
 Catch=   585.141107295550     
 Abd=   4263.753    
 Catch=   10.6192048399676     
 Abd=   45239.80    
 Catch=   558.395222712927     
 Abd=   42.81945    
 Catch=  0.457051068962979     
 Abd=            NaN
 Catch=                     NaN
 Abd=            NaN
 Catch=                     NaN
 Abd=   213753.0    
 Catch=   532.369476178090     
 Abd=   1876.774    
 Catch=   304.268979637827     
 Abd=   336629.1    
 Catch=   2353.44686036425     
 Abd=            NaN
 Catch=                     NaN
 Abd=            NaN
 Catch=                     NaN
 Abd=   102976.9    
 Catch=   296.697880971423     
 Abd=   30224.28    
 Catch=   2075.66492345453     
 Abd=            NaN
 Catch=                     NaN
 Abd=   2223.398    
 Catch=   59.0438487018750     
 Abd=            NaN
 Catch=                     NaN
 Abd=   40995.03    
 Catch=   328.818217618133     
 Abd=            NaN
 Catch=                     NaN
 Abd=   1337.179    
 Catch=   5.83302682888970     
 Abd=   1370222.    
 Catch=   3425.74253757431     
 Abd=   137860.1    
 Catch=   1603.59944818586     
 Abd=   94935.05    
 Catch=   237.631388122895     
 Abd=            NaN
 Catch=                     NaN
 Abd=   29433.27    
 Catch=   583.287310192826     
 Abd=   17586.69    
 Catch=   1226.91531572017     
 Abd=   1374647.    
 Catch=   3805.72769325733     
 Abd=   144022.1    
 Catch=   2237.50907880055     
 Abd=   27641.01    
 Catch=   682.777957837242     
 Abd=   3941945.    
 Catch=   15692.6499291604     
 Time step =         1974
 Abd=   54261.39    
 Catch=   353.380597083703     
 Abd=   5610.621    
 Catch=   38.5180733617090     
 Abd=   15256.01    
 Catch=   583.409860860063     
 Abd=   4254.569    
 Catch=   10.5381027454790     
 Abd=   45041.55    
 Catch=   556.285263963529     
 Abd=   43.12613    
 Catch=  0.468201679304133     
 Abd=            NaN
 Catch=                     NaN
 Abd=            NaN
 Catch=                     NaN
 Abd=   213313.9    
 Catch=   531.968807891713     
 Abd=   1659.150    
 Catch=   297.710049972189     
 Abd=   320424.8    
 Catch=   2351.57693318191     
 Abd=            NaN
 Catch=                     NaN
 Abd=            NaN
 Catch=                     NaN
 Abd=   103421.5    
 Catch=   296.503791956743     
 Abd=   28849.21    
 Catch=   2308.90565591585     
 Abd=            NaN
 Catch=                     NaN
 Abd=   2075.548    
 Catch=   57.5880594025636     
 Abd=            NaN
 Catch=                     NaN
 Abd=   40952.01    
 Catch=   327.750548447376     
 Abd=            NaN
 Catch=                     NaN
 Abd=   1329.420    
 Catch=   5.82702067580432     
 Abd=   1372688.    
 Catch=   3400.50757683487     
 Abd=   134943.8    
 Catch=   1609.52467584648     
 Abd=   95222.25    
 Catch=   236.851284995280     
 Abd=            NaN
 Catch=                     NaN
 Abd=   29562.88    
 Catch=   583.680126734816     
 Abd=   17196.14    
 Catch=   1137.91314483896     
 Abd=   1349241.    
 Catch=   3807.54743906542     
 Abd=   144716.6    
 Catch=   2259.81870952182     
 Abd=   27777.74    
 Catch=   683.256741051777     
 Abd=   3933525.    
 Catch=   15628.9689008457     
 Time step =         1975
 Abd=   53986.95    
 Catch=   351.622356583089     
 Abd=   5935.449    
 Catch=   40.7742083927769     
 Abd=   15210.49    
 Catch=   593.372993180298     
 Abd=   4221.623    
 Catch=   10.4903992361921     
 Abd=   44871.86    
 Catch=   557.034509116196     
 Abd=   44.19321    
 Catch=  0.467623053062962     
 Abd=            NaN
 Catch=                     NaN
 Abd=            NaN
 Catch=                     NaN
 Abd=   213157.6    
 Catch=   530.118461210933     
 Abd=   1623.464    
 Catch=   326.184184327754     
 Abd=   320426.3    
 Catch=   2311.44241170944     
 Abd=            NaN
 Catch=                     NaN
 Abd=            NaN
 Catch=                     NaN
 Abd=   103343.7    
 Catch=   296.208241520108     
 Abd=   32092.10    
 Catch=   2199.08109360861     
 Abd=            NaN
 Catch=                     NaN
 Abd=   2024.627    
 Catch=   65.2986879315886     
 Abd=            NaN
 Catch=                     NaN
 Abd=   40817.44    
 Catch=   329.658354613377     
 Abd=            NaN
 Catch=                     NaN
 Abd=   1328.182    
 Catch=   5.81576894437711     
 Abd=   1362322.    
 Catch=   3408.67403818322     
 Abd=   135503.0    
 Catch=   1621.63979698672     
 Abd=   94898.59    
 Catch=   236.580996421776     
 Abd=            NaN
 Catch=                     NaN
 Abd=   29581.07    
 Catch=   584.561000175412     
 Abd=   15945.48    
 Catch=   1213.77506077676     
 Abd=   1350355.    
 Catch=   3790.45507742319     
 Abd=   146170.8    
 Catch=   2215.48063554586     
 Abd=   27794.14    
 Catch=   684.840153065532     
 Abd=   3917427.    
 Catch=   15625.2049571816     
 Time step =         1976
 Abd=   53718.32    
 Catch=   351.980777746349     
 Abd=   6283.168    
 Catch=   41.3600485576623     
 Abd=   15474.28    
 Catch=   617.523527108018     
 Abd=   4202.627    
 Catch=   10.4776377873069     
 Abd=   44937.19    
 Catch=   559.952458412351     
 Abd=   44.11653    
 Catch=  0.451513668354561     
 Abd=            NaN
 Catch=                     NaN
 Abd=            NaN
 Catch=                     NaN
 Abd=   212405.5    
 Catch=   528.450727513974     
 Abd=   1778.831    
 Catch=   336.345941779863     
 Abd=   314808.5    
 Catch=   2273.97982863039     
 Abd=            NaN
 Catch=                     NaN
 Abd=            NaN
 Catch=                     NaN
 Abd=   103240.1    
 Catch=   297.100967024778     
 Abd=   30541.35    
 Catch=   2254.42112771502     
 Abd=            NaN
 Catch=                     NaN
 Abd=   2301.902    
 Catch=   72.9791094213367     
 Abd=            NaN
 Catch=                     NaN
 Abd=   41062.22    
 Catch=   333.761789586766     
 Abd=            NaN
 Catch=                     NaN
 Abd=   1325.591    
 Catch=   5.82426808890603     
 Abd=   1365870.    
 Catch=   3425.33778162690     
 Abd=   136532.2    
 Catch=   1633.56226190465     
 Abd=   94794.55    
 Catch=   237.060160270848     
 Abd=            NaN
 Catch=                     NaN
 Abd=   29626.15    
 Catch=   599.930145090050     
 Abd=   17024.06    
 Catch=   1284.31371308954     
 Abd=   1344102.    
 Catch=   3770.09023176402     
 Abd=   143229.8    
 Catch=   2176.29625101875     
 Abd=   27859.46    
 Catch=   706.044925425429     
 Abd=   3916760.    
 Catch=   15641.5628984439     
 Time step =         1977
 Abd=   53779.46    
 Catch=   350.521999833976     
 Abd=   6367.991    
 Catch=   42.9158130074020     
 Abd=   16108.10    
 Catch=   612.053671945136     
 Abd=   4197.955    
 Catch=   10.3964656067817     
 Abd=   45174.30    
 Catch=   564.075455239790     
 Abd=   42.57212    
 Catch=  0.451007339270998     
 Abd=            NaN
 Catch=                     NaN
 Abd=            NaN
 Catch=                     NaN
 Abd=   211737.0    
 Catch=   527.578569423284     
 Abd=   1834.151    
 Catch=   312.867879341090     
 Abd=   309748.1    
 Catch=   2266.39105790116     
 Abd=            NaN
 Catch=                     NaN
 Abd=            NaN
 Catch=                     NaN
 Abd=   103559.3    
 Catch=   297.865191488385     
 Abd=   31330.32    
 Catch=   2112.98157936545     
 Abd=            NaN
 Catch=                     NaN
 Abd=   2570.262    
 Catch=   70.3706011659250     
 Abd=            NaN
 Catch=                     NaN
 Abd=   41578.21    
 Catch=   334.582661042987     
 Abd=            NaN
 Catch=                     NaN
 Abd=   1327.620    
 Catch=   5.80819193818550     
 Abd=   1372611.    
 Catch=   3429.76217865073     
 Abd=   137534.7    
 Catch=   1621.88418106786     
 Abd=   94991.52    
 Catch=   237.559101313286     
 Abd=            NaN
 Catch=                     NaN
 Abd=   30418.73    
 Catch=   599.000600725048     
 Abd=   18007.34    
 Catch=   1239.87207253749     
 Abd=   1336876.    
 Catch=   3764.08193415496     
 Abd=   140702.1    
 Catch=   2155.95707769597     
 Abd=   28736.73    
 Catch=   702.848845850979     
 Abd=   3920950.    
 Catch=   15684.9225817235     
 Time step =         1978
 Abd=   53551.41    
 Catch=   350.474098701577     
 Abd=   6610.833    
 Catch=   44.4640792089013     
 Abd=   15955.74    
 Catch=   621.758518716097     
 Abd=   4164.848    
 Catch=   10.3052480716805     
 Abd=   45508.74    
 Catch=   563.473296984477     
 Abd=   42.54983    
 Catch=  0.451707524614076     
 Abd=            NaN
 Catch=                     NaN
 Abd=            NaN
 Catch=                     NaN
 Abd=   211395.1    
 Catch=   526.992795228784     
 Abd=   1706.050    
 Catch=   313.353616198083     
 Abd=   308806.0    
 Catch=   2258.48277672452     
 Abd=            NaN
 Catch=                     NaN
 Abd=            NaN
 Catch=                     NaN
 Abd=   103824.5    
 Catch=   298.819990682466     
 Abd=   29333.63    
 Catch=   1930.10781318247     
 Abd=            NaN
 Catch=                     NaN
 Abd=   2472.945    
 Catch=   65.4467013159847     
 Abd=            NaN
 Catch=                     NaN
 Abd=   41672.66    
 Catch=   334.678151778947     
 Abd=            NaN
 Catch=                     NaN
 Abd=   1323.842    
 Catch=   5.81107414153325     
 Abd=   1374281.    
 Catch=   3443.63330193357     
 Abd=   136515.7    
 Catch=   1619.41413663700     
 Abd=   95192.44    
 Catch=   238.267689705625     
 Abd=            NaN
 Catch=                     NaN
 Abd=   30357.75    
 Catch=   615.043690591439     
 Abd=   17373.17    
 Catch=   1264.66745475245     
 Abd=   1334882.    
 Catch=   3764.60340315854     
 Abd=   139407.5    
 Catch=   2150.39084650713     
 Abd=   28590.33    
 Catch=   726.904467154085     
 Abd=   3931944.    
 Catch=   15649.8921194455     
 Time step =         1979
 Abd=   53547.90    
 Catch=   350.476698779798     
 Abd=   6848.855    
 Catch=   41.9439144204884     
 Abd=   16213.85    
 Catch=   635.785096490745     
 Abd=   4128.239    
 Catch=   10.2188143302605     
 Abd=   45453.31    
 Catch=   563.925347427296     
 Abd=   42.61761    
 Catch=  0.441688848302272     
 Abd=            NaN
 Catch=                     NaN
 Abd=            NaN
 Catch=                     NaN
 Abd=   211162.1    
 Catch=   525.640469408357     
 Abd=   1708.758    
 Catch=   285.418477171589     
 Abd=   307666.2    
 Catch=   2282.21739382268     
 Abd=            NaN
 Catch=                     NaN
 Abd=            NaN
 Catch=                     NaN
 Abd=   104158.6    
 Catch=   299.157092117739     
 Abd=   26787.12    
 Catch=   2055.12277144009     
 Abd=            NaN
 Catch=                     NaN
 Abd=   2299.114    
 Catch=   66.1667229125145     
 Abd=            NaN
 Catch=                     NaN
 Abd=   41684.13    
 Catch=   339.153226478791     
 Abd=            NaN
 Catch=                     NaN
 Abd=   1324.586    
 Catch=   5.81539234134086     
 Abd=   1379919.    
 Catch=   3437.90832585018     
 Abd=   136322.8    
 Catch=   1612.48709484913     
 Abd=   95477.07    
 Catch=   238.356807438731     
 Abd=            NaN
 Catch=                     NaN
 Abd=   31184.79    
 Catch=   625.596795420577     
 Abd=   17727.29    
 Catch=   1193.74184027588     
 Abd=   1335031.    
 Catch=   3779.79534032267     
 Abd=   139062.0    
 Catch=   2177.66539127035     
 Abd=   29585.94    
 Catch=   738.711391080038     
 Abd=   3922762.    
 Catch=   15549.1994740234     
 Time step =         1980
 Abd=   53548.34    
 Catch=   352.881193958748     
 Abd=   6448.959    
 Catch=   39.4996887711430     
 Abd=   16581.28    
 Catch=   626.085940370076     
 Abd=   4093.642    
 Catch=   10.1481047198329     
 Abd=   45491.48    
 Catch=   566.478262538659     
 Abd=   41.65408    
 Catch=  0.454013550161272     
 Abd=            NaN
 Catch=                     NaN
 Abd=            NaN
 Catch=                     NaN
 Abd=   210613.1    
 Catch=   524.300354420634     
 Abd=   1556.361    
 Catch=   295.740357089581     
 Abd=   311050.8    
 Catch=   2306.44022801918     
 Abd=            NaN
 Catch=                     NaN
 Abd=            NaN
 Catch=                     NaN
 Abd=   104271.9    
 Catch=   299.521844338996     
 Abd=   28551.96    
 Catch=   2251.68184397649     
 Abd=            NaN
 Catch=                     NaN
 Abd=   2326.780    
 Catch=   71.7871902085765     
 Abd=            NaN
 Catch=                     NaN
 Abd=   42250.36    
 Catch=   339.211897296377     
 Abd=            NaN
 Catch=                     NaN
 Abd=   1325.573    
 Catch=   5.82093628840046     
 Abd=   1377462.    
 Catch=   3422.68106122181     
 Abd=   135732.6    
 Catch=   1618.22383283993     
 Abd=   95507.73    
 Catch=   238.180561972071     
 Abd=            NaN
 Catch=                     NaN
 Abd=   31714.58    
 Catch=   621.149913642773     
 Abd=   16724.81    
 Catch=   1166.25280132256     
 Abd=   1340607.    
 Catch=   3799.96382618590     
 Abd=   140878.6    
 Catch=   2194.16608971371     
 Abd=   30059.44    
 Catch=   730.819508576084     
 Abd=   3897212.    
 Catch=   15525.3959980476     
 Time step =         1981
 Abd=   53923.34    
 Catch=   354.421980512418     
 Abd=   6073.127    
 Catch=   40.7783169283919     
 Abd=   16320.87    
 Catch=   618.841797918412     
 Abd=   4065.437    
 Catch=   10.1455126998298     
 Abd=   45700.62    
 Catch=   568.800750324700     
 Abd=   42.85680    
 Catch=  0.450616010483927     
 Abd=            NaN
 Catch=                     NaN
 Abd=            NaN
 Catch=                     NaN
 Abd=   210077.1    
 Catch=   523.808158552659     
 Abd=   1612.735    
 Catch=   300.578863395211     
 Abd=   314284.6    
 Catch=   2274.40618029646     
 Abd=            NaN
 Catch=                     NaN
 Abd=            NaN
 Catch=                     NaN
 Abd=   104399.2    
 Catch=   299.227709482093     
 Abd=   31290.46    
 Catch=   2092.48294658947     
 Abd=            NaN
 Catch=                     NaN
 Abd=   2527.527    
 Catch=   66.3026480759917     
 Abd=            NaN
 Catch=                     NaN
 Abd=   42246.96    
 Catch=   336.505793845757     
 Abd=            NaN
 Catch=                     NaN
 Abd=   1326.846    
 Catch=   5.81768573486631     
 Abd=   1371286.    
 Catch=   3428.92726256588     
 Abd=   136234.8    
 Catch=   1616.23669480028     
 Abd=   95436.02    
 Catch=   238.182386666154     
 Abd=            NaN
 Catch=                     NaN
 Abd=   31476.57    
 Catch=   627.889761357467     
 Abd=   16344.01    
 Catch=   1164.36389291854     
 Abd=   1347695.    
 Catch=   3777.99129844953     
 Abd=   141920.1    
 Catch=   2214.78878876220     
 Abd=   29724.45    
 Catch=   739.884951796134     
 Abd=   3891644.    
 Catch=   15571.9743323344     
 Time step =         1982
 Abd=   54155.45    
 Catch=   350.653961255626     
 Abd=   6281.039    
 Catch=   38.1540613929851     
 Abd=   16133.68    
 Catch=   637.589768135998     
 Abd=   4064.965    
 Catch=   10.1621117219627     
 Abd=   45886.96    
 Catch=   566.810923918387     
 Abd=   42.50723    
 Catch=  0.437704907250313     
 Abd=            NaN
 Catch=                     NaN
 Abd=            NaN
 Catch=                     NaN
 Abd=   209887.8    
 Catch=   522.584364436841     
 Abd=   1639.117    
 Catch=   320.790196429098     
 Abd=   309836.7    
 Catch=   2299.79166725320     
 Abd=            NaN
 Catch=                     NaN
 Abd=            NaN
 Catch=                     NaN
 Abd=   104291.9    
 Catch=   299.102077544414     
 Abd=   29049.79    
 Catch=   1901.96064174961     
 Abd=            NaN
 Catch=                     NaN
 Abd=   2330.326    
 Catch=   60.4660372746609     
 Abd=            NaN
 Catch=                     NaN
 Abd=   41904.34    
 Catch=   342.509785999431     
 Abd=            NaN
 Catch=                     NaN
 Abd=   1326.065    
 Catch=   5.80949621192163     
 Abd=   1373967.    
 Catch=   3448.86863663220     
 Abd=   136056.8    
 Catch=   1606.11114443324     
 Abd=   95437.19    
 Catch=   238.743284759324     
 Abd=            NaN
 Catch=                     NaN
 Abd=   31828.39    
 Catch=   633.873375156591     
 Abd=   16321.47    
 Catch=   1275.15629749894     
 Abd=   1339648.    
 Catch=   3793.40448998434     
 Abd=   143257.7    
 Catch=   2195.27789413721     
 Abd=   30104.39    
 Catch=   743.217317097672     
 Abd=   3903654.    
 Catch=   15592.5237090609     
 Time step =         1983
 Abd=   53564.31    
 Catch=   349.329829073734     
 Abd=   5865.366    
 Catch=   40.0398018316213     
 Abd=   16630.82    
 Catch=   634.309766355676     
 Abd=   4071.747    
 Catch=   10.2145187981327     
 Abd=   45721.03    
 Catch=   566.678530922691     
 Abd=   41.27354    
 Catch=  0.444837138219254     
 Abd=            NaN
 Catch=                     NaN
 Abd=            NaN
 Catch=                     NaN
 Abd=   209389.1    
 Catch=   521.463816993160     
 Abd=   1749.360    
 Catch=   314.573029876785     
 Abd=   313448.3    
 Catch=   2323.39648126635     
 Abd=            NaN
 Catch=                     NaN
 Abd=            NaN
 Catch=                     NaN
 Abd=   104249.6    
 Catch=   299.827550453283     
 Abd=   26404.54    
 Catch=   1857.29134663878     
 Abd=            NaN
 Catch=                     NaN
 Abd=   2125.042    
 Catch=   60.5662992755399     
 Abd=            NaN
 Catch=                     NaN
 Abd=   42672.18    
 Catch=   344.120621391699     
 Abd=            NaN
 Catch=                     NaN
 Abd=   1324.174    
 Catch=   5.77604522192581     
 Abd=   1382067.    
 Catch=   3461.41509964949     
 Abd=   135191.2    
 Catch=   1606.82269599770     
 Abd=   95666.54    
 Catch=   239.311959667945     
 Abd=            NaN
 Catch=                     NaN
 Abd=   32130.18    
 Catch=   625.053180564727     
 Abd=   17884.08    
 Catch=   1224.96107658394     
 Abd=   1345442.    
 Catch=   3810.04596213534     
 Abd=   141948.8    
 Catch=   2190.34139400314     
 Abd=   30236.07    
 Catch=   733.381017725766     
 Abd=   3908664.    
 Catch=   15703.0967246077     
 Time step =         1984
 Abd=   53369.52    
 Catch=   350.248164658267     
 Abd=   6169.443    
 Catch=   41.1657595309995     
 Abd=   16537.22    
 Catch=   593.584262947423     
 Abd=   4093.041    
 Catch=   10.2578076519291     
 Abd=   45713.25    
 Catch=   564.894269962480     
 Abd=   41.98150    
 Catch=  0.447954891755134     
 Abd=            NaN
 Catch=                     NaN
 Abd=            NaN
 Catch=                     NaN
 Abd=   208944.6    
 Catch=   519.462218483336     
 Abd=   1715.382    
 Catch=   345.564369454311     
 Abd=   316654.8    
 Catch=   2347.88625218815     
 Abd=            NaN
 Catch=                     NaN
 Abd=            NaN
 Catch=                     NaN
 Abd=   104508.4    
 Catch=   300.755128917958     
 Abd=   25811.93    
 Catch=   1921.64397860455     
 Abd=            NaN
 Catch=                     NaN
 Abd=   2130.040    
 Catch=   69.1251492454107     
 Abd=            NaN
 Catch=                     NaN
 Abd=   42862.73    
 Catch=   338.994685662720     
 Abd=            NaN
 Catch=                     NaN
 Abd=   1316.436    
 Catch=   5.74487090864115     
 Abd=   1387031.    
 Catch=   3490.21775505565     
 Abd=   135267.1    
 Catch=   1609.33560382036     
 Abd=   95894.42    
 Catch=   240.277721692366     
 Abd=            NaN
 Catch=                     NaN
 Abd=   31671.08    
 Catch=   608.402786109645     
 Abd=   17164.36    
 Catch=   1365.25551637156     
 Abd=   1351342.    
 Catch=   3831.96268028969     
 Abd=   141648.2    
 Catch=   2141.53927255294     
 Abd=   29828.03    
 Catch=   708.325393970188     
 Abd=   3936843.    
 Catch=   15845.6298382891     
 Time step =         1985
 Abd=   53515.49    
 Catch=   346.732824937130     
 Abd=   6339.618    
 Catch=   42.2757822364405     
 Abd=   15465.45    
 Catch=   581.234494162273     
 Abd=   4110.301    
 Catch=   10.3098207350670     
 Abd=   45566.31    
 Catch=   556.709278654932     
 Abd=   42.26749    
 Catch=  0.454627964741869     
 Abd=            NaN
 Catch=                     NaN
 Abd=            NaN
 Catch=                     NaN
 Abd=   208134.3    
 Catch=   517.527014959560     
 Abd=   1884.485    
 Catch=   297.208523017287     
 Abd=   319932.0    
 Catch=   2389.29455605707     
 Abd=            NaN
 Catch=                     NaN
 Abd=            NaN
 Catch=                     NaN
 Abd=   104833.1    
 Catch=   300.999126497355     
 Abd=   26704.07    
 Catch=   1863.88118239768     
 Abd=            NaN
 Catch=                     NaN
 Abd=   2435.317    
 Catch=   72.1943200620269     
 Abd=            NaN
 Catch=                     NaN
 Abd=   42208.75    
 Catch=   335.324245068949     
 Abd=            NaN
 Catch=                     NaN
 Abd=   1309.344    
 Catch=   5.70453427517011     
 Abd=   1398708.    
 Catch=   3482.95654400874     
 Abd=   135482.1    
 Catch=   1597.56964389776     
 Abd=   96284.70    
 Catch=   240.429915457468     
 Abd=            NaN
 Catch=                     NaN
 Abd=   30821.31    
 Catch=   605.061836677183     
 Abd=   19151.23    
 Catch=   1260.31200197734     
 Abd=   1359052.    
 Catch=   3860.38734593443     
 Abd=   138442.6    
 Catch=   2102.95370825526     
 Abd=   28800.22    
 Catch=   706.912523959210     
 Abd=   3972732.    
 Catch=   15975.9822251559     
 Time step =         1986
 Abd=   52966.19    
 Catch=   346.633641552619     
 Abd=   6510.521    
 Catch=   44.3785191874942     
 Abd=   15152.26    
 Catch=   566.504999165248     
 Abd=   4131.211    
 Catch=   10.3302017106018     
 Abd=   44897.40    
 Catch=   551.396439492222     
 Abd=   42.90359    
 Catch=  0.463739080248257     
 Abd=            NaN
 Catch=                     NaN
 Abd=            NaN
 Catch=                     NaN
 Abd=   207358.4    
 Catch=   516.017665041780     
 Abd=   1620.622    
 Catch=   288.361606027612     
 Abd=   325686.2    
 Catch=   2408.60917832981     
 Abd=            NaN
 Catch=                     NaN
 Abd=            NaN
 Catch=                     NaN
 Abd=   104913.1    
 Catch=   300.627138670869     
 Abd=   25883.94    
 Catch=   1861.65762777695     
 Abd=            NaN
 Catch=                     NaN
 Abd=   2540.340    
 Catch=   67.3535216803224     
 Abd=            NaN
 Catch=                     NaN
 Abd=   41755.56    
 Catch=   330.143813758083     
 Abd=            NaN
 Catch=                     NaN
 Abd=   1300.103    
 Catch=   5.68439675202192     
 Abd=   1395496.    
 Catch=   3459.70385015807     
 Abd=   134470.4    
 Catch=   1598.27100516077     
 Abd=   96338.81    
 Catch=   240.070025798085     
 Abd=            NaN
 Catch=                     NaN
 Abd=   30663.60    
 Catch=   590.079339055684     
 Abd=   17658.93    
 Catch=   1167.65710578856     
 Abd=   1369285.    
 Catch=   3865.43186914343     
 Abd=   135958.6    
 Catch=   2098.01443013569     
 Abd=   28757.67    
 Catch=   688.272945130831     
 Abd=   4005342.    
 Catch=   16089.4927592569     
 Time step =         1987
 Abd=   52961.63    
 Catch=   345.286986284032     
 Abd=   6837.492    
 Catch=   46.8248930067573     
 Abd=   14766.04    
 Catch=   595.440156651866     
 Abd=   4139.117    
 Catch=   10.3990413358362     
 Abd=   44473.81    
 Catch=   555.800716831243     
 Abd=   43.76769    
 Catch=  0.437643119773223     
 Abd=            NaN
 Catch=                     NaN
 Abd=            NaN
 Catch=                     NaN
 Abd=   206757.0    
 Catch=   513.994747991479     
 Abd=   1572.456    
 Catch=   303.544754922509     
 Abd=   328256.4    
 Catch=   2389.99045458387     
 Abd=            NaN
 Catch=                     NaN
 Abd=            NaN
 Catch=                     NaN
 Abd=   104779.4    
 Catch=   300.573645088747     
 Abd=   25865.73    
 Catch=   1770.57770362018     
 Abd=            NaN
 Catch=                     NaN
 Abd=   2365.974    
 Catch=   69.9395359025821     
 Abd=            NaN
 Catch=                     NaN
 Abd=   41106.90    
 Catch=   330.933789172486     
 Abd=            NaN
 Catch=                     NaN
 Abd=   1295.606    
 Catch=   5.65860840527079     
 Abd=   1386057.    
 Catch=   3462.34777215553     
 Abd=   134547.8    
 Catch=   1606.50339150043     
 Abd=   96190.67    
 Catch=   240.288491690717     
 Abd=            NaN
 Catch=                     NaN
 Abd=   29894.06    
 Catch=   605.979560166872     
 Abd=   16360.74    
 Catch=   1175.88410529224     
 Abd=   1370770.    
 Catch=   3828.76576022026     
 Abd=   135674.9    
 Catch=   2104.16542290826     
 Abd=   27987.42    
 Catch=   711.786881921474     
 Abd=   4033708.    
 Catch=   16129.7590406041     
 Time step =         1988
 Abd=   52751.42    
 Catch=   344.117577646545     
 Abd=   7215.141    
 Catch=   49.2738144435158     
 Abd=   15535.07    
 Catch=   598.391198195171     
 Abd=   4167.103    
 Catch=   10.4562899283327     
 Abd=   44841.87    
 Catch=   559.270738262574     
 Abd=   41.24659    
 Catch=  0.441108710981015     
 Abd=            NaN
 Catch=                     NaN
 Abd=            NaN
 Catch=                     NaN
 Abd=   205943.5    
 Catch=   513.555000288023     
 Abd=   1655.312    
 Catch=   279.443641689802     
 Abd=   325626.4    
 Catch=   2324.39391487777     
 Abd=            NaN
 Catch=                     NaN
 Abd=            NaN
 Catch=                     NaN
 Abd=   104762.8    
 Catch=   300.821719652372     
 Abd=   24594.95    
 Catch=   1949.44635186119     
 Abd=            NaN
 Catch=                     NaN
 Abd=   2460.521    
 Catch=   62.9547685372014     
 Abd=            NaN
 Catch=                     NaN
 Abd=   41219.47    
 Catch=   330.118124869618     
 Abd=            NaN
 Catch=                     NaN
 Abd=   1289.699    
 Catch=   5.61884478507034     
 Abd=   1387330.    
 Catch=   3461.76370959236     
 Abd=   135250.9    
 Catch=   1593.35601183369     
 Abd=   96282.87    
 Catch=   240.647153386713     
 Abd=            NaN
 Catch=                     NaN
 Abd=   30725.74    
 Catch=   611.654695076564     
 Abd=   16484.99    
 Catch=   1155.06631013101     
 Abd=   1357559.    
 Catch=   3770.50579723917     
 Abd=   136084.2    
 Catch=   2150.70196740718     
 Abd=   28971.21    
 Catch=   719.007569194479     
 Abd=   4043432.    
 Catch=   16180.0727590787     
 Time step =         1989
 Abd=   52573.66    
 Catch=   341.661125203370     
 Abd=   7592.072    
 Catch=   51.4962121786631     
 Abd=   15602.78    
 Catch=   601.027268654206     
 Abd=   4189.939    
 Catch=   10.5243440670087     
 Abd=   45120.10    
 Catch=   559.038999699661     
 Abd=   41.62369    
 Catch=  0.437819104863377     
 Abd=            NaN
 Catch=                     NaN
 Abd=            NaN
 Catch=                     NaN
 Abd=   205778.4    
 Catch=   512.690446210492     
 Abd=   1523.794    
 Catch=   310.622477942621     
 Abd=   316499.3    
 Catch=   2349.00620789327     
 Abd=            NaN
 Catch=                     NaN
 Abd=            NaN
 Catch=                     NaN
 Abd=   104851.5    
 Catch=   301.551092357064     
 Abd=   27096.66    
 Catch=   2165.78924396071     
 Abd=            NaN
 Catch=                     NaN
 Abd=   2210.544    
 Catch=   64.4468098871700     
 Abd=            NaN
 Catch=                     NaN
 Abd=   41113.87    
 Catch=   330.709988057215     
 Abd=            NaN
 Catch=                     NaN
 Abd=   1280.576    
 Catch=   5.61186660407896     
 Abd=   1387065.    
 Catch=   3456.76830344431     
 Abd=   134112.7    
 Catch=   1592.15320672445     
 Abd=   96427.66    
 Catch=   240.766558283296     
 Abd=            NaN
 Catch=                     NaN
 Abd=   31003.96    
 Catch=   616.509797973625     
 Abd=   16190.71    
 Catch=   1167.44345424404     
 Abd=   1336784.    
 Catch=   3796.77081030698     
 Abd=   139142.3    
 Catch=   2173.78641440857     
 Abd=   29253.77    
 Catch=   723.813518633300     
 Abd=   4056104.    
 Catch=   16148.7235051017     
 Time step =         1990
 Abd=   52194.52    
 Catch=   340.750886238352     
 Abd=   7933.361    
 Catch=   53.6987839080086     
 Abd=   15671.36    
 Catch=   599.599247624301     
 Abd=   4217.308    
 Catch=   10.5426420289045     
 Abd=   45096.46    
 Catch=   559.440654559666     
 Abd=   41.30017    
 Catch=  0.448666622466239     
 Abd=            NaN
 Catch=                     NaN
 Abd=            NaN
 Catch=                     NaN
 Abd=   205428.5    
 Catch=   511.037823774468     
 Abd=   1693.987    
 Catch=   326.731395196167     
 Abd=   320152.3    
 Catch=   2329.47568272605     
 Abd=            NaN
 Catch=                     NaN
 Abd=            NaN
 Catch=                     NaN
 Abd=   105109.0    
 Catch=   302.602157262682     
 Abd=   30104.00    
 Catch=   2262.84410703889     
 Abd=            NaN
 Catch=                     NaN
 Abd=   2267.021    
 Catch=   63.7939330647009     
 Abd=            NaN
 Catch=                     NaN
 Abd=   41190.82    
 Catch=   330.331524143945     
 Abd=            NaN
 Catch=                     NaN
 Abd=   1279.132    
 Catch=   5.61354024190076     
 Abd=   1385027.    
 Catch=   3468.51594234735     
 Abd=   134030.0    
 Catch=   1601.50014661993     
 Abd=   96473.55    
 Catch=   241.328522852628     
 Abd=            NaN
 Catch=                     NaN
 Abd=   31249.10    
 Catch=   614.791594869047     
 Abd=   16370.56    
 Catch=   1278.75102747525     
 Abd=   1346713.    
 Catch=   3797.57945750394     
 Abd=   140605.7    
 Catch=   2155.21396251830     
 Abd=   29447.59    
 Catch=   720.235710033539     
 Abd=   4047834.    
 Catch=   16127.6812342089     
 Time step =         1991
 Abd=   52059.88    
 Catch=   341.904418865286     
 Abd=   8272.363    
 Catch=   55.0809684542035     
 Abd=   15632.61    
 Catch=   590.288816954120     
 Abd=   4224.217    
 Catch=   10.5977940948266     
 Abd=   45129.84    
 Catch=   566.802283120017     
 Abd=   42.34923    
 Catch=  0.438225598135387     
 Abd=            NaN
 Catch=                     NaN
 Abd=            NaN
 Catch=                     NaN
 Abd=   204760.3    
 Catch=   509.522555527920     
 Abd=   1781.748    
 Catch=   342.680251517955     
 Abd=   317339.5    
 Catch=   2315.17345548936     
 Abd=            NaN
 Catch=                     NaN
 Abd=            NaN
 Catch=                     NaN
 Abd=   105477.5    
 Catch=   303.464877022562     
 Abd=   31438.12    
 Catch=   2054.41863400894     
 Abd=            NaN
 Catch=                     NaN
 Abd=   2243.028    
 Catch=   72.1561968703965     
 Abd=            NaN
 Catch=                     NaN
 Abd=   41142.42    
 Catch=   328.262752338832     
 Abd=            NaN
 Catch=                     NaN
 Abd=   1279.553    
 Catch=   5.59682423323980     
 Abd=   1389872.    
 Catch=   3496.44523380198     
 Abd=   134832.6    
 Catch=   1598.56379334775     
 Abd=   96702.34    
 Catch=   242.419304004159     
 Abd=            NaN
 Catch=                     NaN
 Abd=   31156.68    
 Catch=   599.895322883691     
 Abd=   17935.64    
 Catch=   1385.93982568793     
 Abd=   1346795.    
 Catch=   3798.16178178172     
 Abd=   139363.3    
 Catch=   2122.37887567953     
 Abd=   29296.65    
 Catch=   699.358605168418     
 Abd=   4042611.    
 Catch=   16112.3296138782     
 Time step =         1992
 Abd=   52242.37    
 Catch=   342.524158265558     
 Abd=   8482.478    
 Catch=   53.5758151158512     
 Abd=   15387.74    
 Catch=   608.964833409140     
 Abd=   4246.618    
 Catch=   10.6416126912387     
 Abd=   45732.57    
 Catch=   571.633967681623     
 Abd=   41.32623    
 Catch=  0.423330741822797     
 Abd=            NaN
 Catch=                     NaN
 Abd=            NaN
 Catch=                     NaN
 Abd=   204153.9    
 Catch=   508.409892334354     
 Abd=   1868.728    
 Catch=   319.774868745125     
 Abd=   315440.1    
 Catch=   2327.49163948041     
 Abd=            NaN
 Catch=                     NaN
 Abd=            NaN
 Catch=                     NaN
 Abd=   105777.0    
 Catch=   303.624799433307     
 Abd=   28511.06    
 Catch=   1986.52708396531     
 Abd=            NaN
 Catch=                     NaN
 Abd=   2542.467    
 Catch=   72.5512853535963     
 Abd=            NaN
 Catch=                     NaN
 Abd=   40880.92    
 Catch=   329.923774982591     
 Abd=            NaN
 Catch=                     NaN
 Abd=   1275.659    
 Catch=   5.58568795650613     
 Abd=   1401196.    
 Catch=   3515.04374676046     
 Abd=   134566.0    
 Catch=   1599.06696020385     
 Abd=   97143.78    
 Catch=   242.928383357199     
 Abd=            NaN
 Catch=                     NaN
 Abd=   30391.26    
 Catch=   618.389240305308     
 Abd=   19438.14    
 Catch=   1340.81092441467     
 Abd=   1347018.    
 Catch=   3815.51471213537     
 Abd=   137222.2    
 Catch=   2127.59384879978     
 Abd=   28437.11    
 Catch=   725.784561784907     
 Abd=   4038793.    
 Catch=   16094.8768489437     
 Time step =         1993
 Abd=   52335.31    
 Catch=   344.611765029609     
 Abd=   8243.030    
 Catch=   48.9470819462051     
 Abd=   15883.84    
 Catch=   632.958644143699     
 Abd=   4264.076    
 Catch=   10.6513147298183     
 Abd=   46119.78    
 Catch=   570.218962184277     
 Abd=   39.91433    
 Catch=  0.419849059954861     
 Abd=            NaN
 Catch=                     NaN
 Abd=            NaN
 Catch=                     NaN
 Abd=   203711.4    
 Catch=   507.768820302067     
 Abd=   1743.714    
 Catch=   276.959047313475     
 Abd=   317144.2    
 Catch=   2346.91581578183     
 Abd=            NaN
 Catch=                     NaN
 Abd=            NaN
 Catch=                     NaN
 Abd=   105827.6    
 Catch=   301.730675448961     
 Abd=   27583.42    
 Catch=   2101.57647800621     
 Abd=            NaN
 Catch=                     NaN
 Abd=   2550.902    
 Catch=   64.6604281783411     
 Abd=            NaN
 Catch=                     NaN
 Abd=   41096.89    
 Catch=   335.227251974545     
 Abd=            NaN
 Catch=                     NaN
 Abd=   1273.148    
 Catch=   5.57189696935325     
 Abd=   1408566.    
 Catch=   3477.57516235002     
 Abd=   134614.4    
 Catch=   1598.90097316936     
 Abd=   97342.75    
 Catch=   241.599155017168     
 Abd=            NaN
 Catch=                     NaN
 Abd=   31356.88    
 Catch=   633.055001853601     
 Abd=   18790.64    
 Catch=   1171.23615274813     
 Abd=   1353258.    
 Catch=   3833.88420329280     
 Abd=   137607.0    
 Catch=   2149.27949211543     
 Abd=   29543.27    
 Catch=   745.080104496392     
 Abd=   4034416.    
 Catch=   16088.6658914647     
 Time step =         1994
 Abd=   52658.85    
 Catch=   345.206415542571     
 Abd=   7521.455    
 Catch=   49.6328077591762     
 Abd=   16510.41    
 Catch=   630.562706341058     
 Abd=   4267.698    
 Catch=   10.7306980273085     
 Abd=   45996.88    
 Catch=   573.288931151833     
 Abd=   39.60518    
 Catch=  0.405477731452847     
 Abd=            NaN
 Catch=                     NaN
 Abd=            NaN
 Catch=                     NaN
 Abd=   203458.3    
 Catch=   506.368019019379     
 Abd=   1510.217    
 Catch=   312.064382520331     
 Abd=   319851.9    
 Catch=   2350.32552147368     
 Abd=            NaN
 Catch=                     NaN
 Abd=            NaN
 Catch=                     NaN
 Abd=   105153.8    
 Catch=   301.742821515111     
 Abd=   29196.04    
 Catch=   2034.62852340548     
 Abd=            NaN
 Catch=                     NaN
 Abd=   2270.134    
 Catch=   70.5273222579012     
 Abd=            NaN
 Catch=                     NaN
 Abd=   41765.58    
 Catch=   338.387782281788     
 Abd=            NaN
 Catch=                     NaN
 Abd=   1269.992    
 Catch=   5.55784601497183     
 Abd=   1393102.    
 Catch=   3481.52642808248     
 Abd=   134599.1    
 Catch=   1585.66070611508     
 Abd=   96795.59    
 Catch=   241.906966854281     
 Abd=            NaN
 Catch=                     NaN
 Abd=   32096.18    
 Catch=   636.767116797812     
 Abd=   16407.88    
 Catch=   1216.27809515598     
 Abd=   1359814.    
 Catch=   3841.39707139751     
 Abd=   139024.5    
 Catch=   2154.63800921388     
 Abd=   30322.09    
 Catch=   745.838391194916     
 Abd=   4032918.    
 Catch=   16107.3352955197     
 Time step =         1995
 Abd=   52745.13    
 Catch=   348.361194156181     
 Abd=   7642.329    
 Catch=   51.5577197286842     
 Abd=   16439.70    
 Catch=   648.171461563754     
 Abd=   4300.069    
 Catch=   10.7311403167583     
 Abd=   46250.95    
 Catch=   579.038158257664     
 Abd=   38.23059    
 Catch=  0.406776696146068     
 Abd=            NaN
 Catch=                     NaN
 Abd=            NaN
 Catch=                     NaN
 Abd=   202891.7    
 Catch=   504.647932571566     
 Abd=   1701.845    
 Catch=   289.492925148450     
 Abd=   320269.1    
 Catch=   2336.72391075917     
 Abd=            NaN
 Catch=                     NaN
 Abd=            NaN
 Catch=                     NaN
 Abd=   105171.0    
 Catch=   301.693739851707     
 Abd=   28249.78    
 Catch=   1947.31093469621     
 Abd=            NaN
 Catch=                     NaN
 Abd=   2483.593    
 Catch=   64.3211266395303     
 Abd=            NaN
 Catch=                     NaN
 Abd=   42153.59    
 Catch=   344.639018217838     
 Abd=            NaN
 Catch=                     NaN
 Abd=   1266.788    
 Catch=   5.55911281924055     
 Abd=   1395027.    
 Catch=   3488.32354731751     
 Abd=   133465.1    
 Catch=   1574.15898685110     
 Abd=   96932.23    
 Catch=   242.239911758324     
 Abd=            NaN
 Catch=                     NaN
 Abd=   32274.35    
 Catch=   650.653556052446     
 Abd=   17057.48    
 Catch=   1162.57106107548     
 Abd=   1362394.    
 Catch=   3840.66759567727     
 Abd=   139354.1    
 Catch=   2164.41604963828     
 Abd=   30340.52    
 Catch=   761.776154994630     
 Abd=   4037717.    
 Catch=   16115.7456333845     
 Time step =         1996
 Abd=   53234.46    
 Catch=   352.252426291474     
 Abd=   7942.079    
 Catch=   54.8298438766318     
 Abd=   16905.48    
 Catch=   631.403752823534     
 Abd=   4299.587    
 Catch=   10.8195592508344     
 Abd=   46718.21    
 Catch=   579.765144743554     
 Abd=   38.38015    
 Catch=  0.404408879784026     
 Abd=            NaN
 Catch=                     NaN
 Abd=            NaN
 Catch=                     NaN
 Abd=   202201.2    
 Catch=   503.498546740569     
 Abd=   1578.599    
 Catch=   279.614109897865     
 Abd=   318374.0    
 Catch=   2378.68556971607     
 Abd=            NaN
 Catch=                     NaN
 Abd=            NaN
 Catch=                     NaN
 Abd=   105153.3    
 Catch=   300.378929894290     
 Abd=   27050.36    
 Catch=   2021.29696637569     
 Abd=            NaN
 Catch=                     NaN
 Abd=   2259.774    
 Catch=   60.5634632265383     
 Abd=            NaN
 Catch=                     NaN
 Abd=   42939.55    
 Catch=   343.849205541661     
 Abd=            NaN
 Catch=                     NaN
 Abd=   1267.145    
 Catch=   5.56030741295531     
 Abd=   1397768.    
 Catch=   3456.49433137583     
 Abd=   132499.8    
 Catch=   1583.89110066962     
 Abd=   97066.58    
 Catch=   241.222431517319     
 Abd=            NaN
 Catch=                     NaN
 Abd=   32987.39    
 Catch=   650.052918302214     
 Abd=   16294.17    
 Catch=   1106.48980414973     
 Abd=   1362079.    
 Catch=   3874.72231768232     
 Abd=   139987.7    
 Catch=   2192.30597109760     
 Abd=   31000.01    
 Catch=   760.139206950822     
 Abd=   4039768.    
 Catch=   16158.4369511104     
 Time step =         1997
 Abd=   53831.52    
 Catch=   353.888090867742     
 Abd=   8450.111    
 Catch=   54.4444431707854     
 Abd=   16457.19    
 Catch=   617.457310651749     
 Abd=   4335.764    
 Catch=   10.8690464388885     
 Abd=   46769.77    
 Catch=   582.083301219020     
 Abd=   38.14977    
 Catch=  0.402603072018542     
 Abd=            NaN
 Catch=                     NaN
 Abd=            NaN
 Catch=                     NaN
 Abd=   201744.2    
 Catch=   501.769862444924     
 Abd=   1524.807    
 Catch=   312.806538017066     
 Abd=   324241.1    
 Catch=   2364.55693025332     
 Abd=            NaN
 Catch=                     NaN
 Abd=            NaN
 Catch=                     NaN
 Abd=   104686.5    
 Catch=   300.773542746337     
 Abd=   28085.29    
 Catch=   2184.08875229230     
 Abd=            NaN
 Catch=                     NaN
 Abd=   2128.275    
 Catch=   66.4983464191042     
 Abd=            NaN
 Catch=                     NaN
 Abd=   42824.36    
 Catch=   343.174152259962     
 Abd=            NaN
 Catch=                     NaN
 Abd=   1267.419    
 Catch=   5.54848950906967     
 Abd=   1384700.    
 Catch=   3463.78326041242     
 Abd=   133351.6    
 Catch=   1582.09439159357     
 Abd=   96648.05    
 Catch=   241.280090728167     
 Abd=            NaN
 Catch=                     NaN
 Abd=   32944.87    
 Catch=   643.911535912230     
 Abd=   15514.78    
 Catch=   1203.50727290082     
 Abd=   1374409.    
 Catch=   3874.81788903867     
 Abd=   141811.6    
 Catch=   2187.36398280893     
 Abd=   30920.46    
 Catch=   752.555145387924     
 Abd=   4050637.    
 Catch=   16249.1716245132     
 Time step =         1998
 Abd=   54074.79    
 Catch=   354.661762255259     
 Abd=   8379.107    
 Catch=   56.7615887013120     
 Abd=   16095.08    
 Catch=   603.772704877527     
 Abd=   4355.247    
 Catch=   10.9311021387334     
 Abd=   46959.02    
 Catch=   582.302448713778     
 Abd=   37.98077    
 Catch=  0.404051776422025     
 Abd=            NaN
 Catch=                     NaN
 Abd=            NaN
 Catch=                     NaN
 Abd=   201046.2    
 Catch=   498.889013100967     
 Abd=   1705.876    
 Catch=   365.207410081838     
 Abd=   322167.2    
 Catch=   2360.14563377290     
 Abd=            NaN
 Catch=                     NaN
 Abd=            NaN
 Catch=                     NaN
 Abd=   104835.9    
 Catch=   302.040220194567     
 Abd=   30350.52    
 Catch=   2042.05034685444     
 Abd=            NaN
 Catch=                     NaN
 Abd=   2341.901    
 Catch=   76.9019733949863     
 Abd=            NaN
 Catch=                     NaN
 Abd=   42740.91    
 Catch=   343.473094887558     
 Abd=            NaN
 Catch=                     NaN
 Abd=   1264.666    
 Catch=   5.53522487980718     
 Abd=   1387944.    
 Catch=   3502.04537707675     
 Abd=   133182.5    
 Catch=   1595.31821293915     
 Abd=   96679.00    
 Catch=   242.527101222292     
 Abd=            NaN
 Catch=                     NaN
 Abd=   32627.80    
 Catch=   626.662589409978     
 Abd=   16880.01    
 Catch=   1426.29181244156     
 Abd=   1374196.    
 Catch=   3877.74813594878     
 Abd=   141456.0    
 Catch=   2154.51879629784     
 Abd=   30607.79    
 Catch=   726.656490101096     
 Abd=   4073630.    
 Catch=   16360.4255252046     
 Time step =         1999
 Abd=   54190.02    
 Catch=   355.681320052953     
 Abd=   8744.306    
 Catch=   55.1402787010006     
 Abd=   15739.80    
 Catch=   602.453507497226     
 Abd=   4380.213    
 Catch=   10.9799534471636     
 Abd=   46973.44    
 Catch=   580.407973141007     
 Abd=   38.12288    
 Catch=  0.401627000630765     
 Abd=            NaN
 Catch=                     NaN
 Abd=            NaN
 Catch=                     NaN
 Abd=   199883.1    
 Catch=   496.953455019107     
 Abd=   1991.704    
 Catch=   310.722059725320     
 Abd=   321557.3    
 Catch=   2357.77264073013     
 Abd=            NaN
 Catch=                     NaN
 Abd=            NaN
 Catch=                     NaN
 Abd=   105283.9    
 Catch=   302.580054945366     
 Abd=   28346.53    
 Catch=   2130.39576584401     
 Abd=            NaN
 Catch=                     NaN
 Abd=   2710.008    
 Catch=   67.0602113920236     
 Abd=            NaN
 Catch=                     NaN
 Abd=   42779.98    
 Catch=   342.597265351238     
 Abd=            NaN
 Catch=                     NaN
 Abd=   1261.635    
 Catch=   5.51326474129526     
 Abd=   1403528.    
 Catch=   3511.99642826622     
 Abd=   134320.3    
 Catch=   1584.42926935050     
 Abd=   97188.48    
 Catch=   242.902975107923     
 Abd=            NaN
 Catch=                     NaN
 Abd=   31746.52    
 Catch=   624.360929826896     
 Abd=   20018.55    
 Catch=   1276.30462577268     
 Abd=   1375233.    
 Catch=   3878.58107897523     
 Abd=   139297.3    
 Catch=   2089.67131695823     
 Abd=   29544.78    
 Catch=   723.837540846784     
 Abd=   4101615.    
 Catch=   16449.6402033249     
 Time step =         2000
 Abd=   54347.58    
 Catch=   355.926583737647     
 Abd=   8482.650    
 Catch=   52.3148264375190     
 Abd=   15707.85    
 Catch=   619.488563725854     
 Abd=   4399.689    
 Catch=   11.0578297225010     
 Abd=   46817.92    
 Catch=   572.266198044215     
 Abd=   37.88735    
 Catch=  0.403229845984304     
 Abd=            NaN
 Catch=                     NaN
 Abd=            NaN
 Catch=                     NaN
 Abd=   199115.5    
 Catch=   495.422272522633     
 Abd=   1694.307    
 Catch=   308.124516488429     
 Abd=   321276.4    
 Catch=   2367.54607413368     
 Abd=            NaN
 Catch=                     NaN
 Abd=            NaN
 Catch=                     NaN
 Abd=   105466.1    
 Catch=   302.109580778197     
 Abd=   29611.16    
 Catch=   2336.06892285216     
 Abd=            NaN
 Catch=                     NaN
 Abd=   2353.939    
 Catch=   55.0119291081537     
 Abd=            NaN
 Catch=                     NaN
 Abd=   42668.16    
 Catch=   342.493909908599     
 Abd=            NaN
 Catch=                     NaN
 Abd=   1256.588    
 Catch=   5.52940475337196     
 Abd=   1407273.    
 Catch=   3478.56472645619     
 Abd=   133364.6    
 Catch=   1586.52180939612     
 Abd=   97331.46    
 Catch=   241.954566648603     
 Abd=            NaN
 Catch=                     NaN
 Abd=   31641.39    
 Catch=   639.386415899953     
 Abd=   17879.25    
 Catch=   1248.80890643611     
 Abd=   1375540.    
 Catch=   3888.49335887372     
 Abd=   135074.7    
 Catch=   2121.33628846769     
 Abd=   29444.14    
 Catch=   749.449998815654     
 Abd=   4123866.    
 Catch=   16520.4947220707     
 Time step =         2001
 Abd=   54382.33    
 Catch=   355.943664090697     
 Abd=   8044.584    
 Catch=   53.6334604889428     
 Abd=   16158.21    
 Catch=   595.003704574538     
 Abd=   4431.133    
 Catch=   11.1059299681836     
 Abd=   46153.87    
 Catch=   576.358504164403     
 Abd=   38.04559    
 Catch=  0.410146681597552     
 Abd=            NaN
 Catch=                     NaN
 Abd=            NaN
 Catch=                     NaN
 Abd=   198503.5    
 Catch=   494.074009200404     
 Abd=   1680.310    
 Catch=   325.336151979909     
 Abd=   322637.3    
 Catch=   2346.82348974114     
 Abd=            NaN
 Catch=                     NaN
 Abd=            NaN
 Catch=                     NaN
 Abd=   105295.7    
 Catch=   302.882975943904     
 Abd=   32466.02    
 Catch=   2265.67746918756     
 Abd=            NaN
 Catch=                     NaN
 Abd=   1931.107    
 Catch=   67.3779477099024     
 Abd=            NaN
 Catch=                     NaN
 Abd=   42657.92    
 Catch=   338.566130370720     
 Abd=            NaN
 Catch=                     NaN
 Abd=   1260.449    
 Catch=   5.53072372689821     
 Abd=   1393533.    
 Catch=   3479.35204229963     
 Abd=   133560.2    
 Catch=   1600.61219730049     
 Abd=   96941.22    
 Catch=   242.067495580537     
 Abd=            NaN
 Catch=                     NaN
 Abd=   32417.94    
 Catch=   623.289142151517     
 Abd=   17514.17    
 Catch=   1276.45482333289     
 Abd=   1379121.    
 Catch=   3881.85392479774     
 Abd=   137240.0    
 Catch=   2142.96307875761     
 Abd=   30504.49    
 Catch=   727.698211626855     
 Abd=   4141532.    
 Catch=   16427.9498892525     
 Time step =         2002
 Abd=   54383.94    
 Catch=   355.324749807874     
 Abd=   8260.121    
 Catch=   57.2004351918534     
 Abd=   15505.42    
 Catch=   585.829562263162     
 Abd=   4450.030    
 Catch=   11.1097060805459     
 Abd=   46499.81    
 Catch=   572.686052193619     
 Abd=   38.70799    
 Catch=  0.409644389471718     
 Abd=            NaN
 Catch=                     NaN
 Abd=            NaN
 Catch=                     NaN
 Abd=   197966.8    
 Catch=   492.345259155404     
 Abd=   1774.161    
 Catch=   366.307952661985     
 Abd=   319683.9    
 Catch=   2302.04696281684     
 Abd=            NaN
 Catch=                     NaN
 Abd=            NaN
 Catch=                     NaN
 Abd=   105573.8    
 Catch=   303.671849717718     
 Abd=   31456.36    
 Catch=   2064.56148867882     
 Abd=            NaN
 Catch=                     NaN
 Abd=   2378.402    
 Catch=   76.3762360857071     
 Abd=            NaN
 Catch=                     NaN
 Abd=   42159.43    
 Catch=   337.136702649976     
 Abd=            NaN
 Catch=                     NaN
 Abd=   1260.676    
 Catch=   5.51800089909491     
 Abd=   1394129.    
 Catch=   3516.41461090215     
 Abd=   134764.5    
 Catch=   1607.66152754237     
 Abd=   96995.98    
 Catch=   243.068041994010     
 Abd=            NaN
 Catch=                     NaN
 Abd=   31574.69    
 Catch=   608.787152091608     
 Abd=   17896.11    
 Catch=   1452.00919486935     
 Abd=   1376594.    
 Catch=   3793.80441261980     
 Abd=   138615.5    
 Catch=   2106.03010081634     
 Abd=   29588.18    
 Catch=   704.865942234010     
 Abd=   4117530.    
 Catch=   16280.4626865134     
 Time step =         2003
 Abd=   54287.15    
 Catch=   356.691686602817     
 Abd=   8816.133    
 Catch=   59.6331348101725     
 Abd=   15272.12    
 Catch=   598.464906002646     
 Abd=   4451.308    
 Catch=   11.1048118323324     
 Abd=   46192.26    
 Catch=   569.287408724567     
 Abd=   38.64684    
 Catch=  0.413397200298446     
 Abd=            NaN
 Catch=                     NaN
 Abd=            NaN
 Catch=                     NaN
 Abd=   197269.9    
 Catch=   490.229556763323     
 Abd=   1997.660    
 Catch=   305.867964138234     
 Abd=   313578.6    
 Catch=   2332.62120070263     
 Abd=            NaN
 Catch=                     NaN
 Abd=            NaN
 Catch=                     NaN
 Abd=   105849.2    
 Catch=   303.853701887399     
 Abd=   28653.96    
 Catch=   2178.44711301574     
 Abd=            NaN
 Catch=                     NaN
 Abd=   2690.742    
 Catch=   68.8606805482345     
 Abd=            NaN
 Catch=                     NaN
 Abd=   41987.17    
 Catch=   336.963748861838     
 Abd=            NaN
 Catch=                     NaN
 Abd=   1257.709    
 Catch=   5.51066215721589     
 Abd=   1409276.    
 Catch=   3503.43209611926     
 Abd=   135346.8    
 Catch=   1602.40804953728     
 Abd=   97403.24    
 Catch=   242.844385911244     
 Abd=            NaN
 Catch=                     NaN
 Abd=   30841.78    
 Catch=   604.863203687436     
 Abd=   20374.77    
 Catch=   1286.70933452947     
 Abd=   1344849.    
 Catch=   3820.08634810294     
 Abd=   136159.4    
 Catch=   2093.81888504543     
 Abd=   28660.71    
 Catch=   701.220217466563     
 Abd=   4080305.    
 Catch=   16161.7687922602     
 Time step =         2004
 Abd=   54502.36    
 Catch=   358.306780454290     
 Abd=   9186.520    
 Catch=   62.2867467580789     
 Abd=   15607.76    
 Catch=   587.888867116090     
 Abd=   4449.265    
 Catch=   11.1249352032413     
 Abd=   45918.80    
 Catch=   574.110068365448     
 Abd=   39.00871    
 Catch=  0.414339707481582     
 Abd=            NaN
 Catch=                     NaN
 Abd=            NaN
 Catch=                     NaN
 Abd=   196419.2    
 Catch=   488.595787192908     
 Abd=   1667.839    
 Catch=   314.425347323623     
 Abd=   317930.9    
 Catch=   2330.39454661979     
 Abd=            NaN
 Catch=                     NaN
 Abd=            NaN
 Catch=                     NaN
 Abd=   105907.9    
 Catch=   304.908575044526     
 Abd=   30263.40    
 Catch=   2119.92275289147     
 Abd=            NaN
 Catch=                     NaN
 Abd=   2418.118    
 Catch=   65.6954830804852     
 Abd=            NaN
 Catch=                     NaN
 Abd=   41968.50    
 Catch=   333.801500025658     
 Abd=            NaN
 Catch=                     NaN
 Abd=   1256.066    
 Catch=   5.51465221390067     
 Abd=   1403655.    
 Catch=   3502.92566273439     
 Abd=   134887.2    
 Catch=   1593.24110936856     
 Abd=   97303.32    
 Catch=   243.035644430105     
 Abd=            NaN
 Catch=                     NaN
 Abd=   30651.12    
 Catch=   591.069234357126     
 Abd=   18024.80    
 Catch=   1228.37157090137     
 Abd=   1354984.    
 Catch=   3830.43578551733     
 Abd=   135399.0    
 Catch=   2115.39484087796     
 Abd=   28522.86    
 Catch=   684.066273818832     
 Abd=   4050678.    
 Catch=   16044.2565325227     
 Time step =         2005
 Abd=   54749.16    
 Catch=   358.790015987355     
 Abd=   9595.697    
 Catch=   63.2901250132300     
 Abd=   15324.28    
 Catch=   603.723872749683     
 Abd=   4457.563    
 Catch=   11.1629394335792     
 Abd=   46319.91    
 Catch=   573.129232287228     
 Abd=   39.09258    
 Catch=  0.399913702854844     
 Abd=            NaN
 Catch=                     NaN
 Abd=            NaN
 Catch=                     NaN
 Abd=   195767.6    
 Catch=   487.372898120813     
 Abd=   1714.638    
 Catch=   335.318413026586     
 Abd=   317543.5    
 Catch=   2311.02697284256     
 Abd=            NaN
 Catch=                     NaN
 Abd=            NaN
 Catch=                     NaN
 Abd=   106281.3    
 Catch=   305.457748014664     
 Abd=   29435.27    
 Catch=   1998.74088191406     
 Abd=            NaN
 Catch=                     NaN
 Abd=   2308.524    
 Catch=   72.0829033911690     
 Abd=            NaN
 Catch=                     NaN
 Abd=   41567.68    
 Catch=   335.354053577011     
 Abd=            NaN
 Catch=                     NaN
 Abd=   1257.027    
 Catch=   5.52310915306990     
 Abd=   1403560.    
 Catch=   3528.62852234866     
 Abd=   134109.5    
 Catch=   1582.30507267981     
 Abd=   97384.31    
 Catch=   243.956207760843     
 Abd=            NaN
 Catch=                     NaN
 Abd=   29943.86    
 Catch=   600.362029998764     
 Abd=   17215.30    
 Catch=   1383.91441747471     
 Abd=   1358531.    
 Catch=   3831.05227349285     
 Abd=   136834.4    
 Catch=   2120.47957437251     
 Abd=   27816.41    
 Catch=   700.631297296638     
 Abd=   4021216.    
 Catch=   15874.7626262422     
 Time step =         2006
 Abd=   54819.61    
 Catch=   360.656396636859     
 Abd=   9744.747    
 Catch=   65.7198662963871     
 Abd=   15746.62    
 Catch=   613.648870370353     
 Abd=   4473.831    
 Catch=   11.1758181771965     
 Abd=   46232.20    
 Catch=   574.260447849853     
 Abd=   37.70548    
 Catch=  0.405817203128539     
 Abd=            NaN
 Catch=                     NaN
 Abd=            NaN
 Catch=                     NaN
 Abd=   195279.9    
 Catch=   486.078726914040     
 Abd=   1828.609    
 Catch=   300.086790596477     
 Abd=   314792.3    
 Catch=   2298.40403575554     
 Abd=            NaN
 Catch=                     NaN
 Abd=            NaN
 Catch=                     NaN
 Abd=   106469.4    
 Catch=   306.169212196818     
 Abd=   27748.85    
 Catch=   2010.56656390908     
 Abd=            NaN
 Catch=                     NaN
 Abd=   2538.536    
 Catch=   68.4631504442166     
 Abd=            NaN
 Catch=                     NaN
 Abd=   41772.55    
 Catch=   337.536508115277     
 Abd=            NaN
 Catch=                     NaN
 Abd=   1258.971    
 Catch=   5.52260058493576     
 Abd=   1414074.    
 Catch=   3522.90115028912     
 Abd=   133186.5    
 Catch=   1575.82565833684     
 Abd=   97759.17    
 Catch=   244.272289632610     
 Abd=            NaN
 Catch=                     NaN
 Abd=   30435.23    
 Catch=   614.833511003605     
 Abd=   19419.49    
 Catch=   1230.77559124177     
 Abd=   1358591.    
 Catch=   3829.98820003928     
 Abd=   137140.5    
 Catch=   2119.09497228787     
 Abd=   28512.82    
 Catch=   719.166586101527     
 Abd=   3978484.    
 Catch=   15704.0728005484     
 Time step =         2007
 Abd=   55109.27    
 Catch=   363.280930011842     
 Abd=   10123.43    
 Catch=   61.7956688701795     
 Abd=   16002.47    
 Catch=   634.031329988695     
 Abd=   4477.850    
 Catch=   11.2296863547811     
 Abd=   46325.82    
 Catch=   577.703901473869     
 Abd=   38.29790    
 Catch=  0.396243646221052     
 Abd=            NaN
 Catch=                     NaN
 Abd=            NaN
 Catch=                     NaN
 Abd=   194761.5    
 Catch=   484.173972012622     
 Abd=   1636.336    
 Catch=   326.188162343559     
 Abd=   313163.3    
 Catch=   2345.73603697130     
 Abd=            NaN
 Catch=                     NaN
 Abd=            NaN
 Catch=                     NaN
 Abd=   106718.2    
 Catch=   307.279371524670     
 Abd=   27922.18    
 Catch=   2248.09047627923     
 Abd=            NaN
 Catch=                     NaN
 Abd=   2405.576    
 Catch=   70.0180916204017     
 Abd=            NaN
 Catch=                     NaN
 Abd=   42045.55    
 Catch=   341.469684023606     
 Abd=            NaN
 Catch=                     NaN
 Abd=   1258.818    
 Catch=   5.52051599078431     
 Abd=   1411513.    
 Catch=   3537.05153127177     
 Abd=   132647.4    
 Catch=   1583.61443075357     
 Abd=   97879.66    
 Catch=   245.149559779270     
 Abd=            NaN
 Catch=                     NaN
 Abd=   31172.68    
 Catch=   627.042561317734     
 Abd=   17241.10    
 Catch=   1320.46775555447     
 Abd=   1358302.    
 Catch=   3866.68412090375     
 Abd=   137044.2    
 Catch=   2121.94319447830     
 Abd=   29267.43    
 Catch=   737.262484714388     
 Abd=   3935700.    
 Catch=   15537.6474612149     
 Time step =         2008
 Abd=   55512.21    
 Catch=   366.684641806275     
 Abd=   9500.601    
 Catch=   56.7312283175990     
 Abd=   16536.90    
 Catch=   644.088582800312     
 Abd=   4499.790    
 Catch=   11.2740082887371     
 Abd=   46607.24    
 Catch=   581.695078745021     
 Abd=   37.36731    
 Catch=  0.402744925423265     
 Abd=            NaN
 Catch=                     NaN
 Abd=            NaN
 Catch=                     NaN
 Abd=   193992.7    
 Catch=   479.976751654171     
 Abd=   1778.828    
 Catch=   325.997134623312     
 Abd=   319740.9    
 Catch=   2346.37058561883     
 Abd=            NaN
 Catch=                     NaN
 Abd=            NaN
 Catch=                     NaN
 Abd=   107107.9    
 Catch=   306.595584312745     
 Abd=   31248.65    
 Catch=   2029.29316091026     
 Abd=            NaN
 Catch=                     NaN
 Abd=   2462.731    
 Catch=   75.7097342060819     
 Abd=            NaN
 Catch=                     NaN
 Abd=   42539.34    
 Catch=   348.317210175783     
 Abd=            NaN
 Catch=                     NaN
 Abd=   1258.334    
 Catch=   5.51963504644076     
 Abd=   1417354.    
 Catch=   3555.20435075320     
 Abd=   133325.2    
 Catch=   1584.91744106677     
 Abd=   98236.86    
 Catch=   245.263232000955     
 Abd=            NaN
 Catch=                     NaN
 Abd=   31789.54    
 Catch=   636.376718051223     
 Abd=   18521.33    
 Catch=   1321.76937033554     
 Abd=   1371564.    
 Catch=   3879.88019681311     
 Abd=   137234.9    
 Catch=   2120.53575646272     
 Abd=   30003.26    
 Catch=   746.505012170537     
 Abd=   3893999.    
 Catch=   15386.9503752708     
 Time step =         2009
 Abd=   56034.57    
 Catch=   366.109818341407     
 Abd=   8718.447    
 Catch=   54.2827031902404     
 Abd=   16795.59    
 Catch=   660.506369056006     
 Abd=   4517.455    
 Catch=   11.2047126208455     
 Abd=   46930.57    
 Catch=   578.468575391959     
 Abd=   38.00912    
 Catch=  0.397235409303874     
 Abd=            NaN
 Catch=                     NaN
 Abd=            NaN
 Catch=                     NaN
 Abd=   192295.7    
 Catch=   478.145130066194     
 Abd=   1777.699    
 Catch=   317.701002248648     
 Abd=   319715.6    
 Catch=   2315.16914854651     
 Abd=            NaN
 Catch=                     NaN
 Abd=            NaN
 Catch=                     NaN
 Abd=   106857.2    
 Catch=   307.795973627447     
 Abd=   28160.29    
 Catch=   1972.93806432895     
 Abd=            NaN
 Catch=                     NaN
 Abd=   2665.133    
 Catch=   72.9373121220721     
 Abd=            NaN
 Catch=                     NaN
 Abd=   43398.89    
 Catch=   354.119672589518     
 Abd=            NaN
 Catch=                     NaN
 Abd=   1258.139    
 Catch=   5.53639851791563     
 Abd=   1424656.    
 Catch=   3569.27270629669     
 Abd=   133424.5    
 Catch=   1586.62931665294     
 Abd=   98276.09    
 Catch=   246.150367441949     
 Abd=            NaN
 Catch=                     NaN
 Abd=   32259.79    
 Catch=   659.720442571491     
 Abd=   18528.61    
 Catch=   1359.53774112524     
 Abd=   1376042.    
 Catch=   3848.64863546985     
 Abd=   137137.1    
 Catch=   2145.35131946171     
 Abd=   30373.68    
 Catch=   777.377290854242     
 Abd=   3856296.    
 Catch=   15299.4007618033     
 Time step =         2010
 Abd=   55934.84    
 Catch=   366.024259073159     
 Abd=   8348.584    
 Catch=   48.9987181174213     
 Abd=   17226.71    
 Catch=   659.697488981110     
 Abd=   4488.780    
 Catch=   11.2805004601959     
 Abd=   46660.18    
 Catch=   572.467885643471     
 Abd=   37.46742    
 Catch=  0.401603556959879     
 Abd=            NaN
 Catch=                     NaN
 Abd=            NaN
 Catch=                     NaN
 Abd=   191578.9    
 Catch=   476.665968823944     
 Abd=   1732.472    
 Catch=   300.876093781443     
 Abd=   315451.6    
 Catch=   2326.12194428751     
 Abd=            NaN
 Catch=                     NaN
 Abd=            NaN
 Catch=                     NaN
 Abd=   107288.8    
 Catch=   307.548633203107     
 Abd=   27391.33    
 Catch=   2161.37225611416     
 Abd=            NaN
 Catch=                     NaN
 Abd=   2563.000    
 Catch=   80.0306922501582     
 Abd=            NaN
 Catch=                     NaN
 Abd=   44118.92    
 Catch=   356.802345609409     
 Abd=            NaN
 Catch=                     NaN
 Abd=   1262.040    
 Catch=   5.53442917440627     
 Abd=   1430258.    
 Catch=   3541.85574665439     
 Abd=   133569.2    
 Catch=   1604.22806714740     
 Abd=   98636.98    
 Catch=   245.634301122042     
 Abd=            NaN
 Catch=                     NaN
 Abd=   33455.91    
 Catch=   659.626306715621     
 Abd=   19064.70    
 Catch=   1246.78331989213     
 Abd=   1364758.    
 Catch=   3839.68068214825     
 Abd=   138780.4    
 Catch=   2166.59698344911     
 Abd=   31645.06    
 Catch=   773.542276111554     
 Abd=   3834664.    
 Catch=   15244.6671498677     
 Time step =         2011
 Abd=   55923.42    
 Catch=   365.476471657825     
 Abd=   7527.885    
 Catch=   49.4630868884149     
 Abd=   17199.39    
 Catch=   654.126554036455     
 Abd=   4520.360    
 Catch=   11.2701459491846     
 Abd=   46172.12    
 Catch=   574.298254035162     
 Abd=   37.89725    
 Catch=  0.404388176596294     
 Abd=            NaN
 Catch=                     NaN
 Abd=            NaN
 Catch=                     NaN
 Abd=   190990.4    
 Catch=   475.216429073061     
 Abd=   1640.684    
 Catch=   312.408683769679     
 Abd=   317016.3    
 Catch=   2314.89556662991     
 Abd=            NaN
 Catch=                     NaN
 Abd=            NaN
 Catch=                     NaN
 Abd=   107192.5    
 Catch=   307.704000715091     
 Abd=   30037.07    
 Catch=   2271.67980208060     
 Abd=            NaN
 Catch=                     NaN
 Abd=   2819.283    
 Catch=   70.5160987429222     
 Abd=            NaN
 Catch=                     NaN
 Abd=   44445.32    
 Catch=   357.381001839441     
 Abd=            NaN
 Catch=                     NaN
 Abd=   1261.504    
 Catch=   5.51077666523578     
 Abd=   1418936.    
 Catch=   3544.19774732606     
 Abd=   135075.5    
 Catch=   1613.39215130087     
 Abd=   98418.89    
 Catch=   245.650481044718     
 Abd=            NaN
 Catch=                     NaN
 Abd=   33430.60    
 Catch=   668.974700774189     
 Abd=   17471.36    
 Catch=   1243.40359638062     
 Abd=   1361709.    
 Catch=   3835.83635815190     
 Abd=   140142.6    
 Catch=   2128.95976608358     
 Abd=   31464.59    
 Catch=   784.056783305802     
 Abd=   3821098.    
 Catch=   15181.7770287617     
 Time step =         2012
 Abd=   55838.20    
 Catch=   365.192047549110     
 Abd=   7615.500    
 Catch=   47.1201295633448     
 Abd=   17052.84    
 Catch=   640.965993510892     
 Abd=   4515.462    
 Catch=   11.2554444773175     
 Abd=   46330.20    
 Catch=   567.429142910852     
 Abd=   38.15691    
 Catch=  0.407813161165913     
 Abd=            NaN
 Catch=                     NaN
 Abd=            NaN
 Catch=                     NaN
 Abd=   190409.1    
 Catch=   474.485408033002     
 Abd=   1703.665    
 Catch=   315.387766120992     
 Abd=   315402.1    
 Catch=   2293.21856150348     
 Abd=            NaN
 Catch=                     NaN
 Abd=            NaN
 Catch=                     NaN
 Abd=   107248.2    
 Catch=   308.022565325817     
 Abd=   31577.17    
 Catch=   2388.50361502827     
 Abd=            NaN
 Catch=                     NaN
 Abd=   2475.562    
 Catch=   67.3260587023496     
 Abd=            NaN
 Catch=                     NaN
 Abd=   44512.73    
 Catch=   356.202750377004     
 Abd=            NaN
 Catch=                     NaN
 Abd=   1256.017    
 Catch=   5.49621827823525     
 Abd=   1420121.    
 Catch=   3555.30482319248     
 Abd=   135834.0    
 Catch=   1617.71652050455     
 Abd=   98429.61    
 Catch=   245.846780687860     
 Abd=            NaN
 Catch=                     NaN
 Abd=   33912.56    
 Catch=   658.802807653079     
 Abd=   17434.27    
 Catch=   1265.24715562169     
 Abd=   1360338.    
 Catch=   3818.90029906177     
 Abd=   137641.1    
 Catch=   2078.23161613424     
 Abd=   31901.47    
 Catch=   771.079260195588     
 Abd=   3805290.    
 Catch=   15155.1791754908     
 Time step =         2013
 Abd=   55795.55    
 Catch=   362.760656620774     
 Abd=   7246.190    
 Catch=   49.8053885473807     
 Abd=   16707.79    
 Catch=   669.854210844382     
 Abd=   4509.549    
 Catch=   11.2549920041439     
 Abd=   45764.08    
 Catch=   573.443473520810     
 Abd=   38.48109    
 Catch=  0.405267741626554     
 Abd=            NaN
 Catch=                     NaN
 Abd=            NaN
 Catch=                     NaN
 Abd=   190119.9    
 Catch=   473.339485233257     
 Abd=   1719.850    
 Catch=   327.924730097706     
 Abd=   312437.4    
 Catch=   2249.10019208355     
 Abd=            NaN
 Catch=                     NaN
 Abd=            NaN
 Catch=                     NaN
 Abd=   107360.3    
 Catch=   307.856248324947     
 Abd=   33200.61    
 Catch=   2166.73619758359     
 Abd=            NaN
 Catch=                     NaN
 Abd=   2366.060    
 Catch=   73.9071210380363     
 Abd=            NaN
 Catch=                     NaN
 Abd=   44362.20    
 Catch=   361.538617409211     
 Abd=            NaN
 Catch=                     NaN
 Abd=   1252.745    
 Catch=   5.48958828891324     
 Abd=   1424640.    
 Catch=   3572.41273142887     
 Abd=   136189.3    
 Catch=   1615.73467922715     
 Abd=   98509.66    
 Catch=   245.992228013193     
 Abd=            NaN
 Catch=                     NaN
 Abd=   33381.31    
 Catch=   684.509964315721     
 Abd=   17735.97    
 Catch=   1316.11254151865     
 Abd=   1354256.    
 Catch=   3795.11340644401     
 Abd=   134347.5    
 Catch=   2083.47424538066     
 Abd=   31359.22    
 Catch=   808.010185621391     
 Abd=   3798810.    
 Catch=   15154.2228000742     
 Time step =         2014
 Abd=   55418.01    
 Catch=   361.948545291043     
 Abd=   7675.263    
 Catch=   51.5882767177278     
 Abd=   17474.71    
 Catch=   649.595403445130     
 Abd=   4509.481    
 Catch=   11.3648472561978     
 Abd=   46266.91    
 Catch=   574.832437375782     
 Abd=   38.23038    
 Catch=  0.407436479022635     
 Abd=            NaN
 Catch=                     NaN
 Abd=            NaN
 Catch=                     NaN
 Abd=   189657.4    
 Catch=   473.214000006129     
 Abd=   1788.240    
 Catch=   308.706038460340     
 Abd=   306376.1    
 Catch=   2276.19564828910     
 Abd=            NaN
 Catch=                     NaN
 Abd=            NaN
 Catch=                     NaN
 Abd=   107299.1    
 Catch=   308.211204715689     
 Abd=   30077.97    
 Catch=   1934.27101837477     
 Abd=            NaN
 Catch=                     NaN
 Abd=   2602.624    
 Catch=   74.5602053942656     
 Abd=            NaN
 Catch=                     NaN
 Abd=   45041.84    
 Catch=   362.258736404668     
 Abd=            NaN
 Catch=                     NaN
 Abd=   1251.268    
 Catch=   5.46449483593436     
 Abd=   1431542.    
 Catch=   3573.91883274225     
 Abd=   136012.0    
 Catch=   1612.46296845098     
 Abd=   98568.50    
 Catch=   246.386444532743     
 Abd=            NaN
 Catch=                     NaN
 Abd=   34714.64    
 Catch=   674.707675847789     
 Abd=   18451.87    
 Catch=   1293.79191285123     
 Abd=   1345796.    
 Catch=   3809.15601324467     
 Abd=   134750.5    
 Catch=   2083.85652914353     
 Abd=   32894.51    
 Catch=   790.012283057416     
 Abd=   3798697.    
 Catch=   15144.9069345102     
 Time step =         2015
 Abd=   55299.72    
 Catch=   363.225765935688     
 Abd=   7946.254    
 Catch=   54.5924448865115     
 Abd=   16929.87    
 Catch=   624.470414379861     
 Abd=   4554.418    
 Catch=   11.4026165735442     
 Abd=   46372.34    
 Catch=   569.259906213038     
 Abd=   38.44360    
 Catch=  0.400142065681531     
 Abd=            NaN
 Catch=                     NaN
 Abd=            NaN
 Catch=                     NaN
 Abd=   189615.5    
 Catch=   472.661546552443     
 Abd=   1683.369    
 Catch=   292.269229879253     
 Abd=   310231.0    
 Catch=   2267.33099589602     
 Abd=            NaN
 Catch=                     NaN
 Abd=            NaN
 Catch=                     NaN
 Abd=   107426.3    
 Catch=   308.467175615933     
 Abd=   26839.57    
 Catch=   1888.47082592245     
 Abd=            NaN
 Catch=                     NaN
 Abd=   2621.858    
 Catch=   69.4851422479805     
 Abd=            NaN
 Catch=                     NaN
 Abd=   45119.67    
 Catch=   356.734265285404     
 Abd=            NaN
 Catch=                     NaN
 Abd=   1245.458    
 Catch=   5.44972316283374     
 Abd=   1432016.    
 Catch=   3559.45953537688     
 Abd=   135736.0    
 Catch=   1606.54380581857     
 Abd=   98727.43    
 Catch=   246.195573407321     
 Abd=            NaN
 Catch=                     NaN
 Abd=   34186.45    
 Catch=   659.416778683808     
 Abd=   18133.65    
 Catch=   1189.63838102052     
 Abd=   1350891.    
 Catch=   3815.67591171839     
 Abd=   134766.8    
 Catch=   2066.12401499705     
 Abd=   32126.46    
 Catch=   769.111370926655     
 Abd=   3796315.    
 Catch=   15093.1995006968     
 Time step =         2016
 Abd=   55499.84    
 Catch=   363.180958802255     
 Abd=   8412.689    
 Catch=   56.3458660989928     
 Abd=   16274.30    
 Catch=   629.156971558804     
 Abd=   4568.922    
 Catch=   11.4800405488922     
 Abd=   45914.77    
 Catch=   564.234848414148     
 Abd=   37.73894    
 Catch=  0.386900272904157     
 Abd=            NaN
 Catch=                     NaN
 Abd=            NaN
 Catch=                     NaN
 Abd=   189389.6    
 Catch=   471.462981689635     
 Abd=   1593.742    
 Catch=   307.889535313893     
 Abd=   308934.6    
 Catch=   2264.17881566126     
 Abd=            NaN
 Catch=                     NaN
 Abd=            NaN
 Catch=                     NaN
 Abd=   107515.1    
 Catch=   308.674471970444     
 Abd=   26221.20    
 Catch=   2177.06659644863     
 Abd=            NaN
 Catch=                     NaN
 Abd=   2440.609    
 Catch=   70.1822105304417     
 Abd=            NaN
 Catch=                     NaN
 Abd=   44417.77    
 Catch=   355.306928614051     
 Abd=            NaN
 Catch=                     NaN
 Abd=   1242.142    
 Catch=   5.44491049147052     
 Abd=   1426095.    
 Catch=   3531.67510076014     
 Abd=   135233.6    
 Catch=   1606.52281997620     
 Abd=   98646.30    
 Catch=   245.702483542326     
 Abd=            NaN
 Catch=                     NaN
 Abd=   33408.38    
 Catch=   655.583431588726     
 Abd=   16667.17    
 Catch=   1272.24063279090     
 Abd=   1353286.    
 Catch=   3830.66448011371     
 Abd=   133599.5    
 Catch=   2094.07020906400     
 Abd=   31275.61    
 Catch=   764.962343694307     
 Abd=   3783138.    
 Catch=   15089.7613627071     
 Time step =         2017
 Abd=   55489.23    
 Catch=   364.361328759752     
 Abd=   8678.254    
 Catch=   60.3111746540142     
 Abd=   16405.61    
 Catch=   611.900374506530     
 Abd=   4600.292    
 Catch=   11.5943047718942     
 Abd=   45508.85    
 Catch=   572.843148450006     
 Abd=   36.48011    
 Catch=  0.370000917141467     
 Abd=            NaN
 Catch=                     NaN
 Abd=            NaN
 Catch=                     NaN
 Abd=   188905.2    
 Catch=   468.809839134361     
 Abd=   1679.014    
 Catch=   329.515635688893     
 Abd=   308462.9    
 Catch=   2248.61503556131     
 Abd=            NaN
 Catch=                     NaN
 Abd=            NaN
 Catch=                     NaN
 Abd=   107587.3    
 Catch=   309.183169278475     
 Abd=   30269.21    
 Catch=   2187.93094694430     
 Abd=            NaN
 Catch=                     NaN
 Abd=   2468.227    
 Catch=   75.1138705148099     
 Abd=            NaN
 Catch=                     NaN
 Abd=   44249.63    
 Catch=   351.989723606738     
 Abd=            NaN
 Catch=                     NaN
 Abd=   1241.087    
 Catch=   5.41043562110508     
 Abd=   1414858.    
 Catch=   3533.78838728416     
 Abd=   135240.0    
 Catch=   1592.13458600304     
 Abd=   98446.55    
 Catch=   245.893803083930     
 Abd=            NaN
 Catch=                     NaN
 Abd=   33222.94    
 Catch=   635.791962241292     
 Abd=   17843.04    
 Catch=   1294.04439274688     
 Abd=   1358602.    
 Catch=   3828.93466956651     
 Abd=   135463.3    
 Catch=   2082.44798053797     
 Abd=   31116.35    
 Catch=   738.446730678015     
 Abd=   3782531.    
 Catch=   15104.0829651609     
 Time step =         2018
 Abd=   55673.05    
 Catch=   363.307608461781     
 Abd=   9296.117    
 Catch=   57.9976944220416     
 Abd=   15949.18    
 Catch=   633.477344702910     
 Abd=   4646.346    
 Catch=   11.5890520524197     
 Abd=   46223.83    
 Catch=   575.541693240578     
 Abd=   34.87992    
 Catch=  0.365592112593069     
 Abd=            NaN
 Catch=                     NaN
 Abd=            NaN
 Catch=                     NaN
 Abd=   187832.5    
 Catch=   465.929960441639     
 Abd=   1796.978    
 Catch=   350.804902459594     
 Abd=   306365.2    
 Catch=   2222.91020610591     
 Abd=            NaN
 Catch=                     NaN
 Abd=            NaN
 Catch=                     NaN
 Abd=   107766.4    
 Catch=   310.273106417959     
 Abd=   30383.41    
 Catch=   2010.14177027985     
 Abd=            NaN
 Catch=                     NaN
 Abd=   2643.740    
 Catch=   75.1854684213298     
 Abd=            NaN
 Catch=                     NaN
 Abd=   43832.50    
 Catch=   353.076056752923     
 Abd=            NaN
 Catch=                     NaN
 Abd=   1233.096    
 Catch=   5.39532539394993     
 Abd=   1415950.    
 Catch=   3562.80585519880     
 Abd=   134007.7    
 Catch=   1592.57562053113     
 Abd=   98528.66    
 Catch=   246.979283394711     
 Abd=            NaN
 Catch=                     NaN
 Abd=   32205.80    
 Catch=   644.078734099993     
 Abd=   18142.38    
 Catch=   1434.71645020365     
 Abd=   1357912.    
 Catch=   3818.03518176756     
 Abd=   134660.3    
 Catch=   2103.74424223981     
 Abd=   30023.44    
 Catch=   753.512492610724     
 Abd=   3786207.    
 Catch=   15160.7323737572     
 Time step =         2019
 Abd=   55504.96    
 Catch=   366.101045199430     
 Abd=   8920.814    
 Catch=   55.7694170680635     
 Abd=   16524.02    
 Catch=   650.144961793492     
 Abd=   4643.274    
 Catch=   11.5309669746204     
 Abd=   46432.74    
 Catch=   570.752671150281     
 Abd=   34.48467    
 Catch=  0.364731642194090     
 Abd=            NaN
 Catch=                     NaN
 Abd=            NaN
 Catch=                     NaN
 Abd=   186675.4    
 Catch=   463.803986698010     
 Abd=   1913.051    
 Catch=   283.641347330806     
 Abd=   302793.4    
 Catch=   2181.41032161972     
 Abd=            NaN
 Catch=                     NaN
 Abd=            NaN
 Catch=                     NaN
 Abd=   108150.5    
 Catch=   309.787555826159     
 Abd=   27900.04    
 Catch=   2226.50679558175     
 Abd=            NaN
 Catch=                     NaN
 Abd=   2643.510    
 Catch=   59.3649947658608     
 Abd=            NaN
 Catch=                     NaN
 Abd=   43977.93    
 Catch=   355.118599694556     
 Abd=            NaN
 Catch=                     NaN
 Abd=   1229.739    
 Catch=   5.38445499073063     
 Abd=   1427796.    
 Catch=   3552.28485966870     
 Abd=   134067.5    
 Catch=   1598.79695497899     
 Abd=   98970.88    
 Catch=   246.759559630463     
 Abd=            NaN
 Catch=                     NaN
 Abd=   32649.75    
 Catch=   663.357073795422     
 Abd=   20124.47    
 Catch=   1202.99542964332     
 Abd=   1353951.    
 Catch=   3745.96090675240     
 Abd=   136082.8    
 Catch=   2098.67706238224     
 Abd=   30662.25    
 Catch=   781.186185170294     
 Abd=   3800612.    
 Catch=   15227.2661759603     
 Time step =         2020
 Abd=   55943.74    
 Catch=   366.428019099429     
 Abd=   8577.955    
 Catch=   58.7262945868981     
 Abd=   16956.34    
 Catch=   638.766580156430     
 Abd=   4619.583    
 Catch=   11.5129857002210     
 Abd=   46034.95    
 Catch=   573.825864922916     
 Abd=   34.40934    
 Catch=  0.371807353754596     
 Abd=            NaN
 Catch=                     NaN
 Abd=            NaN
 Catch=                     NaN
 Abd=   185830.1    
 Catch=   461.609874500347     
 Abd=   1546.601    
 Catch=   299.252241262990     
 Abd=   297149.6    
 Catch=   2165.14273301039     
 Abd=            NaN
 Catch=                     NaN
 Abd=            NaN
 Catch=                     NaN
 Abd=   107968.7    
 Catch=   309.985679497157     
 Abd=   30954.02    
 Catch=   2240.04402315968     
 Abd=            NaN
 Catch=                     NaN
 Abd=   2081.246    
 Catch=   65.6128878749564     
 Abd=            NaN
 Catch=                     NaN
 Abd=   44234.41    
 Catch=   354.686007487485     
 Abd=            NaN
 Catch=                     NaN
 Abd=   1227.281    
 Catch=   5.38489000258769     
 Abd=   1423247.    
 Catch=   3543.76844729822     
 Abd=   134599.9    
 Catch=   1596.38582133424     
 Abd=   98871.80    
 Catch=   246.654179807554     
 Abd=            NaN
 Catch=                     NaN
 Abd=   33635.60    
 Catch=   658.279771701276     
 Abd=   16844.31    
 Catch=   1219.16985175810     
 Abd=   1327984.    
 Catch=   3743.99932457911     
 Abd=   135718.1    
 Catch=   2081.25597291663     
 Abd=   31795.72    
 Catch=   771.078256049163     
 Abd=   3817336.    
 Catch=   15259.4542640961     
 Time step =         2021
 Abd=   55986.03    
 Catch=   364.517117439122     
 Abd=   9049.292    
 Catch=   60.4723569348342     
 Abd=   16650.42    
 Catch=   638.430119041203     
 Abd=   4612.729    
 Catch=   11.4847943397834     
 Abd=   46294.45    
 Catch=   569.684692757300     
 Abd=   35.09102    
 Catch=  0.360366568208954     
 Abd=            NaN
 Catch=                     NaN
 Abd=            NaN
 Catch=                     NaN
 Abd=   184949.5    
 Catch=   459.594491018957     
 Abd=   1631.895    
 Catch=   303.287944417908     
 Abd=   294989.2    
 Catch=   2154.94126528493     
 Abd=            NaN
 Catch=                     NaN
 Abd=            NaN
 Catch=                     NaN
 Abd=   108042.8    
 Catch=   310.626619425465     
 Abd=   31111.76    
 Catch=   2191.14856711401     
 Abd=            NaN
 Catch=                     NaN
 Abd=   2311.167    
 Catch=   70.8534767627384     
 Abd=            NaN
 Catch=                     NaN
 Abd=   44174.42    
 Catch=   351.419339435021     
 Abd=            NaN
 Catch=                     NaN
 Abd=   1227.431    
 Catch=   5.35459370809052     
 Abd=   1419858.    
 Catch=   3538.37519988889     
 Abd=   134383.4    
 Catch=   1585.67397158884     
 Abd=   98831.70    
 Catch=   246.976787294753     
 Abd=            NaN
 Catch=                     NaN
 Abd=   33357.05    
 Catch=   660.790411520438     
 Abd=   17092.20    
 Catch=   1297.15939627146     
 Abd=   1327804.    
 Catch=   3746.20228055251     
 Abd=   134578.5    
 Catch=   2045.32277529237     
 Abd=   31360.01    
 Catch=   776.200218582822     
 Abd=   3825228.    
 Catch=   15259.2270160824     
 Time step =         2022
 Abd=   55687.66    
 Catch=   364.679732032616     
 Abd=   9313.631    
 Catch=   63.7921900366582     
 Abd=   16646.14    
 Catch=   630.886093613787     
 Abd=   4601.345    
 Catch=   11.4630827455645     
 Abd=   45950.03    
 Catch=   575.562877591386     
 Abd=   33.97921    
 Catch=  0.356279278460363     
 Abd=            NaN
 Catch=                     NaN
 Abd=            NaN
 Catch=                     NaN
 Abd=   184143.6    
 Catch=   458.320170645571     
 Abd=   1653.881    
 Catch=   291.933333312586     
 Abd=   293611.8    
 Catch=   2203.96915968750     
 Abd=            NaN
 Catch=                     NaN
 Abd=            NaN
 Catch=                     NaN
 Abd=   108269.1    
 Catch=   310.500044527190     
 Abd=   30423.24    
 Catch=   2245.49974999075     
 Abd=            NaN
 Catch=                     NaN
 Abd=   2493.951    
 Catch=   68.9606240305066     
 Abd=            NaN
 Catch=                     NaN
 Abd=   43761.88    
 Catch=   350.773908836019     
 Abd=            NaN
 Catch=                     NaN
 Abd=   1220.384    
 Catch=   5.34114482013626     
 Abd=   1417722.    
 Catch=   3523.89686791111     
 Abd=   133470.0    
 Catch=   1595.69060360925     
 Abd=   98964.41    
 Catch=   246.675226320785     
 Abd=            NaN
 Catch=                     NaN
 Abd=   33492.70    
 Catch=   653.132990772084     
 Abd=   18191.94    
 Catch=   1188.89068529312     
 Abd=   1328593.    
 Catch=   3789.61693749123     
 Abd=   132234.4    
 Catch=   2050.15804735025     
 Abd=   31580.00    
 Catch=   763.953036037387     
 Abd=   3825014.    
 Catch=   15290.5878560840     
 Time step =         2023
 Abd=   55718.94    
 Catch=   364.308506090295     
 Abd=   9829.770    
 Catch=   63.8793410037745     
 Abd=   16446.66    
 Catch=   604.342240617616     
 Abd=   4592.600    
 Catch=   11.3463737430790     
 Abd=   46438.15    
 Catch=   577.751747507374     
 Abd=   33.60636    
 Catch=  0.356603661550864     
 Abd=            NaN
 Catch=                     NaN
 Abd=            NaN
 Catch=                     NaN
 Abd=   183636.8    
 Catch=   456.940219618555     
 Abd=   1591.926    
 Catch=   314.023023844056     
 Abd=   300455.9    
 Catch=   2237.50399474069     
 Abd=            NaN
 Catch=                     NaN
 Abd=            NaN
 Catch=                     NaN
 Abd=   108219.5    
 Catch=   309.353483214946     
 Abd=   31200.81    
 Catch=   2164.54991306537     
 Abd=            NaN
 Catch=                     NaN
 Abd=   2423.550    
 Catch=   72.9136871248473     
 Abd=            NaN
 Catch=                     NaN
 Abd=   43687.25    
 Catch=   351.581068559741     
 Abd=            NaN
 Catch=                     NaN
 Abd=   1217.398    
 Catch=   5.30483861926388     
 Abd=   1411846.    
 Catch=   3532.33246235547     
 Abd=   134345.6    
 Catch=   1600.40085998176     
 Abd=   98838.44    
 Catch=   246.635743087805     
 Abd=            NaN
 Catch=                     NaN
 Abd=   33094.52    
 Catch=   627.198327261146     
 Abd=   16656.46    
 Catch=   1257.26585391395     
 Abd=   1344292.    
 Catch=   3821.24003057852     
 Abd=   132594.6    
 Catch=   2033.06510306072     
 Abd=   31069.27    
 Catch=   723.089873134491     
 Abd=   3833036.    
 Catch=   15295.6443945941     
 Time step =         2024
 Abd=   55660.54    
 Catch=   362.422708729829     
 Abd=   9832.607    
 Catch=   65.3103678260563     
 Abd=   15751.03    
 Catch=   584.170751744142     
 Abd=   4545.153    
 Catch=   11.2527408420071     
 Abd=   46609.18    
 Catch=   571.473930211356     
 Abd=   33.64458    
 Catch=  0.345919636601832     
 Abd=            NaN
 Catch=                     NaN
 Abd=            NaN
 Catch=                     NaN
 Abd=   183083.9    
 Catch=   455.275044988137     
 Abd=   1712.476    
 Catch=   301.964886077769     
 Abd=   304983.3    
 Catch=   2245.48444749153     
 Abd=            NaN
 Catch=                     NaN
 Abd=            NaN
 Catch=                     NaN
 Abd=   107813.5    
 Catch=   309.807286876868     
 Abd=   30065.57    
 Catch=   2086.52347536305     
 Abd=            NaN
 Catch=                     NaN
 Abd=   2565.969    
 Catch=   63.7627214748363     
 Abd=            NaN
 Catch=                     NaN
 Abd=   43790.77    
 Catch=   347.540362542141     
 Abd=            NaN
 Catch=                     NaN
 Abd=   1209.015    
 Catch=   5.27746899636753     
 Abd=   1415416.    
 Catch=   3538.96240248026     
 Abd=   134732.9    
 Catch=   1598.02069372759     
 Abd=   98824.97    
 Catch=   247.081465165927     
 Abd=            NaN
 Catch=                     NaN
 Abd=   31767.27    
 Catch=   615.181649673885     
 Abd=   17631.85    
 Catch=   1277.49581864828     
 Abd=   1355420.    
 Catch=   3824.09516358437     
 Abd=   131461.7    
 Catch=   2007.64442357686     
 Abd=   29393.59    
 Catch=   706.381428046832     
 Abd=   3834168.    
 Catch=   15308.6034110784     
 Time step =         2025
 Abd=   55367.56    
 Catch=   361.618115335087     
 Abd=   10057.26    
 Catch=   68.6225635285202     
 Abd=   15226.45    
 Catch=   584.268445276016     
 Abd=   4507.832    
 Catch=   11.2472258299660     
 Abd=   46091.12    
 Catch=   567.078419617366     
 Abd=   32.61883    
 Catch=  0.346151305277756     
 Abd=            NaN
 Catch=                     NaN
 Abd=            NaN
 Catch=                     NaN
 Abd=   182413.7    
 Catch=   453.438685019750     
 Abd=   1646.624    
 Catch=   277.063410487881     
 Abd=   306000.0    
 Catch=   2230.92893228324     
 Abd=            NaN
 Catch=                     NaN
 Abd=            NaN
 Catch=                     NaN
 Abd=   107982.5    
 Catch=   307.859313164834     
 Abd=   28968.54    
 Catch=   2226.72901751429     
 Abd=            NaN
 Catch=                     NaN
 Abd=   2239.215    
 Catch=   57.8383753032156     
 Abd=            NaN
 Catch=                     NaN
 Abd=   43276.34    
 Catch=   344.675953908089     
 Abd=            NaN
 Catch=                     NaN
 Abd=   1202.818    
 Catch=   5.25626316599466     
 Abd=   1418055.    
 Catch=   3487.50713223556     
 Abd=   134521.0    
 Catch=   1582.91556624040     
 Abd=   99007.41    
 Catch=   245.646571968888     
 Abd=            NaN
 Catch=                     NaN
 Abd=   31169.92    
 Catch=   608.701424870725     
 Abd=   17907.88    
 Catch=   1164.86841626562     
 Abd=   1356224.    
 Catch=   3823.23973861349     
 Abd=   129809.9    
 Catch=   2006.07537574589     
 Abd=   28727.50    
 Catch=   701.196772940567     
 Abd=   3837465.    
 Catch=   15342.2830806131     
 Time step =         2026
 Abd=   55248.77    
 Catch=   361.442897017201     
 Abd=   10573.14    
 Catch=   66.9495166181234     
 Abd=   15233.90    
 Catch=   572.499800920100     
 Abd=   4506.367    
 Catch=   11.2462103545749     
 Abd=   45739.78    
 Catch=   575.622165077806     
 Abd=   32.65873    
 Catch=  0.344436114381657     
 Abd=            NaN
 Catch=                     NaN
 Abd=            NaN
 Catch=                     NaN
 Abd=   181676.2    
 Catch=   451.634225265796     
 Abd=   1510.898    
 Catch=   309.694312785203     
 Abd=   303961.7    
 Catch=   2248.04820987531     
 Abd=            NaN
 Catch=                     NaN
 Abd=            NaN
 Catch=                     NaN
 Abd=   107287.5    
 Catch=   307.660388055037     
 Abd=   30944.83    
 Catch=   2200.76454286518     
 Abd=            NaN
 Catch=                     NaN
 Abd=   2031.729    
 Catch=   64.9307988685364     
 Abd=            NaN
 Catch=                     NaN
 Abd=   42922.41    
 Catch=   339.313603793687     
 Abd=            NaN
 Catch=                     NaN
 Abd=   1198.011    
 Catch=   5.21953605624255     
 Abd=   1396972.    
 Catch=   3489.77087906655     
 Abd=   133230.2    
 Catch=   1573.80157669210     
 Abd=   98417.64    
 Catch=   245.557629684243     
 Abd=            NaN
 Catch=                     NaN
 Abd=   30844.61    
 Catch=   600.086829637636     
 Abd=   16329.99    
 Catch=   1204.76592316487     
 Abd=   1355902.    
 Catch=   3837.56028359629     
 Abd=   129735.4    
 Catch=   2007.26402240110     
 Abd=   28523.19    
 Catch=   694.345329513592     
 Abd=   3846016.    
 Catch=   15448.7993243662     
 Time step =         2027
 Abd=   55223.63    
 Catch=   359.414917396247     
 Abd=   10300.22    
 Catch=   67.2299269483646     
 Abd=   14923.34    
 Catch=   582.178269906957     
 Abd=   4505.966    
 Catch=   11.2908423280335     
 Abd=   46446.08    
 Catch=   578.116000768951     
 Abd=   32.49279    
 Catch=  0.324316903140362     
 Abd=            NaN
 Catch=                     NaN
 Abd=            NaN
 Catch=                     NaN
 Abd=   180955.6    
 Catch=   450.509195526476     
 Abd=   1688.961    
 Catch=   337.394825304920     
 Abd=   306375.4    
 Catch=   2232.25530706949     
 Abd=            NaN
 Catch=                     NaN
 Abd=            NaN
 Catch=                     NaN
 Abd=   107229.8    
 Catch=   307.850884201027     
 Abd=   30566.88    
 Catch=   1832.62199271892     
 Abd=            NaN
 Catch=                     NaN
 Abd=   2288.046    
 Catch=   72.9157609671151     
 Abd=            NaN
 Catch=                     NaN
 Abd=   42249.05    
 Catch=   338.705520430223     
 Abd=            NaN
 Catch=                     NaN
 Abd=   1189.570    
 Catch=   5.18481032839711     
 Abd=   1398318.    
 Catch=   3515.34879160311     
 Abd=   132473.1    
 Catch=   1582.11757070615     
 Abd=   98392.66    
 Catch=   246.356320173380     
 Abd=            NaN
 Catch=                     NaN
 Abd=   30406.62    
 Catch=   586.840360142470     
 Abd=   16895.06    
 Catch=   1355.31904870992     
 Abd=   1361083.    
 Catch=   3828.57314138822     
 Abd=   129814.1    
 Catch=   1992.53593020221     
 Abd=   28241.43    
 Catch=   679.403443783526     
 Abd=   3873080.    
 Catch=   15558.2377944660     
 Time step =         2028
 Abd=   54907.52    
 Catch=   360.636919235423     
 Abd=   10349.23    
 Catch=   67.0617106216675     
 Abd=   15182.91    
 Catch=   603.464112539144     
 Abd=   4524.216    
 Catch=   11.3323491544061     
 Abd=   46639.02    
 Catch=   575.076108133267     
 Abd=   30.56496    
 Catch=  0.314102942225348     
 Abd=            NaN
 Catch=                     NaN
 Abd=            NaN
 Catch=                     NaN
 Abd=   180508.3    
 Catch=   448.911436560176     
 Abd=   1839.934    
 Catch=   307.462068376297     
 Abd=   304083.0    
 Catch=   2222.72902326231     
 Abd=            NaN
 Catch=                     NaN
 Abd=            NaN
 Catch=                     NaN
 Abd=   107299.3    
 Catch=   308.779777561365     
 Abd=   25425.09    
 Catch=   1867.94399581670     
 Abd=            NaN
 Catch=                     NaN
 Abd=   2568.013    
 Catch=   65.1806519244878     
 Abd=            NaN
 Catch=                     NaN
 Abd=   42184.76    
 Catch=   339.050405358125     
 Abd=            NaN
 Catch=                     NaN
 Abd=   1181.664    
 Catch=   5.14873591392174     
 Abd=   1408752.    
 Catch=   3514.94037943752     
 Abd=   133200.0    
 Catch=   1581.76061252870     
 Abd=   98718.95    
 Catch=   246.998983331013     
 Abd=            NaN
 Catch=                     NaN
 Abd=   29733.06    
 Catch=   604.695735483081     
 Abd=   19011.06    
 Catch=   1315.61990696464     
 Abd=   1357672.    
 Catch=   3821.98670812563     
 Abd=   128844.0    
 Catch=   2008.77984781799     
 Abd=   27631.48    
 Catch=   702.361253940483     
 Abd=   3900520.    
 Catch=   15619.3688847355     
 Time step =         2029
 Abd=   55103.94    
 Catch=   364.256946218624     
 Abd=   10321.89    
 Catch=   65.5681088124662     
 Abd=   15741.92    
 Catch=   590.680574222363     
 Abd=   4540.812    
 Catch=   11.4015328621391     
 Abd=   46386.21    
 Catch=   576.959403190542     
 Abd=   29.61742    
 Catch=  0.319079051903249     
 Abd=            NaN
 Catch=                     NaN
 Abd=            NaN
 Catch=                     NaN
 Abd=   179864.8    
 Catch=   447.997556610279     
 Abd=   1676.583    
 Catch=   303.369125724670     
 Abd=   302839.3    
 Catch=   2266.23621762066     
 Abd=            NaN
 Catch=                     NaN
 Abd=            NaN
 Catch=                     NaN
 Abd=   107628.0    
 Catch=   307.971316336179     
 Abd=   25946.64    
 Catch=   2296.65717348593     
 Abd=            NaN
 Catch=                     NaN
 Abd=   2288.719    
 Catch=   65.2467931299047     
 Abd=            NaN
 Catch=                     NaN
 Abd=   42229.83    
 Catch=   335.080674819276     
 Abd=            NaN
 Catch=                     NaN
 Abd=   1173.440    
 Catch=   5.12922111046695     
 Abd=   1408372.    
 Catch=   3479.48577167499     
 Abd=   133156.5    
 Catch=   1585.95569965938     
 Abd=   98975.03    
 Catch=   246.105480052776     
 Abd=            NaN
 Catch=                     NaN
 Abd=   30663.93    
 Catch=   597.296410047942     
 Abd=   18439.43    
 Catch=   1277.73121802399     
 Abd=   1355370.    
 Catch=   3848.43687351111     
 Abd=   129930.5    
 Catch=   2028.05901260142     
 Abd=   28589.32    
 Catch=   691.817414024986     
 Abd=   3915598.    
 Catch=   15671.4518651913     
 Time step =         2030
 Abd=   55665.03    
 Catch=   364.042544052580     
 Abd=   10088.28    
 Catch=   65.9391345470328     
 Abd=   15397.94    
 Catch=   600.773053607519     
 Abd=   4568.708    
 Catch=   11.3840540171547     
 Abd=   46544.96    
 Catch=   581.047352778590     
 Abd=   30.11343    
 Catch=  0.320864648161643     
 Abd=            NaN
 Catch=                     NaN
 Abd=            NaN
 Catch=                     NaN
 Abd=   179505.1    
 Catch=   447.052302246391     
 Abd=   1654.342    
 Catch=   328.529893050560     
 Abd=   308924.2    
 Catch=   2310.10529533175     
 Abd=            NaN
 Catch=                     NaN
 Abd=            NaN
 Catch=                     NaN
 Abd=   107334.4    
 Catch=   308.939204580007     
 Abd=   31946.40    
 Catch=   2399.49351023628     
 Abd=            NaN
 Catch=                     NaN
 Abd=   2295.178    
 Catch=   71.9139412343402     
 Abd=            NaN
 Catch=                     NaN
 Abd=   41726.04    
 Catch=   336.314301408783     
 Abd=            NaN
 Catch=                     NaN
 Abd=   1169.064    
 Catch=   5.10869727611253     
 Abd=   1393886.    
 Catch=   3480.53268150380     
 Abd=   133516.6    
 Catch=   1598.64505681646     
 Abd=   98604.86    
 Catch=   246.207511695081     
 Abd=            NaN
 Catch=                     NaN
 Abd=   30266.62    
 Catch=   592.156869903637     
 Abd=   17912.82    
 Catch=   1293.22274326345     
 Abd=   1365034.    
 Catch=   3876.03977542472     
 Abd=   131182.3    
 Catch=   2017.93475704485     
 Abd=   28136.65    
 Catch=   681.751911606356     
 Abd=   3928614.    
 Catch=   15755.9117824663     
 Time step =         2031
 Abd=   55619.88    
 Catch=   364.692663889693     
 Abd=   10150.79    
 Catch=   67.8317659553307     
 Abd=   15668.16    
 Catch=   602.220302181601     
 Abd=   4561.056    
 Catch=   11.3774926175901     
 Abd=   46877.48    
 Catch=   581.100740779442     
 Abd=   30.27492    
 Catch=  0.327313815926536     
 Abd=            NaN
 Catch=                     NaN
 Abd=            NaN
 Catch=                     NaN
 Abd=   179125.8    
 Catch=   445.265826858040     
 Abd=   1791.628    
 Catch=   312.462522937789     
 Abd=   314901.8    
 Catch=   2331.17544356958     
 Abd=            NaN
 Catch=                     NaN
 Abd=            NaN
 Catch=                     NaN
 Abd=   107683.6    
 Catch=   309.757224166640     
 Abd=   33344.16    
 Catch=   2339.53335605657     
 Abd=            NaN
 Catch=                     NaN
 Abd=   2532.811    
 Catch=   63.5726172444660     
 Abd=            NaN
 Catch=                     NaN
 Abd=   41891.55    
 Catch=   334.552816789897     
 Abd=            NaN
 Catch=                     NaN
 Abd=   1164.382    
 Catch=   5.07460768411111     
 Abd=   1394604.    
 Catch=   3482.66094914129     
 Abd=   134598.0    
 Catch=   1604.75339156357     
 Abd=   98654.58    
 Catch=   246.644167288462     
 Abd=            NaN
 Catch=                     NaN
 Abd=   30007.22    
 Catch=   594.796820123287     
 Abd=   18134.26    
 Catch=   1301.41397641456     
 Abd=   1374827.    
 Catch=   3890.69024325521     
 Abd=   130493.0    
 Catch=   2023.16339665990     
 Abd=   27728.14    
 Catch=   685.145078856077     
 Abd=   3949955.    
 Catch=   15793.0580990402     
 Time step =         2032
 Abd=   55722.01    
 Catch=   364.428314124714     
 Abd=   10446.81    
 Catch=   62.3482838611787     
 Abd=   15701.56    
 Catch=   622.874207557012     
 Abd=   4558.517    
 Catch=   11.3763866738196     
 Abd=   46876.48    
 Catch=   580.192182674583     
 Abd=   30.89227    
 Catch=  0.331647192533669     
 Abd=            NaN
 Catch=                     NaN
 Abd=            NaN
 Catch=                     NaN
 Abd=   178401.4    
 Catch=   443.659182447958     
 Abd=   1703.859    
 Catch=   312.701323121254     
 Abd=   317674.3    
 Catch=   2335.46674252427     
 Abd=            NaN
 Catch=                     NaN
 Abd=            NaN
 Catch=                     NaN
 Abd=   107967.3    
 Catch=   310.567640965233     
 Abd=   32503.12    
 Catch=   2210.66393111212     
 Abd=            NaN
 Catch=                     NaN
 Abd=   2232.446    
 Catch=   68.1868722434456     
 Abd=            NaN
 Catch=                     NaN
 Abd=   41664.81    
 Catch=   338.371283733014     
 Abd=            NaN
 Catch=                     NaN
 Abd=   1156.549    
 Catch=   5.05876144459185     
 Abd=   1395460.    
 Catch=   3483.11112818007     
 Abd=   135100.8    
 Catch=   1596.93609193000     
 Abd=   98831.08    
 Catch=   246.966305722589     
 Abd=            NaN
 Catch=                     NaN
 Abd=   30148.83    
 Catch=   610.792236821219     
 Abd=   18243.29    
 Catch=   1273.89154224932     
 Abd=   1379899.    
 Catch=   3892.90290832795     
 Abd=   130848.7    
 Catch=   2016.02640675632     
 Abd=   27875.04    
 Catch=   707.223512285841     
 Abd=   3959032.    
 Catch=   15850.0023717918     
 Time step =         2033
 Abd=   55678.85    
 Catch=   364.097794909379     
 Abd=   9581.602    
 Catch=   56.8212591778477     
 Abd=   16246.30    
 Catch=   644.133482030432     
 Abd=   4558.122    
 Catch=   11.3981122227349     
 Abd=   46801.69    
 Catch=   584.944786631856     
 Abd=   31.29686    
 Catch=  0.329879241719947     
 Abd=            NaN
 Catch=                     NaN
 Abd=            NaN
 Catch=                     NaN
 Abd=   177761.2    
 Catch=   441.614481604316     
 Abd=   1705.201    
 Catch=   348.173751497013     
 Abd=   318254.7    
 Catch=   2303.30354267521     
 Abd=            NaN
 Catch=                     NaN
 Abd=            NaN
 Catch=                     NaN
 Abd=   108249.7    
 Catch=   311.111178214448     
 Abd=   30692.85    
 Catch=   2028.09096225862     
 Abd=            NaN
 Catch=                     NaN
 Abd=   2400.477    
 Catch=   75.7625037900853     
 Abd=            NaN
 Catch=                     NaN
 Abd=   42153.50    
 Catch=   345.804642282355     
 Abd=            NaN
 Catch=                     NaN
 Abd=   1153.020    
 Catch=   5.05361777636678     
 Abd=   1395626.    
 Catch=   3511.24537482361     
 Abd=   134422.0    
 Catch=   1585.74442913533     
 Abd=   98959.17    
 Catch=   247.828286647505     
 Abd=            NaN
 Catch=                     NaN
 Abd=   30970.06    
 Catch=   634.234117132862     
 Abd=   17853.65    
 Catch=   1419.92527540437     
 Abd=   1380629.    
 Catch=   3871.55093890066     
 Abd=   130372.1    
 Catch=   2017.24836961935     
 Abd=   28785.98    
 Catch=   737.411172873107     
 Abd=   3973418.    
 Catch=   15968.0824673125     
 Time step =         2034
 Abd=   55628.16    
 Catch=   365.362620776099     
 Abd=   8731.219    
 Catch=   57.5918931076044     
 Abd=   16800.72    
 Catch=   663.974564554868     
 Abd=   4567.013    
 Catch=   11.3362332026739     
 Abd=   47193.80    
 Catch=   587.528584240504     
 Abd=   31.11944    
 Catch=  0.333129314936185     
 Abd=            NaN
 Catch=                     NaN
 Abd=            NaN
 Catch=                     NaN
 Abd=   176937.5    
 Catch=   439.378775295999     
 Abd=   1898.735    
 Catch=   279.839636371654     
 Abd=   313777.6    
 Catch=   2282.04410138458     
 Abd=            NaN
 Catch=                     NaN
 Abd=            NaN
 Catch=                     NaN
 Abd=   108437.8    
 Catch=   310.177133554789     
 Abd=   28146.64    
 Catch=   1962.07232366793     
 Abd=            NaN
 Catch=                     NaN
 Abd=   2667.973    
 Catch=   65.0975553206448     
 Abd=            NaN
 Catch=                     NaN
 Abd=   43087.72    
 Catch=   350.310217710327     
 Abd=            NaN
 Catch=                     NaN
 Abd=   1151.897    
 Catch=   5.02888095872601     
 Abd=   1407129.    
 Catch=   3498.35302099852     
 Abd=   133474.7    
 Catch=   1584.64757923357     
 Abd=   99309.20    
 Catch=   247.281697229165     
 Abd=            NaN
 Catch=                     NaN
 Abd=   32164.49    
 Catch=   657.651645164966     
 Abd=   19916.94    
 Catch=   1213.37885553423     
 Abd=   1372891.    
 Catch=   3837.00725117515     
 Abd=   130459.4    
 Catch=   1991.58090897364     
 Abd=   30020.62    
 Catch=   767.162654205647     
 Abd=   4003316.    
 Catch=   16113.6747375649     
 Time step =         2035
 Abd=   55826.26    
 Catch=   366.096441771407     
 Abd=   8867.905    
 Catch=   58.2972556338207     
 Abd=   17318.41    
 Catch=   642.496542350602     
 Abd=   4541.524    
 Catch=   11.3488907993636     
 Abd=   47398.57    
 Catch=   584.737703247374     
 Abd=   31.43495    
 Catch=  0.323601294713730     
 Abd=            NaN
 Catch=                     NaN
 Abd=            NaN
 Catch=                     NaN
 Abd=   176040.2    
 Catch=   438.231430438283     
 Abd=   1525.878    
 Catch=   273.811257007684     
 Abd=   310871.8    
 Catch=   2291.62766775808     
 Abd=            NaN
 Catch=                     NaN
 Abd=            NaN
 Catch=                     NaN
 Abd=   108101.5    
 Catch=   308.523100995308     
 Abd=   27247.43    
 Catch=   2157.50003641814     
 Abd=            NaN
 Catch=                     NaN
 Abd=   2284.384    
 Catch=   58.2583644167443     
 Abd=            NaN
 Catch=                     NaN
 Abd=   43641.86    
 Catch=   350.140119442926     
 Abd=            NaN
 Catch=                     NaN
 Abd=   1146.169    
 Catch=   4.99878453699410     
 Abd=   1401622.    
 Catch=   3453.68730840119     
 Abd=   133397.5    
 Catch=   1587.01601838823     
 Abd=   99078.44    
 Catch=   245.614727545339     
 Abd=            NaN
 Catch=                     NaN
 Abd=   33353.30    
 Catch=   654.942378598085     
 Abd=   16993.59    
 Catch=   1114.68145343717     
 Abd=   1360528.    
 Catch=   3844.32266400387     
 Abd=   128769.0    
 Catch=   2026.19336511922     
 Abd=   31230.67    
 Catch=   756.624248033060     
 Abd=   4039943.    
 Catch=   16253.0614517361     
 Time step =         2036
 Abd=   55936.67    
 Catch=   367.384352069986     
 Abd=   8975.681    
 Catch=   60.9263271707734     
 Abd=   16745.85    
 Catch=   610.386002626070     
 Abd=   4547.220    
 Catch=   11.4291920969231     
 Abd=   47166.30    
 Catch=   589.899279947336     
 Abd=   30.51398    
 Catch=  0.323724623185268     
 Abd=            NaN
 Catch=                     NaN
 Abd=            NaN
 Catch=                     NaN
 Abd=   175588.1    
 Catch=   437.180065905758     
 Abd=   1493.123    
 Catch=   315.607499858413     
 Abd=   312296.7    
 Catch=   2325.73638657867     
 Abd=            NaN
 Catch=                     NaN
 Abd=            NaN
 Catch=                     NaN
 Abd=   107520.8    
 Catch=   308.342155187694     
 Abd=   29985.99    
 Catch=   2029.48556734525     
 Abd=            NaN
 Catch=                     NaN
 Abd=   2045.458    
 Catch=   65.6937068410403     
 Abd=            NaN
 Catch=                     NaN
 Abd=   43609.15    
 Catch=   348.108316361984     
 Abd=            NaN
 Catch=                     NaN
 Abd=   1139.286    
 Catch=   4.97001615300462     
 Abd=   1383477.    
 Catch=   3463.51098215288     
 Abd=   133602.5    
 Catch=   1590.04033532212     
 Abd=   98401.94    
 Catch=   245.556298266977     
 Abd=            NaN
 Catch=                     NaN
 Abd=   33190.84    
 Catch=   629.034412983134     
 Abd=   15619.00    
 Catch=   1224.09074586645     
 Abd=   1363443.    
 Catch=   3864.53256805790     
 Abd=   131079.4    
 Catch=   2035.05004731031     
 Abd=   30773.26    
 Catch=   719.297558381085     
 Abd=   4074845.    
 Catch=   16408.6369757853     
 Time step =         2037
 Abd=   56135.00    
 Catch=   367.482231234293     
 Abd=   9386.385    
 Catch=   62.3507860498791     
 Abd=   15907.73    
 Catch=   602.153286715816     
 Abd=   4579.944    
 Catch=   11.3613067111844     
 Abd=   47593.36    
 Catch=   590.522646259429     
 Abd=   30.54234    
 Catch=  0.322005459542020     
 Abd=            NaN
 Catch=                     NaN
 Abd=            NaN
 Catch=                     NaN
 Abd=   175168.7    
 Catch=   434.705404822461     
 Abd=   1721.210    
 Catch=   287.542600040729     
 Abd=   317002.8    
 Catch=   2321.35186050076     
 Abd=            NaN
 Catch=                     NaN
 Abd=            NaN
 Catch=                     NaN
 Abd=   107467.4    
 Catch=   307.954787454131     
 Abd=   28172.51    
 Catch=   1863.45202077172     
 Abd=            NaN
 Catch=                     NaN
 Abd=   2314.546    
 Catch=   67.8635214983583     
 Abd=            NaN
 Catch=                     NaN
 Abd=   43351.63    
 Catch=   342.561464637586     
 Abd=            NaN
 Catch=                     NaN
 Abd=   1132.731    
 Catch=   4.92633797356216     
 Abd=   1387858.    
 Catch=   3470.90440882143     
 Abd=   133858.0    
 Catch=   1601.24540475159     
 Abd=   98391.38    
 Catch=   245.661986592263     
 Abd=            NaN
 Catch=                     NaN
 Abd=   31861.95    
 Catch=   624.113606224794     
 Abd=   17172.89    
 Catch=   1205.33776582520     
 Abd=   1370690.    
 Catch=   3845.33965267970     
 Abd=   131621.5    
 Catch=   2027.72833837751     
 Abd=   29241.79    
 Catch=   717.314791442636     
 Abd=   4113920.    
 Catch=   16575.2906540216     
 Time step =         2038
 Abd=   56146.35    
 Catch=   367.736885937578     
 Abd=   9601.490    
 Catch=   62.2875957965174     
 Abd=   15699.09    
 Catch=   611.054186527825     
 Abd=   4551.884    
 Catch=   11.3947378100013     
 Abd=   47637.73    
 Catch=   579.183066448218     
 Abd=   30.37692    
 Catch=  0.327420149819876     
 Abd=            NaN
 Catch=                     NaN
 Abd=            NaN
 Catch=                     NaN
 Abd=   174166.0    
 Catch=   434.084433643874     
 Abd=   1567.958    
 Catch=   266.026836805033     
 Abd=   316304.5    
 Catch=   2301.83928594035     
 Abd=            NaN
 Catch=                     NaN
 Abd=            NaN
 Catch=                     NaN
 Abd=   107331.0    
 Catch=   306.270709855442     
 Abd=   25863.32    
 Catch=   2149.24599571367     
 Abd=            NaN
 Catch=                     NaN
 Abd=   2387.600    
 Catch=   59.2501669329254     
 Abd=            NaN
 Catch=                     NaN
 Abd=   42653.64    
 Catch=   343.404653584557     
 Abd=            NaN
 Catch=                     NaN
 Abd=   1122.709    
 Catch=   4.92287915611903     
 Abd=   1390792.    
 Catch=   3422.45541775060     
 Abd=   134813.8    
 Catch=   1604.96965928539     
 Abd=   98433.94    
 Catch=   244.166834662933     
 Abd=            NaN
 Catch=                     NaN
 Abd=   31629.43    
 Catch=   621.026780682696     
 Abd=   16894.89    
 Catch=   1121.08051634681     
 Abd=   1363448.    
 Catch=   3830.90772452881     
 Abd=   131127.3    
 Catch=   2008.84063418284     
 Abd=   29181.85    
 Catch=   714.574509587798     
 Abd=   4155752.    
 Catch=   16721.9005004945     
 Time step =         2039
 Abd=   56186.34    
 Catch=   367.838625055083     
 Abd=   9587.266    
 Catch=   61.0613684039897     
 Abd=   15936.02    
 Catch=   607.599341893470     
 Abd=   4565.786    
 Catch=   11.4354484843122     
 Abd=   46707.05    
 Catch=   577.881522536259     
 Abd=   30.90036    
 Catch=  0.332165224300511     
 Abd=            NaN
 Catch=                     NaN
 Abd=            NaN
 Catch=                     NaN
 Abd=   173931.2    
 Catch=   432.936364359387     
 Abd=   1450.693    
 Catch=   296.562297720388     
 Abd=   313608.9    
 Catch=   2301.08400292938     
 Abd=            NaN
 Catch=                     NaN
 Abd=            NaN
 Catch=                     NaN
 Abd=   106735.7    
 Catch=   305.879221268625     
 Abd=   29883.33    
 Catch=   2266.17488947791     
 Abd=            NaN
 Catch=                     NaN
 Abd=   2080.147    
 Catch=   61.0463582670836     
 Abd=            NaN
 Catch=                     NaN
 Abd=   42773.41    
 Catch=   342.665974645842     
 Abd=            NaN
 Catch=                     NaN
 Abd=   1122.102    
 Catch=   4.92716995561573     
 Abd=   1370932.    
 Catch=   3408.45589532995     
 Abd=   135115.1    
 Catch=   1601.16853899248     
 Abd=   97822.27    
 Catch=   243.482874961897     
 Abd=            NaN
 Catch=                     NaN
 Abd=   31471.78    
 Catch=   616.364259732511     
 Abd=   15714.71    
 Catch=   1164.82932908509     
 Abd=   1358533.    
 Catch=   3834.39328693304     
 Abd=   129893.4    
 Catch=   1996.99633186084     
 Abd=   29066.75    
 Catch=   711.317198556605     
 Abd=   4192396.    
 Catch=   16811.6923640286     
 Time step =         2040
 Abd=   56201.10    
 Catch=   369.737684980068     
 Abd=   9395.378    
 Catch=   62.7626299733353     
 Abd=   15841.24    
 Catch=   619.039007112409     
 Abd=   4582.116    
 Catch=   11.4467100824786     
 Abd=   46615.37    
 Catch=   584.328038949366     
 Abd=   31.34648    
 Catch=  0.332340193764618     
 Abd=            NaN
 Catch=                     NaN
 Abd=            NaN
 Catch=                     NaN
 Abd=   173467.6    
 Catch=   431.185469456166     
 Abd=   1617.302    
 Catch=   337.163221029952     
 Abd=   313555.2    
 Catch=   2285.28644545277     
 Abd=            NaN
 Catch=                     NaN
 Abd=            NaN
 Catch=                     NaN
 Abd=   106607.8    
 Catch=   306.688847026667     
 Abd=   31488.51    
 Catch=   1934.31043044915     
 Abd=            NaN
 Catch=                     NaN
 Abd=   2147.420    
 Catch=   69.5100542014553     
 Abd=            NaN
 Catch=                     NaN
 Abd=   42677.39    
 Catch=   345.848428307450     
 Abd=            NaN
 Catch=                     NaN
 Abd=   1123.114    
 Catch=   4.91541884852740     
 Abd=   1365605.    
 Catch=   3432.08685747124     
 Abd=   134784.5    
 Catch=   1590.67077505292     
 Abd=   97555.64    
 Catch=   244.194578567145     
 Abd=            NaN
 Catch=                     NaN
 Abd=   31234.15    
 Catch=   625.286913283451     
 Abd=   16332.80    
 Catch=   1305.99898784624     
 Abd=   1359884.    
 Catch=   3813.02032770955     
 Abd=   129136.2    
 Catch=   1983.46466532417     
 Abd=   28934.59    
 Catch=   725.738944128467     
 Abd=   4214625.    
 Catch=   16928.9752592670     
 Time step =         2041
 Abd=   56496.65    
 Catch=   370.572411784026     
 Abd=   9666.012    
 Catch=   61.8024522791972     
 Abd=   16144.36    
 Catch=   609.882655919499     
 Abd=   4586.397    
 Catch=   11.4057890385264     
 Abd=   47145.52    
 Catch=   588.150072287721     
 Abd=   31.35492    
 Catch=  0.328459546761242     
 Abd=            NaN
 Catch=                     NaN
 Abd=            NaN
 Catch=                     NaN
 Abd=   172761.0    
 Catch=   429.088321892631     
 Abd=   1838.744    
 Catch=   331.654293280999     
 Abd=   311361.4    
 Catch=   2254.63212818389     
 Abd=            NaN
 Catch=                     NaN
 Abd=            NaN
 Catch=                     NaN
 Abd=   106898.3    
 Catch=   307.864321653064     
 Abd=   26834.42    
 Catch=   1858.74729396059     
 Abd=            NaN
 Catch=                     NaN
 Abd=   2449.175    
 Catch=   72.4342882936458     
 Abd=            NaN
 Catch=                     NaN
 Abd=   43082.86    
 Catch=   342.321432141332     
 Abd=            NaN
 Catch=                     NaN
 Abd=   1120.362    
 Catch=   4.88991699988549     
 Abd=   1375379.    
 Catch=   3451.68909976178     
 Abd=   133890.7    
 Catch=   1583.11917947299     
 Abd=   97852.09    
 Catch=   245.155800839745     
 Abd=            NaN
 Catch=                     NaN
 Abd=   31697.82    
 Catch=   640.544899531541     
 Abd=   18324.67    
 Catch=   1377.98968226512     
 Abd=   1352131.    
 Catch=   3787.82585200066     
 Abd=   128259.5    
 Catch=   1991.90335898761     
 Abd=   29532.99    
 Catch=   747.454625369970     
 Abd=   4244160.    
 Catch=   16939.5037527725     
 Time step =         2042
 Abd=   56620.71    
 Catch=   371.729371946926     
 Abd=   9510.014    
 Catch=   62.0374394649073     
 Abd=   15899.77    
 Catch=   636.695856242054     
 Abd=   4569.583    
 Catch=   11.4604353279449     
 Abd=   47450.81    
 Catch=   585.913594828254     
 Abd=   30.98174    
 Catch=  0.327900344174486     
 Abd=            NaN
 Catch=                     NaN
 Abd=            NaN
 Catch=                     NaN
 Abd=   171917.9    
 Catch=   427.727788730409     
 Abd=   1808.539    
 Catch=   293.208442865897     
 Abd=   307149.7    
 Catch=   2270.50944388064     
 Abd=            NaN
 Catch=                     NaN
 Abd=            NaN
 Catch=                     NaN
 Abd=   107310.3    
 Catch=   307.562447623094     
 Abd=   25806.80    
 Catch=   2118.66722984022     
 Abd=            NaN
 Catch=                     NaN
 Abd=   2548.166    
 Catch=   69.7391988238798     
 Abd=            NaN
 Catch=                     NaN
 Abd=   42628.34    
 Catch=   345.643462989566     
 Abd=            NaN
 Catch=                     NaN
 Abd=   1114.489    
 Catch=   4.91146012349022     
 Abd=   1383193.    
 Catch=   3420.63019615763     
 Abd=   133259.6    
 Catch=   1588.40796073129     
 Abd=   98238.02    
 Catch=   244.417870425122     
 Abd=            NaN
 Catch=                     NaN
 Abd=   32476.33    
 Catch=   649.239817710898     
 Abd=   19322.92    
 Catch=   1246.69927456630     
 Abd=   1343172.    
 Catch=   3798.02381841857     
 Abd=   128830.0    
 Catch=   2034.09176095270     
 Abd=   30420.29    
 Catch=   758.056701015603     
 Abd=   4246246.    
 Catch=   16907.4890938973     
 Time step =         2043
 Abd=   56798.38    
 Catch=   373.633624714661     
 Abd=   9549.832    
 Catch=   58.3643197590706     
 Abd=   16610.02    
 Catch=   656.331268181502     
 Abd=   4592.257    
 Catch=   11.4775897983039     
 Abd=   47261.66    
 Catch=   594.078335563906     
 Abd=   30.93498    
 Catch=  0.309853893316188     
 Abd=            NaN
 Catch=                     NaN
 Abd=            NaN
 Catch=                     NaN
 Abd=   171378.0    
 Catch=   425.542918192324     
 Abd=   1598.852    
 Catch=   320.619208181129     
 Abd=   309432.6    
 Catch=   2280.68963637763     
 Abd=            NaN
 Catch=                     NaN
 Abd=            NaN
 Catch=                     NaN
 Abd=   107195.0    
 Catch=   308.398342844989     
 Abd=   29454.82    
 Catch=   2238.47135119196     
 Abd=            NaN
 Catch=                     NaN
 Abd=   2450.947    
 Catch=   76.0799265904321     
 Abd=            NaN
 Catch=                     NaN
 Abd=   43057.93    
 Catch=   349.830134349682     
 Abd=            NaN
 Catch=                     NaN
 Abd=   1119.614    
 Catch=   4.94062885301505     
 Abd=   1370336.    
 Catch=   3430.88694618079     
 Abd=   133724.6    
 Catch=   1607.73144618991     
 Abd=   97928.73    
 Catch=   244.814045149650     
 Abd=            NaN
 Catch=                     NaN
 Abd=   32911.20    
 Catch=   668.822414600990     
 Abd=   17470.42    
 Catch=   1286.99069343535     
 Abd=   1347038.    
 Catch=   3800.82222980191     
 Abd=   131601.8    
 Catch=   2001.88510698025     
 Abd=   30844.88    
 Catch=   782.980634039111     
 Abd=   4238034.    
 Catch=   16886.5596105089     
 Time step =         2044
 Abd=   57091.70    
 Catch=   374.064389619892     
 Abd=   8974.831    
 Catch=   54.8542096685784     
 Abd=   17118.83    
 Catch=   664.960214284785     
 Abd=   4598.811    
 Catch=   11.3473694619285     
 Abd=   47934.44    
 Catch=   598.912664045690     
 Abd=   29.20403    
 Catch=  0.315457993850163     
 Abd=            NaN
 Catch=                     NaN
 Abd=            NaN
 Catch=                     NaN
 Abd=   170496.1    
 Catch=   423.432012551476     
 Abd=   1748.473    
 Catch=   312.438382617404     
 Abd=   310760.9    
 Catch=   2220.96571438434     
 Abd=            NaN
 Catch=                     NaN
 Abd=            NaN
 Catch=                     NaN
 Abd=   107494.3    
 Catch=   308.183052579520     
 Abd=   31106.05    
 Catch=   1903.58692310805     
 Abd=            NaN
 Catch=                     NaN
 Abd=   2678.881    
 Catch=   72.9292362973095     
 Abd=            NaN
 Catch=                     NaN
 Abd=   43581.10    
 Catch=   353.559760751766     
 Abd=            NaN
 Catch=                     NaN
 Abd=   1126.294    
 Catch=   4.94139944007554     
 Abd=   1374789.    
 Catch=   3445.89420180739     
 Abd=   135372.6    
 Catch=   1615.35964313466     
 Abd=   98097.75    
 Catch=   245.011433364051     
 Abd=            NaN
 Catch=                     NaN
 Abd=   33913.03    
 Catch=   667.637345218624     
 Abd=   18045.09    
 Catch=   1264.43087997449     
 Abd=   1347938.    
 Catch=   3765.28508141580     
 Abd=   129428.8    
 Catch=   1989.76022902075     
 Abd=   31867.65    
 Catch=   778.732744106805     
 Abd=   4232842.    
 Catch=   16890.4716949627     
 Time step =         2045
 Abd=   57152.75    
 Catch=   374.213722833708     
 Abd=   8433.598    
 Catch=   53.2026973385201     
 Abd=   17340.55    
 Catch=   664.449954980813     
 Abd=   4546.248    
 Catch=   11.3301617437360     
 Abd=   48320.42    
 Catch=   597.261272862463     
 Abd=   29.77266    
 Catch=  0.315699982426926     
 Abd=            NaN
 Catch=                     NaN
 Abd=            NaN
 Catch=                     NaN
 Abd=   169652.0    
 Catch=   422.298195764017     
 Abd=   1703.767    
 Catch=   286.086606390280     
 Abd=   302486.0    
 Catch=   2238.08499651526     
 Abd=            NaN
 Catch=                     NaN
 Abd=            NaN
 Catch=                     NaN
 Abd=   107411.6    
 Catch=   307.646040868228     
 Abd=   26408.34    
 Catch=   2008.41343323285     
 Abd=            NaN
 Catch=                     NaN
 Abd=   2563.147    
 Catch=   64.3690447369543     
 Abd=            NaN
 Catch=                     NaN
 Abd=   44045.27    
 Catch=   353.346760499529     
 Abd=            NaN
 Catch=                     NaN
 Abd=   1126.337    
 Catch=   4.91873283469350     
 Abd=   1380833.    
 Catch=   3430.71842860778     
 Abd=   135995.7    
 Catch=   1609.94722735768     
 Abd=   98174.92    
 Catch=   244.646316901857     
 Abd=            NaN
 Catch=                     NaN
 Abd=   33836.68    
 Catch=   662.937828021926     
 Abd=   17724.19    
 Catch=   1182.14699645912     
 Abd=   1335044.    
 Catch=   3763.18380741444     
 Abd=   128667.9    
 Catch=   2007.52320179741     
 Abd=   31677.03    
 Catch=   771.939304571758     
 Abd=   4233948.    
 Catch=   16989.6861190892     
 Time step =         2046
 Abd=   57174.45    
 Catch=   368.681377031888     
 Abd=   8184.440    
 Catch=   54.0953371219692     
 Abd=   17324.63    
 Catch=   644.847862439800     
 Abd=   4539.484    
 Catch=   11.4169393931469     
 Abd=   48177.58    
 Catch=   585.820237469396     
 Abd=   29.78520    
 Catch=  0.311255525429871     
 Abd=            NaN
 Catch=                     NaN
 Abd=            NaN
 Catch=                     NaN
 Abd=   169204.4    
 Catch=   421.747808305190     
 Abd=   1560.030    
 Catch=   284.676617092050     
 Abd=   305017.1    
 Catch=   2266.45807825601     
 Abd=            NaN
 Catch=                     NaN
 Abd=            NaN
 Catch=                     NaN
 Abd=   107222.2    
 Catch=   307.612021660070     
 Abd=   27901.59    
 Catch=   2192.88666364327     
 Abd=            NaN
 Catch=                     NaN
 Abd=   2259.491    
 Catch=   65.0228788679023     
 Abd=            NaN
 Catch=                     NaN
 Abd=   44007.69    
 Catch=   352.850732057594     
 Abd=            NaN
 Catch=                     NaN
 Abd=   1121.071    
 Catch=   4.89626386200778     
 Abd=   1374504.    
 Catch=   3396.62377153779     
 Abd=   135520.8    
 Catch=   1621.91291914151     
 Abd=   98024.08    
 Catch=   243.954075003339     
 Abd=            NaN
 Catch=                     NaN
 Abd=   33595.05    
 Catch=   647.000894791673     
 Abd=   16565.22    
 Catch=   1200.06620966407     
 Abd=   1334598.    
 Catch=   3777.62960726146     
 Abd=   129850.4    
 Catch=   2015.19682896965     
 Abd=   31398.87    
 Catch=   748.167936568494     
 Abd=   4259300.    
 Catch=   17056.6589086666     
 Time step =         2047
 Abd=   56312.91    
 Catch=   370.190096323799     
 Abd=   8329.570    
 Catch=   57.3112782887346     
 Abd=   16807.62    
 Catch=   625.128526001442     
 Abd=   4575.098    
 Catch=   11.4608358906753     
 Abd=   47242.84    
 Catch=   588.234299660512     
 Abd=   29.35773    
 Catch=  0.305087978381580     
 Abd=            NaN
 Catch=                     NaN
 Abd=            NaN
 Catch=                     NaN
 Abd=   168988.5    
 Catch=   420.187933004633     
 Abd=   1552.392    
 Catch=   325.497497948315     
 Abd=   308885.7    
 Catch=   2271.26365185939     
 Abd=            NaN
 Catch=                     NaN
 Abd=            NaN
 Catch=                     NaN
 Abd=   107214.7    
 Catch=   308.869187280535     
 Abd=   30474.88    
 Catch=   2169.42523306619     
 Abd=            NaN
 Catch=                     NaN
 Abd=   2286.800    
 Catch=   69.1349076013918     
 Abd=            NaN
 Catch=                     NaN
 Abd=   43944.69    
 Catch=   348.392033965426     
 Abd=            NaN
 Catch=                     NaN
 Abd=   1115.947    
 Catch=   4.86198919624446     
 Abd=   1360700.    
 Catch=   3407.84547865464     
 Abd=   136554.6    
 Catch=   1617.86604106004     
 Abd=   97743.58    
 Catch=   244.435927562209     
 Abd=            NaN
 Catch=                     NaN
 Abd=   32776.97    
 Catch=   627.572875023565     
 Abd=   16828.05    
 Catch=   1275.69204500530     
 Abd=   1339820.    
 Catch=   3776.23032754755     
 Abd=   130335.1    
 Catch=   2000.46652617765     
 Abd=   30419.55    
 Catch=   724.506157359798     
 Abd=   4275912.    
 Catch=   17134.8744486687     
 Time step =         2048
 Abd=   56565.07    
 Catch=   369.406112472556     
 Abd=   8831.916    
 Catch=   61.2871904963998     
 Abd=   16294.14    
 Catch=   619.732696867676     
 Abd=   4592.311    
 Catch=   11.4653320478065     
 Abd=   47455.44    
 Catch=   579.715738875087     
 Abd=   28.77334    
 Catch=  0.305893608662348     
 Abd=            NaN
 Catch=                     NaN
 Abd=            NaN
 Catch=                     NaN
 Abd=   168356.2    
 Catch=   418.875728367376     
 Abd=   1775.159    
 Catch=   320.219468656005     
 Abd=   309505.1    
 Catch=   2289.82999675043     
 Abd=            NaN
 Catch=                     NaN
 Abd=            NaN
 Catch=                     NaN
 Abd=   107661.1    
 Catch=   310.443617998098     
 Abd=   30123.14    
 Catch=   2122.91016295617     
 Abd=            NaN
 Catch=                     NaN
 Abd=   2432.967    
 Catch=   70.9924076474417     
 Abd=            NaN
 Catch=                     NaN
 Abd=   43380.71    
 Catch=   347.189143306674     
 Abd=            NaN
 Catch=                     NaN
 Abd=   1108.086    
 Catch=   4.82337540392748     
 Abd=   1365565.    
 Catch=   3400.57266640701     
 Abd=   136189.2    
 Catch=   1630.40087912751     
 Abd=   97946.86    
 Catch=   244.740645448399     
 Abd=            NaN
 Catch=                     NaN
 Abd=   31791.10    
 Catch=   621.667137057856     
 Abd=   17893.43    
 Catch=   1347.33679627541     
 Abd=   1339225.    
 Catch=   3783.11947616691     
 Abd=   129357.1    
 Catch=   1973.66240640606     
 Abd=   29459.43    
 Catch=   718.976911105720     
 Abd=   4295578.    
 Catch=   17166.3349825372     
 Time step =         2049
 Abd=   56437.98    
 Catch=   370.893288064352     
 Abd=   9446.276    
 Catch=   60.8793731840138     
 Abd=   16158.38    
 Catch=   615.847461137065     
 Abd=   4593.807    
 Catch=   11.5453493795514     
 Abd=   46752.99    
 Catch=   578.236647086746     
 Abd=   28.86118    
 Catch=  0.307015722384326     
 Abd=            NaN
 Catch=                     NaN
 Abd=            NaN
 Catch=                     NaN
 Abd=   167831.7    
 Catch=   417.582634649350     
 Abd=   1746.206    
 Catch=   328.070892258158     
 Abd=   312068.5    
 Catch=   2266.70862031247     
 Abd=            NaN
 Catch=                     NaN
 Abd=            NaN
 Catch=                     NaN
 Abd=   108212.1    
 Catch=   311.882237314165     
 Abd=   29475.17    
 Catch=   2309.73715512403     
 Abd=            NaN
 Catch=                     NaN
 Abd=   2496.946    
 Catch=   72.1213216323911     
 Abd=            NaN
 Catch=                     NaN
 Abd=   43238.38    
 Catch=   344.594171206265     
 Abd=            NaN
 Catch=                     NaN
 Abd=   1099.263    
 Catch=   4.80346742802887     
 Abd=   1362491.    
 Catch=   3405.63361954277     
 Abd=   137270.1    
 Catch=   1609.36591486234     
 Abd=   98067.41    
 Catch=   245.298761898180     
 Abd=            NaN
 Catch=                     NaN
 Abd=   31502.94    
 Catch=   616.145428774609     
 Abd=   18892.98    
 Catch=   1360.30864453366     
 Abd=   1341726.    
 Catch=   3774.98698070519     
 Abd=   127610.8    
 Catch=   1978.75808722456     
 Abd=   29245.88    
 Catch=   712.865246196457     
 Abd=   4303221.    
 Catch=   17277.6682947949     
 Time step =         2050
 Abd=   56671.87    
 Catch=   371.990949716091     
 Abd=   9369.407    
 Catch=   61.0647736280779     
 Abd=   16056.92    
 Catch=   574.048731148198     
 Abd=   4626.491    
 Catch=   11.5487029841381     
 Abd=   46643.64    
 Catch=   578.568703148936     
 Abd=   28.96767    
 Catch=  0.299902684607705     
 Abd=            NaN
 Catch=                     NaN
 Abd=            NaN
 Catch=                     NaN
 Abd=   167313.7    
 Catch=   415.526540537319     
 Abd=   1789.030    
 Catch=   348.656697965824     
 Abd=   308813.4    
 Catch=   2219.54365788704     
 Abd=            NaN
 Catch=                     NaN
 Abd=            NaN
 Catch=                     NaN
 Abd=   108712.4    
 Catch=   313.559924261404     
 Abd=   32105.21    
 Catch=   2334.62471265378     
 Abd=            NaN
 Catch=                     NaN
 Abd=   2536.166    
 Catch=   77.4601552607031     
 Abd=            NaN
 Catch=                     NaN
 Abd=   42911.84    
 Catch=   333.927887645033     
 Abd=            NaN
 Catch=                     NaN
 Abd=   1094.808    
 Catch=   4.78816833827704     
 Abd=   1364622.    
 Catch=   3430.54847707190     
 Abd=   135448.1    
 Catch=   1601.72393068861     
 Abd=   98293.12    
 Catch=   246.358752247215     
 Abd=            NaN
 Catch=                     NaN
 Abd=   31222.02    
 Catch=   589.296606496142     
 Abd=   19065.62    
 Catch=   1400.90204918330     
 Abd=   1338738.    
 Catch=   3739.60217829247     
 Abd=   127976.5    
 Catch=   1982.32818773999     
 Abd=   28995.28    
 Catch=   678.251297097682     
 Abd=   4331538.    
 Catch=   17368.8898980436     
 Time step =         2051
 Abd=   56838.73    
 Catch=   372.245836140617     
 Abd=   9399.928    
 Catch=   61.3516100913537     
 Abd=   14957.06    
 Catch=   582.694698290104     
 Abd=   4626.891    
 Catch=   11.4165699131046     
 Abd=   46672.65    
 Catch=   584.517896614897     
 Abd=   28.28206    
 Catch=  0.292932618475294     
 Abd=            NaN
 Catch=                     NaN
 Abd=            NaN
 Catch=                     NaN
 Abd=   166483.7    
 Catch=   413.449878469536     
 Abd=   1901.330    
 Catch=   348.251444682414     
 Abd=   302328.2    
 Catch=   2215.00615558777     
 Abd=            NaN
 Catch=                     NaN
 Abd=            NaN
 Catch=                     NaN
 Abd=   109298.7    
 Catch=   313.915857170682     
 Abd=   32437.85    
 Catch=   2148.68253812419     
 Abd=            NaN
 Catch=                     NaN
 Abd=   2726.357    
 Catch=   77.1445031729244     
 Abd=            NaN
 Catch=                     NaN
 Abd=   41566.01    
 Catch=   330.979446701795     
 Abd=            NaN
 Catch=                     NaN
 Abd=   1091.344    
 Catch=   4.75727414676509     
 Abd=   1374769.    
 Catch=   3454.72909969327     
 Abd=   134825.3    
 Catch=   1582.86998259709     
 Abd=   98721.89    
 Catch=   247.250133273648     
 Abd=            NaN
 Catch=                     NaN
 Abd=   29844.47    
 Catch=   582.697784864210     
 Abd=   19639.88    
 Catch=   1466.16062668467     
 Abd=   1326004.    
 Catch=   3729.84904034472     
 Abd=   128205.3    
 Catch=   1978.86791436432     
 Abd=   27570.41    
 Catch=   670.736510016941     
 Abd=   4354292.    
 Catch=   17358.8830241516     
 Time step =         2052
 Abd=   56874.45    
 Catch=   371.796661986653     
 Abd=   9444.334    
 Catch=   63.0542722112153     
 Abd=   15195.74    
 Catch=   603.795826512245     
 Abd=   4573.198    
 Catch=   11.3836000074470     
 Abd=   47161.02    
 Catch=   580.955489740326     
 Abd=   27.62514    
 Catch=  0.292870477490860     
 Abd=            NaN
 Catch=                     NaN
 Abd=            NaN
 Catch=                     NaN
 Abd=   165650.7    
 Catch=   412.639481872163     
 Abd=   1899.066    
 Catch=   319.579987408421     
 Abd=   301809.8    
 Catch=   2202.25306668151     
 Abd=            NaN
 Catch=                     NaN
 Abd=            NaN
 Catch=                     NaN
 Abd=   109414.2    
 Catch=   315.103831711101     
 Abd=   29828.50    
 Catch=   2303.19582057722     
 Abd=            NaN
 Catch=                     NaN
 Abd=   2712.929    
 Catch=   77.8239110822165     
 Abd=            NaN
 Catch=                     NaN
 Abd=   41216.24    
 Catch=   330.390505882369     
 Abd=            NaN
 Catch=                     NaN
 Abd=   1084.225    
 Catch=   4.75741179668362     
 Abd=   1384449.    
 Catch=   3452.28599201462     
 Abd=   133222.7    
 Catch=   1575.14923740925     
 Abd=   99076.75    
 Catch=   247.862716510568     
 Abd=            NaN
 Catch=                     NaN
 Abd=   29526.78    
 Catch=   593.345267610289     
 Abd=   20558.01    
 Catch=   1426.41171977686     
 Abd=   1322711.    
 Catch=   3702.11865764408     
 Abd=   127972.2    
 Catch=   1984.49518821415     
 Abd=   27280.66    
 Catch=   689.447204959317     
 Abd=   4351278.    
 Catch=   17385.1229723593     
 Time step =         2053
 Abd=   56803.48    
 Catch=   375.970261457149     
 Abd=   9710.801    
 Catch=   65.5493721016137     
 Abd=   15750.18    
 Catch=   573.412964698191     
 Abd=   4560.787    
 Catch=   11.4283348154214     
 Abd=   46859.74    
 Catch=   582.150590821544     
 Abd=   27.63096    
 Catch=  0.298703722429225     
 Abd=            NaN
 Catch=                     NaN
 Abd=            NaN
 Catch=                     NaN
 Abd=   165337.1    
 Catch=   411.119930493510     
 Abd=   1742.690    
 Catch=   325.006857259512     
 Abd=   300057.3    
 Catch=   2193.17156723594     
 Abd=            NaN
 Catch=                     NaN
 Abd=            NaN
 Catch=                     NaN
 Abd=   109833.7    
 Catch=   316.310553979825     
 Abd=   31999.49    
 Catch=   2230.75753266045     
 Abd=            NaN
 Catch=                     NaN
 Abd=   2736.837    
 Catch=   73.2376088096408     
 Abd=            NaN
 Catch=                     NaN
 Abd=   41148.65    
 Catch=   324.481029848699     
 Abd=            NaN
 Catch=                     NaN
 Abd=   1084.402    
 Catch=   4.75793118139336     
 Abd=   1383252.    
 Catch=   3443.82952613529     
 Abd=   132589.2    
 Catch=   1572.41835725079     
 Abd=   99319.92    
 Catch=   248.063151909208     
 Abd=            NaN
 Catch=                     NaN
 Abd=   30081.95    
 Catch=   582.360439903072     
 Abd=   19996.97    
 Catch=   1366.03462524222     
 Abd=   1312762.    
 Catch=   3691.82546972857     
 Abd=   128345.4    
 Catch=   1970.93934967260     
 Abd=   28060.40    
 Catch=   674.296673599480     
 Abd=   4358041.    
 Catch=   17354.4209130104     
 Time step =         2054
 Abd=   57455.64    
 Catch=   380.539083043183     
 Abd=   10097.36    
 Catch=   63.9258531096718     
 Abd=   14941.64    
 Catch=   579.130322760494     
 Abd=   4579.334    
 Catch=   11.5217886404266     
 Abd=   46961.95    
 Catch=   586.738718517893     
 Abd=   28.19181    
 Catch=  0.289467192415869     
 Abd=            NaN
 Catch=                     NaN
 Abd=            NaN
 Catch=                     NaN
 Abd=   164721.5    
 Catch=   409.503310589804     
 Abd=   1772.324    
 Catch=   335.173939177779     
 Abd=   298830.9    
 Catch=   2192.10178077383     
 Abd=            NaN
 Catch=                     NaN
 Abd=            NaN
 Catch=                     NaN
 Abd=   110254.0    
 Catch=   317.403665656409     
 Abd=   30978.61    
 Catch=   2326.44813432310     
 Abd=            NaN
 Catch=                     NaN
 Abd=   2573.119    
 Catch=   77.2999832817670     
 Abd=            NaN
 Catch=                     NaN
 Abd=   40400.36    
 Catch=   323.546654216034     
 Abd=            NaN
 Catch=                     NaN
 Abd=   1084.518    
 Catch=   4.75227750071072     
 Abd=   1379816.    
 Catch=   3444.49928840527     
 Abd=   132365.8    
 Catch=   1585.70246063958     
 Abd=   99397.77    
 Catch=   248.455269278358     
 Abd=            NaN
 Catch=                     NaN
 Abd=   29505.32    
 Catch=   570.597357580295     
 Abd=   19144.54    
 Catch=   1400.60372804494     
 Abd=   1309228.    
 Catch=   3680.34732632765     
 Abd=   127448.5    
 Catch=   1955.67285647764     
 Abd=   27421.23    
 Catch=   657.932036153779     
 Abd=   4350066.    
 Catch=   17378.2044749783     
 Time step =         2055
 Abd=   58154.31    
 Catch=   382.987197683170     
 Abd=   9835.131    
 Catch=   59.5043935374870     
 Abd=   15102.30    
 Catch=   588.794202840133     
 Abd=   4617.154    
 Catch=   11.5214268139522     
 Abd=   47337.64    
 Catch=   589.964457941363     
 Abd=   27.29380    
 Catch=  0.278017961702094     
 Abd=            NaN
 Catch=                     NaN
 Abd=            NaN
 Catch=                     NaN
 Abd=   164073.9    
 Catch=   406.118375910769     
 Abd=   1827.763    
 Catch=   329.452165427942     
 Abd=   298706.2    
 Catch=   2188.41135030633     
 Abd=            NaN
 Catch=                     NaN
 Abd=            NaN
 Catch=                     NaN
 Abd=   110634.1    
 Catch=   318.662256428511     
 Abd=   32335.27    
 Catch=   2269.63173953367     
 Abd=            NaN
 Catch=                     NaN
 Abd=   2720.109    
 Catch=   77.1857885502613     
 Abd=            NaN
 Catch=                     NaN
 Abd=   40295.38    
 Catch=   322.921245595674     
 Abd=            NaN
 Catch=                     NaN
 Abd=   1083.200    
 Catch=   4.73866978269992     
 Abd=   1380158.    
 Catch=   3458.71163535703     
 Abd=   133508.7    
 Catch=   1590.93959081368     
 Abd=   99556.41    
 Catch=   249.146709584770     
 Abd=            NaN
 Catch=                     NaN
 Abd=   28910.07    
 Catch=   578.930635992367     
 Abd=   19636.46    
 Catch=   1363.50845055101     
 Abd=   1305150.    
 Catch=   3661.55577644795     
 Abd=   126462.6    
 Catch=   1924.52126248655     
 Abd=   26755.19    
 Catch=   671.383032187997     
 Abd=   4356308.    
 Catch=   17458.5082583507     
 Time step =         2056
 Abd=   58521.76    
 Catch=   380.894101208424     
 Abd=   9146.844    
 Catch=   56.5033147548891     
 Abd=   15354.82    
 Catch=   605.882569218790     
 Abd=   4617.134    
 Catch=   11.4243190003123     
 Abd=   47595.99    
 Catch=   591.063948042554     
 Abd=   26.21059    
 Catch=  0.266300639553079     
 Abd=            NaN
 Catch=                     NaN
 Abd=            NaN
 Catch=                     NaN
 Abd=   162705.8    
 Catch=   404.435922395959     
 Abd=   1796.543    
 Catch=   334.391162396268     
 Abd=   298192.8    
 Catch=   2186.40590166222     
 Abd=            NaN
 Catch=                     NaN
 Abd=            NaN
 Catch=                     NaN
 Abd=   111073.8    
 Catch=   320.600279922953     
 Abd=   31527.12    
 Catch=   2199.51828838252     
 Abd=            NaN
 Catch=                     NaN
 Abd=   2713.715    
 Catch=   79.6781053320487     
 Abd=            NaN
 Catch=                     NaN
 Abd=   40218.10    
 Catch=   324.289332118028     
 Abd=            NaN
 Catch=                     NaN
 Abd=   1080.060    
 Catch=   4.72232822117939     
 Abd=   1385964.    
 Catch=   3476.15730280709     
 Abd=   133936.6    
 Catch=   1593.64728423349     
 Abd=   99834.88    
 Catch=   250.435946033998     
 Abd=            NaN
 Catch=                     NaN
 Abd=   29348.46    
 Catch=   595.332927284092     
 Abd=   19112.58    
 Catch=   1436.10716057928     
 Abd=   1298434.    
 Catch=   3644.71149367037     
 Abd=   124426.2    
 Catch=   1937.75879889214     
 Abd=   27321.27    
 Catch=   694.635280869206     
 Abd=   4376722.    
 Catch=   17512.5649736550     
 Time step =         2057
 Abd=   58188.39    
 Catch=   379.357584389161     
 Abd=   8688.853    
 Catch=   55.7472300070799     
 Abd=   15802.64    
 Catch=   607.408032547924     
 Abd=   4576.552    
 Catch=   11.3883699512489     
 Abd=   47681.78    
 Catch=   585.478632248289     
 Abd=   25.10498    
 Catch=  0.262135727919430     
 Abd=            NaN
 Catch=                     NaN
 Abd=            NaN
 Catch=                     NaN
 Abd=   162044.3    
 Catch=   402.526200984293     
 Abd=   1823.497    
 Catch=   304.773086762393     
 Abd=   297894.4    
 Catch=   2222.44194689902     
 Abd=            NaN
 Catch=                     NaN
 Abd=            NaN
 Catch=                     NaN
 Abd=   111754.0    
 Catch=   321.414275021069     
 Abd=   30544.21    
 Catch=   2397.79430191506     
 Abd=            NaN
 Catch=                     NaN
 Abd=   2802.676    
 Catch=   71.8799529448883     
 Abd=            NaN
 Catch=                     NaN
 Abd=   40393.27    
 Catch=   326.122969684513     
 Abd=            NaN
 Catch=                     NaN
 Abd=   1076.324    
 Catch=   4.70435208049301     
 Abd=   1392978.    
 Catch=   3459.27940473626     
 Abd=   134161.6    
 Catch=   1587.93124228142     
 Abd=   100356.3    
 Catch=   250.471001889937     
 Abd=            NaN
 Catch=                     NaN
 Abd=   30186.15    
 Catch=   598.622734241676     
 Abd=   20137.65    
 Catch=   1314.77010990444     
 Abd=   1292455.    
 Catch=   3664.94202070127     
 Abd=   125332.8    
 Catch=   1961.66941382317     
 Abd=   28272.84    
 Catch=   699.188894453185     
 Abd=   4390126.    
 Catch=   17566.4805450068     
 Time step =         2058
 Abd=   57956.32    
 Catch=   379.216775532421     
 Abd=   8579.105    
 Catch=   59.3816725767483     
 Abd=   15836.91    
 Catch=   625.636917000025     
 Abd=   4562.687    
 Catch=   11.2817213898073     
 Abd=   47222.60    
 Catch=   592.999837383763     
 Abd=   24.72459    
 Catch=  0.255024038910391     
 Abd=            NaN
 Catch=                     NaN
 Abd=            NaN
 Catch=                     NaN
 Abd=   161275.4    
 Catch=   400.421263547520     
 Abd=   1661.903    
 Catch=   333.624796001213     
 Abd=   302937.3    
 Catch=   2164.27685850547     
 Abd=            NaN
 Catch=                     NaN
 Abd=            NaN
 Catch=                     NaN
 Abd=   112029.7    
 Catch=   322.718325073272     
 Abd=   33323.38    
 Catch=   2460.15774609021     
 Abd=            NaN
 Catch=                     NaN
 Abd=   2523.849    
 Catch=   78.6202859512761     
 Abd=            NaN
 Catch=                     NaN
 Abd=   40622.46    
 Catch=   331.854881030041     
 Abd=            NaN
 Catch=                     NaN
 Abd=   1072.223    
 Catch=   4.67983907516667     
 Abd=   1385933.    
 Catch=   3473.82623719535     
 Abd=   133668.6    
 Catch=   1578.21517444996     
 Abd=   100360.0    
 Catch=   251.429029737156     
 Abd=            NaN
 Catch=                     NaN
 Abd=   30341.48    
 Catch=   609.875574144742     
 Abd=   18419.69    
 Catch=   1363.85647050243     
 Abd=   1299914.    
 Catch=   3620.51249281827     
 Abd=   126887.5    
 Catch=   1964.57367033852     
 Abd=   28445.69    
 Catch=   712.711232882225     
 Abd=   4403640.    
 Catch=   17607.4174691561     
 Time step =         2059
 Abd=   57938.45    
 Catch=   379.059609754331     
 Abd=   9152.211    
 Catch=   61.2868528214423     
 Abd=   16317.60    
 Catch=   645.382543905022     
 Abd=   4519.386    
 Catch=   11.1923786543657     
 Abd=   47846.79    
 Catch=   596.539427113043     
 Abd=   24.04841    
 Catch=  0.252339498696470     
 Abd=            NaN
 Catch=                     NaN
 Abd=            NaN
 Catch=                     NaN
 Abd=   160430.3    
 Catch=   398.892294548000     
 Abd=   1819.393    
 Catch=   300.799312110066     
 Abd=   294776.4    
 Catch=   2140.89366872194     
 Abd=            NaN
 Catch=                     NaN
 Abd=            NaN
 Catch=                     NaN
 Abd=   112487.8    
 Catch=   323.644182744164     
 Abd=   34171.23    
 Catch=   2278.11053126437     
 Abd=            NaN
 Catch=                     NaN
 Abd=   2768.259    
 Catch=   76.2918403676311     
 Abd=            NaN
 Catch=                     NaN
 Abd=   41345.57    
 Catch=   336.298067329996     
 Abd=            NaN
 Catch=                     NaN
 Abd=   1066.610    
 Catch=   4.63927748359722     
 Abd=   1392026.    
 Catch=   3465.40415065613     
 Abd=   132842.7    
 Catch=   1584.67925115863     
 Abd=   100751.6    
 Catch=   251.867819871247     
 Abd=            NaN
 Catch=                     NaN
 Abd=   30918.81    
 Catch=   627.198643352648     
 Abd=   19125.86    
 Catch=   1305.58934837554     
 Abd=   1283712.    
 Catch=   3594.52623590101     
 Abd=   127056.5    
 Catch=   1968.38560524693     
 Abd=   29002.62    
 Catch=   735.378515332546     
 Abd=   4413840.    
 Catch=   17625.3461487713     
 Time step =         2060
 Abd=   57914.59    
 Catch=   379.815355057532     
 Abd=   9439.303    
 Catch=   63.7737668296556     
 Abd=   16832.84    
 Catch=   597.285846020434     
 Abd=   4483.725    
 Catch=   11.1867690866814     
 Abd=   48126.99    
 Catch=   592.700510439340     
 Abd=   23.80249    
 Catch=  0.248869857274225     
 Abd=            NaN
 Catch=                     NaN
 Abd=            NaN
 Catch=                     NaN
 Abd=   159823.2    
 Catch=   397.380496634074     
 Abd=   1640.234    
 Catch=   292.074023204962     
 Abd=   291632.1    
 Catch=   2172.89523577131     
 Abd=            NaN
 Catch=                     NaN
 Abd=            NaN
 Catch=                     NaN
 Abd=   112807.9    
 Catch=   322.685612910288     
 Abd=   31617.36    
 Catch=   2028.73718004376     
 Abd=            NaN
 Catch=                     NaN
 Abd=   2681.329    
 Catch=   64.8043108622582     
 Abd=            NaN
 Catch=                     NaN
 Abd=   41895.75    
 Catch=   327.702752794132     
 Abd=            NaN
 Catch=                     NaN
 Abd=   1057.293    
 Catch=   4.61719732017719     
 Abd=   1388459.    
 Catch=   3433.12633853794     
 Abd=   133412.5    
 Catch=   1585.09271580288     
 Abd=   100924.1    
 Catch=   251.101917698390     
 Abd=            NaN
 Catch=                     NaN
 Abd=   31802.36    
 Catch=   616.712030515256     
 Abd=   18298.06    
 Catch=   1187.87809489943     
 Abd=   1274585.    
 Catch=   3550.56674948091     
 Abd=   127304.7    
 Catch=   1989.05450321045     
 Abd=   29930.48    
 Catch=   721.155509778798     
 Abd=   4418220.    
 Catch=   17708.9178041248     
 Time step =         2061
 Abd=   58032.86    
 Catch=   378.845023650894     
 Abd=   9824.061    
 Catch=   65.7834454776842     
 Abd=   15560.14    
 Catch=   587.860133866013     
 Abd=   4481.978    
 Catch=   11.1835944773736     
 Abd=   47807.08    
 Catch=   594.345077202794     
 Abd=   23.47366    
 Catch=  0.248572292324309     
 Abd=            NaN
 Catch=                     NaN
 Abd=            NaN
 Catch=                     NaN
 Abd=   159216.7    
 Catch=   396.839671855261     
 Abd=   1592.705    
 Catch=   324.943478197574     
 Abd=   296175.2    
 Catch=   2196.53872165247     
 Abd=            NaN
 Catch=                     NaN
 Abd=            NaN
 Catch=                     NaN
 Abd=   112460.6    
 Catch=   322.526341246418     
 Abd=   28154.91    
 Catch=   2092.34873300614     
 Abd=            NaN
 Catch=                     NaN
 Abd=   2273.671    
 Catch=   68.4519558236593     
 Abd=            NaN
 Catch=                     NaN
 Abd=   40796.21    
 Catch=   327.537182701148     
 Abd=            NaN
 Catch=                     NaN
 Abd=   1052.346    
 Catch=   4.59592869944938     
 Abd=   1375336.    
 Catch=   3445.28292431049     
 Abd=   133437.1    
 Catch=   1601.72381452918     
 Abd=   100607.5    
 Catch=   251.163621068648     
 Abd=            NaN
 Catch=                     NaN
 Abd=   31246.95    
 Catch=   593.403494342739     
 Abd=   16642.67    
 Catch=   1251.11493822780     
 Abd=   1258891.    
 Catch=   3549.65633278474     
 Abd=   128659.8    
 Catch=   2008.80274049580     
 Abd=   29327.56    
 Catch=   683.511865241090     
 Abd=   4439500.    
 Catch=   17813.3339759399     
 Time step =         2062
 Abd=   57879.41    
 Catch=   377.238496424818     
 Abd=   10131.76    
 Catch=   65.2583228790973     
 Abd=   15326.61    
 Catch=   592.022878128705     
 Abd=   4480.922    
 Catch=   11.1181799545757     
 Abd=   47946.76    
 Catch=   592.357201611852     
 Abd=   23.45130    
 Catch=  0.253106550719560     
 Abd=            NaN
 Catch=                     NaN
 Abd=            NaN
 Catch=                     NaN
 Abd=   159007.6    
 Catch=   396.445498651072     
 Abd=   1772.092    
 Catch=   335.378511549418     
 Abd=   299326.4    
 Catch=   2150.33189339185     
 Abd=            NaN
 Catch=                     NaN
 Abd=            NaN
 Catch=                     NaN
 Abd=   112410.8    
 Catch=   321.848580701398     
 Abd=   29062.81    
 Catch=   1925.06774929898     
 Abd=            NaN
 Catch=                     NaN
 Abd=   2408.903    
 Catch=   76.0139637589865     
 Abd=            NaN
 Catch=                     NaN
 Abd=   40794.27    
 Catch=   324.338902867748     
 Abd=            NaN
 Catch=                     NaN
 Abd=   1047.496    
 Catch=   4.56547535839258     
 Abd=   1380573.    
 Catch=   3467.36785375993     
 Abd=   134863.1    
 Catch=   1592.95348150868     
 Abd=   100638.1    
 Catch=   251.480929665562     
 Abd=            NaN
 Catch=                     NaN
 Abd=   30055.84    
 Catch=   598.296070128005     
 Abd=   17548.73    
 Catch=   1380.99559955310     
 Abd=   1258842.    
 Catch=   3444.28958835719     
 Abd=   129937.3    
 Catch=   1991.07256610677     
 Abd=   27783.79    
 Catch=   692.691773103526     
 Abd=   4465770.    
 Catch=   17853.6262325695     
 Time step =         2063
 Abd=   57631.79    
 Catch=   373.633499405986     
 Abd=   10043.16    
 Catch=   67.6065587367908     
 Abd=   15438.32    
 Catch=   604.132458366151     
 Abd=   4454.163    
 Catch=   11.0503798576272     
 Abd=   47781.67    
 Catch=   584.683112769846     
 Abd=   23.88748    
 Catch=  0.258079320687678     
 Abd=            NaN
 Catch=                     NaN
 Abd=            NaN
 Catch=                     NaN
 Abd=   158850.9    
 Catch=   395.205408315896     
 Abd=   1828.884    
 Catch=   311.051069437517     
 Abd=   292907.2    
 Catch=   2127.56090819772     
 Abd=            NaN
 Catch=                     NaN
 Abd=            NaN
 Catch=                     NaN
 Abd=   112171.1    
 Catch=   321.848539277548     
 Abd=   26717.96    
 Catch=   2095.73843407208     
 Abd=            NaN
 Catch=                     NaN
 Abd=   2676.846    
 Catch=   73.4493640363158     
 Abd=            NaN
 Catch=                     NaN
 Abd=   40388.88    
 Catch=   324.987198908331     
 Abd=            NaN
 Catch=                     NaN
 Abd=   1040.513    
 Catch=   4.54039272885480     
 Abd=   1389498.    
 Catch=   3476.94317543660     
 Abd=   134084.4    
 Catch=   1580.73373020647     
 Abd=   100767.3    
 Catch=   251.828946396932     
 Abd=            NaN
 Catch=                     NaN
 Abd=   30326.55    
 Catch=   599.714820663381     
 Abd=   19369.64    
 Catch=   1308.29607449734     
 Abd=   1220912.    
 Catch=   3428.21313448082     
 Abd=   128745.2    
 Catch=   1998.01741334911     
 Abd=   28185.25    
 Catch=   695.986679831495     
 Abd=   4475547.    
 Catch=   17940.8721940644     
 Time step =         2064
 Abd=   57075.01    
 Catch=   373.326075234607     
 Abd=   10413.65    
 Catch=   69.4879613580053     
 Abd=   15756.04    
 Catch=   605.981731198318     
 Abd=   4426.974    
 Catch=   10.9880833703356     
 Abd=   47155.91    
 Catch=   578.927282083291     
 Abd=   24.35724    
 Catch=  0.262432629233066     
 Abd=            NaN
 Catch=                     NaN
 Abd=            NaN
 Catch=                     NaN
 Abd=   158350.0    
 Catch=   394.739387465775     
 Abd=   1696.141    
 Catch=   302.014988547333     
 Abd=   289853.7    
 Catch=   2140.34883300305     
 Abd=            NaN
 Catch=                     NaN
 Abd=            NaN
 Catch=                     NaN
 Abd=   112175.5    
 Catch=   321.889732847660     
 Abd=   29122.19    
 Catch=   2102.23231625262     
 Abd=            NaN
 Catch=                     NaN
 Abd=   2580.915    
 Catch=   70.8130088815749     
 Abd=            NaN
 Catch=                     NaN
 Abd=   40478.52    
 Catch=   324.921245385244     
 Abd=            NaN
 Catch=                     NaN
 Abd=   1034.823    
 Catch=   4.52870158940784     
 Abd=   1393227.    
 Catch=   3469.10656147047     
 Abd=   133051.7    
 Catch=   1560.26578131795     
 Abd=   100907.7    
 Catch=   251.871227906111     
 Abd=            NaN
 Catch=                     NaN
 Abd=   30395.36    
 Catch=   601.612103936545     
 Abd=   18331.10    
 Catch=   1290.27118321155     
 Abd=   1215718.    
 Catch=   3445.84559395852     
 Abd=   129223.6    
 Catch=   1997.42219463380     
 Abd=   28314.86    
 Catch=   699.332703786025     
 Abd=   4497660.    
 Catch=   18003.8351592317     
 Time step =         2065
 Abd=   57038.45    
 Catch=   374.739292359123     
 Abd=   10701.54    
 Catch=   69.4805835031945     
 Abd=   15800.61    
 Catch=   616.239143352938     
 Abd=   4402.065    
 Catch=   10.9875763299244     
 Abd=   46693.90    
 Catch=   581.369958428440     
 Abd=   24.76686    
 Catch=  0.259830498952080     
 Abd=            NaN
 Catch=                     NaN
 Abd=            NaN
 Catch=                     NaN
 Abd=   158166.8    
 Catch=   393.305338882487     
 Abd=   1646.908    
 Catch=   334.797519681291     
 Abd=   291688.4    
 Catch=   2163.98993427704     
 Abd=            NaN
 Catch=                     NaN
 Abd=            NaN
 Catch=                     NaN
 Abd=   112190.1    
 Catch=   323.009160464476     
 Abd=   29193.25    
 Catch=   1980.66175942542     
 Abd=            NaN
 Catch=                     NaN
 Abd=   2488.300    
 Catch=   74.8240355745121     
 Abd=            NaN
 Catch=                     NaN
 Abd=   40468.49    
 Catch=   329.011824883845     
 Abd=            NaN
 Catch=                     NaN
 Abd=   1032.217    
 Catch=   4.53646931267629     
 Abd=   1389946.    
 Catch=   3489.13327308060     
 Abd=   131316.9    
 Catch=   1555.57380317316     
 Abd=   100922.1    
 Catch=   252.765069395902     
 Abd=            NaN
 Catch=                     NaN
 Abd=   30491.71    
 Catch=   602.568414655074     
 Abd=   18084.48    
 Catch=   1370.62733527045     
 Abd=   1222188.    
 Catch=   3469.24798764802     
 Abd=   129175.3    
 Catch=   1978.74561901026     
 Abd=   28450.67    
 Catch=   699.304919849282     
 Abd=   4513325.    
 Catch=   18038.0770983410     
 Time step =         2066
 Abd=   57259.05    
 Catch=   379.146424274337     
 Abd=   10694.66    
 Catch=   63.8919972789409     
 Abd=   16070.87    
 Catch=   635.202683883055     
 Abd=   4402.249    
 Catch=   10.9594306889702     
 Abd=   46901.33    
 Catch=   589.440061116181     
 Abd=   24.50911    
 Catch=  0.260513592790920     
 Abd=            NaN
 Catch=                     NaN
 Abd=            NaN
 Catch=                     NaN
 Abd=   157585.2    
 Catch=   391.410409055916     
 Abd=   1825.787    
 Catch=   301.475382623474     
 Abd=   294936.9    
 Catch=   2140.99778554179     
 Abd=            NaN
 Catch=                     NaN
 Abd=            NaN
 Catch=                     NaN
 Abd=   112588.0    
 Catch=   324.091804090772     
 Abd=   27493.52    
 Catch=   1791.20428504986     
 Abd=            NaN
 Catch=                     NaN
 Abd=   2632.672    
 Catch=   77.6850777611255     
 Abd=            NaN
 Catch=                     NaN
 Abd=   40987.67    
 Catch=   331.647075594680     
 Abd=            NaN
 Catch=                     NaN
 Abd=   1034.075    
 Catch=   4.53830536738986     
 Abd=   1398203.    
 Catch=   3500.86021851812     
 Abd=   130945.7    
 Catch=   1567.20323865569     
 Abd=   101287.3    
 Catch=   253.745491422309     
 Abd=            NaN
 Catch=                     NaN
 Abd=   30539.24    
 Catch=   621.102718127866     
 Abd=   19220.91    
 Catch=   1309.52669793007     
 Abd=   1230529.    
 Catch=   3449.18365343016     
 Abd=   127947.7    
 Catch=   2013.59172724887     
 Abd=   28447.46    
 Catch=   727.771140108586     
 Abd=   4521768.    
 Catch=   18065.1529599726     
 Time step =         2067
 Abd=   57941.17    
 Catch=   382.605960352967     
 Abd=   9820.754    
 Catch=   62.4445514155285     
 Abd=   16568.29    
 Catch=   639.573008487952     
 Abd=   4390.853    
 Catch=   10.9065497274547     
 Abd=   47560.80    
 Catch=   584.567531323768     
 Abd=   24.57946    
 Catch=  0.260702233138816     
 Abd=            NaN
 Catch=                     NaN
 Abd=            NaN
 Catch=                     NaN
 Abd=   156822.8    
 Catch=   390.404710144559     
 Abd=   1643.926    
 Catch=   265.937862131897     
 Abd=   291667.3    
 Catch=   2033.40875390003     
 Abd=            NaN
 Catch=                     NaN
 Abd=            NaN
 Catch=                     NaN
 Abd=   112965.0    
 Catch=   321.687435955564     
 Abd=   24865.06    
 Catch=   2097.69233136897     
 Abd=            NaN
 Catch=                     NaN
 Abd=   2733.255    
 Catch=   64.9080131418215     
 Abd=            NaN
 Catch=                     NaN
 Abd=   41312.37    
 Catch=   332.767445387864     
 Abd=            NaN
 Catch=                     NaN
 Abd=   1034.465    
 Catch=   4.51932358908557     
 Abd=   1402830.    
 Catch=   3435.04947402498     
 Abd=   131949.1    
 Catch=   1579.50967110048     
 Abd=   101679.9    
 Catch=   252.151602695252     
 Abd=            NaN
 Catch=                     NaN
 Abd=   31494.07    
 Catch=   630.375074615374     
 Abd=   18352.55    
 Catch=   1177.07597678260     
 Abd=   1223112.    
 Catch=   3370.16430340712     
 Abd=   130266.7    
 Catch=   2059.25122787440     
 Abd=   29624.26    
 Catch=   738.575332397059     
 Abd=   4528528.    
 Catch=   18133.8581307757     
 Time step =         2068
 Abd=   58466.98    
 Catch=   385.028184867010     
 Abd=   9607.679    
 Catch=   63.7402225946395     
 Abd=   16676.80    
 Catch=   640.540868427025     
 Abd=   4369.477    
 Catch=   10.7796911706629     
 Abd=   47148.93    
 Catch=   589.161720209141     
 Abd=   24.59631    
 Catch=  0.261331549919232     
 Abd=            NaN
 Catch=                     NaN
 Abd=            NaN
 Catch=                     NaN
 Abd=   156425.8    
 Catch=   389.600378351939     
 Abd=   1450.212    
 Catch=   305.698881523776     
 Abd=   276842.5    
 Catch=   2046.81859429843     
 Abd=            NaN
 Catch=                     NaN
 Abd=            NaN
 Catch=                     NaN
 Abd=   112103.7    
 Catch=   320.867332629639     
 Abd=   29174.87    
 Catch=   2173.13843714746     
 Abd=            NaN
 Catch=                     NaN
 Abd=   2277.809    
 Catch=   66.0776009676816     
 Abd=            NaN
 Catch=                     NaN
 Abd=   41448.34    
 Catch=   335.406038891214     
 Abd=            NaN
 Catch=                     NaN
 Abd=   1030.046    
 Catch=   4.51852891918734     
 Abd=   1375841.    
 Catch=   3416.06015115910     
 Abd=   132985.0    
 Catch=   1583.37612842916     
 Abd=   101020.8    
 Catch=   251.285397229672     
 Abd=            NaN
 Catch=                     NaN
 Abd=   31955.53    
 Catch=   631.972832387722     
 Abd=   16500.74    
 Catch=   1241.96805960097     
 Abd=   1194652.    
 Catch=   3377.71093111752     
 Abd=   133225.5    
 Catch=   2060.33627822258     
 Abd=   30051.57    
 Catch=   736.642228077745     
 Abd=   4545948.    
 Catch=   18241.2122896996     
 Time step =         2069
 Abd=   58833.81    
 Catch=   386.590530798072     
 Abd=   9815.195    
 Catch=   66.5642457094528     
 Abd=   16701.86    
 Catch=   602.145679875696     
 Abd=   4318.060    
 Catch=   10.7531145211255     
 Abd=   47532.86    
 Catch=   589.965358673272     
 Abd=   24.65644    
 Catch=  0.258537405086472     
 Abd=            NaN
 Catch=                     NaN
 Abd=            NaN
 Catch=                     NaN
 Abd=   156105.0    
 Catch=   386.953888061413     
 Abd=   1667.165    
 Catch=   333.661409201975     
 Abd=   278945.0    
 Catch=   2082.98918830681     
 Abd=            NaN
 Catch=                     NaN
 Abd=            NaN
 Catch=                     NaN
 Abd=   111828.5    
 Catch=   321.409136696051     
 Abd=   30192.73    
 Catch=   2009.36245311118     
 Abd=            NaN
 Catch=                     NaN
 Abd=   2324.058    
 Catch=   71.3562901657291     
 Abd=            NaN
 Catch=                     NaN
 Abd=   41780.22    
 Catch=   331.936656656233     
 Abd=            NaN
 Catch=                     NaN
 Abd=   1029.947    
 Catch=   4.49568136924421     
 Abd=   1368613.    
 Catch=   3433.46092353765     
 Abd=   133298.4    
 Catch=   1597.56460096483     
 Abd=   100679.5    
 Catch=   251.619968212793     
 Abd=            NaN
 Catch=                     NaN
 Abd=   32029.74    
 Catch=   608.067861870537     
 Abd=   17414.13    
 Catch=   1311.65173479582     
 Abd=   1197961.    
 Catch=   3404.10394303245     
 Abd=   133250.3    
 Catch=   2038.41105394371     
 Abd=   29964.99    
 Catch=   701.270370380168     
 Abd=   4573049.    
 Catch=   18320.3202051305     
 Time step =         2070
 Abd=   59069.75    
 Catch=   386.976213752743     
 Abd=   10254.67    
 Catch=   65.4984750618011     
 Abd=   15690.23    
 Catch=   593.807727041943     
 Abd=   4309.146    
 Catch=   10.7176207480849     
 Abd=   47592.47    
 Catch=   593.692343354958     
 Abd=   24.38683    
 Catch=  0.257671004674306     
 Abd=            NaN
 Catch=                     NaN
 Abd=            NaN
 Catch=                     NaN
 Abd=   155030.2    
 Catch=   385.114975375784     
 Abd=   1819.599    
 Catch=   370.211355643780     
 Abd=   283894.6    
 Catch=   2127.12683448542     
 Abd=            NaN
 Catch=                     NaN
 Abd=            NaN
 Catch=                     NaN
 Abd=   112026.4    
 Catch=   321.800096455571     
 Abd=   27894.64    
 Catch=   2016.20379578799     
 Abd=            NaN
 Catch=                     NaN
 Abd=   2512.000    
 Catch=   80.8369028612734     
 Abd=            NaN
 Catch=                     NaN
 Abd=   41333.68    
 Catch=   330.868130909930     
 Abd=            NaN
 Catch=                     NaN
 Abd=   1024.639    
 Catch=   4.46715769219805     
 Abd=   1375878.    
 Catch=   3469.33463829600     
 Abd=   134509.4    
 Catch=   1610.48721773711     
 Abd=   100823.1    
 Catch=   252.685678981929     
 Abd=            NaN
 Catch=                     NaN
 Abd=   30799.59    
 Catch=   596.288680740108     
 Abd=   18393.62    
 Catch=   1531.73985249876     
 Abd=   1207419.    
 Catch=   3436.54385920257     
 Abd=   131804.4    
 Catch=   2016.11940515361     
 Abd=   28507.38    
 Catch=   683.828811827766     
 Abd=   4592729.    
 Catch=   18331.6952442196     
 Time step =         2071
 Abd=   59125.22    
 Catch=   385.819697042099     
 Abd=   10078.71    
 Catch=   66.0005216685025     
 Abd=   15479.48    
 Catch=   605.027535110891     
 Abd=   4293.896    
 Catch=   10.7533426295548     
 Abd=   47897.73    
 Catch=   586.305497940104     
 Abd=   24.30854    
 Catch=  0.259548501335275     
 Abd=            NaN
 Catch=                     NaN
 Abd=            NaN
 Catch=                     NaN
 Abd=   154299.8    
 Catch=   383.936733544632     
 Abd=   2018.924    
 Catch=   320.930673725098     
 Abd=   289953.2    
 Catch=   2083.23441037528     
 Abd=            NaN
 Catch=                     NaN
 Abd=            NaN
 Catch=                     NaN
 Abd=   112162.6    
 Catch=   321.833086980408     
 Abd=   28002.10    
 Catch=   1971.92728148538     
 Abd=            NaN
 Catch=                     NaN
 Abd=   2847.508    
 Catch=   76.7687352804454     
 Abd=            NaN
 Catch=                     NaN
 Abd=   41206.37    
 Catch=   330.644725912575     
 Abd=            NaN
 Catch=                     NaN
 Abd=   1018.112    
 Catch=   4.44170918359673     
 Abd=   1390400.    
 Catch=   3449.42354695070     
 Abd=   135594.9    
 Catch=   1603.62262320080     
 Abd=   101256.2    
 Catch=   252.644347478317     
 Abd=            NaN
 Catch=                     NaN
 Abd=   30211.17    
 Catch=   604.140250799155     
 Abd=   21494.33    
 Catch=   1431.68767744382     
 Abd=   1218975.    
 Catch=   3405.72817843049     
 Abd=   130362.4    
 Catch=   2003.35128531329     
 Abd=   27807.14    
 Catch=   699.747779505325     
 Abd=   4595240.    
 Catch=   18393.8612430035     
 Time step =         2072
 Abd=   58944.18    
 Catch=   387.789335389065     
 Abd=   10160.61    
 Catch=   66.4341296592429     
 Abd=   15778.95    
 Catch=   611.473355016606     
 Abd=   4308.812    
 Catch=   10.7398506720094     
 Abd=   47287.70    
 Catch=   591.426195261924     
 Abd=   24.49044    
 Catch=  0.256479980930566     
 Abd=            NaN
 Catch=                     NaN
 Abd=            NaN
 Catch=                     NaN
 Abd=   153832.8    
 Catch=   382.504122480437     
 Abd=   1750.024    
 Catch=   307.893233409133     
 Abd=   283785.8    
 Catch=   2067.39011407830     
 Abd=            NaN
 Catch=                     NaN
 Abd=            NaN
 Catch=                     NaN
 Abd=   112170.9    
 Catch=   321.631777162639     
 Abd=   27382.18    
 Catch=   2230.91835715948     
 Abd=            NaN
 Catch=                     NaN
 Abd=   2697.650    
 Catch=   69.6051489622507     
 Abd=            NaN
 Catch=                     NaN
 Abd=   41180.78    
 Catch=   330.053954996190     
 Abd=            NaN
 Catch=                     NaN
 Abd=   1012.327    
 Catch=   4.45524670848210     
 Abd=   1381963.    
 Catch=   3431.72873203676     
 Abd=   134987.4    
 Catch=   1596.47315874888     
 Abd=   101230.5    
 Catch=   252.265384545343     
 Abd=            NaN
 Catch=                     NaN
 Abd=   30626.07    
 Catch=   611.099966438120     
 Abd=   20067.97    
 Catch=   1291.89705671844     
 Abd=   1207615.    
 Catch=   3383.34208858235     
 Abd=   129541.6    
 Catch=   2028.57789225258     
 Abd=   28477.02    
 Catch=   710.140862046876     
 Abd=   4611084.    
 Catch=   18451.4154385059     
 Time step =         2073
 Abd=   59254.65    
 Catch=   390.393589367493     
 Abd=   10227.15    
 Catch=   61.9392048394129     
 Abd=   15945.29    
 Catch=   613.853371573659     
 Abd=   4302.990    
 Catch=   10.7035272809622     
 Abd=   47716.35    
 Catch=   596.989114776240     
 Abd=   24.19243    
 Catch=  0.255367644092478     
 Abd=            NaN
 Catch=                     NaN
 Abd=            NaN
 Catch=                     NaN
 Abd=   153257.9    
 Catch=   380.312281663879     
 Abd=   1678.962    
 Catch=   335.383047776599     
 Abd=   281707.9    
 Catch=   2059.36156799248     
 Abd=            NaN
 Catch=                     NaN
 Abd=            NaN
 Catch=                     NaN
 Abd=   112098.8    
 Catch=   322.557559455387     
 Abd=   31027.50    
 Catch=   2118.90948911151     
 Abd=            NaN
 Catch=                     NaN
 Abd=   2444.117    
 Catch=   74.4618981458001     
 Abd=            NaN
 Catch=                     NaN
 Abd=   41106.65    
 Catch=   332.740981481391     
 Abd=            NaN
 Catch=                     NaN
 Abd=   1015.591    
 Catch=   4.45648041864112     
 Abd=   1374896.    
 Catch=   3447.20911794571     
 Abd=   134385.0    
 Catch=   1600.92669534637     
 Abd=   101075.9    
 Catch=   252.767063714653     
 Abd=            NaN
 Catch=                     NaN
 Abd=   30977.37    
 Catch=   607.256970489459     
 Abd=   18100.30    
 Catch=   1337.59330647071     
 Abd=   1199794.    
 Catch=   3374.46781009472     
 Abd=   131224.1    
 Catch=   2034.81452493249     
 Abd=   28895.53    
 Catch=   702.395967739139     
 Abd=   4625479.    
 Catch=   18476.3263694851     
 Time step =         2074
 Abd=   59654.31    
 Catch=   390.011772877475     
 Abd=   9522.826    
 Catch=   62.3845326381664     
 Abd=   16005.35    
 Catch=   622.090890446350     
 Abd=   4288.255    
 Catch=   10.6545652887153     
 Abd=   48165.70    
 Catch=   602.971328671854     
 Abd=   24.09087    
 Catch=  0.253044701359137     
 Abd=            NaN
 Catch=                     NaN
 Abd=            NaN
 Catch=                     NaN
 Abd=   152373.0    
 Catch=   378.700473010437     
 Abd=   1828.991    
 Catch=   323.964859780197     
 Abd=   280586.9    
 Catch=   2054.27666812691     
 Abd=            NaN
 Catch=                     NaN
 Abd=            NaN
 Catch=                     NaN
 Abd=   112429.1    
 Catch=   321.919709738007     
 Abd=   29432.31    
 Catch=   1992.79008192871     
 Abd=            NaN
 Catch=                     NaN
 Abd=   2621.319    
 Catch=   76.9465758701195     
 Abd=            NaN
 Catch=                     NaN
 Abd=   41448.67    
 Catch=   333.310404353917     
 Abd=            NaN
 Catch=                     NaN
 Abd=   1015.813    
 Catch=   4.44677773686728     
 Abd=   1381369.    
 Catch=   3474.32888810202     
 Abd=   134776.4    
 Catch=   1580.24544742760     
 Abd=   101284.0    
 Catch=   253.180728616816     
 Abd=            NaN
 Catch=                     NaN
 Abd=   30773.14    
 Catch=   622.259328008139     
 Abd=   18761.23    
 Catch=   1330.52562908928     
 Abd=   1196672.    
 Catch=   3371.65219059506     
 Abd=   131603.7    
 Catch=   2010.15105993356     
 Abd=   28567.81    
 Catch=   725.757876030913     
 Abd=   4631558.    
 Catch=   18524.0561244211     
 Time step =         2075
 Abd=   59589.16    
 Catch=   392.154145355905     
 Abd=   9603.969    
 Catch=   65.3956833918224     
 Abd=   16223.10    
 Catch=   613.920334586502     
 Abd=   4269.350    
 Catch=   10.7274323061101     
 Abd=   48649.43    
 Catch=   598.386602399495     
 Abd=   23.86962    
 Catch=  0.246334026833008     
 Abd=            NaN
 Catch=                     NaN
 Abd=            NaN
 Catch=                     NaN
 Abd=   151732.4    
 Catch=   378.431324598933     
 Abd=   1766.602    
 Catch=   309.875074230065     
 Abd=   279917.2    
 Catch=   2051.41780931846     
 Abd=            NaN
 Catch=                     NaN
 Abd=            NaN
 Catch=                     NaN
 Abd=   112196.0    
 Catch=   322.834208527490     
 Abd=   27675.09    
 Catch=   2362.27108047398     
 Abd=            NaN
 Catch=                     NaN
 Abd=   2707.102    
 Catch=   75.0135481216357     
 Abd=            NaN
 Catch=                     NaN
 Abd=   41514.61    
 Catch=   331.103940867403     
 Abd=            NaN
 Catch=                     NaN
 Abd=   1013.550    
 Catch=   4.44707360351048     
 Abd=   1392328.    
 Catch=   3484.05848109139     
 Abd=   132997.9    
 Catch=   1580.65159608103     
 Abd=   101449.0    
 Catch=   253.833955621913     
 Abd=            NaN
 Catch=                     NaN
 Abd=   31549.54    
 Catch=   627.760379242500     
 Abd=   18651.16    
 Catch=   1355.37350058237     
 Abd=   1195740.    
 Catch=   3364.25472539251     
 Abd=   129972.5    
 Catch=   2036.16995217940     
 Abd=   29539.04    
 Catch=   733.565828188079     
 Abd=   4643642.    
 Catch=   18573.6225269666     
 Time step =         2076
 Abd=   59921.38    
 Catch=   392.388152833323     
 Abd=   10075.50    
 Catch=   67.7056758482036     
 Abd=   16004.66    
 Catch=   613.859278192593     
 Abd=   4298.728    
 Catch=   10.7923308593757     
 Abd=   48264.91    
 Catch=   590.731939651545     
 Abd=   23.22922    
 Catch=  0.247953263445488     
 Abd=            NaN
 Catch=                     NaN
 Abd=            NaN
 Catch=                     NaN
 Abd=   151634.5    
 Catch=   377.569721469447     
 Abd=   1689.807    
 Catch=   287.523281192000     
 Abd=   279494.8    
 Catch=   2020.08496160053     
 Abd=            NaN
 Catch=                     NaN
 Abd=            NaN
 Catch=                     NaN
 Abd=   112525.6    
 Catch=   322.520626187895     
 Abd=   32849.19    
 Catch=   2359.39009728394     
 Abd=            NaN
 Catch=                     NaN
 Abd=   2636.879    
 Catch=   69.6899608187890     
 Abd=            NaN
 Catch=                     NaN
 Abd=   41233.59    
 Catch=   331.249466487559     
 Abd=            NaN
 Catch=                     NaN
 Abd=   1013.664    
 Catch=   4.45566588979314     
 Abd=   1396078.    
 Catch=   3454.23888617853     
 Abd=   133063.9    
 Catch=   1588.29371946684     
 Abd=   101712.6    
 Catch=   253.340819204584     
 Abd=            NaN
 Catch=                     NaN
 Abd=   31819.89    
 Catch=   626.885969851632     
 Abd=   19005.29    
 Catch=   1270.13387371197     
 Abd=   1193056.    
 Catch=   3342.77289365784     
 Abd=   131721.7    
 Catch=   2030.53638759487     
 Abd=   29845.91    
 Catch=   731.192511069273     
 Abd=   4656074.    
 Catch=   18612.2021512528     
 Time step =         2077
 Abd=   59952.23    
 Catch=   392.210708728528     
 Abd=   10428.57    
 Catch=   65.5473170971124     
 Abd=   16005.49    
 Catch=   615.166421776208     
 Abd=   4324.649    
 Catch=   10.7964656316440     
 Abd=   47643.41    
 Catch=   591.327189395342     
 Abd=   23.39620    
 Catch=  0.248665178974887     
 Abd=            NaN
 Catch=                     NaN
 Abd=            NaN
 Catch=                     NaN
 Abd=   151284.2    
 Catch=   376.698267411974     
 Abd=   1567.869    
 Catch=   307.366968360139     
 Abd=   275196.0    
 Catch=   2024.24830338561     
 Abd=            NaN
 Catch=                     NaN
 Abd=            NaN
 Catch=                     NaN
 Abd=   112407.9    
 Catch=   322.118894630759     
 Abd=   32769.37    
 Catch=   2066.21923548480     
 Abd=            NaN
 Catch=                     NaN
 Abd=   2448.337    
 Catch=   70.7831522589531     
 Abd=            NaN
 Catch=                     NaN
 Abd=   41257.04    
 Catch=   334.325439697607     
 Abd=            NaN
 Catch=                     NaN
 Abd=   1015.660    
 Catch=   4.43500130344566     
 Abd=   1383811.    
 Catch=   3446.13355662879     
 Abd=   133718.0    
 Catch=   1590.29170735872     
 Abd=   101505.8    
 Catch=   252.850971275390     
 Abd=            NaN
 Catch=                     NaN
 Abd=   31770.04    
 Catch=   614.068848502123     
 Abd=   17801.32    
 Catch=   1259.84920087568     
 Abd=   1185322.    
 Catch=   3336.32152119365     
 Abd=   131311.4    
 Catch=   2032.73183048315     
 Abd=   29742.92    
 Catch=   708.770924122080     
 Abd=   4665693.    
 Catch=   18644.1697618354     
 Time step =         2078
 Abd=   59923.65    
 Catch=   392.521629897693     
 Abd=   10083.21    
 Catch=   66.9466375418260     
 Abd=   16040.44    
 Catch=   618.381640394519     
 Abd=   4325.803    
 Catch=   10.7367360422885     
 Abd=   47701.52    
 Catch=   594.747506978595     
 Abd=   23.46157    
 Catch=  0.249237932293355     
 Abd=            NaN
 Catch=                     NaN
 Abd=            NaN
 Catch=                     NaN
 Abd=   150936.1    
 Catch=   375.477683514976     
 Abd=   1676.180    
 Catch=   318.981384108768     
 Abd=   275848.2    
 Catch=   2029.72860364577     
 Abd=            NaN
 Catch=                     NaN
 Abd=            NaN
 Catch=                     NaN
 Abd=   112267.1    
 Catch=   322.446223915519     
 Abd=   28669.23    
 Catch=   1787.88940362923     
 Abd=            NaN
 Catch=                     NaN
 Abd=   2489.056    
 Catch=   75.2576810119285     
 Abd=            NaN
 Catch=                     NaN
 Abd=   41646.75    
 Catch=   337.536540112754     
 Abd=            NaN
 Catch=                     NaN
 Abd=   1010.816    
 Catch=   4.40599051646463     
 Abd=   1380746.    
 Catch=   3459.26296067058     
 Abd=   133878.1    
 Catch=   1607.75109344295     
 Abd=   101309.6    
 Catch=   253.310210769174     
 Abd=            NaN
 Catch=                     NaN
 Abd=   31110.83    
 Catch=   620.828862111582     
 Abd=   17661.65    
 Catch=   1321.18632821647     
 Abd=   1183188.    
 Catch=   3332.68506088786     
 Abd=   131465.2    
 Catch=   2009.65655627860     
 Abd=   28819.12    
 Catch=   718.135552070864     
 Abd=   4673670.    
 Catch=   18577.6108573787     
 Time step =         2079
 Abd=   59972.52    
 Catch=   392.640228799762     
 Abd=   10309.10    
 Catch=   69.6335894784584     
 Abd=   16124.96    
 Catch=   616.173158065394     
 Abd=   4301.065    
 Catch=   10.7184554371489     
 Abd=   47982.38    
 Catch=   592.038524541791     
 Abd=   23.51583    
 Catch=  0.251545187013368     
 Abd=            NaN
 Catch=                     NaN
 Abd=            NaN
 Catch=                     NaN
 Abd=   150444.2    
 Catch=   374.400325664562     
 Abd=   1739.500    
 Catch=   309.995197881408     
 Abd=   276560.1    
 Catch=   2020.50663471705     
 Abd=            NaN
 Catch=                     NaN
 Abd=            NaN
 Catch=                     NaN
 Abd=   112386.2    
 Catch=   323.578248415140     
 Abd=   24804.55    
 Catch=   1878.90433046941     
 Abd=            NaN
 Catch=                     NaN
 Abd=   2648.423    
 Catch=   72.1010120751016     
 Abd=            NaN
 Catch=                     NaN
 Abd=   42046.91    
 Catch=   337.756393880715     
 Abd=            NaN
 Catch=                     NaN
 Abd=   1004.170    
 Catch=   4.38963837754757     
 Abd=   1386178.    
 Catch=   3460.11094691346     
 Abd=   135370.7    
 Catch=   1603.64533264415     
 Abd=   101501.3    
 Catch=   253.959362453882     
 Abd=            NaN
 Catch=                     NaN
 Abd=   31470.37    
 Catch=   626.772205785740     
 Abd=   18529.18    
 Catch=   1318.21035858444     
 Abd=   1181887.    
 Catch=   3333.31329065370     
 Abd=   129941.5    
 Catch=   1985.72238766087     
 Abd=   29220.70    
 Catch=   728.507226060972     
 Abd=   4656497.    
 Catch=   18556.2230197557     
 Time step =         2080
 Abd=   59989.81    
 Catch=   394.012905920350     
 Abd=   10726.64    
 Catch=   72.0829369847390     
 Abd=   16065.30    
 Catch=   624.767736940105     
 Abd=   4295.270    
 Catch=   10.6981976418588     
 Abd=   47756.07    
 Catch=   589.521735031970     
 Abd=   23.73629    
 Catch=  0.251162271900205     
 Abd=            NaN
 Catch=                     NaN
 Abd=            NaN
 Catch=                     NaN
 Abd=   150012.8    
 Catch=   373.669647578959     
 Abd=   1690.433    
 Catch=   318.511963405869     
 Abd=   275288.0    
 Catch=   2066.55889062515     
 Abd=            NaN
 Catch=                     NaN
 Abd=            NaN
 Catch=                     NaN
 Abd=   112786.2    
 Catch=   324.209298252713     
 Abd=   26101.29    
 Catch=   2057.39912308416     
 Abd=            NaN
 Catch=                     NaN
 Abd=   2533.553    
 Catch=   73.8221359273652     
 Abd=            NaN
 Catch=                     NaN
 Abd=   42067.07    
 Catch=   337.596652145793     
 Abd=            NaN
 Catch=                     NaN
 Abd=   1000.499    
 Catch=   4.38514177258034     
 Abd=   1386411.    
 Catch=   3473.93619137682     
 Abd=   134993.0    
 Catch=   1593.97761879936     
 Abd=   101762.8    
 Catch=   254.496732241235     
 Abd=            NaN
 Catch=                     NaN
 Abd=   31770.08    
 Catch=   634.156927220242     
 Abd=   18477.36    
 Catch=   1327.38441256044     
 Abd=   1182114.    
 Catch=   3362.88546500618     
 Abd=   128394.1    
 Catch=   1975.96772930595     
 Abd=   29642.98    
 Catch=   740.787765616140     
 Abd=   4651376.    
 Catch=   18597.0489296658     
 Time step =         2081
 Abd=   60203.41    
 Catch=   395.202900120712     
 Abd=   11102.79    
 Catch=   74.0168564808149     
 Abd=   16292.76    
 Catch=   618.443207558014     
 Abd=   4287.159    
 Catch=   10.5360768627726     
 Abd=   47552.57    
 Catch=   588.798236273001     
 Abd=   23.69517    
 Catch=  0.247292409213502     
 Abd=            NaN
 Catch=                     NaN
 Abd=            NaN
 Catch=                     NaN
 Abd=   149722.7    
 Catch=   372.445428051879     
 Abd=   1736.929    
 Catch=   325.016156401039     
 Abd=   281721.9    
 Catch=   2049.46921828262     
 Abd=            NaN
 Catch=                     NaN
 Abd=            NaN
 Catch=                     NaN
 Abd=   113002.5    
 Catch=   324.074353250379     
 Abd=   28592.47    
 Catch=   1874.72279563624     
 Abd=            NaN
 Catch=                     NaN
 Abd=   2596.459    
 Catch=   80.1708097314883     
 Abd=            NaN
 Catch=                     NaN
 Abd=   42046.70    
 Catch=   337.985582353255     
 Abd=            NaN
 Catch=                     NaN
 Abd=   999.5272    
 Catch=   4.35806635264317     
 Abd=   1392061.    
 Catch=   3487.99257809505     
 Abd=   134171.1    
 Catch=   1586.68987458027     
 Abd=   101977.1    
 Catch=   254.923330224486     
 Abd=            NaN
 Catch=                     NaN
 Abd=   32145.93    
 Catch=   630.015887569545     
 Abd=   18608.52    
 Catch=   1398.20273263862     
 Abd=   1192857.    
 Catch=   3338.83973317637     
 Abd=   127779.2    
 Catch=   1957.06247494588     
 Abd=   30142.99    
 Catch=   732.420288051830     
 Abd=   4661910.    
 Catch=   18618.4311464510     
 Time step =         2082
 Abd=   60384.55    
 Catch=   394.397111208187     
 Abd=   11398.82    
 Catch=   68.5330562896230     
 Abd=   16122.74    
 Catch=   603.306639451329     
 Abd=   4220.141    
 Catch=   10.4386644055449     
 Abd=   47496.34    
 Catch=   587.991522344906     
 Abd=   23.32413    
 Catch=  0.235734923130730     
 Abd=            NaN
 Catch=                     NaN
 Abd=            NaN
 Catch=                     NaN
 Abd=   149228.4    
 Catch=   370.226519136458     
 Abd=   1772.368    
 Catch=   289.419374107553     
 Abd=   279230.3    
 Catch=   2061.64758979218     
 Abd=            NaN
 Catch=                     NaN
 Abd=            NaN
 Catch=                     NaN
 Abd=   112950.3    
 Catch=   323.589337579761     
 Abd=   26019.72    
 Catch=   2024.64199184628     
 Abd=            NaN
 Catch=                     NaN
 Abd=   2822.047    
 Catch=   72.9629518941248     
 Abd=            NaN
 Catch=                     NaN
 Abd=   42096.14    
 Catch=   334.943727227683     
 Abd=            NaN
 Catch=                     NaN
 Abd=   993.2520    
 Catch=   4.34610381281627     
 Abd=   1397694.    
 Catch=   3472.19905112631     
 Abd=   133560.4    
 Catch=   1566.39087749969     
 Abd=   102147.2    
 Catch=   254.603552812476     
 Abd=            NaN
 Catch=                     NaN
 Abd=   31925.86    
 Catch=   620.043139200648     
 Abd=   19603.82    
 Catch=   1253.70583230774     
 Abd=   1183960.    
 Catch=   3344.17264245840     
 Abd=   126548.0    
 Catch=   1951.04746190086     
 Abd=   29789.06    
 Catch=   715.626422099464     
 Abd=   4667164.    
 Catch=   18586.8100848610     
 Time step =         2083
 Abd=   60255.40    
 Catch=   394.101676412720     
 Abd=   10535.04    
 Catch=   65.7194748346318     
 Abd=   15725.87    
 Catch=   620.656131171334     
 Abd=   4181.662    
 Catch=   10.4147049152363     
 Abd=   47430.99    
 Catch=   586.668457308309     
 Abd=   22.22159    
 Catch=  0.231399921330353     
 Abd=            NaN
 Catch=                     NaN
 Abd=            NaN
 Catch=                     NaN
 Abd=   148330.8    
 Catch=   368.495546540150     
 Abd=   1578.168    
 Catch=   306.371846109583     
 Abd=   280957.9    
 Catch=   2054.84472791076     
 Abd=            NaN
 Catch=                     NaN
 Abd=            NaN
 Catch=                     NaN
 Abd=   112778.9    
 Catch=   323.464058674532     
 Abd=   28136.20    
 Catch=   2101.98896140980     
 Abd=            NaN
 Catch=                     NaN
 Abd=   2561.725    
 Catch=   71.6182877137340     
 Abd=            NaN
 Catch=                     NaN
 Abd=   41709.56    
 Catch=   335.778814202343     
 Abd=            NaN
 Catch=                     NaN
 Abd=   990.5959    
 Catch=   4.34673331201162     
 Abd=   1391120.    
 Catch=   3464.47350391858     
 Abd=   131833.3    
 Catch=   1562.22796569933     
 Abd=   102013.0    
 Catch=   254.236131187648     
 Abd=            NaN
 Catch=                     NaN
 Abd=   31416.27    
 Catch=   625.794910157584     
 Abd=   17561.53    
 Catch=   1262.88161010740     
 Abd=   1186045.    
 Catch=   3347.14293951109     
 Abd=   126170.6    
 Catch=   1958.76146369630     
 Abd=   29101.47    
 Catch=   727.408749265953     
 Abd=   4658973.    
 Catch=   18644.6928955405     
 Time step =         2084
 Abd=   60211.70    
 Catch=   394.956830493286     
 Abd=   10108.33    
 Catch=   65.4164593508792     
 Abd=   16188.57    
 Catch=   638.037926167878     
 Abd=   4173.570    
 Catch=   10.3405422726566     
 Abd=   47324.13    
 Catch=   587.762551983833     
 Abd=   21.82433    
 Catch=  0.238126354041542     
 Abd=            NaN
 Catch=                     NaN
 Abd=            NaN
 Catch=                     NaN
 Abd=   147639.9    
 Catch=   367.434761543658     
 Abd=   1670.722    
 Catch=   290.631802595361     
 Abd=   279931.4    
 Catch=   2029.41993765262     
 Abd=            NaN
 Catch=                     NaN
 Abd=            NaN
 Catch=                     NaN
 Abd=   112737.7    
 Catch=   324.113582339334     
 Abd=   29196.91    
 Catch=   2147.38159688447     
 Abd=            NaN
 Catch=                     NaN
 Abd=   2517.134    
 Catch=   72.7002466831474     
 Abd=            NaN
 Catch=                     NaN
 Abd=   41822.80    
 Catch=   339.524585463579     
 Abd=            NaN
 Catch=                     NaN
 Abd=   990.7955    
 Catch=   4.34619505124389     
 Abd=   1388095.    
 Catch=   3457.80028569481     
 Abd=   131506.8    
 Catch=   1556.06138254879     
 Abd=   101865.5    
 Catch=   254.603178633106     
 Abd=            NaN
 Catch=                     NaN
 Abd=   31721.08    
 Catch=   642.488176702341     
 Abd=   17702.94    
 Catch=   1293.81488039010     
 Abd=   1187027.    
 Catch=   3328.64083922525     
 Abd=   126685.2    
 Catch=   1985.82525950559     
 Abd=   29598.69    
 Catch=   752.243899400498     
 Abd=   4673948.    
 Catch=   18697.1069320761     
 Time step =         2085
 Abd=   60345.63    
 Catch=   397.276243130185     
 Abd=   10068.33    
 Catch=   66.2499090580378     
 Abd=   16641.13    
 Catch=   624.824740251740     
 Abd=   4142.491    
 Catch=   10.2612828777195     
 Abd=   47415.48    
 Catch=   590.862424386638     
 Abd=   22.47836    
 Catch=  0.230663914557025     
 Abd=            NaN
 Catch=                     NaN
 Abd=            NaN
 Catch=                     NaN
 Abd=   147221.1    
 Catch=   364.899105398894     
 Abd=   1584.824    
 Catch=   289.242419303090     
 Abd=   276477.6    
 Catch=   2030.26897036805     
 Abd=            NaN
 Catch=                     NaN
 Abd=            NaN
 Catch=                     NaN
 Abd=   112969.6    
 Catch=   324.421141240992     
 Abd=   29837.96    
 Catch=   2299.90611333716     
 Abd=            NaN
 Catch=                     NaN
 Abd=   2556.592    
 Catch=   69.7336721910803     
 Abd=            NaN
 Catch=                     NaN
 Abd=   42295.80    
 Catch=   339.064616901290     
 Abd=            NaN
 Catch=                     NaN
 Abd=   990.6653    
 Catch=   4.34129458065928     
 Abd=   1385429.    
 Catch=   3438.26419549388     
 Abd=   130983.8    
 Catch=   1553.13683384530     
 Abd=   102018.6    
 Catch=   254.443524159148     
 Abd=            NaN
 Catch=                     NaN
 Abd=   32575.92    
 Catch=   635.420947687080     
 Abd=   18141.80    
 Catch=   1226.54114960283     
 Abd=   1180375.    
 Catch=   3326.62852375077     
 Abd=   128459.1    
 Catch=   1983.50124347661     
 Abd=   30617.83    
 Catch=   739.455167590956     
 Abd=   4687057.    
 Catch=   18717.0098856013     
 Time step =         2086
 Abd=   60704.59    
 Catch=   398.677695588809     
 Abd=   10199.96    
 Catch=   62.3042254728252     
 Abd=   16286.76    
 Catch=   625.055700795745     
 Abd=   4110.714    
 Catch=   10.1713405680208     
 Abd=   47667.74    
 Catch=   595.360333867797     
 Abd=   21.74916    
 Catch=  0.237644219032528     
 Abd=            NaN
 Catch=                     NaN
 Abd=            NaN
 Catch=                     NaN
 Abd=   146195.5    
 Catch=   363.640534633824     
 Abd=   1577.268    
 Catch=   306.472867394689     
 Abd=   276654.6    
 Catch=   2051.92044231241     
 Abd=            NaN
 Catch=                     NaN
 Abd=            NaN
 Catch=                     NaN
 Abd=   113074.2    
 Catch=   324.819245465707     
 Abd=   31955.51    
 Catch=   2268.65819175221     
 Abd=            NaN
 Catch=                     NaN
 Abd=   2450.077    
 Catch=   72.1972304782354     
 Abd=            NaN
 Catch=                     NaN
 Abd=   42228.25    
 Catch=   340.576934969312     
 Abd=            NaN
 Catch=                     NaN
 Abd=   989.5294    
 Catch=   4.33025047567545     
 Abd=   1377495.    
 Catch=   3429.66736422147     
 Abd=   130742.7    
 Catch=   1550.21508587626     
 Abd=   101950.2    
 Catch=   254.512433260580     
 Abd=            NaN
 Catch=                     NaN
 Abd=   32197.38    
 Catch=   631.285180618164     
 Abd=   17186.24    
 Catch=   1265.67923422369     
 Abd=   1179768.    
 Catch=   3339.51903373334     
 Abd=   128272.9    
 Catch=   1987.72706200913     
 Abd=   30072.42    
 Catch=   732.115517641590     
 Abd=   4691890.    
 Catch=   18816.8642908879     
 Time step =         2087
 Abd=   60915.61    
 Catch=   399.118216085438     
 Abd=   9579.897    
 Catch=   60.2037136615002     
 Abd=   16297.28    
 Catch=   628.985800766756     
 Abd=   4074.592    
 Catch=   10.1478679416800     
 Abd=   48032.28    
 Catch=   596.913681873581     
 Abd=   22.43367    
 Catch=  0.237823503131169     
 Abd=            NaN
 Catch=                     NaN
 Abd=            NaN
 Catch=                     NaN
 Abd=   145700.3    
 Catch=   362.382730636434     
 Abd=   1671.274    
 Catch=   331.773137390507     
 Abd=   279661.0    
 Catch=   2077.16617926071     
 Abd=            NaN
 Catch=                     NaN
 Abd=            NaN
 Catch=                     NaN
 Abd=   113213.4    
 Catch=   325.508443764827     
 Abd=   31502.04    
 Catch=   1937.97191542623     
 Abd=            NaN
 Catch=                     NaN
 Abd=   2539.467    
 Catch=   75.7480346688530     
 Abd=            NaN
 Catch=                     NaN
 Abd=   42421.52    
 Catch=   342.692234855188     
 Abd=            NaN
 Catch=                     NaN
 Abd=   986.9847    
 Catch=   4.32361488737603     
 Abd=   1374142.    
 Catch=   3448.02781197620     
 Abd=   130496.4    
 Catch=   1546.34129602458     
 Abd=   101979.7    
 Catch=   255.305504641269     
 Abd=            NaN
 Catch=                     NaN
 Abd=   31990.55    
 Catch=   633.921793949545     
 Abd=   17745.14    
 Catch=   1357.79046002210     
 Abd=   1184447.    
 Catch=   3361.02114810920     
 Abd=   128555.4    
 Catch=   1996.37526620629     
 Abd=   29778.80    
 Catch=   737.117516692701     
 Abd=   4717327.    
 Catch=   18912.0893051201     
 Time step =         2088
 Abd=   60980.24    
 Catch=   396.288176139619     
 Abd=   9261.014    
 Catch=   63.3032969001809     
 Abd=   16400.73    
 Catch=   642.114449663151     
 Abd=   4065.627    
 Catch=   9.95680738229048     
 Abd=   48155.25    
 Catch=   592.140745318750     
 Abd=   22.43750    
 Catch=  0.244652618902243     
 Abd=            NaN
 Catch=                     NaN
 Abd=            NaN
 Catch=                     NaN
 Abd=   145196.2    
 Catch=   361.104396340470     
 Abd=   1809.280    
 Catch=   320.237176990038     
 Abd=   283110.6    
 Catch=   2085.25524570940     
 Abd=            NaN
 Catch=                     NaN
 Abd=            NaN
 Catch=                     NaN
 Abd=   113455.9    
 Catch=   326.449337579141     
 Abd=   26883.41    
 Catch=   1865.16451293240     
 Abd=            NaN
 Catch=                     NaN
 Abd=   2665.018    
 Catch=   76.8061913055027     
 Abd=            NaN
 Catch=                     NaN
 Abd=   42686.22    
 Catch=   345.867663622167     
 Abd=            NaN
 Catch=                     NaN
 Abd=   985.4915    
 Catch=   4.32339578487108     
 Abd=   1381720.    
 Catch=   3458.61424337643     
 Abd=   130169.2    
 Catch=   1549.74277535679     
 Abd=   102303.4    
 Catch=   256.181692758721     
 Abd=            NaN
 Catch=                     NaN
 Abd=   32129.55    
 Catch=   647.083175009464     
 Abd=   19044.23    
 Catch=   1369.18812631540     
 Abd=   1192132.    
 Catch=   3365.88171526674     
 Abd=   129120.0    
 Catch=   1960.62843259473     
 Abd=   29988.64    
 Catch=   755.042583205530     
 Abd=   4741163.    
 Catch=   18988.8243141004     
 Time step =         2089
 Abd=   60538.36    
 Catch=   396.946946638726     
 Abd=   9753.939    
 Catch=   66.1047589669863     
 Abd=   16746.19    
 Catch=   637.837738741631     
 Abd=   3987.817    
 Catch=   9.88566364431083     
 Abd=   47761.78    
 Catch=   590.874831332854     
 Abd=   23.09426    
 Catch=  0.241201088754669     
 Abd=            NaN
 Catch=                     NaN
 Abd=            NaN
 Catch=                     NaN
 Abd=   144684.1    
 Catch=   359.647085051134     
 Abd=   1746.280    
 Catch=   313.130001525599     
 Abd=   284169.3    
 Catch=   2110.00997599429     
 Abd=            NaN
 Catch=                     NaN
 Abd=            NaN
 Catch=                     NaN
 Abd=   113785.4    
 Catch=   326.784175196811     
 Abd=   25896.03    
 Catch=   1991.83405030325     
 Abd=            NaN
 Catch=                     NaN
 Abd=   2700.946    
 Catch=   70.9366660791544     
 Abd=            NaN
 Catch=                     NaN
 Abd=   43084.24    
 Catch=   345.819592924901     
 Abd=            NaN
 Catch=                     NaN
 Abd=   985.4698    
 Catch=   4.33996356393869     
 Abd=   1385892.    
 Catch=   3452.91316526204     
 Abd=   130466.6    
 Catch=   1559.49405140258     
 Abd=   102655.0    
 Catch=   256.278014719620     
 Abd=            NaN
 Catch=                     NaN
 Abd=   32805.61    
 Catch=   650.718622617157     
 Abd=   19194.99    
 Catch=   1293.57296052063     
 Abd=   1193740.    
 Catch=   3388.47168719356     
 Abd=   126756.5    
 Catch=   1966.96057735837     
 Abd=   30726.37    
 Catch=   756.699209911993     
 Abd=   4760290.    
 Catch=   18948.5798849488     
 Time step =         2090
 Abd=   60648.95    
 Catch=   395.781335738286     
 Abd=   10183.74    
 Catch=   70.7932614499879     
 Abd=   16628.68    
 Catch=   652.936702420210     
 Abd=   3960.299    
 Catch=   9.78746077964610     
 Abd=   47663.36    
 Catch=   590.493642833317     
 Abd=   22.75004    
 Catch=  0.245070078010255     
 Abd=            NaN
 Catch=                     NaN
 Abd=            NaN
 Catch=                     NaN
 Abd=   144098.0    
 Catch=   358.309326052926     
 Abd=   1707.524    
 Catch=   331.503824278210     
 Abd=   287587.8    
 Catch=   2097.75806982093     
 Abd=            NaN
 Catch=                     NaN
 Abd=            NaN
 Catch=                     NaN
 Abd=   113897.7    
 Catch=   326.983895126223     
 Abd=   27675.26    
 Catch=   2183.51215937669     
 Abd=            NaN
 Catch=                     NaN
 Abd=   2491.391    
 Catch=   75.9038055091499     
 Abd=            NaN
 Catch=                     NaN
 Abd=   43070.50    
 Catch=   348.264520357694     
 Abd=            NaN
 Catch=                     NaN
 Abd=   989.3225    
 Catch=   4.32681167077708     
 Abd=   1383474.    
 Catch=   3468.28796173626     
 Abd=   131297.1    
 Catch=   1569.23429271670     
 Abd=   102687.2    
 Catch=   256.420540148010     
 Abd=            NaN
 Catch=                     NaN
 Abd=   32981.62    
 Catch=   662.933072476958     
 Abd=   18127.44    
 Catch=   1386.10822188893     
 Abd=   1201880.    
 Catch=   3372.97357623711     
 Abd=   127224.1    
 Catch=   1927.61630768933     
 Abd=   30783.79    
 Catch=   771.204799363849     
 Abd=   4749608.    
 Catch=   18796.1565879271     
 Time step =         2091
 Abd=   60465.51    
 Catch=   394.247749144881     
 Abd=   10911.87    
 Catch=   74.6242688014862     
 Abd=   17029.02    
 Catch=   651.318731789586     
 Abd=   3920.715    
 Catch=   9.62804584443520     
 Abd=   47634.52    
 Catch=   586.773256931042     
 Abd=   23.12820    
 Catch=  0.249435154441944     
 Abd=            NaN
 Catch=                     NaN
 Abd=            NaN
 Catch=                     NaN
 Abd=   143562.7    
 Catch=   356.234376661665     
 Abd=   1807.790    
 Catch=   319.632731286701     
 Abd=   285819.4    
 Catch=   2094.06132024348     
 Abd=            NaN
 Catch=                     NaN
 Abd=            NaN
 Catch=                     NaN
 Abd=   113966.6    
 Catch=   327.393106437224     
 Abd=   30358.51    
 Catch=   1934.88520111310     
 Abd=            NaN
 Catch=                     NaN
 Abd=   2671.346    
 Catch=   76.7719459240029     
 Abd=            NaN
 Catch=                     NaN
 Abd=   43381.19    
 Catch=   349.877577341525     
 Abd=            NaN
 Catch=                     NaN
 Abd=   986.1873    
 Catch=   4.32099275618117     
 Abd=   1389811.    
 Catch=   3485.89480209677     
 Abd=   132116.1    
 Catch=   1572.65239495059     
 Abd=   102744.8    
 Catch=   256.916764644073     
 Abd=            NaN
 Catch=                     NaN
 Abd=   33608.70    
 Catch=   663.172450620529     
 Abd=   19440.19    
 Catch=   1351.27690746924     
 Abd=   1196113.    
 Catch=   3373.27272471689     
 Abd=   124618.0    
 Catch=   1927.89358176027     
 Abd=   31382.38    
 Catch=   766.937901781504     
 Abd=   4710847.    
 Catch=   18666.8905866617     
 Time step =         2092
 Abd=   60230.27    
 Catch=   394.624295859060     
 Abd=   11498.37    
 Catch=   76.6584711473605     
 Abd=   16980.88    
 Catch=   633.122323632687     
 Abd=   3856.294    
 Catch=   9.60597496599766     
 Abd=   47329.54    
 Catch=   584.196081331949     
 Abd=   23.54069    
 Catch=  0.251690686402528     
 Abd=            NaN
 Catch=                     NaN
 Abd=            NaN
 Catch=                     NaN
 Abd=   142726.8    
 Catch=   355.398397114053     
 Abd=   1742.960    
 Catch=   297.607207325203     
 Abd=   285338.1    
 Catch=   2071.07263926561     
 Abd=            NaN
 Catch=                     NaN
 Abd=            NaN
 Catch=                     NaN
 Abd=   114110.5    
 Catch=   328.647984549522     
 Abd=   26848.15    
 Catch=   2007.23675579983     
 Abd=            NaN
 Catch=                     NaN
 Abd=   2699.432    
 Catch=   75.7545220778786     
 Abd=            NaN
 Catch=                     NaN
 Abd=   43579.75    
 Catch=   347.751092109720     
 Abd=            NaN
 Catch=                     NaN
 Abd=   984.8988    
 Catch=   4.30146331101047     
 Abd=   1396881.    
 Catch=   3489.46579217605     
 Abd=   132394.8    
 Catch=   1571.65191642974     
 Abd=   102946.5    
 Catch=   257.711231048217     
 Abd=            NaN
 Catch=                     NaN
 Abd=   33609.52    
 Catch=   654.198907348452     
 Abd=   18937.24    
 Catch=   1334.25281155990     
 Abd=   1196331.    
 Catch=   3351.14334780160     
 Abd=   124680.6    
 Catch=   1912.56272076446     
 Abd=   31195.58    
 Catch=   757.421756405627     
 Abd=   4678568.    
 Catch=   18659.9076101168     
 Time step =         2093
 Abd=   60293.37    
 Catch=   396.558438621372     
 Abd=   11805.68    
 Catch=   76.1156915175963     
 Abd=   16501.65    
 Catch=   637.682021000811     
 Abd=   3848.632    
 Catch=   9.55688144210591     
 Abd=   47122.27    
 Catch=   587.835956379215     
 Abd=   23.75011    
 Catch=  0.254155642760988     
 Abd=            NaN
 Catch=                     NaN
 Abd=            NaN
 Catch=                     NaN
 Abd=   142400.4    
 Catch=   354.067893594548     
 Abd=   1622.846    
 Catch=   299.603075074172     
 Abd=   282155.5    
 Catch=   2086.05598548482     
 Abd=            NaN
 Catch=                     NaN
 Abd=            NaN
 Catch=                     NaN
 Abd=   114553.8    
 Catch=   328.448656385739     
 Abd=   27884.46    
 Catch=   2189.74761907545     
 Abd=            NaN
 Catch=                     NaN
 Abd=   2662.605    
 Catch=   72.4463193865697     
 Abd=            NaN
 Catch=                     NaN
 Abd=   43306.50    
 Catch=   348.077365231107     
 Abd=            NaN
 Catch=                     NaN
 Abd=   980.3848    
 Catch=   4.31092749057889     
 Abd=   1398195.    
 Catch=   3455.81574222455     
 Abd=   132303.9    
 Catch=   1571.63334209883     
 Abd=   103267.2    
 Catch=   257.160497095636     
 Abd=            NaN
 Catch=                     NaN
 Abd=   33147.93    
 Catch=   668.958926966237     
 Abd=   18703.46    
 Catch=   1329.87474749266     
 Abd=   1188324.    
 Catch=   3360.90964357969     
 Abd=   123670.8    
 Catch=   1911.65574313514     
 Abd=   30805.85    
 Catch=   781.571068522716     
 Abd=   4677436.    
 Catch=   18637.0259416768     
 Time step =         2094
 Abd=   60594.43    
 Catch=   397.604102012872     
 Abd=   11714.38    
 Catch=   78.9488375158001     
 Abd=   16628.94    
 Catch=   589.320430943979     
 Abd=   3828.728    
 Catch=   9.61770980324541     
 Abd=   47425.19    
 Catch=   597.174004864243     
 Abd=   23.98276    
 Catch=  0.250551234781118     
 Abd=            NaN
 Catch=                     NaN
 Abd=            NaN
 Catch=                     NaN
 Abd=   141864.2    
 Catch=   351.926601127965     
 Abd=   1633.796    
 Catch=   336.293868334402     
 Abd=   284298.8    
 Catch=   2063.98121393681     
 Abd=            NaN
 Catch=                     NaN
 Abd=            NaN
 Catch=                     NaN
 Abd=   114474.6    
 Catch=   328.666399886671     
 Abd=   30428.01    
 Catch=   2158.51871644271     
 Abd=            NaN
 Catch=                     NaN
 Abd=   2545.715    
 Catch=   77.5505106039594     
 Abd=            NaN
 Catch=                     NaN
 Abd=   43353.33    
 Catch=   337.672567846787     
 Abd=            NaN
 Catch=                     NaN
 Abd=   982.6753    
 Catch=   4.30069758396834     
 Abd=   1384415.    
 Catch=   3465.32958271285     
 Abd=   132304.0    
 Catch=   1579.66216551776     
 Abd=   103035.9    
 Catch=   257.194044233941     
 Abd=            NaN
 Catch=                     NaN
 Abd=   33915.59    
 Catch=   632.231272096718     
 Abd=   18645.91    
 Catch=   1376.59936284039     
 Abd=   1192015.    
 Catch=   3342.99649206756     
 Abd=   123631.3    
 Catch=   1908.32587707865     
 Abd=   31809.35    
 Catch=   731.588771848454     
 Abd=   4671617.    
 Catch=   18550.6906100836     
 Time step =         2095
 Abd=   60750.64    
 Catch=   393.679892045007     
 Abd=   12161.13    
 Catch=   80.4415519721444     
 Abd=   15352.82    
 Catch=   577.735065369816     
 Abd=   3853.942    
 Catch=   9.56991970704395     
 Abd=   48186.63    
 Catch=   590.597266558579     
 Abd=   23.63195    
 Catch=  0.249150939927695     
 Abd=            NaN
 Catch=                     NaN
 Abd=            NaN
 Catch=                     NaN
 Abd=   141000.1    
 Catch=   350.280957399905     
 Abd=   1834.005    
 Catch=   300.005595211146     
 Abd=   281120.8    
 Catch=   1998.85726133064     
 Abd=            NaN
 Catch=                     NaN
 Abd=            NaN
 Catch=                     NaN
 Abd=   114553.1    
 Catch=   329.482724653996     
 Abd=   29988.98    
 Catch=   2037.02637207756     
 Abd=            NaN
 Catch=                     NaN
 Abd=   2729.615    
 Catch=   73.8924527165701     
 Abd=            NaN
 Catch=                     NaN
 Abd=   42032.80    
 Catch=   331.747624011417     
 Abd=            NaN
 Catch=                     NaN
 Abd=   980.2512    
 Catch=   4.28407873808102     
 Abd=   1388583.    
 Catch=   3467.12184022597     
 Abd=   132992.1    
 Catch=   1565.51195852052     
 Abd=   103053.9    
 Catch=   257.793264793793     
 Abd=            NaN
 Catch=                     NaN
 Abd=   32012.84    
 Catch=   610.675591854950     
 Abd=   19308.54    
 Catch=   1292.10830037533     
 Abd=   1185336.    
 Catch=   3295.41050453349     
 Abd=   123412.0    
 Catch=   1935.59830868933     
 Abd=   29731.39    
 Catch=   700.720998693611     
 Abd=   4649669.    
 Catch=   18456.3116241578     
 Time step =         2096
 Abd=   60136.11    
 Catch=   392.201453361345     
 Abd=   12386.36    
 Catch=   84.1854414547215     
 Abd=   15062.35    
 Catch=   589.233919867763     
 Abd=   3833.959    
 Catch=   9.55106466459159     
 Abd=   47634.11    
 Catch=   582.723185515602     
 Abd=   23.50378    
 Catch=  0.249517080661482     
 Abd=            NaN
 Catch=                     NaN
 Abd=            NaN
 Catch=                     NaN
 Abd=   140343.7    
 Catch=   349.469744476545     
 Abd=   1635.897    
 Catch=   318.362938179415     
 Abd=   272197.2    
 Catch=   2018.13935077044     
 Abd=            NaN
 Catch=                     NaN
 Abd=            NaN
 Catch=                     NaN
 Abd=   114841.8    
 Catch=   330.273969682986     
 Abd=   28293.01    
 Catch=   2239.52248025879     
 Abd=            NaN
 Catch=                     NaN
 Abd=   2596.257    
 Catch=   71.4704878469350     
 Abd=            NaN
 Catch=                     NaN
 Abd=   41305.12    
 Catch=   330.392684437030     
 Abd=            NaN
 Catch=                     NaN
 Abd=   976.4351    
 Catch=   4.30344204005940     
 Abd=   1389231.    
 Catch=   3455.59364393796     
 Abd=   131768.5    
 Catch=   1555.50847615890     
 Abd=   103298.6    
 Catch=   257.805194642335     
 Abd=            NaN
 Catch=                     NaN
 Abd=   30932.85    
 Catch=   616.953537278091     
 Abd=   18105.52    
 Catch=   1356.80866192537     
 Abd=   1168333.    
 Catch=   3293.28937673102     
 Abd=   125212.3    
 Catch=   1942.86169198591     
 Abd=   28487.69    
 Catch=   708.292397781363     
 Abd=   4625960.    
 Catch=   18383.6769477464     
 Time step =         2097
 Abd=   59918.82    
 Catch=   391.029861488527     
 Abd=   12969.93    
 Catch=   84.4787714035837     
 Abd=   15368.89    
 Catch=   625.810266868513     
 Abd=   3826.643    
 Catch=   9.49528805798414     
 Abd=   46997.23    
 Catch=   587.302943134983     
 Abd=   23.54155    
 Catch=  0.244415980983506     
 Abd=            NaN
 Catch=                     NaN
 Abd=            NaN
 Catch=                     NaN
 Abd=   140025.1    
 Catch=   347.868675600914     
 Abd=   1736.163    
 Catch=   322.409618906779     
 Abd=   275054.8    
 Catch=   2034.12169018757     
 Abd=            NaN
 Catch=                     NaN
 Abd=            NaN
 Catch=                     NaN
 Abd=   115117.4    
 Catch=   330.408434186366     
 Abd=   31133.12    
 Catch=   2371.04089447481     
 Abd=            NaN
 Catch=                     NaN
 Abd=   2511.912    
 Catch=   72.5707919692354     
 Abd=            NaN
 Catch=                     NaN
 Abd=   41146.94    
 Catch=   335.489927942159     
 Abd=            NaN
 Catch=                     NaN
 Abd=   981.0143    
 Catch=   4.32139831867841     
 Abd=   1384504.    
 Catch=   3439.95547751309     
 Abd=   130931.8    
 Catch=   1563.09585399420     
 Abd=   103298.6    
 Catch=   257.275432560037     
 Abd=            NaN
 Catch=                     NaN
 Abd=   31273.26    
 Catch=   632.544732927199     
 Abd=   19031.00    
 Catch=   1381.98204674081     
 Abd=   1167955.    
 Catch=   3296.71643982044     
 Abd=   125656.8    
 Catch=   1959.92974586769     
 Abd=   28818.55    
 Catch=   734.788524807560     
 Abd=   4607862.    
 Catch=   18301.5528414744     
 Time step =         2098
 Abd=   59740.55    
 Catch=   391.746543807087     
 Abd=   13004.07    
 Catch=   83.0603705099195     
 Abd=   16331.06    
 Catch=   642.307073903962     
 Abd=   3804.024    
 Catch=   9.43481860965671     
 Abd=   47383.24    
 Catch=   592.463597523416     
 Abd=   23.05062    
 Catch=  0.242641712942904     
 Abd=            NaN
 Catch=                     NaN
 Abd=            NaN
 Catch=                     NaN
 Abd=   139377.2    
 Catch=   346.503836390375     
 Abd=   1758.146    
 Catch=   355.560686462608     
 Abd=   277218.1    
 Catch=   2013.05524450830     
 Abd=            NaN
 Catch=                     NaN
 Abd=            NaN
 Catch=                     NaN
 Abd=   115159.7    
 Catch=   330.903708655846     
 Abd=   32946.18    
 Catch=   2058.18341996289     
 Abd=            NaN
 Catch=                     NaN
 Abd=   2551.868    
 Catch=   81.5447945258197     
 Abd=            NaN
 Catch=                     NaN
 Abd=   41796.92    
 Catch=   341.525391537964     
 Abd=            NaN
 Catch=                     NaN
 Abd=   985.0964    
 Catch=   4.31915508693184     
 Abd=   1378207.    
 Catch=   3467.57908327774     
 Abd=   131596.9    
 Catch=   1565.02312220753     
 Abd=   103082.0    
 Catch=   257.908943446630     
 Abd=            NaN
 Catch=                     NaN
 Abd=   32071.85    
 Catch=   641.819346856225     
 Abd=   19373.01    
 Catch=   1489.53024445878     
 Abd=   1169200.    
 Catch=   3280.44322613938     
 Abd=   126771.4    
 Catch=   1951.45305475230     
 Abd=   29909.76    
 Catch=   746.717552581968     
 Abd=   4587227.    
 Catch=   18296.4660746653     
 Time step =         2099
 Abd=   59855.02    
 Catch=   386.989988011991     
 Abd=   12780.94    
 Catch=   83.8002185219012     
 Abd=   16753.16    
 Catch=   641.875672839734     
 Abd=   3779.739    
 Catch=   9.40965461239366     
 Abd=   47800.54    
 Catch=   586.860019836417     
 Abd=   22.88907    
 Catch=  0.239177440723481     
 Abd=            NaN
 Catch=                     NaN
 Abd=            NaN
 Catch=                     NaN
 Abd=   138833.4    
 Catch=   344.797877087403     
 Abd=   1939.064    
 Catch=   314.852646602008     
 Abd=   274254.1    
 Catch=   2005.55627956508     
 Abd=            NaN
 Catch=                     NaN
 Abd=            NaN
 Catch=                     NaN
 Abd=   115335.3    
 Catch=   331.925550754474     
 Abd=   28561.00    
 Catch=   2107.53709879458     
 Abd=            NaN
 Catch=                     NaN
 Abd=   2872.197    
 Catch=   80.4183623196677     
 Abd=            NaN
 Catch=                     NaN
 Abd=   42550.34    
 Catch=   343.783860285962     
 Abd=            NaN
 Catch=                     NaN
 Abd=   984.4928    
 Catch=   4.30523115821866     
 Abd=   1389632.    
 Catch=   3480.88163005958     
 Abd=   131749.8    
 Catch=   1571.13209462955     
 Abd=   103345.5    
 Catch=   258.787065923063     
 Abd=            NaN
 Catch=                     NaN
 Abd=   32535.34    
 Catch=   649.374196726554     
 Abd=   20897.39    
 Catch=   1421.59471345774     
 Abd=   1163291.    
 Catch=   3269.06559153484     
 Abd=   126194.8    
 Catch=   1922.76026139263     
 Abd=   30383.81    
 Catch=   755.143383097052     
 Abd=   4586336.    
 Catch=   18290.1742436867     
 Time step =         2100
 Abd=   59114.02    
 Catch=   386.466231416915     
 Abd=   12901.23    
 Catch=   84.0148118570641     
 Abd=   16736.06    
 Catch=   638.649065199642     
 Abd=   3769.938    
 Catch=   9.38211842987135     
 Abd=   47332.95    
 Catch=   580.557581692843     
 Abd=   22.55929    
 Catch=  0.240190853050537     
 Abd=            NaN
 Catch=                     NaN
 Abd=            NaN
 Catch=                     NaN
 Abd=   138144.6    
 Catch=   343.295557556945     
 Abd=   1716.864    
 Catch=   300.596974702564     
 Abd=   273212.7    
 Catch=   2012.40198108198     
 Abd=            NaN
 Catch=                     NaN
 Abd=            NaN
 Catch=                     NaN
 Abd=   115694.5    
 Catch=   331.227561560701     
 Abd=   29272.05    
 Catch=   2286.63673169576     
 Abd=            NaN
 Catch=                     NaN
 Abd=   2826.917    
 Catch=   72.7119754172685     
 Abd=            NaN
 Catch=                     NaN
 Abd=   42822.30    
 Catch=   344.847371269528     
 Abd=            NaN
 Catch=                     NaN
 Abd=   981.2661    
 Catch=   4.29165206599006     
 Abd=   1394837.    
 Catch=   3450.94094386456     
 Abd=   132271.2    
 Catch=   1567.69478220049     
 Abd=   103699.0    
 Catch=   258.135133823925     
 Abd=            NaN
 Catch=                     NaN
 Abd=   32916.48    
 Catch=   642.742218080555     
 Abd=   19925.81    
 Catch=   1307.48150873698     
 Abd=   1159222.    
 Catch=   3259.40303799968     
 Abd=   124317.2    
 Catch=   1924.45657829309     
 Abd=   30723.71    
 Catch=   745.460877113813     
 Abd=   4584744.    
 Catch=   18323.2249358360     
 Time step =         2101
 Abd=   59045.43    
 Catch=   385.610525381308     
 Abd=   12932.65    
 Catch=   85.5844612371507     
 Abd=   16651.11    
 Catch=   611.008873198736     
 Abd=   3758.891    
 Catch=   9.35695496262457     
 Abd=   46824.06    
 Catch=   588.030161175800     
 Abd=   22.66272    
 Catch=  0.241190958692157     
 Abd=            NaN
 Catch=                     NaN
 Abd=            NaN
 Catch=                     NaN
 Abd=   137545.1    
 Catch=   341.133440410949     
 Abd=   1639.167    
 Catch=   339.574503279688     
 Abd=   274242.9    
 Catch=   2018.53848582674     
 Abd=            NaN
 Catch=                     NaN
 Abd=            NaN
 Catch=                     NaN
 Abd=   115439.3    
 Catch=   330.614199111256     
 Abd=   31780.13    
 Catch=   2248.21568204362     
 Abd=            NaN
 Catch=                     NaN
 Abd=   2552.966    
 Catch=   76.7237962668106     
 Abd=            NaN
 Catch=                     NaN
 Abd=   42952.04    
 Catch=   342.721875568659     
 Abd=            NaN
 Catch=                     NaN
 Abd=   978.1746    
 Catch=   4.27743298459566     
 Abd=   1382489.    
 Catch=   3470.01422047280     
 Abd=   131966.7    
 Catch=   1567.40281741353     
 Abd=   103425.4    
 Catch=   258.114432996809     
 Abd=            NaN
 Catch=                     NaN
 Abd=   32568.64    
 Catch=   617.283124443393     
 Abd=   18321.70    
 Catch=   1382.22268602113     
 Abd=   1155886.    
 Catch=   3255.35736873855     
 Abd=   124462.2    
 Catch=   1922.70106965771     
 Abd=   30319.69    
 Catch=   709.678223549130     
 Abd=   4593230.    
 Catch=   18337.5149719760     
 Time step =         2102
 Abd=   58913.27    
 Catch=   388.040031799325     
 Abd=   13178.41    
 Catch=   88.1361237542855     
 Abd=   15924.18    
 Catch=   616.796245818729     
 Abd=   3748.711    
 Catch=   9.13897853807683     
 Abd=   47446.61    
 Catch=   595.160587921320     
 Abd=   22.75688    
 Catch=  0.245234225559670     
 Abd=            NaN
 Catch=                     NaN
 Abd=            NaN
 Catch=                     NaN
 Abd=   136674.3    
 Catch=   339.134067186033     
 Abd=   1851.917    
 Catch=   337.825149713444     
 Abd=   275023.6    
 Catch=   1980.20337329289     
 Abd=            NaN
 Catch=                     NaN
 Abd=            NaN
 Catch=                     NaN
 Abd=   115226.3    
 Catch=   331.326888440753     
 Abd=   31228.20    
 Catch=   1887.82304303736     
 Abd=            NaN
 Catch=                     NaN
 Abd=   2699.938    
 Catch=   81.7760482229882     
 Abd=            NaN
 Catch=                     NaN
 Abd=   42679.90    
 Catch=   343.763350306574     
 Abd=            NaN
 Catch=                     NaN
 Abd=   974.9315    
 Catch=   4.25983000798803     
 Abd=   1390538.    
 Catch=   3499.52088999182     
 Abd=   131947.9    
 Catch=   1564.64277268443     
 Abd=   103422.4    
 Catch=   259.127053063401     
 Abd=            NaN
 Catch=                     NaN
 Abd=   31264.71    
 Catch=   615.970300171978     
 Abd=   19391.49    
 Catch=   1423.30930559480     
 Abd=   1154431.    
 Catch=   3202.89178221343     
 Abd=   124344.8    
 Catch=   1927.51532220899     
 Abd=   28849.25    
 Catch=   706.101401313457     
 Abd=   4596708.    
 Catch=   18320.3557417171     
 Time step =         2103
 Abd=   59294.29    
 Catch=   387.487219341885     
 Abd=   13574.11    
 Catch=   78.1359898892477     
 Abd=   16085.16    
 Catch=   620.504213605097     
 Abd=   3659.901    
 Catch=   9.08131912332064     
 Abd=   48020.84    
 Catch=   585.935816418116     
 Abd=   23.14384    
 Catch=  0.248799123888363     
 Abd=            NaN
 Catch=                     NaN
 Abd=            NaN
 Catch=                     NaN
 Abd=   135872.3    
 Catch=   337.875160222386     
 Abd=   1842.209    
 Catch=   295.103703644610     
 Abd=   269730.9    
 Catch=   2002.54490772878     
 Abd=            NaN
 Catch=                     NaN
 Abd=            NaN
 Catch=                     NaN
 Abd=   115484.0    
 Catch=   330.741020125915     
 Abd=   26206.05    
 Catch=   2053.79716299598     
 Abd=            NaN
 Catch=                     NaN
 Abd=   2878.346    
 Catch=   73.6216779015078     
 Abd=            NaN
 Catch=                     NaN
 Abd=   42816.96    
 Catch=   343.161731486794     
 Abd=            NaN
 Catch=                     NaN
 Abd=   970.9030    
 Catch=   4.24687693458390     
 Abd=   1402441.    
 Catch=   3467.17572298158     
 Abd=   131712.2    
 Catch=   1575.46351442146     
 Abd=   103836.5    
 Catch=   258.599924401130     
 Abd=            NaN
 Catch=                     NaN
 Abd=   31216.94    
 Catch=   626.869190186895     
 Abd=   19955.42    
 Catch=   1276.10170141241     
 Abd=   1135500.    
 Catch=   3212.12762771246     
 Abd=   124662.0    
 Catch=   1934.61734826953     
 Abd=   28722.35    
 Catch=   724.105702915072     
 Abd=   4592248.    
 Catch=   18375.7125123119     
 Time step =         2104
 Abd=   59200.26    
 Catch=   385.622507124484     
 Abd=   12003.09    
 Catch=   77.2748776261714     
 Abd=   16181.16    
 Catch=   622.473904048417     
 Abd=   3638.079    
 Catch=   9.02917248011824     
 Abd=   47254.16    
 Catch=   585.441741531863     
 Abd=   23.47916    
 Catch=  0.253863441722078     
 Abd=            NaN
 Catch=                     NaN
 Abd=            NaN
 Catch=                     NaN
 Abd=   135375.3    
 Catch=   336.422150716345     
 Abd=   1609.232    
 Catch=   284.019498464389     
 Abd=   272936.2    
 Catch=   1999.19036915601     
 Abd=            NaN
 Catch=                     NaN
 Abd=            NaN
 Catch=                     NaN
 Abd=   115271.1    
 Catch=   329.967674045148     
 Abd=   28549.49    
 Catch=   2224.61801508599     
 Abd=            NaN
 Catch=                     NaN
 Abd=   2585.203    
 Catch=   70.3974382845251     
 Abd=            NaN
 Catch=                     NaN
 Abd=   42738.28    
 Catch=   342.426294628851     
 Abd=            NaN
 Catch=                     NaN
 Abd=   967.9715    
 Catch=   4.23726285310837     
 Abd=   1388977.    
 Catch=   3439.35583395523     
 Abd=   132643.3    
 Catch=   1577.78631251387     
 Abd=   103612.8    
 Catch=   257.800504187253     
 Abd=            NaN
 Catch=                     NaN
 Abd=   31779.48    
 Catch=   634.856775208481     
 Abd=   17884.25    
 Catch=   1231.39744315664     
 Abd=   1139251.    
 Catch=   3204.03165865085     
 Abd=   125122.8    
 Catch=   1948.65342043567     
 Abd=   29468.93    
 Catch=   738.442826781929     
 Abd=   4606502.    
 Catch=   18439.4671819046     
 Time step =         2105
 Abd=   58911.97    
 Catch=   385.980354815759     
 Abd=   11892.27    
 Catch=   77.8159314073420     
 Abd=   16231.58    
 Catch=   615.966076922640     
 Abd=   3617.272    
 Catch=   8.91891894875305     
 Abd=   47226.26    
 Catch=   591.418002751660     
 Abd=   23.95972    
 Catch=  0.255515709454412     
 Abd=            NaN
 Catch=                     NaN
 Abd=            NaN
 Catch=                     NaN
 Abd=   134791.7    
 Catch=   334.984458209758     
 Abd=   1548.770    
 Catch=   307.132217418214     
 Abd=   272410.7    
 Catch=   2023.76345751072     
 Abd=            NaN
 Catch=                     NaN
 Abd=            NaN
 Catch=                     NaN
 Abd=   114999.6    
 Catch=   330.247264336438     
 Abd=   30922.17    
 Catch=   2111.13937639913     
 Abd=            NaN
 Catch=                     NaN
 Abd=   2473.591    
 Catch=   71.6647915855488     
 Abd=            NaN
 Catch=                     NaN
 Abd=   42646.51    
 Catch=   344.758084271958     
 Abd=            NaN
 Catch=                     NaN
 Abd=   965.7943    
 Catch=   4.24465514227861     
 Abd=   1377870.    
 Catch=   3444.24837956473     
 Abd=   132825.1    
 Catch=   1565.41535750976     
 Abd=   103290.1    
 Catch=   257.857381662238     
 Abd=            NaN
 Catch=                     NaN
 Abd=   32181.53    
 Catch=   622.451107188887     
 Abd=   17257.97    
 Catch=   1276.09463508248     
 Abd=   1136252.    
 Catch=   3228.53778999555     
 Abd=   126038.0    
 Catch=   1947.17064668196     
 Abd=   30048.57    
 Catch=   719.036003194192     
 Abd=   4622514.    
 Catch=   18522.6385598326     
 Time step =         2106
 Abd=   58973.59    
 Catch=   388.568522833866     
 Abd=   11979.40    
 Catch=   79.7620703368620     
 Abd=   16059.75    
 Catch=   617.084555288561     
 Abd=   3572.627    
 Catch=   8.84146010965630     
 Abd=   47716.84    
 Catch=   600.542750338109     
 Abd=   24.10938    
 Catch=  0.252861613373609     
 Abd=            NaN
 Catch=                     NaN
 Abd=            NaN
 Catch=                     NaN
 Abd=   134215.8    
 Catch=   333.564236391716     
 Abd=   1674.916    
 Catch=   328.130958656341     
 Abd=   275831.2    
 Catch=   2027.32950817915     
 Abd=            NaN
 Catch=                     NaN
 Abd=            NaN
 Catch=                     NaN
 Abd=   115104.3    
 Catch=   329.471337016989     
 Abd=   29312.68    
 Catch=   1939.92693705399     
 Abd=            NaN
 Catch=                     NaN
 Abd=   2520.182    
 Catch=   76.1874757022743     
 Abd=            NaN
 Catch=                     NaN
 Abd=   42943.82    
 Catch=   346.736348325087     
 Abd=            NaN
 Catch=                     NaN
 Abd=   967.5580    
 Catch=   4.25129995586650     
 Abd=   1380096.    
 Catch=   3468.30173016137     
 Abd=   131762.2    
 Catch=   1565.62734653736     
 Abd=   103319.9    
 Catch=   258.037333239073     
 Abd=            NaN
 Catch=                     NaN
 Abd=   31536.29    
 Catch=   620.250826116710     
 Abd=   17893.64    
 Catch=   1360.51885477581     
 Abd=   1145171.    
 Catch=   3236.15679713829     
 Abd=   125923.5    
 Catch=   1933.18648098464     
 Abd=   29239.14    
 Catch=   718.179436710582     
 Abd=   4643464.    
 Catch=   18658.3575446920     
 Time step =         2107
 Abd=   59375.28    
 Catch=   388.271574780396     
 Abd=   12283.28    
 Catch=   80.2014754481446     
 Abd=   16090.69    
 Catch=   636.343969089155     
 Abd=   3541.842    
 Catch=   8.77568274269123     
 Abd=   48457.98    
 Catch=   600.860656845330     
 Abd=   23.85175    
 Catch=  0.254504699236832     
 Abd=            NaN
 Catch=                     NaN
 Abd=            NaN
 Catch=                     NaN
 Abd=   133647.5    
 Catch=   332.336354722282     
 Abd=   1789.400    
 Catch=   282.673853385351     
 Abd=   276204.6    
 Catch=   2004.13775353807     
 Abd=            NaN
 Catch=                     NaN
 Abd=            NaN
 Catch=                     NaN
 Abd=   114827.1    
 Catch=   329.370292975645     
 Abd=   26924.59    
 Catch=   1950.16967184580     
 Abd=            NaN
 Catch=                     NaN
 Abd=   2680.972    
 Catch=   72.7548793904658     
 Abd=            NaN
 Catch=                     NaN
 Abd=   43189.13    
 Catch=   348.829551717394     
 Abd=            NaN
 Catch=                     NaN
 Abd=   969.0676    
 Catch=   4.23339979077515     
 Abd=   1389888.    
 Catch=   3456.03031691231     
 Abd=   131799.7    
 Catch=   1563.90377803994     
 Abd=   103393.0    
 Catch=   258.061436786045     
 Abd=            NaN
 Catch=                     NaN
 Abd=   31432.95    
 Catch=   635.128529442308     
 Abd=   19079.92    
 Catch=   1250.47583692630     
 Abd=   1147672.    
 Catch=   3220.65984419122     
 Abd=   125005.4    
 Catch=   1948.54046571196     
 Abd=   29214.96    
 Catch=   741.701849159007     
 Abd=   4677767.    
 Catch=   18713.5959842428     
 Time step =         2108
 Abd=   59323.83    
 Catch=   389.178407408330     
 Abd=   12346.18    
 Catch=   74.5532563785909     
 Abd=   16599.15    
 Catch=   618.682134607165     
 Abd=   3515.595    
 Catch=   8.78772327769243     
 Abd=   48471.32    
 Catch=   591.878172700993     
 Abd=   24.01424    
 Catch=  0.257062287617413     
 Abd=            NaN
 Catch=                     NaN
 Abd=            NaN
 Catch=                     NaN
 Abd=   133157.2    
 Catch=   331.072996263345     
 Abd=   1541.375    
 Catch=   287.501097039114     
 Abd=   273018.4    
 Catch=   2040.37567479820     
 Abd=            NaN
 Catch=                     NaN
 Abd=            NaN
 Catch=                     NaN
 Abd=   114796.5    
 Catch=   328.020496373060     
 Abd=   27081.94    
 Catch=   2171.99219259583     
 Abd=            NaN
 Catch=                     NaN
 Abd=   2556.233    
 Catch=   66.9489129155593     
 Abd=            NaN
 Catch=                     NaN
 Abd=   43450.39    
 Catch=   346.638436489579     
 Abd=            NaN
 Catch=                     NaN
 Abd=   964.8763    
 Catch=   4.21996276407154     
 Abd=   1384671.    
 Catch=   3417.78814795373     
 Abd=   131651.7    
 Catch=   1559.68074982960     
 Abd=   103401.4    
 Catch=   256.842688825192     
 Abd=            NaN
 Catch=                     NaN
 Abd=   32202.04    
 Catch=   621.797926857188     
 Abd=   17521.34    
 Catch=   1235.37783683192     
 Abd=   1142051.    
 Catch=   3236.23465414405     
 Abd=   126031.9    
 Catch=   1961.89572197223     
 Abd=   30187.78    
 Catch=   721.708614716750     
 Abd=   4691196.    
 Catch=   18796.3347027775     
 Time step =         2109
 Abd=   59463.96    
 Catch=   388.097896361974     
 Abd=   11460.78    
 Catch=   65.2990466275056     
 Abd=   16126.44    
 Catch=   601.362329068526     
 Abd=   3521.938    
 Catch=   8.75946478503192     
 Abd=   47734.21    
 Catch=   590.482752993580     
 Abd=   24.25703    
 Catch=  0.259924740816967     
 Abd=            NaN
 Catch=                     NaN
 Abd=            NaN
 Catch=                     NaN
 Abd=   132649.8    
 Catch=   330.084015966118     
 Abd=   1567.833    
 Catch=   318.079824822919     
 Abd=   278131.9    
 Catch=   2006.94380861246     
 Abd=            NaN
 Catch=                     NaN
 Abd=            NaN
 Catch=                     NaN
 Abd=   114317.5    
 Catch=   328.240221994398     
 Abd=   30186.03    
 Catch=   2331.07345086845     
 Abd=            NaN
 Catch=                     NaN
 Abd=   2351.770    
 Catch=   69.8592339610336     
 Abd=            NaN
 Catch=                     NaN
 Abd=   43167.20    
 Catch=   341.591486589170     
 Abd=            NaN
 Catch=                     NaN
 Abd=   961.8359    
 Catch=   4.20132424141041     
 Abd=   1369144.    
 Catch=   3418.30194668534     
 Abd=   131291.8    
 Catch=   1558.82111625365     
 Abd=   102903.2    
 Catch=   256.681892935897     
 Abd=            NaN
 Catch=                     NaN
 Abd=   31501.82    
 Catch=   616.134423247234     
 Abd=   17322.23    
 Catch=   1309.02648492728     
 Abd=   1147845.    
 Catch=   3215.18469017677     
 Abd=   126896.5    
 Catch=   1932.48526080959     
 Abd=   29346.48    
 Catch=   714.473582551037     
 Abd=   4712082.    
 Catch=   18895.6002779287     
 Time step =         2110
 Abd=   59292.37    
 Catch=   390.189600733201     
 Abd=   10026.90    
 Catch=   63.7873872889707     
 Abd=   15675.79    
 Catch=   626.444478110715     
 Abd=   3509.375    
 Catch=   8.67511423088271     
 Abd=   47631.34    
 Catch=   595.806089201588     
 Abd=   24.52759    
 Catch=  0.261404283239893     
 Abd=            NaN
 Catch=                     NaN
 Abd=            NaN
 Catch=                     NaN
 Abd=   132255.6    
 Catch=   328.960556397576     
 Abd=   1734.634    
 Catch=   308.570118907463     
 Abd=   273396.9    
 Catch=   1954.52883285556     
 Abd=            NaN
 Catch=                     NaN
 Abd=            NaN
 Catch=                     NaN
 Abd=   114404.7    
 Catch=   328.598857940291     
 Abd=   32400.28    
 Catch=   2008.98445178036     
 Abd=            NaN
 Catch=                     NaN
 Abd=   2457.779    
 Catch=   71.4953136737630     
 Abd=            NaN
 Catch=                     NaN
 Abd=   42532.97    
 Catch=   344.925459084502     
 Abd=            NaN
 Catch=                     NaN
 Abd=   957.5623    
 Catch=   4.18662564307874     
 Abd=   1369666.    
 Catch=   3417.38974896941     
 Abd=   131224.0    
 Catch=   1548.30371480576     
 Abd=   102847.2    
 Catch=   256.717028151085     
 Abd=            NaN
 Catch=                     NaN
 Abd=   31221.97    
 Catch=   624.305042955033     
 Abd=   18359.19    
 Catch=   1318.77595457153     
 Abd=   1140126.    
 Catch=   3164.99806942739     
 Abd=   124946.0    
 Catch=   1915.72130782604     
 Abd=   29060.66    
 Catch=   725.417823791934     
 Abd=   4737044.    
 Catch=   18997.9453492897     
 Time step =         2111
 Abd=   59621.14    
 Catch=   388.506339863967     
 Abd=   9815.082    
 Catch=   65.5806066549128     
 Abd=   16343.22    
 Catch=   630.404593432885     
 Abd=   3475.147    
 Catch=   8.69953974171836     
 Abd=   48069.94    
 Catch=   596.156170654038     
 Abd=   24.66468    
 Catch=  0.258761371268039     
 Abd=            NaN
 Catch=                     NaN
 Abd=            NaN
 Catch=                     NaN
 Abd=   131804.2    
 Catch=   327.866033765521     
 Abd=   1682.646    
 Catch=   306.220122331894     
 Abd=   266215.8    
 Catch=   1916.50882156765     
 Abd=            NaN
 Catch=                     NaN
 Abd=            NaN
 Catch=                     NaN
 Abd=   114530.3    
 Catch=   328.615117835161     
 Abd=   27871.23    
 Catch=   1934.15095775924     
 Abd=            NaN
 Catch=                     NaN
 Abd=   2514.682    
 Catch=   71.3554763562829     
 Abd=            NaN
 Catch=                     NaN
 Abd=   42967.72    
 Catch=   346.203210836698     
 Abd=            NaN
 Catch=                     NaN
 Abd=   954.2313    
 Catch=   4.18074972289228     
 Abd=   1369282.    
 Catch=   3417.01394884081     
 Abd=   130324.2    
 Catch=   1540.05797369634     
 Abd=   102862.7    
 Catch=   256.739632985270     
 Abd=            NaN
 Catch=                     NaN
 Abd=   31647.64    
 Catch=   632.308832158146     
 Abd=   18486.28    
 Catch=   1293.55316289057     
 Abd=   1122142.    
 Catch=   3126.82967633132     
 Abd=   123874.2    
 Catch=   1929.37855566003     
 Abd=   29517.91    
 Catch=   732.998590459780     
 Abd=   4762714.    
 Catch=   19058.1292492967     
 Time step =         2112
 Abd=   59352.84    
 Catch=   387.457948938493     
 Abd=   10100.36    
 Catch=   70.4444049696307     
 Abd=   16439.08    
 Catch=   641.226328761341     
 Abd=   3485.815    
 Catch=   8.60747150763264     
 Abd=   48091.48    
 Catch=   600.704009831823     
 Abd=   24.40816    
 Catch=  0.248291563964934     
 Abd=            NaN
 Catch=                     NaN
 Abd=            NaN
 Catch=                     NaN
 Abd=   131366.1    
 Catch=   326.703250125981     
 Abd=   1669.843    
 Catch=   356.670904685275     
 Abd=   261054.1    
 Catch=   1930.89973461332     
 Abd=            NaN
 Catch=                     NaN
 Abd=            NaN
 Catch=                     NaN
 Abd=   114533.6    
 Catch=   329.677854278984     
 Abd=   26851.22    
 Catch=   1889.19499773709     
 Abd=            NaN
 Catch=                     NaN
 Abd=   2508.523    
 Catch=   81.2829441430895     
 Abd=            NaN
 Catch=                     NaN
 Abd=   43121.24    
 Catch=   350.665564882464     
 Abd=            NaN
 Catch=                     NaN
 Abd=   952.9309    
 Catch=   4.17344336940688     
 Abd=   1369137.    
 Catch=   3446.38018622682     
 Abd=   129633.5    
 Catch=   1526.17688445583     
 Abd=   102871.7    
 Catch=   258.009084047031     
 Abd=            NaN
 Catch=                     NaN
 Abd=   32052.65    
 Catch=   643.969961381719     
 Abd=   18128.91    
 Catch=   1481.68215085071     
 Abd=   1108669.    
 Catch=   3130.34536050711     
 Abd=   124794.9    
 Catch=   1946.85915269465     
 Abd=   29823.23    
 Catch=   745.562951193717     
 Abd=   4777575.    
 Catch=   19105.6851271415     
 Time step =         2113
 Abd=   59196.30    
 Catch=   384.890615122325     
 Abd=   10858.98    
 Catch=   73.8896373523888     
 Abd=   16720.99    
 Catch=   646.068205417859     
 Abd=   3447.951    
 Catch=   8.50451835894663     
 Abd=   48464.61    
 Catch=   596.732544478679     
 Abd=   23.40762    
 Catch=  0.253312804448006     
 Abd=            NaN
 Catch=                     NaN
 Abd=            NaN
 Catch=                     NaN
 Abd=   130899.7    
 Catch=   325.360444867116     
 Abd=   1945.149    
 Catch=   310.974768459633     
 Abd=   263147.1    
 Catch=   1948.88483637923     
 Abd=            NaN
 Catch=                     NaN
 Abd=            NaN
 Catch=                     NaN
 Abd=   114912.3    
 Catch=   330.381918016015     
 Abd=   26231.49    
 Catch=   1744.46822537705     
 Abd=            NaN
 Catch=                     NaN
 Abd=   2863.477    
 Catch=   76.1734535589625     
 Abd=            NaN
 Catch=                     NaN
 Abd=   43684.53    
 Catch=   350.568859395651     
 Abd=            NaN
 Catch=                     NaN
 Abd=   951.2567    
 Catch=   4.14925203778678     
 Abd=   1381152.    
 Catch=   3448.24420006889     
 Abd=   128457.3    
 Catch=   1534.44641321168     
 Abd=   103390.8    
 Catch=   258.449867119723     
 Abd=            NaN
 Catch=                     NaN
 Abd=   32646.64    
 Catch=   655.675122007116     
 Abd=   20790.88    
 Catch=   1354.94504038227     
 Abd=   1110195.    
 Catch=   3135.26634179240     
 Abd=   125925.6    
 Catch=   1966.02999544596     
 Abd=   30338.02    
 Catch=   763.876801930516     
 Abd=   4789436.    
 Catch=   19092.7023043070     
 Time step =         2114
 Abd=   58797.71    
 Catch=   385.481232826083     
 Abd=   11384.07    
 Catch=   72.8658679650978     
 Abd=   16846.32    
 Catch=   647.068683373486     
 Abd=   3406.665    
 Catch=   8.49859066211878     
 Abd=   48131.84    
 Catch=   592.137068771161     
 Abd=   23.90817    
 Catch=  0.253945667592769     
 Abd=            NaN
 Catch=                     NaN
 Abd=            NaN
 Catch=                     NaN
 Abd=   130360.1    
 Catch=   324.566521976240     
 Abd=   1695.698    
 Catch=   293.902578706417     
 Abd=   265586.1    
 Catch=   1975.57298343420     
 Abd=            NaN
 Catch=                     NaN
 Abd=            NaN
 Catch=                     NaN
 Abd=   115154.2    
 Catch=   329.469624732033     
 Abd=   24213.62    
 Catch=   1937.10317913143     
 Abd=            NaN
 Catch=                     NaN
 Abd=   2675.862    
 Catch=   69.6730880867117     
 Abd=            NaN
 Catch=                     NaN
 Abd=   43661.92    
 Catch=   347.924256506666     
 Abd=            NaN
 Catch=                     NaN
 Abd=   945.6669    
 Catch=   4.15239976975468     
 Abd=   1381666.    
 Catch=   3426.62744273185     
 Abd=   129187.2    
 Catch=   1532.82131600050     
 Abd=   103560.2    
 Catch=   257.666028870066     
 Abd=            NaN
 Catch=                     NaN
 Abd=   33240.80    
 Catch=   656.201828799410     
 Abd=   18983.87    
 Catch=   1269.19114364883     
 Abd=   1111939.    
 Catch=   3155.68548711899     
 Abd=   127167.8    
 Catch=   2007.17515339504     
 Abd=   31086.91    
 Catch=   768.802955408438     
 Abd=   4785877.    
 Catch=   19125.0620576773     
 Time step =         2115
 Abd=   58897.88    
 Catch=   384.773934025102     
 Abd=   11212.86    
 Catch=   73.7106101279063     
 Abd=   16870.21    
 Catch=   620.148644600609     
 Abd=   3405.057    
 Catch=   8.50913932949110     
 Abd=   47760.89    
 Catch=   587.414079023124     
 Abd=   23.95942    
 Catch=  0.256288626893561     
 Abd=            NaN
 Catch=                     NaN
 Abd=            NaN
 Catch=                     NaN
 Abd=   130045.5    
 Catch=   323.478912686287     
 Abd=   1602.657    
 Catch=   313.963554149489     
 Abd=   269273.3    
 Catch=   1943.94988956833     
 Abd=            NaN
 Catch=                     NaN
 Abd=            NaN
 Catch=                     NaN
 Abd=   114825.1    
 Catch=   330.491769393586     
 Abd=   26922.79    
 Catch=   2051.73242509209     
 Abd=            NaN
 Catch=                     NaN
 Abd=   2446.504    
 Catch=   73.5931599006428     
 Abd=            NaN
 Catch=                     NaN
 Abd=   43326.96    
 Catch=   344.625336676668     
 Abd=            NaN
 Catch=                     NaN
 Abd=   946.5111    
 Catch=   4.16329389831809     
 Abd=   1372817.    
 Catch=   3426.33775555349     
 Abd=   129034.5    
 Catch=   1525.21715812080     
 Abd=   103236.3    
 Catch=   257.986011404115     
 Abd=            NaN
 Catch=                     NaN
 Abd=   33257.31    
 Catch=   640.358050059229     
 Abd=   17785.88    
 Catch=   1378.54609081242     
 Abd=   1119306.    
 Catch=   3143.03569920578     
 Abd=   129853.8    
 Catch=   2032.50787632442     
 Abd=   31277.78    
 Catch=   743.292002250748     
 Abd=   4794221.    
 Catch=   19099.4145256577     
 Time step =         2116
 Abd=   58785.59    
 Catch=   389.145495002012     
 Abd=   11348.46    
 Catch=   72.7555014442847     
 Abd=   16160.76    
 Catch=   609.969937364254     
 Abd=   3409.417    
 Catch=   8.52392494797475     
 Abd=   47379.65    
 Catch=   598.318550756350     
 Abd=   24.18373    
 Catch=  0.253880906222385     
 Abd=            NaN
 Catch=                     NaN
 Abd=            NaN
 Catch=                     NaN
 Abd=   129607.3    
 Catch=   322.311392588353     
 Abd=   1712.137    
 Catch=   321.593213845367     
 Abd=   264819.1    
 Catch=   1933.02317778908     
 Abd=            NaN
 Catch=                     NaN
 Abd=            NaN
 Catch=                     NaN
 Abd=   115195.0    
 Catch=   331.168563564237     
 Abd=   28504.97    
 Catch=   2044.26257930782     
 Abd=            NaN
 Catch=                     NaN
 Abd=   2589.969    
 Catch=   75.5096998277395     
 Abd=            NaN
 Catch=                     NaN
 Abd=   42914.25    
 Catch=   341.232858076313     
 Abd=            NaN
 Catch=                     NaN
 Abd=   949.0262    
 Catch=   4.15844051918061     
 Abd=   1372876.    
 Catch=   3410.66194634324     
 Abd=   128385.0    
 Catch=   1527.44051453177     
 Abd=   103373.6    
 Catch=   257.791733122153     
 Abd=            NaN
 Catch=                     NaN
 Abd=   32440.36    
 Catch=   635.703193335966     
 Abd=   19335.74    
 Catch=   1347.46661944479     
 Abd=   1114596.    
 Catch=   3124.54062232771     
 Abd=   131476.4    
 Catch=   2040.11454968183     
 Abd=   30221.13    
 Catch=   735.068230868802     
 Abd=   4787506.    
 Catch=   19027.4389089018     
 Time step =         2117
 Abd=   59468.81    
 Catch=   388.569722985511     
 Abd=   11196.04    
 Catch=   76.5293542675329     
 Abd=   15900.95    
 Catch=   602.249599389531     
 Abd=   3415.364    
 Catch=   8.55986342448293     
 Abd=   48280.67    
 Catch=   597.593747245056     
 Abd=   23.94809    
 Catch=  0.257338155198586     
 Abd=            NaN
 Catch=                     NaN
 Abd=            NaN
 Catch=                     NaN
 Abd=   129138.9    
 Catch=   321.200606298885     
 Abd=   1753.706    
 Catch=   344.005416895964     
 Abd=   263373.4    
 Catch=   1943.39747169030     
 Abd=            NaN
 Catch=                     NaN
 Abd=            NaN
 Catch=                     NaN
 Abd=   115428.1    
 Catch=   330.252750809270     
 Abd=   28386.70    
 Catch=   1998.39936038587     
 Abd=            NaN
 Catch=                     NaN
 Abd=   2655.633    
 Catch=   80.1535226811496     
 Abd=            NaN
 Catch=                     NaN
 Abd=   42491.94    
 Catch=   339.636855676007     
 Abd=            NaN
 Catch=                     NaN
 Abd=   947.8492    
 Catch=   4.14715071807924     
 Abd=   1366467.    
 Catch=   3434.91959381572     
 Abd=   128587.4    
 Catch=   1538.31607193079     
 Abd=   103291.5    
 Catch=   257.991558700593     
 Abd=            NaN
 Catch=                     NaN
 Abd=   32214.15    
 Catch=   624.629502630091     
 Abd=   18885.49    
 Catch=   1424.36981111529     
 Abd=   1107983.    
 Catch=   3129.11305286546     
 Abd=   131947.0    
 Catch=   2018.98196200548     
 Abd=   29897.51    
 Catch=   718.313348321933     
 Abd=   4769228.    
 Catch=   18975.6253814822     
 Time step =         2118
 Abd=   59366.37    
 Catch=   386.329348346126     
 Abd=   11791.86    
 Catch=   78.2956754905396     
 Abd=   15700.92    
 Catch=   604.562539987331     
 Abd=   3429.932    
 Catch=   8.58021707458999     
 Abd=   48206.34    
 Catch=   591.608281776290     
 Abd=   24.28479    
 Catch=  0.259291374093582     
 Abd=            NaN
 Catch=                     NaN
 Abd=            NaN
 Catch=                     NaN
 Abd=   128694.4    
 Catch=   319.941415674863     
 Abd=   1875.998    
 Catch=   313.241478978782     
 Abd=   264844.7    
 Catch=   1976.05537097025     
 Abd=            NaN
 Catch=                     NaN
 Abd=            NaN
 Catch=                     NaN
 Abd=   115098.9    
 Catch=   329.434511680301     
 Abd=   27748.71    
 Catch=   1838.62972105679     
 Abd=            NaN
 Catch=                     NaN
 Abd=   2820.649    
 Catch=   77.4642401391802     
 Abd=            NaN
 Catch=                     NaN
 Abd=   42297.19    
 Catch=   339.103035546924     
 Abd=            NaN
 Catch=                     NaN
 Abd=   945.2472    
 Catch=   4.15321846433743     
 Abd=   1376519.    
 Catch=   3451.08931284092     
 Abd=   129516.4    
 Catch=   1553.53696085819     
 Abd=   103375.2    
 Catch=   258.100863951637     
 Abd=            NaN
 Catch=                     NaN
 Abd=   31647.99    
 Catch=   624.447572849521     
 Abd=   19978.07    
 Catch=   1366.68272331372     
 Abd=   1109769.    
 Catch=   3154.35359262949     
 Abd=   130543.1    
 Catch=   1991.43263134122     
 Abd=   29211.19    
 Catch=   719.353715923228     
 Abd=   4756339.    
 Catch=   18910.1768830393     
 Time step =         2119
 Abd=   59018.45    
 Catch=   386.670975957233     
 Abd=   12056.81    
 Catch=   78.9323040969583     
 Abd=   15764.06    
 Catch=   627.940004209753     
 Abd=   3437.953    
 Catch=   8.56658056252327     
 Abd=   47716.95    
 Catch=   585.017826339820     
 Abd=   24.46616    
 Catch=  0.264118448082682     
 Abd=            NaN
 Catch=                     NaN
 Abd=            NaN
 Catch=                     NaN
 Abd=   128187.8    
 Catch=   318.522161583626     
 Abd=   1708.077    
 Catch=   292.697940461483     
 Abd=   269332.2    
 Catch=   2023.03620452323     
 Abd=            NaN
 Catch=                     NaN
 Abd=            NaN
 Catch=                     NaN
 Abd=   114813.6    
 Catch=   328.518586708790     
 Abd=   25521.82    
 Catch=   1961.57587385813     
 Abd=            NaN
 Catch=                     NaN
 Abd=   2722.304    
 Catch=   70.1884342008450     
 Abd=            NaN
 Catch=                     NaN
 Abd=   42233.01    
 Catch=   342.880652722668     
 Abd=            NaN
 Catch=                     NaN
 Abd=   946.7092    
 Catch=   4.17673311976501     
 Abd=   1382923.    
 Catch=   3442.07549496249     
 Abd=   130804.3    
 Catch=   1559.74015745867     
 Abd=   103417.8    
 Catch=   257.556631833099     
 Abd=            NaN
 Catch=                     NaN
 Abd=   31647.25    
 Catch=   636.254413121496     
 Abd=   19151.59    
 Catch=   1224.04368758991     
 Abd=   1118859.    
 Catch=   3186.31257416256     
 Abd=   128760.2    
 Catch=   1963.82459766908     
 Abd=   29263.82    
 Catch=   738.565306892003     
 Abd=   4739872.    
 Catch=   18794.7156269412     
 Time step =         2120
 Abd=   59078.82    
 Catch=   385.021146633471     
 Abd=   12151.43    
 Catch=   77.8822754385463     
 Abd=   16379.80    
 Catch=   631.435440229545     
 Abd=   3432.216    
 Catch=   8.47812036023781     
 Abd=   47183.45    
 Catch=   591.103144366677     
 Abd=   24.92690    
 Catch=  0.259884906583012     
 Abd=            NaN
 Catch=                     NaN
 Abd=            NaN
 Catch=                     NaN
 Abd=   127618.1    
 Catch=   316.975984584770     
 Abd=   1596.068    
 Catch=   326.715408027651     
 Abd=   275796.0    
 Catch=   2047.94767890885     
 Abd=            NaN
 Catch=                     NaN
 Abd=            NaN
 Catch=                     NaN
 Abd=   114493.5    
 Catch=   328.523217006932     
 Abd=   27255.95    
 Catch=   1960.53327680890     
 Abd=            NaN
 Catch=                     NaN
 Abd=   2464.258    
 Catch=   74.4470478147145     
 Abd=            NaN
 Catch=                     NaN
 Abd=   42713.79    
 Catch=   344.472555439715     
 Abd=            NaN
 Catch=                     NaN
 Abd=   952.1490    
 Catch=   4.18813241644985     
 Abd=   1379104.    
 Catch=   3459.33984339861     
 Abd=   131312.7    
 Catch=   1571.42541870817     
 Abd=   103194.3    
 Catch=   257.875568521965     
 Abd=            NaN
 Catch=                     NaN
 Abd=   32255.86    
 Catch=   644.793000133604     
 Abd=   17146.62    
 Catch=   1327.17159668850     
 Abd=   1130252.    
 Catch=   3201.61196892934     
 Abd=   126975.7    
 Catch=   1896.72893071716     
 Abd=   30058.07    
 Catch=   751.865650654317     
 Abd=   4710690.    
 Catch=   18651.4533730780     
 Time step =         2121
 Abd=   58820.16    
 Catch=   385.588835555541     
 Abd=   11984.87    
 Catch=   76.2792806320508     
 Abd=   16463.87    
 Catch=   636.438550746670     
 Abd=   3396.179    
 Catch=   8.32920598842145     
 Abd=   47692.37    
 Catch=   595.519659807681     
 Abd=   24.51138    
 Catch=  0.259911155104941     
 Abd=            NaN
 Catch=                     NaN
 Abd=            NaN
 Catch=                     NaN
 Abd=   126997.6    
 Catch=   315.714050842697     
 Abd=   1781.725    
 Catch=   318.710409783946     
 Abd=   279065.2    
 Catch=   2055.94964126353     
 Abd=            NaN
 Catch=                     NaN
 Abd=            NaN
 Catch=                     NaN
 Abd=   114501.7    
 Catch=   327.609741672356     
 Abd=   27224.36    
 Catch=   1917.24139351968     
 Abd=            NaN
 Catch=                     NaN
 Abd=   2619.792    
 Catch=   77.0681685165654     
 Abd=            NaN
 Catch=                     NaN
 Abd=   42906.73    
 Catch=   347.517883689366     
 Abd=            NaN
 Catch=                     NaN
 Abd=   954.6889    
 Catch=   4.18572814466576     
 Abd=   1386243.    
 Catch=   3479.86233928355     
 Abd=   132304.4    
 Catch=   1573.17569933014     
 Abd=   103329.3    
 Catch=   257.920593563130     
 Abd=            NaN
 Catch=                     NaN
 Abd=   32685.95    
 Catch=   649.652956114927     
 Abd=   18615.51    
 Catch=   1353.84015485415     
 Abd=   1135444.    
 Catch=   3212.78384988178     
 Abd=   122593.8    
 Catch=   1877.78499949060     
 Abd=   30594.31    
 Catch=   756.460592141522     
 Abd=   4674638.    
 Catch=   18485.5741120513     
 Time step =         2122
 Abd=   58913.91    
 Catch=   388.962143380324     
 Abd=   11736.67    
 Catch=   74.2046004891672     
 Abd=   16595.53    
 Catch=   645.761431296178     
 Abd=   3336.055    
 Catch=   8.35854790443629     
 Abd=   48045.59    
 Catch=   592.887804435595     
 Abd=   24.52155    
 Catch=  0.264779169156432     
 Abd=            NaN
 Catch=                     NaN
 Abd=            NaN
 Catch=                     NaN
 Abd=   126493.9    
 Catch=   314.297806816305     
 Abd=   1737.946    
 Catch=   310.368480663853     
 Abd=   280156.1    
 Catch=   2078.74351093048     
 Abd=            NaN
 Catch=                     NaN
 Abd=            NaN
 Catch=                     NaN
 Abd=   114177.0    
 Catch=   327.467176474424     
 Abd=   26627.48    
 Catch=   2008.57919614078     
 Abd=            NaN
 Catch=                     NaN
 Abd=   2710.929    
 Catch=   75.2359265789243     
 Abd=            NaN
 Catch=                     NaN
 Abd=   43289.34    
 Catch=   348.981936296790     
 Abd=            NaN
 Catch=                     NaN
 Abd=   954.0783    
 Catch=   4.18803079386349     
 Abd=   1394488.    
 Catch=   3471.05705481007     
 Abd=   132437.0    
 Catch=   1568.33359701861     
 Abd=   103345.0    
 Catch=   257.756481972822     
 Abd=            NaN
 Catch=                     NaN
 Abd=   32928.54    
 Catch=   661.911427525166     
 Abd=   18979.70    
 Catch=   1328.37842787425     
 Abd=   1139457.    
 Catch=   3221.23100036005     
 Abd=   121419.8    
 Catch=   1896.44787512599     
 Abd=   30774.99    
 Catch=   773.254522983198     
 Abd=   4632947.    
 Catch=   18454.3635968331     
 Time step =         2123
 Abd=   59437.89    
 Catch=   391.460332992436     
 Abd=   11415.99    
 Catch=   75.5312190264738     
 Abd=   16839.60    
 Catch=   627.380151654785     
 Abd=   3349.251    
 Catch=   8.34934091149460     
 Abd=   47823.74    
 Catch=   594.967125563876     
 Abd=   24.98935    
 Catch=  0.266700520065483     
 Abd=            NaN
 Catch=                     NaN
 Abd=            NaN
 Catch=                     NaN
 Abd=   125925.6    
 Catch=   313.562489217781     
 Abd=   1692.499    
 Catch=   304.755005647044     
 Abd=   283324.4    
 Catch=   2116.83263396988     
 Abd=            NaN
 Catch=                     NaN
 Abd=            NaN
 Catch=                     NaN
 Abd=   114133.0    
 Catch=   327.344550363032     
 Abd=   27903.79    
 Catch=   2274.59830380748     
 Abd=            NaN
 Catch=                     NaN
 Abd=   2644.658    
 Catch=   70.1243901295554     
 Abd=            NaN
 Catch=                     NaN
 Abd=   43467.93    
 Catch=   349.540238127060     
 Abd=            NaN
 Catch=                     NaN
 Abd=   954.6273    
 Catch=   4.20704814129218     
 Abd=   1390720.    
 Catch=   3454.62873839239     
 Abd=   132019.2    
 Catch=   1559.97037809262     
 Abd=   103277.7    
 Catch=   257.452604118521     
 Abd=            NaN
 Catch=                     NaN
 Abd=   33556.06    
 Catch=   640.415938749255     
 Abd=   18624.47    
 Catch=   1316.43305185881     
 Abd=   1142472.    
 Catch=   3237.49369343237     
 Abd=   122668.2    
 Catch=   1896.16564201838     
 Abd=   31465.93    
 Catch=   739.057289585078     
 Abd=   4625788.    
 Catch=   18508.1569502902     
 Time step =         2124
 Abd=   59816.67    
 Catch=   387.237288692909     
 Abd=   11630.23    
 Catch=   75.8323636909288     
 Abd=   16353.49    
 Catch=   618.412325091886     
 Abd=   3345.220    
 Catch=   8.34222209663516     
 Abd=   47998.46    
 Catch=   591.707265710480     
 Abd=   25.16513    
 Catch=  0.265109302625890     
 Abd=            NaN
 Catch=                     NaN
 Abd=            NaN
 Catch=                     NaN
 Abd=   125636.3    
 Catch=   311.614517184066     
 Abd=   1661.858    
 Catch=   314.865053490153     
 Abd=   288552.4    
 Catch=   2126.68447790722     
 Abd=            NaN
 Catch=                     NaN
 Abd=            NaN
 Catch=                     NaN
 Abd=   114090.1    
 Catch=   327.683879042860     
 Abd=   31620.39    
 Catch=   2194.86483489111     
 Abd=            NaN
 Catch=                     NaN
 Abd=   2463.365    
 Catch=   72.0582813973235     
 Abd=            NaN
 Catch=                     NaN
 Abd=   43534.98    
 Catch=   348.300077780658     
 Abd=            NaN
 Catch=                     NaN
 Abd=   959.0380    
 Catch=   4.21703389937409     
 Abd=   1384077.    
 Catch=   3455.49373515511     
 Abd=   131309.8    
 Catch=   1559.54107864487     
 Abd=   103154.8    
 Catch=   257.327699467438     
 Abd=            NaN
 Catch=                     NaN
 Abd=   32439.84    
 Catch=   629.519071313100     
 Abd=   18452.86    
 Catch=   1330.63584335578     
 Abd=   1148293.    
 Catch=   3239.87479970083     
 Abd=   122628.8    
 Catch=   1865.35993684201     
 Abd=   30044.62    
 Catch=   725.383355864619     
 Abd=   4639690.    
 Catch=   18542.3695713903     
 Time step =         2125
 Abd=   59151.59    
 Catch=   385.746993031260     
 Abd=   11673.38    
 Catch=   74.9334860544738     
 Abd=   16122.50    
 Catch=   608.087367660003     
 Abd=   3342.387    
 Catch=   8.37141811668662     
 Abd=   47728.09    
 Catch=   591.873106105205     
 Abd=   25.00887    
 Catch=  0.266996797519401     
 Abd=            NaN
 Catch=                     NaN
 Abd=            NaN
 Catch=                     NaN
 Abd=   124846.8    
 Catch=   310.867383050824     
 Abd=   1717.036    
 Catch=   328.162759115366     
 Abd=   289821.9    
 Catch=   2131.88217355551     
 Abd=            NaN
 Catch=                     NaN
 Abd=            NaN
 Catch=                     NaN
 Abd=   114211.4    
 Catch=   326.981447226851     
 Abd=   30485.06    
 Catch=   2111.64999392362     
 Abd=            NaN
 Catch=                     NaN
 Abd=   2534.387    
 Catch=   77.1433005698798     
 Abd=            NaN
 Catch=                     NaN
 Abd=   43376.46    
 Catch=   347.086204573065     
 Abd=            NaN
 Catch=                     NaN
 Abd=   961.2694    
 Catch=   4.23047527537581     
 Abd=   1384567.    
 Catch=   3479.88221313876     
 Abd=   131284.9    
 Catch=   1559.51440563573     
 Abd=   103106.1    
 Catch=   257.327124428716     
 Abd=            NaN
 Catch=                     NaN
 Abd=   31896.16    
 Catch=   627.666852620059     
 Abd=   18655.56    
 Catch=   1364.64250770638     
 Abd=   1149042.    
 Catch=   3233.51401247087     
 Abd=   120602.1    
 Catch=   1823.09030556072     
 Abd=   29501.97    
 Catch=   721.689533787634     
 Abd=   4648162.    
 Catch=   18543.5856108096     
 Time step =         2126
 Abd=   58932.10    
 Catch=   385.475906716194     
 Abd=   11531.42    
 Catch=   71.7778351177350     
 Abd=   15853.50    
 Catch=   645.711010559706     
 Abd=   3354.383    
 Catch=   8.31306450870144     
 Abd=   47745.80    
 Catch=   594.041071620256     
 Abd=   25.19318    
 Catch=  0.269910417624026     
 Abd=            NaN
 Catch=                     NaN
 Abd=            NaN
 Catch=                     NaN
 Abd=   124556.2    
 Catch=   310.206561676535     
 Abd=   1789.565    
 Catch=   290.297942092949     
 Abd=   290511.8    
 Catch=   2091.61727012303     
 Abd=            NaN
 Catch=                     NaN
 Abd=            NaN
 Catch=                     NaN
 Abd=   113959.6    
 Catch=   326.647744578157     
 Abd=   29331.38    
 Catch=   1992.70645208028     
 Abd=            NaN
 Catch=                     NaN
 Abd=   2715.249    
 Catch=   75.9732733782511     
 Abd=            NaN
 Catch=                     NaN
 Abd=   43225.38    
 Catch=   351.459252831099     
 Abd=            NaN
 Catch=                     NaN
 Abd=   964.3514    
 Catch=   4.23137471848332     
 Abd=   1394533.    
 Catch=   3480.17633895377     
 Abd=   131283.8    
 Catch=   1563.59706385075     
 Abd=   103107.0    
 Catch=   257.307215322475     
 Abd=            NaN
 Catch=                     NaN
 Abd=   31809.82    
 Catch=   655.861479468427     
 Abd=   19136.39    
 Catch=   1279.41989580965     
 Abd=   1146721.    
 Catch=   3217.57289094782     
 Abd=   117859.0    
 Catch=   1816.52694684866     
 Abd=   29357.10    
 Catch=   764.389081335089     
 Abd=   4648298.    
 Catch=   18561.3332341508     
 Time step =         2127
 Abd=   58893.93    
 Catch=   386.015233495020     
 Abd=   11039.53    
 Catch=   72.3907990972857     
 Abd=   16850.41    
 Catch=   656.830520015073     
 Abd=   3330.267    
 Catch=   8.27891841241232     
 Abd=   47924.35    
 Catch=   593.253006010814     
 Abd=   25.46987    
 Catch=  0.270457836272271     
 Abd=            NaN
 Catch=                     NaN
 Abd=            NaN
 Catch=                     NaN
 Abd=   124292.0    
 Catch=   309.234913270734     
 Abd=   1582.960    
 Catch=   281.577006892391     
 Abd=   284848.5    
 Catch=   2111.64283098439     
 Abd=            NaN
 Catch=                     NaN
 Abd=            NaN
 Catch=                     NaN
 Abd=   113845.6    
 Catch=   325.269908831259     
 Abd=   27661.75    
 Catch=   2047.41260413156     
 Abd=            NaN
 Catch=                     NaN
 Abd=   2671.213    
 Catch=   66.1132991242424     
 Abd=            NaN
 Catch=                     NaN
 Abd=   43783.57    
 Catch=   352.467551170433     
 Abd=            NaN
 Catch=                     NaN
 Abd=   964.5002    
 Catch=   4.25341829157441     
 Abd=   1394446.    
 Catch=   3444.91667827851     
 Abd=   131633.8    
 Catch=   1570.99985812897     
 Abd=   103098.7    
 Catch=   256.044602134846     
 Abd=            NaN
 Catch=                     NaN
 Abd=   33265.16    
 Catch=   666.744944801565     
 Abd=   17928.50    
 Catch=   1175.05201538428     
 Abd=   1140891.    
 Catch=   3229.04282408652     
 Abd=   117470.1    
 Catch=   1823.37544507843     
 Abd=   31125.46    
 Catch=   780.804999634600     
 Abd=   4652844.    
 Catch=   18606.8907078361     
 Time step =         2128
 Abd=   58978.85    
 Catch=   386.003386030892     
 Abd=   11144.68    
 Catch=   68.6014772280525     
 Abd=   17130.11    
 Catch=   648.293828163861     
 Abd=   3316.810    
 Catch=   8.29910421958981     
 Abd=   47855.76    
 Catch=   589.310629418623     
 Abd=   25.51721    
 Catch=  0.269576209864763     
 Abd=            NaN
 Catch=                     NaN
 Abd=            NaN
 Catch=                     NaN
 Abd=   123900.5    
 Catch=   308.052423232200     
 Abd=   1535.488    
 Catch=   300.942004615463     
 Abd=   287797.7    
 Catch=   2127.33583232229     
 Abd=            NaN
 Catch=                     NaN
 Abd=            NaN
 Catch=                     NaN
 Abd=   113358.6    
 Catch=   324.819931791685     
 Abd=   28438.14    
 Catch=   2345.56636659127     
 Abd=            NaN
 Catch=                     NaN
 Abd=   2320.354    
 Catch=   69.1030917828524     
 Abd=            NaN
 Catch=                     NaN
 Abd=   43901.03    
 Catch=   352.841929910376     
 Abd=            NaN
 Catch=                     NaN
 Abd=   969.6218    
 Catch=   4.22831594433484     
 Abd=   1380036.    
 Catch=   3427.56190686180     
 Abd=   132261.9    
 Catch=   1568.89595865212     
 Abd=   102583.0    
 Catch=   255.339132568261     
 Abd=            NaN
 Catch=                     NaN
 Abd=   33800.33    
 Catch=   665.273460178437     
 Abd=   16469.26    
 Catch=   1286.87157278306     
 Abd=   1145265.    
 Catch=   3246.94474076365     
 Abd=   117927.8    
 Catch=   1807.49464489967     
 Abd=   31773.42    
 Catch=   776.440707236224     
 Abd=   4664412.    
 Catch=   18708.7808588109     
 Time step =         2129
 Abd=   58976.36    
 Catch=   388.420358971319     
 Abd=   10549.11    
 Catch=   63.7005220563749     
 Abd=   16900.99    
 Catch=   610.778483063932     
 Abd=   3325.350    
 Catch=   8.36259727790488     
 Abd=   47533.70    
 Catch=   596.571845605385     
 Abd=   25.43166    
 Catch=  0.267627645233583     
 Abd=            NaN
 Catch=                     NaN
 Abd=            NaN
 Catch=                     NaN
 Abd=   123425.0    
 Catch=   307.017494408762     
 Abd=   1641.141    
 Catch=   319.924310704911     
 Abd=   289920.7    
 Catch=   2131.70118938305     
 Abd=            NaN
 Catch=                     NaN
 Abd=            NaN
 Catch=                     NaN
 Abd=   113208.4    
 Catch=   325.744831169296     
 Abd=   32617.74    
 Catch=   2258.92557782997     
 Abd=            NaN
 Catch=                     NaN
 Abd=   2431.303    
 Catch=   73.3753541836904     
 Abd=            NaN
 Catch=                     NaN
 Abd=   43946.27    
 Catch=   348.037182290153     
 Abd=            NaN
 Catch=                     NaN
 Abd=   963.6849    
 Catch=   4.20940640466035     
 Abd=   1373231.    
 Catch=   3432.32178944768     
 Abd=   132070.5    
 Catch=   1570.39192895195     
 Abd=   102305.0    
 Catch=   255.668137093637     
 Abd=            NaN
 Catch=                     NaN
 Abd=   33714.96    
 Catch=   641.964256527999     
 Abd=   18048.46    
 Catch=   1335.09863703665     
 Abd=   1151653.    
 Catch=   3261.47324735265     
 Abd=   116874.6    
 Catch=   1811.30822018015     
 Abd=   31582.34    
 Catch=   737.180228642729     
 Abd=   4690232.    
 Catch=   18825.8784006905     
 Time step =         2130
 Abd=   59352.11    
 Catch=   389.426024566869     
 Abd=   9792.411    
 Catch=   65.7575194273061     
 Abd=   15915.00    
 Catch=   609.998610239469     
 Abd=   3351.140    
 Catch=   8.35174564971379     
 Abd=   48134.69    
 Catch=   594.726623466490     
 Abd=   25.24596    
 Catch=  0.262516207242765     
 Abd=            NaN
 Catch=                     NaN
 Abd=            NaN
 Catch=                     NaN
 Abd=   123010.5    
 Catch=   306.065902824320     
 Abd=   1744.637    
 Catch=   321.041812644732     
 Abd=   290485.7    
 Catch=   2143.62169760941     
 Abd=            NaN
 Catch=                     NaN
 Abd=            NaN
 Catch=                     NaN
 Abd=   113539.8    
 Catch=   326.328209321562     
 Abd=   31376.06    
 Catch=   1910.18383918007     
 Abd=            NaN
 Catch=                     NaN
 Abd=   2581.966    
 Catch=   75.9869986630991     
 Abd=            NaN
 Catch=                     NaN
 Abd=   43335.50    
 Catch=   345.020544863905     
 Abd=            NaN
 Catch=                     NaN
 Abd=   959.4051    
 Catch=   4.17888874423820     
 Abd=   1375315.    
 Catch=   3444.86726060997     
 Abd=   132201.9    
 Catch=   1580.08612264122     
 Abd=   102444.9    
 Catch=   256.173971754923     
 Abd=            NaN
 Catch=                     NaN
 Abd=   32516.37    
 Catch=   630.692856222517     
 Abd=   18717.43    
 Catch=   1379.54996717814     
 Abd=   1156781.    
 Catch=   3275.17953081607     
 Abd=   117145.4    
 Catch=   1796.22357437875     
 Abd=   29965.16    
 Catch=   722.918014303414     
 Abd=   4719657.    
 Catch=   18894.6984004045     
 Time step =         2131
 Abd=   59501.30    
 Catch=   387.470754893410     
 Abd=   10128.37    
 Catch=   69.2185781755239     
 Abd=   15906.12    
 Catch=   638.407633511488     
 Abd=   3346.157    
 Catch=   8.31518414054390     
 Abd=   47973.12    
 Catch=   591.155257517937     
 Abd=   24.75860    
 Catch=  0.260740924080960     
 Abd=            NaN
 Catch=                     NaN
 Abd=            NaN
 Catch=                     NaN
 Abd=   122629.7    
 Catch=   305.015532221628     
 Abd=   1750.682    
 Catch=   298.494488775646     
 Abd=   292069.2    
 Catch=   2157.02063429178     
 Abd=            NaN
 Catch=                     NaN
 Abd=            NaN
 Catch=                     NaN
 Abd=   113740.6    
 Catch=   326.278458961735     
 Abd=   26496.66    
 Catch=   1871.48335550949     
 Abd=            NaN
 Catch=                     NaN
 Abd=   2673.031    
 Catch=   74.1001695781049     
 Abd=            NaN
 Catch=                     NaN
 Abd=   42964.55    
 Catch=   348.058418028035     
 Abd=            NaN
 Catch=                     NaN
 Abd=   952.3975    
 Catch=   4.15439954095564     
 Abd=   1380402.    
 Catch=   3441.67114552621     
 Abd=   133029.7    
 Catch=   1567.48304619970     
 Abd=   102648.9    
 Catch=   256.052362107322     
 Abd=            NaN
 Catch=                     NaN
 Abd=   31955.27    
 Catch=   645.287066597323     
 Abd=   19338.89    
 Catch=   1292.70426690805     
 Abd=   1161547.    
 Catch=   3286.21422596770     
 Abd=   116145.6    
 Catch=   1815.57806615292     
 Abd=   29399.97    
 Catch=   747.656976556241     
 Abd=   4736660.    
 Catch=   18946.8663628342     
 Time step =         2132
 Abd=   59194.24    
 Catch=   389.007964432989     
 Abd=   10665.31    
 Catch=   69.7552178432318     
 Abd=   16656.06    
 Catch=   645.410259051531     
 Abd=   3331.300    
 Catch=   8.28890884456396     
 Abd=   47682.83    
 Catch=   590.078475509450     
 Abd=   24.59669    
 Catch=  0.262642000520746     
 Abd=            NaN
 Catch=                     NaN
 Abd=            NaN
 Catch=                     NaN
 Abd=   122208.0    
 Catch=   304.016713557974     
 Abd=   1627.676    
 Catch=   284.150247461305     
 Abd=   293965.1    
 Catch=   2166.22139762741     
 Abd=            NaN
 Catch=                     NaN
 Abd=            NaN
 Catch=                     NaN
 Abd=   113718.8    
 Catch=   324.551796227020     
 Abd=   25984.87    
 Catch=   1886.07386196670     
 Abd=            NaN
 Catch=                     NaN
 Abd=   2604.147    
 Catch=   68.0592945632533     
 Abd=            NaN
 Catch=                     NaN
 Abd=   43357.17    
 Catch=   347.931898145743     
 Abd=            NaN
 Catch=                     NaN
 Abd=   946.8430    
 Catch=   4.12480938090150     
 Abd=   1378991.    
 Catch=   3392.45484962523     
 Abd=   131935.6    
 Catch=   1559.63849039698     
 Abd=   102595.0    
 Catch=   254.521072409655     
 Abd=            NaN
 Catch=                     NaN
 Abd=   32716.84    
 Catch=   646.958822582267     
 Abd=   18110.34    
 Catch=   1209.89657372215     
 Abd=   1165536.    
 Catch=   3294.08797768778     
 Abd=   117440.6    
 Catch=   1863.16427581016     
 Abd=   30431.86    
 Catch=   752.145181167583     
 Abd=   4749647.    
 Catch=   18951.8405785103     
 Time step =         2133
 Abd=   59439.12    
 Catch=   391.340744729811     
 Abd=   10738.39    
 Catch=   70.5091168497531     
 Abd=   16830.91    
 Catch=   642.059171399981     
 Abd=   3320.860    
 Catch=   8.32281046736419     
 Abd=   47599.29    
 Catch=   589.980225954846     
 Abd=   24.78238    
 Catch=  0.256572467391313     
 Abd=            NaN
 Catch=                     NaN
 Abd=            NaN
 Catch=                     NaN
 Abd=   121808.3    
 Catch=   303.557455222826     
 Abd=   1549.504    
 Catch=   315.246356322207     
 Abd=   295203.0    
 Catch=   2197.22346597438     
 Abd=            NaN
 Catch=                     NaN
 Abd=            NaN
 Catch=                     NaN
 Abd=   113106.6    
 Catch=   324.952020548528     
 Abd=   26193.82    
 Catch=   1986.43669368366     
 Abd=            NaN
 Catch=                     NaN
 Abd=   2390.131    
 Catch=   70.5051230321691     
 Abd=            NaN
 Catch=                     NaN
 Abd=   43334.13    
 Catch=   349.099814683520     
 Abd=            NaN
 Catch=                     NaN
 Abd=   940.0784    
 Catch=   4.11745922327759     
 Abd=   1358910.    
 Catch=   3399.78439409713     
 Abd=   131283.0    
 Catch=   1565.56200274960     
 Abd=   101970.7    
 Catch=   254.805134935496     
 Abd=            NaN
 Catch=                     NaN
 Abd=   32790.67    
 Catch=   648.991739258808     
 Abd=   16955.95    
 Catch=   1269.56003634282     
 Abd=   1168302.    
 Catch=   3324.86465006413     
 Abd=   120552.7    
 Catch=   1888.72994116181     
 Abd=   30600.76    
 Catch=   752.974575074219     
 Abd=   4750656.    
 Catch=   19010.3249750541     
 Time step =         2134
 Abd=   59797.98    
 Catch=   392.495281444340     
 Abd=   10855.35    
 Catch=   72.1520659134239     
 Abd=   16741.40    
 Catch=   639.099705271054     
 Abd=   3334.941    
 Catch=   8.30677365097456     
 Abd=   47592.13    
 Catch=   593.668078271827     
 Abd=   24.19613    
 Catch=  0.258883110810375     
 Abd=            NaN
 Catch=                     NaN
 Abd=            NaN
 Catch=                     NaN
 Abd=   121628.8    
 Catch=   302.929367502752     
 Abd=   1719.263    
 Catch=   301.017276689757     
 Abd=   299485.2    
 Catch=   2219.51398534295     
 Abd=            NaN
 Catch=                     NaN
 Abd=            NaN
 Catch=                     NaN
 Abd=   113260.0    
 Catch=   325.024300280260     
 Abd=   27599.16    
 Catch=   1911.26580564049     
 Abd=            NaN
 Catch=                     NaN
 Abd=   2480.706    
 Catch=   73.1896117156280     
 Abd=            NaN
 Catch=                     NaN
 Abd=   43481.96    
 Catch=   348.124049032322     
 Abd=            NaN
 Catch=                     NaN
 Abd=   938.4998    
 Catch=   4.10647402216088     
 Abd=   1362305.    
 Catch=   3399.26816543821     
 Abd=   131802.6    
 Catch=   1570.01271155111     
 Abd=   102098.9    
 Catch=   254.852697884094     
 Abd=            NaN
 Catch=                     NaN
 Abd=   32893.50    
 Catch=   659.837429177944     
 Abd=   17809.64    
 Catch=   1307.74108143215     
 Abd=   1179382.    
 Catch=   3347.10744325955     
 Abd=   122177.2    
 Catch=   1890.75665899413     
 Abd=   30632.38    
 Catch=   766.857064220912     
 Abd=   4765588.    
 Catch=   19045.7725471516     
 Time step =         2135
 Abd=   59970.74    
 Catch=   393.889869426650     
 Abd=   11111.08    
 Catch=   67.4148444390943     
 Abd=   16663.60    
 Catch=   654.598046172614     
 Abd=   3328.091    
 Catch=   8.28593355207205     
 Abd=   47895.41    
 Catch=   590.324982200132     
 Abd=   24.42859    
 Catch=  0.254957553251074     
 Abd=            NaN
 Catch=                     NaN
 Abd=            NaN
 Catch=                     NaN
 Abd=   121375.6    
 Catch=   302.221947821647     
 Abd=   1641.453    
 Catch=   280.297437336014     
 Abd=   302441.0    
 Catch=   2263.90084678422     
 Abd=            NaN
 Catch=                     NaN
 Abd=            NaN
 Catch=                     NaN
 Abd=   113282.5    
 Catch=   324.336910596466     
 Abd=   26534.20    
 Catch=   2021.87232261764     
 Abd=            NaN
 Catch=                     NaN
 Abd=   2574.708    
 Catch=   67.6266920059000     
 Abd=            NaN
 Catch=                     NaN
 Abd=   43355.75    
 Catch=   351.091419872007     
 Abd=            NaN
 Catch=                     NaN
 Abd=   935.9771    
 Catch=   4.09533420270757     
 Abd=   1362024.    
 Catch=   3368.89020131793     
 Abd=   132174.5    
 Catch=   1566.19045767967     
 Abd=   102115.7    
 Catch=   254.053218591350     
 Abd=            NaN
 Catch=                     NaN
 Abd=   33450.09    
 Catch=   663.568266125519     
 Abd=   18333.59    
 Catch=   1241.91496575291     
 Abd=   1187123.    
 Catch=   3381.30307589361     
 Abd=   122281.8    
 Catch=   1911.26839208604     
 Abd=   31204.37    
 Catch=   768.877384058090     
 Abd=   4774352.    
 Catch=   19079.8328979262     
 Time step =         2136
 Abd=   60184.55    
 Catch=   395.050455300669     
 Abd=   10364.63    
 Catch=   67.0371556593189     
 Abd=   17073.47    
 Catch=   624.347778497374     
 Abd=   3319.713    
 Catch=   8.23121418813722     
 Abd=   47616.48    
 Catch=   594.874263778305     
 Abd=   24.04741    
 Catch=  0.248969096479610     
 Abd=            NaN
 Catch=                     NaN
 Abd=            NaN
 Catch=                     NaN
 Abd=   121091.6    
 Catch=   300.530779448711     
 Abd=   1528.454    
 Catch=   297.535208554773     
 Abd=   308610.3    
 Catch=   2257.75514513546     
 Abd=            NaN
 Catch=                     NaN
 Abd=            NaN
 Catch=                     NaN
 Abd=   113038.0    
 Catch=   324.470598187701     
 Abd=   28087.82    
 Catch=   1924.36865566079     
 Abd=            NaN
 Catch=                     NaN
 Abd=   2374.820    
 Catch=   69.1641936480849     
 Abd=            NaN
 Catch=                     NaN
 Abd=   43734.36    
 Catch=   347.517586002809     
 Abd=            NaN
 Catch=                     NaN
 Abd=   933.4379    
 Catch=   4.09567737688705     
 Abd=   1349613.    
 Catch=   3365.14670285786     
 Abd=   131840.2    
 Catch=   1569.02265353401     
 Abd=   101788.7    
 Catch=   253.810830517720     
 Abd=            NaN
 Catch=                     NaN
 Abd=   33633.94    
 Catch=   651.136087802171     
 Abd=   17402.46    
 Catch=   1235.47182988230     
 Abd=   1199425.    
 Catch=   3382.23549398352     
 Abd=   123633.0    
 Catch=   1904.47792756888     
 Abd=   31280.05    
 Catch=   749.330948319636     
 Abd=   4782894.    
 Catch=   19067.8648739125     
 Time step =         2137
 Abd=   60360.84    
 Catch=   395.560287476348     
 Abd=   10317.68    
 Catch=   69.2222946331438     
 Abd=   16270.32    
 Catch=   611.899615737122     
 Abd=   3297.515    
 Catch=   8.16743885607987     
 Abd=   47994.19    
 Catch=   602.077744522529     
 Abd=   23.47878    
 Catch=  0.245812083699286     
 Abd=            NaN
 Catch=                     NaN
 Abd=            NaN
 Catch=                     NaN
 Abd=   120406.3    
 Catch=   298.967770860734     
 Abd=   1622.546    
 Catch=   322.674565001014     
 Abd=   307602.1    
 Catch=   2177.73831451078     
 Abd=            NaN
 Catch=                     NaN
 Abd=            NaN
 Catch=                     NaN
 Abd=   113090.2    
 Catch=   324.675590762950     
 Abd=   26713.29    
 Catch=   1940.23381936308     
 Abd=            NaN
 Catch=                     NaN
 Abd=   2432.327    
 Catch=   73.3336766900044     
 Abd=            NaN
 Catch=                     NaN
 Abd=   43273.71    
 Catch=   345.961436589872     
 Abd=            NaN
 Catch=                     NaN
 Abd=   933.5676    
 Catch=   4.09409681952106     
 Abd=   1348332.    
 Catch=   3384.18170179825     
 Abd=   132088.5    
 Catch=   1563.43222066762     
 Abd=   101696.1    
 Catch=   254.212895924801     
 Abd=            NaN
 Catch=                     NaN
 Abd=   32989.36    
 Catch=   638.064421516872     
 Abd=   17316.83    
 Catch=   1344.53737070826     
 Abd=   1199486.    
 Catch=   3329.56015725972     
 Abd=   123157.4    
 Catch=   1892.06662329023     
 Abd=   30470.53    
 Catch=   733.565048457979     
 Abd=   4779658.    
 Catch=   19087.5046769890     
 Time step =         2138
 Abd=   60436.86    
 Catch=   397.049218929477     
 Abd=   10661.81    
 Catch=   63.6744068413020     
 Abd=   15951.78    
 Catch=   619.918057271277     
 Abd=   3271.900    
 Catch=   8.15189394722946     
 Abd=   48579.05    
 Catch=   604.545303987616     
 Abd=   23.18593    
 Catch=  0.248941106409992     
 Abd=            NaN
 Catch=                     NaN
 Abd=            NaN
 Catch=                     NaN
 Abd=   119781.2    
 Catch=   296.863580026298     
 Abd=   1759.649    
 Catch=   318.812518101086     
 Abd=   296541.3    
 Catch=   2220.38434915857     
 Abd=            NaN
 Catch=                     NaN
 Abd=            NaN
 Catch=                     NaN
 Abd=   113162.2    
 Catch=   324.574793605443     
 Abd=   26944.87    
 Catch=   1886.48101502715     
 Abd=            NaN
 Catch=                     NaN
 Abd=   2580.359    
 Catch=   73.9417671418610     
 Abd=            NaN
 Catch=                     NaN
 Abd=   43084.64    
 Catch=   347.363199178410     
 Abd=            NaN
 Catch=                     NaN
 Abd=   933.1967    
 Catch=   4.09664430833537     
 Abd=   1356143.    
 Catch=   3409.81615130580     
 Abd=   131604.2    
 Catch=   1566.10244423685     
 Abd=   101862.4    
 Catch=   254.652458500291     
 Abd=            NaN
 Catch=                     NaN
 Abd=   32327.28    
 Catch=   634.663156928238     
 Abd=   18857.39    
 Catch=   1330.54818866132     
 Abd=   1180413.    
 Catch=   3357.37982298255     
 Abd=   122348.9    
 Catch=   1922.20429347982     
 Abd=   29832.12    
 Catch=   729.191351261818     
 Abd=   4784740.    
 Catch=   19080.8710454823     
 Time step =         2139
 Abd=   60666.97    
 Catch=   396.849548974029     
 Abd=   9787.364    
 Catch=   67.5380139558043     
 Abd=   16167.16    
 Catch=   645.479480838612     
 Abd=   3266.067    
 Catch=   8.15181394460660     
 Abd=   48771.49    
 Catch=   605.181172481432     
 Abd=   23.49206    
 Catch=  0.256178672664196     
 Abd=            NaN
 Catch=                     NaN
 Abd=            NaN
 Catch=                     NaN
 Abd=   118935.0    
 Catch=   295.446884506445     
 Abd=   1738.516    
 Catch=   307.652109470401     
 Abd=   302675.8    
 Catch=   2152.75735594039     
 Abd=            NaN
 Catch=                     NaN
 Abd=            NaN
 Catch=                     NaN
 Abd=   113125.1    
 Catch=   323.268251511932     
 Abd=   26191.76    
 Catch=   1887.11915496986     
 Abd=            NaN
 Catch=                     NaN
 Abd=   2599.947    
 Catch=   76.3397227220195     
 Abd=            NaN
 Catch=                     NaN
 Abd=   43266.09    
 Catch=   350.784448307187     
 Abd=            NaN
 Catch=                     NaN
 Abd=   933.7977    
 Catch=   4.09292882416000     
 Abd=   1366467.    
 Catch=   3431.49872576844     
 Abd=   131843.0    
 Catch=   1570.80292175658     
 Abd=   102038.9    
 Catch=   254.630573876126     
 Abd=            NaN
 Catch=                     NaN
 Abd=   32162.67    
 Catch=   654.571080041280     
 Abd=   18649.69    
 Catch=   1328.63337128705     
 Abd=   1190901.    
 Catch=   3320.21695523260     
 Abd=   124357.4    
 Catch=   1959.06887417996     
 Abd=   29661.79    
 Catch=   758.799431892238     
 Abd=   4782938.    
 Catch=   19112.2702084499     
 Time step =         2140
 Abd=   60631.47    
 Catch=   396.591335826683     
 Abd=   10408.52    
 Catch=   71.5328307323976     
 Abd=   16839.31    
 Catch=   654.652023356767     
 Abd=   3266.146    
 Catch=   8.11323020660793     
 Abd=   48819.90    
 Catch=   604.653639101407     
 Abd=   24.18215    
 Catch=  0.262447160740127     
 Abd=            NaN
 Catch=                     NaN
 Abd=            NaN
 Catch=                     NaN
 Abd=   118372.3    
 Catch=   294.911898530277     
 Abd=   1677.640    
 Catch=   269.363890156341     
 Abd=   293119.9    
 Catch=   2132.27236456152     
 Abd=            NaN
 Catch=                     NaN
 Abd=            NaN
 Catch=                     NaN
 Abd=   112661.4    
 Catch=   321.397302067904     
 Abd=   26211.36    
 Catch=   1779.55527706006     
 Abd=            NaN
 Catch=                     NaN
 Abd=   2685.160    
 Catch=   70.3725111022548     
 Abd=            NaN
 Catch=                     NaN
 Abd=   43697.00    
 Catch=   353.683063307688     
 Abd=            NaN
 Catch=                     NaN
 Abd=   932.9207    
 Catch=   4.08588192730437     
 Abd=   1375119.    
 Catch=   3404.05330370774     
 Abd=   132240.2    
 Catch=   1562.87811613129     
 Abd=   102026.3    
 Catch=   253.386246004816     
 Abd=            NaN
 Catch=                     NaN
 Abd=   33191.10    
 Catch=   671.313725431051     
 Abd=   18624.79    
 Catch=   1171.55447755936     
 Abd=   1177156.    
 Catch=   3310.98250879411     
 Abd=   126747.8    
 Catch=   1944.71154001160     
 Abd=   30887.10    
 Catch=   783.752068028870     
 Abd=   4791007.    
 Catch=   19170.4147959121     
 Time step =         2141
 Abd=   60591.94    
 Catch=   398.288324092589     
 Abd=   11023.21    
 Catch=   70.4096923272549     
 Abd=   17072.57    
 Catch=   647.997651657470     
 Abd=   3250.368    
 Catch=   8.17405798506748     
 Abd=   48775.53    
 Catch=   602.999976660354     
 Abd=   24.77161    
 Catch=  0.252965539760076     
 Abd=            NaN
 Catch=                     NaN
 Abd=            NaN
 Catch=                     NaN
 Abd=   118164.3    
 Catch=   294.329454312716     
 Abd=   1468.803    
 Catch=   299.056385141698     
 Abd=   290504.7    
 Catch=   2120.88926577811     
 Abd=            NaN
 Catch=                     NaN
 Abd=            NaN
 Catch=                     NaN
 Abd=   112005.5    
 Catch=   320.304848538656     
 Abd=   24704.76    
 Catch=   2089.52460985978     
 Abd=            NaN
 Catch=                     NaN
 Abd=   2471.520    
 Catch=   68.3467813191715     
 Abd=            NaN
 Catch=                     NaN
 Abd=   44056.73    
 Catch=   353.682291817240     
 Abd=            NaN
 Catch=                     NaN
 Abd=   931.3008    
 Catch=   4.08790068482176     
 Abd=   1363724.    
 Catch=   3363.99500614047     
 Abd=   131554.4    
 Catch=   1574.26948151494     
 Abd=   101517.9    
 Catch=   252.241120951666     
 Abd=            NaN
 Catch=                     NaN
 Abd=   34036.30    
 Catch=   677.200003502704     
 Abd=   16412.66    
 Catch=   1273.14235004187     
 Abd=   1174182.    
 Catch=   3300.01921989130     
 Abd=   125750.9    
 Catch=   1953.58812779683     
 Abd=   31898.26    
 Catch=   786.868607074902     
 Abd=   4805713.    
 Catch=   19161.3741384414     
 Time step =         2142
 Abd=   60857.31    
 Catch=   399.666709329571     
 Abd=   10834.26    
 Catch=   72.4793314055327     
 Abd=   16893.68    
 Catch=   628.373612918607     
 Abd=   3275.572    
 Catch=   8.21549822484372     
 Abd=   48640.73    
 Catch=   602.152486901034     
 Abd=   23.84991    
 Catch=  0.253182051983364     
 Abd=            NaN
 Catch=                     NaN
 Abd=            NaN
 Catch=                     NaN
 Abd=   117930.5    
 Catch=   292.879492378651     
 Abd=   1630.950    
 Catch=   330.291830854153     
 Abd=   288911.6    
 Catch=   2110.08569035746     
 Abd=            NaN
 Catch=                     NaN
 Abd=            NaN
 Catch=                     NaN
 Abd=   111630.8    
 Catch=   321.258632195421     
 Abd=   29061.52    
 Catch=   2166.87308180882     
 Abd=            NaN
 Catch=                     NaN
 Abd=   2402.740    
 Catch=   72.5982854257627     
 Abd=            NaN
 Catch=                     NaN
 Abd=   44049.72    
 Catch=   352.294279076421     
 Abd=            NaN
 Catch=                     NaN
 Abd=   931.8021    
 Catch=   4.08514336288629     
 Abd=   1347581.    
 Catch=   3368.13945789484     
 Abd=   132543.6    
 Catch=   1563.44867048224     
 Abd=   101060.5    
 Catch=   252.479295402086     
 Abd=            NaN
 Catch=                     NaN
 Abd=   34325.25    
 Catch=   660.583014200188     
 Abd=   17870.87    
 Catch=   1360.29100237522     
 Abd=   1170187.    
 Catch=   3287.67687330048     
 Abd=   126353.3    
 Catch=   1939.92061536139     
 Abd=   32011.72    
 Catch=   758.881607410672     
 Abd=   4803103.    
 Catch=   19144.9741662440     
 Time step =         2143
 Abd=   61066.91    
 Catch=   397.657028513540     
 Abd=   11162.81    
 Catch=   75.8643425930552     
 Abd=   16379.30    
 Catch=   639.363598673016     
 Abd=   3291.937    
 Catch=   8.16846119136469     
 Abd=   48572.95    
 Catch=   602.789419690082     
 Abd=   23.88715    
 Catch=  0.256316860418257     
 Abd=            NaN
 Catch=                     NaN
 Abd=            NaN
 Catch=                     NaN
 Abd=   117342.7    
 Catch=   291.087216787832     
 Abd=   1801.245    
 Catch=   321.151271909785     
 Abd=   287502.2    
 Catch=   2053.13859096303     
 Abd=            NaN
 Catch=                     NaN
 Abd=            NaN
 Catch=                     NaN
 Abd=   111977.0    
 Catch=   323.324642279852     
 Abd=   30101.70    
 Catch=   2130.46285841255     
 Abd=            NaN
 Catch=                     NaN
 Abd=   2554.845    
 Catch=   76.5597500786546     
 Abd=            NaN
 Catch=                     NaN
 Abd=   43873.57    
 Catch=   354.127297311325     
 Abd=            NaN
 Catch=                     NaN
 Abd=   931.1525    
 Catch=   4.06700968541317     
 Abd=   1349598.    
 Catch=   3378.00246562087     
 Abd=   131598.0    
 Catch=   1558.74295489724     
 Abd=   101166.7    
 Catch=   253.574441458242     
 Abd=            NaN
 Catch=                     NaN
 Abd=   33465.36    
 Catch=   663.384195299400     
 Abd=   19078.45    
 Catch=   1421.35860483730     
 Abd=   1165890.    
 Catch=   3245.05053710688     
 Abd=   125442.6    
 Catch=   1920.79347689977     
 Abd=   30854.59    
 Catch=   770.520687570895     
 Abd=   4798966.    
 Catch=   19137.2353376950     
 Time step =         2144
 Abd=   60749.83    
 Catch=   398.047336120136     
 Abd=   11687.94    
 Catch=   77.6065925014356     
 Abd=   16675.57    
 Catch=   610.971430649110     
 Abd=   3272.444    
 Catch=   8.16381036454670     
 Abd=   48627.25    
 Catch=   603.420853161845     
 Abd=   24.18778    
 Catch=  0.259127673851086     
 Abd=            NaN
 Catch=                     NaN
 Abd=            NaN
 Catch=                     NaN
 Abd=   116623.1    
 Catch=   289.934636191092     
 Abd=   1751.251    
 Catch=   345.470085054838     
 Abd=   279641.6    
 Catch=   2022.73584363719     
 Abd=            NaN
 Catch=                     NaN
 Abd=            NaN
 Catch=                     NaN
 Abd=   112704.4    
 Catch=   325.316360589874     
 Abd=   29589.05    
 Catch=   2016.22195933848     
 Abd=            NaN
 Catch=                     NaN
 Abd=   2694.157    
 Catch=   79.1955645062707     
 Abd=            NaN
 Catch=                     NaN
 Abd=   44109.79    
 Catch=   350.579072835084     
 Abd=            NaN
 Catch=                     NaN
 Abd=   926.9489    
 Catch=   4.04178182318245     
 Abd=   1353589.    
 Catch=   3403.69182283236     
 Abd=   131211.7    
 Catch=   1562.27468779006     
 Abd=   101612.2    
 Catch=   255.122914999629     
 Abd=            NaN
 Catch=                     NaN
 Abd=   33624.12    
 Catch=   633.093368962060     
 Abd=   19927.75    
 Catch=   1456.41989326532     
 Abd=   1150579.    
 Catch=   3224.93157600081     
 Abd=   124199.9    
 Catch=   1894.09502745647     
 Abd=   31353.59    
 Catch=   724.747309355477     
 Abd=   4797066.    
 Catch=   19136.7398805950     
 Time step =         2145
 Abd=   60816.96    
 Catch=   395.983905919989     
 Abd=   11950.70    
 Catch=   81.0457081542905     
 Abd=   15922.79    
 Catch=   611.253833883767     
 Abd=   3270.936    
 Catch=   8.10838400709142     
 Abd=   48677.90    
 Catch=   598.590050189341     
 Abd=   24.45227    
 Catch=  0.259672714259874     
 Abd=            NaN
 Catch=                     NaN
 Abd=            NaN
 Catch=                     NaN
 Abd=   116165.3    
 Catch=   288.684387325090     
 Abd=   1883.970    
 Catch=   283.143285734211     
 Abd=   275485.9    
 Catch=   2018.89723259167     
 Abd=            NaN
 Catch=                     NaN
 Abd=            NaN
 Catch=                     NaN
 Abd=   113398.1    
 Catch=   325.716048831228     
 Abd=   27989.85    
 Catch=   1889.99489095672     
 Abd=            NaN
 Catch=                     NaN
 Abd=   2786.113    
 Catch=   78.3571954687610     
 Abd=            NaN
 Catch=                     NaN
 Abd=   43654.59    
 Catch=   349.053715404500     
 Abd=            NaN
 Catch=                     NaN
 Abd=   921.1677    
 Catch=   4.01061264854725     
 Abd=   1364016.    
 Catch=   3400.93829586224     
 Abd=   131521.4    
 Catch=   1549.35407385565     
 Abd=   102236.4    
 Catch=   255.522830469413     
 Abd=            NaN
 Catch=                     NaN
 Abd=   32061.36    
 Catch=   635.611578415006     
 Abd=   20421.46    
 Catch=   1261.97263685681     
 Abd=   1143502.    
 Catch=   3226.62755368346     
 Abd=   122465.4    
 Catch=   1871.95670160933     
 Abd=   29455.17    
 Catch=   725.120062109797     
 Abd=   4796976.    
 Catch=   19090.4202529944     
 Time step =         2146
 Abd=   60494.20    
 Catch=   396.036878747337     
 Abd=   12485.64    
 Catch=   78.0599033099093     
 Abd=   15939.14    
 Catch=   620.379736643379     
 Abd=   3248.297    
 Catch=   8.04947573016265     
 Abd=   48280.36    
 Catch=   594.309070313676     
 Abd=   24.49970    
 Catch=  0.256902517613710     
 Abd=            NaN
 Catch=                     NaN
 Abd=            NaN
 Catch=                     NaN
 Abd=   115662.9    
 Catch=   287.420727142726     
 Abd=   1543.900    
 Catch=   277.764652962690     
 Abd=   275093.3    
 Catch=   2027.06581596552     
 Abd=            NaN
 Catch=                     NaN
 Abd=            NaN
 Catch=                     NaN
 Abd=   113525.9    
 Catch=   324.688530917635     
 Abd=   26248.19    
 Catch=   2086.25030777549     
 Abd=            NaN
 Catch=                     NaN
 Abd=   2754.682    
 Catch=   66.0770733707475     
 Abd=            NaN
 Catch=                     NaN
 Abd=   43469.73    
 Catch=   348.211656559272     
 Abd=            NaN
 Catch=                     NaN
 Abd=   914.0375    
 Catch=   4.00186096018680     
 Abd=   1362673.    
 Catch=   3367.59353796511     
 Abd=   130409.5    
 Catch=   1546.71255093654     
 Abd=   102387.0    
 Catch=   254.734299703958     
 Abd=            NaN
 Catch=                     NaN
 Abd=   32215.55    
 Catch=   638.580482324242     
 Abd=   17676.30    
 Catch=   1189.37392828601     
 Abd=   1144330.    
 Catch=   3228.63900940813     
 Abd=   121039.9    
 Catch=   1889.20547017064     
 Abd=   29498.53    
 Catch=   735.521708239339     
 Abd=   4785133.    
 Catch=   19065.5370024125     
 Time step =         2147
 Abd=   60508.64    
 Catch=   393.607164323321     
 Abd=   12007.00    
 Catch=   80.6881235070577     
 Abd=   16179.28    
 Catch=   616.823130640524     
 Abd=   3224.692    
 Catch=   7.95107540578143     
 Abd=   47936.07    
 Catch=   594.506446757526     
 Abd=   24.23263    
 Catch=  0.253067248979134     
 Abd=            NaN
 Catch=                     NaN
 Abd=            NaN
 Catch=                     NaN
 Abd=   115157.1    
 Catch=   286.621870087704     
 Abd=   1514.728    
 Catch=   310.261671919917     
 Abd=   276240.9    
 Catch=   2052.03847315930     
 Abd=            NaN
 Catch=                     NaN
 Abd=            NaN
 Catch=                     NaN
 Abd=   113158.3    
 Catch=   324.983149964559     
 Abd=   28999.27    
 Catch=   2073.84831584030     
 Abd=            NaN
 Catch=                     NaN
 Abd=   2318.422    
 Catch=   71.5473788652600     
 Abd=            NaN
 Catch=                     NaN
 Abd=   43366.48    
 Catch=   348.501831436109     
 Abd=            NaN
 Catch=                     NaN
 Abd=   912.1440    
 Catch=   4.00245302932138     
 Abd=   1349069.    
 Catch=   3367.61994837016     
 Abd=   130202.6    
 Catch=   1549.41309205491     
 Abd=   102061.7    
 Catch=   254.747803022023     
 Abd=            NaN
 Catch=                     NaN
 Abd=   32365.96    
 Catch=   630.975726391197     
 Abd=   16674.08    
 Catch=   1311.60088060439     
 Abd=   1145049.    
 Catch=   3248.69624277803     
 Abd=   122200.8    
 Catch=   1883.72444682307     
 Abd=   29928.27    
 Catch=   728.635051430015     
 Abd=   4779007.    
 Catch=   19004.8291573038     
 Time step =         2148
 Abd=   60130.51    
 Catch=   393.845526679612     
 Abd=   12428.22    
 Catch=   82.0070655247000     
 Abd=   16083.76    
 Catch=   626.076343279008     
 Abd=   3184.929    
 Catch=   7.93345458177181     
 Abd=   47958.40    
 Catch=   596.906768613011     
 Abd=   23.86903    
 Catch=  0.250472149403077     
 Abd=            NaN
 Catch=                     NaN
 Abd=            NaN
 Catch=                     NaN
 Abd=   114840.8    
 Catch=   286.459186102541     
 Abd=   1692.015    
 Catch=   312.335021428826     
 Abd=   279685.0    
 Catch=   2029.20403498571     
 Abd=            NaN
 Catch=                     NaN
 Abd=            NaN
 Catch=                     NaN
 Abd=   113270.0    
 Catch=   325.470717147328     
 Abd=   28806.69    
 Catch=   2027.37382318168     
 Abd=            NaN
 Catch=                     NaN
 Abd=   2518.635    
 Catch=   73.5240064164269     
 Abd=            NaN
 Catch=                     NaN
 Abd=   43405.48    
 Catch=   351.863474333078     
 Abd=            NaN
 Catch=                     NaN
 Abd=   912.3199    
 Catch=   4.00791204987955     
 Abd=   1349355.    
 Catch=   3368.22659176534     
 Abd=   130438.0    
 Catch=   1556.16415913181     
 Abd=   102073.6    
 Catch=   254.894006622216     
 Abd=            NaN
 Catch=                     NaN
 Abd=   31974.41    
 Catch=   638.485846524871     
 Abd=   18401.77    
 Catch=   1367.45577419104     
 Abd=   1152287.    
 Catch=   3215.72131326213     
 Abd=   121817.9    
 Catch=   1868.27349176069     
 Abd=   29639.34    
 Catch=   738.522703545231     
 Abd=   4763607.    
 Catch=   18984.8633846036     
 Time step =         2149
 Abd=   60174.08    
 Catch=   392.616475903353     
 Abd=   12626.72    
 Catch=   75.7233833210242     
 Abd=   16328.21    
 Catch=   644.383970300234     
 Abd=   3178.540    
 Catch=   7.95192111659733     
 Abd=   48154.66    
 Catch=   602.355683450146     
 Abd=   23.62653    
 Catch=  0.250017344583813     
 Abd=            NaN
 Catch=                     NaN
 Abd=            NaN
 Catch=                     NaN
 Abd=   114780.5    
 Catch=   285.008217672940     
 Abd=   1703.209    
 Catch=   337.473283465320     
 Abd=   276454.4    
 Catch=   2016.62865958347     
 Abd=            NaN
 Catch=                     NaN
 Abd=            NaN
 Catch=                     NaN
 Abd=   113441.4    
 Catch=   327.143262225908     
 Abd=   28157.84    
 Catch=   1984.19317290291     
 Abd=            NaN
 Catch=                     NaN
 Abd=   2586.038    
 Catch=   76.6952350467953     
 Abd=            NaN
 Catch=                     NaN
 Abd=   43831.00    
 Catch=   353.222650692958     
 Abd=            NaN
 Catch=                     NaN
 Abd=   913.5847    
 Catch=   4.00864058596887     
 Abd=   1349596.    
 Catch=   3380.77274009458     
 Abd=   131011.7    
 Catch=   1551.15761382136     
 Abd=   102133.3    
 Catch=   255.861847311301     
 Abd=            NaN
 Catch=                     NaN
 Abd=   32365.42    
 Catch=   658.156480929601     
 Abd=   19170.44    
 Catch=   1400.40554218213     
 Abd=   1140238.    
 Catch=   3208.54513833837     
 Abd=   120807.4    
 Catch=   1863.02688870417     
 Abd=   30049.21    
 Catch=   769.467781349861     
 Abd=   4758816.    
 Catch=   19050.1815463976     
 Time step =         2150
 Abd=   59982.04    
 Catch=   391.724149064630     
 Abd=   11639.46    
 Catch=   76.7860613590432     
 Abd=   16808.61    
 Catch=   646.859666738385     
 Abd=   3186.125    
 Catch=   7.90075765950956     
 Abd=   48599.74    
 Catch=   601.382897658415     
 Abd=   23.58727    
 Catch=  0.255428076543499     
 Abd=            NaN
 Catch=                     NaN
 Abd=            NaN
 Catch=                     NaN
 Abd=   114189.6    
 Catch=   283.811382682190     
 Abd=   1840.351    
 Catch=   298.742190853256     
 Abd=   274760.9    
 Catch=   2017.87703868663     
 Abd=            NaN
 Catch=                     NaN
 Abd=            NaN
 Catch=                     NaN
 Abd=   114032.5    
 Catch=   328.804427142430     
 Abd=   27559.20    
 Catch=   1873.26558702434     
 Abd=            NaN
 Catch=                     NaN
 Abd=   2697.970    
 Catch=   78.2642992580338     
 Abd=            NaN
 Catch=                     NaN
 Abd=   43995.71    
 Catch=   354.688850159302     
 Abd=            NaN
 Catch=                     NaN
 Abd=   913.7289    
 Catch=   4.01683873389957     
 Abd=   1354723.    
 Catch=   3381.46988283167     
 Abd=   130572.5    
 Catch=   1525.40891922034     
 Abd=   102527.7    
 Catch=   256.693431221040     
 Abd=            NaN
 Catch=                     NaN
 Abd=   33372.92    
 Catch=   662.252051174635     
 Abd=   19630.84    
 Catch=   1317.39155206684     
 Abd=   1137858.    
 Catch=   3209.59267261640     
 Abd=   120478.6    
 Catch=   1865.06783959659     
 Abd=   31322.46    
 Catch=   769.967514797056     
 Abd=   4775616.    
 Catch=   19121.1241694399     
 Time step =         2151
 Abd=   59846.43    
 Catch=   390.763332395108     
 Abd=   11822.78    
 Catch=   78.4848986679935     
 Abd=   16867.43    
 Catch=   619.814718587635     
 Abd=   3165.148    
 Catch=   7.88951159401585     
 Abd=   48511.63    
 Catch=   594.048735581995     
 Abd=   24.10811    
 Catch=  0.258491274573070     
 Abd=            NaN
 Catch=                     NaN
 Abd=            NaN
 Catch=                     NaN
 Abd=   113712.4    
 Catch=   282.660492991194     
 Abd=   1629.002    
 Catch=   300.353063363417     
 Abd=   274970.4    
 Catch=   2025.43986954654     
 Abd=            NaN
 Catch=                     NaN
 Abd=            NaN
 Catch=                     NaN
 Abd=   114611.2    
 Catch=   328.579436747980     
 Abd=   26028.69    
 Catch=   2020.72031618815     
 Abd=            NaN
 Catch=                     NaN
 Abd=   2752.736    
 Catch=   68.7705360278504     
 Abd=            NaN
 Catch=                     NaN
 Abd=   44178.42    
 Catch=   350.369159850998     
 Abd=            NaN
 Catch=                     NaN
 Abd=   915.6331    
 Catch=   4.01643182770867     
 Abd=   1354903.    
 Catch=   3353.32898763647     
 Abd=   128375.3    
 Catch=   1520.71962675517     
 Abd=   102859.7    
 Catch=   256.195683168571     
 Abd=            NaN
 Catch=                     NaN
 Abd=   33566.59    
 Catch=   651.032156926057     
 Abd=   18458.12    
 Catch=   1307.10861136793     
 Abd=   1138282.    
 Catch=   3217.02685220303     
 Abd=   120619.1    
 Catch=   1880.97770851939     
 Abd=   31323.09    
 Catch=   751.140604500569     
 Abd=   4793420.    
 Catch=   19228.2854695903     
 Time step =         2152
 Abd=   59700.02    
 Catch=   387.671988667559     
 Abd=   12085.88    
 Catch=   78.6028845816675     
 Abd=   16155.40    
 Catch=   607.611110874140     
 Abd=   3160.986    
 Catch=   7.87075628385070     
 Abd=   47911.03    
 Catch=   594.958115715790     
 Abd=   24.39300    
 Catch=  0.255833772247238     
 Abd=            NaN
 Catch=                     NaN
 Abd=            NaN
 Catch=                     NaN
 Abd=   113251.8    
 Catch=   281.457587984193     
 Abd=   1637.897    
 Catch=   325.178995180499     
 Abd=   276018.5    
 Catch=   2023.51281554882     
 Abd=            NaN
 Catch=                     NaN
 Abd=            NaN
 Catch=                     NaN
 Abd=   114519.9    
 Catch=   329.523072326041     
 Abd=   28084.77    
 Catch=   2181.86098261812     
 Abd=            NaN
 Catch=                     NaN
 Abd=   2414.281    
 Catch=   72.8250921194194     
 Abd=            NaN
 Catch=                     NaN
 Abd=   43627.17    
 Catch=   347.679697550104     
 Abd=            NaN
 Catch=                     NaN
 Abd=   915.4990    
 Catch=   3.99979482622303     
 Abd=   1343396.    
 Catch=   3351.81041032756     
 Abd=   128012.0    
 Catch=   1512.69187276218     
 Abd=   102649.7    
 Catch=   256.637091132888     
 Abd=            NaN
 Catch=                     NaN
 Abd=   32985.25    
 Catch=   631.347475497784     
 Abd=   18326.35    
 Catch=   1385.92897804268     
 Abd=   1140968.    
 Catch=   3221.31268660455     
 Abd=   121666.0    
 Catch=   1883.48429228105     
 Abd=   30544.63    
 Catch=   725.068669751128     
 Abd=   4820474.    
 Catch=   19277.0617251507     
 Time step =         2153
 Abd=   59221.75    
 Catch=   389.999772524979     
 Abd=   12099.21    
 Catch=   71.1387112608827     
 Abd=   15841.20    
 Catch=   613.010364460856     
 Abd=   3153.399    
 Catch=   7.84944520027450     
 Abd=   47996.09    
 Catch=   599.437946275249     
 Abd=   24.13187    
 Catch=  0.260262750179557     
 Abd=            NaN
 Catch=                     NaN
 Abd=            NaN
 Catch=                     NaN
 Abd=   112769.3    
 Catch=   280.583087939993     
 Abd=   1773.314    
 Catch=   332.659821636949     
 Abd=   275729.5    
 Catch=   2007.35517212910     
 Abd=            NaN
 Catch=                     NaN
 Abd=            NaN
 Catch=                     NaN
 Abd=   114856.8    
 Catch=   331.504840880540     
 Abd=   30335.16    
 Catch=   2035.07615587099     
 Abd=            NaN
 Catch=                     NaN
 Abd=   2562.848    
 Catch=   74.8090500120235     
 Abd=            NaN
 Catch=                     NaN
 Abd=   43296.01    
 Catch=   346.501763938147     
 Abd=            NaN
 Catch=                     NaN
 Abd=   911.6338    
 Catch=   3.97775777192410     
 Abd=   1343006.    
 Catch=   3360.62324581978     
 Abd=   127329.8    
 Catch=   1509.10408090319     
 Abd=   102834.1    
 Catch=   257.633193843481     
 Abd=            NaN
 Catch=                     NaN
 Abd=   31981.52    
 Catch=   628.133555022717     
 Abd=   19435.96    
 Catch=   1453.58511736182     
 Abd=   1142463.    
 Catch=   3210.91506452332     
 Abd=   121811.4    
 Catch=   1876.73649835532     
 Abd=   29480.47    
 Catch=   724.744941380534     
 Abd=   4832403.    
 Catch=   19325.5624518179     
 Time step =         2154
 Abd=   59592.95    
 Catch=   389.941854282029     
 Abd=   10931.62    
 Catch=   66.5107341340305     
 Abd=   15986.51    
 Catch=   601.600326475305     
 Abd=   3144.840    
 Catch=   7.82761804352364     
 Abd=   48361.54    
 Catch=   597.659303082517     
 Abd=   24.56249    
 Catch=  0.260241600254236     
 Abd=            NaN
 Catch=                     NaN
 Abd=            NaN
 Catch=                     NaN
 Abd=   112420.6    
 Catch=   279.632019995329     
 Abd=   1814.054    
 Catch=   344.895907399524     
 Abd=   273493.2    
 Catch=   2040.68405979747     
 Abd=            NaN
 Catch=                     NaN
 Abd=            NaN
 Catch=                     NaN
 Abd=   115554.6    
 Catch=   333.940678668569     
 Abd=   28255.18    
 Catch=   2105.58765264328     
 Abd=            NaN
 Catch=                     NaN
 Abd=   2631.009    
 Catch=   80.2807687651578     
 Abd=            NaN
 Catch=                     NaN
 Abd=   43152.91    
 Catch=   343.257161427958     
 Abd=            NaN
 Catch=                     NaN
 Abd=   906.5892    
 Catch=   3.96344900618939     
 Abd=   1346619.    
 Catch=   3382.92651324171     
 Abd=   127035.0    
 Catch=   1518.80563788682     
 Abd=   103237.6    
 Catch=   259.103406695318     
 Abd=            NaN
 Catch=                     NaN
 Abd=   31832.27    
 Catch=   616.582806646352     
 Abd=   20383.05    
 Catch=   1472.87033289863     
 Abd=   1138676.    
 Catch=   3226.62990329860     
 Abd=   121363.8    
 Catch=   1863.41744949593     
 Abd=   29482.93    
 Catch=   711.402885608646     
 Abd=   4844561.    
 Catch=   19290.7708152382     
 Time step =         2155
 Abd=   59576.89    
 Catch=   391.872680081717     
 Abd=   10225.10    
 Catch=   70.6399830654179     
 Abd=   15683.41    
 Catch=   578.741826227759     
 Abd=   3136.089    
 Catch=   7.84807792146886     
 Abd=   48209.70    
 Catch=   598.712957645741     
 Abd=   24.55232    
 Catch=  0.263274066490823     
 Abd=            NaN
 Catch=                     NaN
 Abd=            NaN
 Catch=                     NaN
 Abd=   112038.8    
 Catch=   278.870291805826     
 Abd=   1880.786    
 Catch=   334.967649157878     
 Abd=   278162.4    
 Catch=   2008.94386624000     
 Abd=            NaN
 Catch=                     NaN
 Abd=            NaN
 Catch=                     NaN
 Abd=   116406.7    
 Catch=   335.400663408630     
 Abd=   29247.76    
 Catch=   1892.10419614001     
 Abd=            NaN
 Catch=                     NaN
 Abd=   2825.366    
 Catch=   81.8835569189621     
 Abd=            NaN
 Catch=                     NaN
 Abd=   42744.16    
 Catch=   336.217989980807     
 Abd=            NaN
 Catch=                     NaN
 Abd=   903.3634    
 Catch=   3.94137583828609     
 Abd=   1355666.    
 Catch=   3400.81198587993     
 Abd=   127872.6    
 Catch=   1521.38331199107     
 Abd=   103830.6    
 Catch=   260.096525926255     
 Abd=            NaN
 Catch=                     NaN
 Abd=   31239.64    
 Catch=   601.708683877092     
 Abd=   20649.13    
 Catch=   1447.93071692127     
 Abd=   1144432.    
 Catch=   3202.55840266637     
 Abd=   120495.8    
 Catch=   1848.43984583414     
 Abd=   28931.69    
 Catch=   687.695914163946     
 Abd=   4835410.    
 Catch=   19270.6442499817     
 Time step =         2156
 Abd=   59877.81    
 Catch=   389.958330819887     
 Abd=   10886.84    
 Catch=   73.8913536725520     
 Abd=   15084.40    
 Catch=   583.253429524028     
 Abd=   3144.628    
 Catch=   7.83095070811251     
 Abd=   48298.97    
 Catch=   592.721009936679     
 Abd=   24.84396    
 Catch=  0.268168018603733     
 Abd=            NaN
 Catch=                     NaN
 Abd=            NaN
 Catch=                     NaN
 Abd=   111735.1    
 Catch=   277.732118762759     
 Abd=   1826.588    
 Catch=   321.403742626480     
 Abd=   273670.8    
 Catch=   1967.09489998721     
 Abd=            NaN
 Catch=                     NaN
 Abd=            NaN
 Catch=                     NaN
 Abd=   116908.3    
 Catch=   335.182300941482     
 Abd=   26256.30    
 Catch=   1899.94030065016     
 Abd=            NaN
 Catch=                     NaN
 Abd=   2879.347    
 Catch=   79.8175093813112     
 Abd=            NaN
 Catch=                     NaN
 Abd=   41858.98    
 Catch=   333.961560402637     
 Abd=            NaN
 Catch=                     NaN
 Abd=   898.2952    
 Catch=   3.93321754418490     
 Abd=   1362792.    
 Catch=   3417.88397633817     
 Abd=   128078.1    
 Catch=   1506.77345853253     
 Abd=   104224.4    
 Catch=   260.339833274463     
 Abd=            NaN
 Catch=                     NaN
 Abd=   30483.00    
 Catch=   596.078571355167     
 Abd=   20293.34    
 Catch=   1329.72409264547     
 Abd=   1135616.    
 Catch=   3162.83076889017     
 Abd=   119521.1    
 Catch=   1846.15811490900     
 Abd=   27961.30    
 Catch=   683.183933528043     
 Abd=   4830447.    
 Catch=   19238.3634066208     
 Time step =         2157
 Abd=   59573.80    
 Catch=   387.516152678616     
 Abd=   11383.68    
 Catch=   76.7245128092070     
 Abd=   15210.95    
 Catch=   599.595430158206     
 Abd=   3137.448    
 Catch=   7.71240820682553     
 Abd=   47805.68    
 Catch=   588.098410683241     
 Abd=   25.30910    
 Catch=  0.269141805167043     
 Abd=            NaN
 Catch=                     NaN
 Abd=            NaN
 Catch=                     NaN
 Abd=   111276.2    
 Catch=   277.039196643694     
 Abd=   1752.617    
 Catch=   307.243874113702     
 Abd=   267942.9    
 Catch=   1989.58205226711     
 Abd=            NaN
 Catch=                     NaN
 Abd=            NaN
 Catch=                     NaN
 Abd=   116820.6    
 Catch=   335.643917923016     
 Abd=   26388.64    
 Catch=   1968.86399915602     
 Abd=            NaN
 Catch=                     NaN
 Abd=   2805.030    
 Catch=   82.5377701492208     
 Abd=            NaN
 Catch=                     NaN
 Abd=   41589.04    
 Catch=   334.202032597483     
 Abd=            NaN
 Catch=                     NaN
 Abd=   896.4983    
 Catch=   3.93435906613741     
 Abd=   1369628.    
 Catch=   3422.90147142740     
 Abd=   126822.5    
 Catch=   1495.26761349802     
 Abd=   104315.9    
 Catch=   260.820304207864     
 Abd=            NaN
 Catch=                     NaN
 Abd=   30206.01    
 Catch=   614.721646391335     
 Abd=   18629.68    
 Catch=   1363.63291125289     
 Abd=   1121422.    
 Catch=   3167.20627471400     
 Abd=   119392.7    
 Catch=   1863.20804228566     
 Abd=   27789.31    
 Catch=   711.073863816557     
 Abd=   4822294.    
 Catch=   19309.6676929366     
 Time step =         2158
 Abd=   59200.04    
 Catch=   388.205117003248     
 Abd=   11818.46    
 Catch=   71.9420836258907     
 Abd=   15640.25    
 Catch=   634.222486154031     
 Abd=   3089.151    
 Catch=   7.62086258876227     
 Abd=   47434.77    
 Catch=   584.298066866889     
 Abd=   25.39371    
 Catch=  0.271025826344836     
 Abd=            NaN
 Catch=                     NaN
 Abd=            NaN
 Catch=                     NaN
 Abd=   111002.9    
 Catch=   276.100806846095     
 Abd=   1675.418    
 Catch=   285.679597323258     
 Abd=   271173.7    
 Catch=   2020.69819093483     
 Abd=            NaN
 Catch=                     NaN
 Abd=            NaN
 Catch=                     NaN
 Abd=   116986.3    
 Catch=   334.225276881116     
 Abd=   27359.41    
 Catch=   1959.37337474628     
 Abd=            NaN
 Catch=                     NaN
 Abd=   2903.919    
 Catch=   71.0530288961350     
 Abd=            NaN
 Catch=                     NaN
 Abd=   41625.16    
 Catch=   340.526369190414     
 Abd=            NaN
 Catch=                     NaN
 Abd=   896.7998    
 Catch=   3.96600284211201     
 Abd=   1371537.    
 Catch=   3396.31937491364     
 Abd=   125859.3    
 Catch=   1502.32136474238     
 Abd=   104510.3    
 Catch=   259.828255526169     
 Abd=            NaN
 Catch=                     NaN
 Abd=   31171.59    
 Catch=   642.058794322449     
 Abd=   19122.43    
 Catch=   1287.03193290391     
 Abd=   1123281.    
 Catch=   3180.57917338301     
 Abd=   120522.6    
 Catch=   1879.14592557891     
 Abd=   28946.75    
 Catch=   750.495861513642     
 Abd=   4840697.    
 Catch=   19332.4040951829     
 Time step =         2159
 Abd=   59314.14    
 Catch=   389.484710792142     
 Abd=   11060.89    
 Catch=   75.0954789497235     
 Abd=   16548.53    
 Catch=   637.724806229003     
 Abd=   3052.695    
 Catch=   7.54736692865042     
 Abd=   47129.89    
 Catch=   589.686278997285     
 Abd=   25.57323    
 Catch=  0.273080983144257     
 Abd=            NaN
 Catch=                     NaN
 Abd=            NaN
 Catch=                     NaN
 Abd=   110624.2    
 Catch=   274.689010354710     
 Abd=   1557.811    
 Catch=   329.890478471413     
 Abd=   275434.7    
 Catch=   1999.48774078298     
 Abd=            NaN
 Catch=                     NaN
 Abd=            NaN
 Catch=                     NaN
 Abd=   116478.8    
 Catch=   334.311943677890     
 Abd=   27212.70    
 Catch=   2097.86322724208     
 Abd=            NaN
 Catch=                     NaN
 Abd=   2493.453    
 Catch=   73.3121020274052     
 Abd=            NaN
 Catch=                     NaN
 Abd=   42427.03    
 Catch=   343.910833547982     
 Abd=            NaN
 Catch=                     NaN
 Abd=   904.1550    
 Catch=   3.99438699186423     
 Abd=   1360631.    
 Catch=   3409.71228009958     
 Abd=   126480.3    
 Catch=   1492.32835497325     
 Abd=   104100.9    
 Catch=   260.006582593856     
 Abd=            NaN
 Catch=                     NaN
 Abd=   32564.04    
 Catch=   646.861525896117     
 Abd=   18039.04    
 Catch=   1421.60880596953     
 Abd=   1128086.    
 Catch=   3161.09300407678     
 Abd=   121548.1    
 Catch=   1858.70984960130     
 Abd=   30556.40    
 Catch=   755.551646002967     
 Abd=   4846149.    
 Catch=   19333.8608012664     
 Time step =         2160
 Abd=   59511.74    
 Catch=   395.340604089645     
 Abd=   11569.25    
 Catch=   78.2454869667762     
 Abd=   16629.79    
 Catch=   612.999496134338     
 Abd=   3023.394    
 Catch=   7.44252040490959     
 Abd=   47576.40    
 Catch=   599.112737726443     
 Abd=   25.76738    
 Catch=  0.269568255983193     
 Abd=            NaN
 Catch=                     NaN
 Abd=            NaN
 Catch=                     NaN
 Abd=   110055.5    
 Catch=   273.246050191021     
 Abd=   1799.109    
 Catch=   299.864277607856     
 Abd=   272406.2    
 Catch=   1992.16903433978     
 Abd=            NaN
 Catch=                     NaN
 Abd=            NaN
 Catch=                     NaN
 Abd=   116519.7    
 Catch=   334.034675408257     
 Abd=   29168.89    
 Catch=   1748.30956803473     
 Abd=            NaN
 Catch=                     NaN
 Abd=   2579.028    
 Catch=   73.7034543462053     
 Abd=            NaN
 Catch=                     NaN
 Abd=   42841.15    
 Catch=   339.836090603830     
 Abd=            NaN
 Catch=                     NaN
 Abd=   910.6069    
 Catch=   3.99168302804625     
 Abd=   1366330.    
 Catch=   3409.65552968344     
 Abd=   125612.2    
 Catch=   1501.33728342413     
 Abd=   104182.1    
 Catch=   260.072110952590     
 Abd=            NaN
 Catch=                     NaN
 Abd=   32788.69    
 Catch=   643.173494685978     
 Abd=   19958.29    
 Catch=   1292.55800828964     
 Abd=   1120940.    
 Catch=   3147.59688385344     
 Abd=   120182.8    
 Catch=   1874.74918165852     
 Abd=   30740.42    
 Catch=   747.381583808629     
 Abd=   4846410.    
 Catch=   19326.4991661492     
 Completed!
Program ADRDisp finished with exit code 0 at: Sun 28 Jun 2026 08:56:10 PM PDT
Compressing DBEM outputs
Compressed as TIPMIP_COMBINED_tipmip_dem_d_TipmipSppDem10_netcdf.tar.gz
Creating netCDF
[1] "600030"
Finished!
