Extracting environmental data
Environmental data extracted
Current working directory is /project/6006523/jepa/tipping_points/scripts/run_dbem
Starting run at:Wed 03 Jun 2026 06:11:18 AM PDT
“Starting task: 11”
 SppListRoot: 
 ~/projects/def-wailung/Data/Species/TaxonList/tipping_point/                   
                                                                                
                                                                                
                    
 Species list: 11  
 TipmipSppPel11.txt  
 Initializing, loading files...
          38
 600031    
 /localscratch/jepa.42913061.0/tipmip_pelc/600031                               
  
 Read Parameters...
 Running Taxon M_poutassou         
 ~/projects/def-wailung/Data/Species/Distributions/S600031.csv                  
                                          
  3.311589739629639E-007
 Thread           0  starting...
 600785    
 /localscratch/jepa.42913061.0/tipmip_pelc/600785                               
  
 Read Parameters...
 Running Taxon M_cephalus          
 ~/projects/def-wailung/Data/Species/Distributions/S600785.csv                  
                                          
  3.677335509777446E-007
 Thread           0  starting...
 690088    
 /localscratch/jepa.42913061.0/tipmip_pelc/690088                               
  
 Read Parameters...
 Running Taxon O_vulgaris          
 ~/projects/def-wailung/Data/Species/Distributions/S690088.csv                  
                                          
  3.004868364692159E-007
 Thread           0  starting...
 600241    
 /localscratch/jepa.42913061.0/tipmip_pelc/600241                               
  
 Read Parameters...
 Running Taxon O_keta              
 ~/projects/def-wailung/Data/Species/Distributions/S600241.csv                  
                                          
  2.609371298793740E-007
 Thread           0  starting...
 601484    
 /localscratch/jepa.42913061.0/tipmip_pelc/601484                               
  
 Read Parameters...
 Running Taxon O_libertate         
 ~/projects/def-wailung/Data/Species/Distributions/S601484.csv                  
                                          
  4.761476535042331E-007
 Thread           0  starting...
 600472    
 /localscratch/jepa.42913061.0/tipmip_pelc/600472                               
  
 Read Parameters...
 Running Taxon P_antarcticum       
 ~/projects/def-wailung/Data/Species/Distributions/S600472.csv                  
                                          
  1.625363423771870E-007
 Thread           0  starting...
 600898    
 /localscratch/jepa.42913061.0/tipmip_pelc/600898                               
  
 Read Parameters...
 Running Taxon P_glauca            
 ~/projects/def-wailung/Data/Species/Distributions/S600898.csv                  
                                          
  3.306132998237565E-007
 Thread           0  starting...
 600109    
 /localscratch/jepa.42913061.0/tipmip_pelc/600109                               
  
 Read Parameters...
 Running Taxon R_brachysoma        
 ~/projects/def-wailung/Data/Species/Distributions/S600109.csv                  
                                          
  3.007913642105729E-007
 Thread           0  starting...
 600111    
 /localscratch/jepa.42913061.0/tipmip_pelc/600111                               
  
 Read Parameters...
 Running Taxon R_kanagurta         
 ~/projects/def-wailung/Data/Species/Distributions/S600111.csv                  
                                          
  3.054965853832581E-007
 Thread           0  starting...
 600236    
 /localscratch/jepa.42913061.0/tipmip_pelc/600236                               
  
 Read Parameters...
 Running Taxon S_salar             
 ~/projects/def-wailung/Data/Species/Distributions/S600236.csv                  
                                          
  2.950885508312684E-007
 Thread           0  starting...
 600247    
 /localscratch/jepa.42913061.0/tipmip_pelc/600247                               
  
 Read Parameters...
 Running Taxon S_alpinus           
 ~/projects/def-wailung/Data/Species/Distributions/S600247.csv                  
                                          
  2.158632542648142E-007
 Thread           0  starting...
 601350    
 /localscratch/jepa.42913061.0/tipmip_pelc/601350                               
  
 Read Parameters...
 Running Taxon S_pilchardus        
 ~/projects/def-wailung/Data/Species/Distributions/S601350.csv                  
                                          
  3.587921659836680E-007
 Thread           0  starting...
 601043    
 /localscratch/jepa.42913061.0/tipmip_pelc/601043                               
  
 Read Parameters...
 Running Taxon S_aurita            
 ~/projects/def-wailung/Data/Species/Distributions/S601043.csv                  
                                          
  3.510024580399840E-007
 Thread           0  starting...
 601505    
 /localscratch/jepa.42913061.0/tipmip_pelc/601505                               
  
 Read Parameters...
 Running Taxon S_brasiliensis      
 ~/projects/def-wailung/Data/Species/Distributions/S601505.csv                  
                                          
  3.227240975089974E-007
 Thread           0  starting...
 601511    
 /localscratch/jepa.42913061.0/tipmip_pelc/601511                               
  
 Read Parameters...
 Running Taxon S_longiceps         
 ~/projects/def-wailung/Data/Species/Distributions/S601511.csv                  
                                          
  3.278634892467380E-007
 Thread           0  starting...
 601047    
 /localscratch/jepa.42913061.0/tipmip_pelc/601047                               
  
 Read Parameters...
 Running Taxon S_maderensis        
 ~/projects/def-wailung/Data/Species/Distributions/S601047.csv                  
                                          
  3.818822891854534E-007
 Thread           0  starting...
 601477    
 /localscratch/jepa.42913061.0/tipmip_pelc/601477                               
  
 Read Parameters...
 Running Taxon S_sagax             
 ~/projects/def-wailung/Data/Species/Distributions/S601477.csv                  
                                          
  3.173000508338592E-007
 Thread           0  starting...
 600117    
 /localscratch/jepa.42913061.0/tipmip_pelc/600117                               
  
 Read Parameters...
 Running Taxon S_japonicus         
 ~/projects/def-wailung/Data/Species/Distributions/S600117.csv                  
                                          
  4.656112928858036E-007
 Thread           0  starting...
 600118    
 /localscratch/jepa.42913061.0/tipmip_pelc/600118                               
  
 Read Parameters...
 Running Taxon S_scombrus          
 ~/projects/def-wailung/Data/Species/Distributions/S600118.csv                  
                                          
  3.561984366046157E-007
 Thread           0  starting...
 600121    
 /localscratch/jepa.42913061.0/tipmip_pelc/600121                               
  
 Read Parameters...
 Running Taxon S_commerson         
 ~/projects/def-wailung/Data/Species/Distributions/S600121.csv                  
                                          
  2.822795334322947E-007
 Thread           0  starting...
 600505    
 /localscratch/jepa.42913061.0/tipmip_pelc/600505                               
  
 Read Parameters...
 Running Taxon S_mentella          
 ~/projects/def-wailung/Data/Species/Distributions/S600505.csv                  
                                          
  2.481586255564939E-007
 Thread           0  starting...
 600387    
 /localscratch/jepa.42913061.0/tipmip_pelc/600387                               
  
 Read Parameters...
 Running Taxon S_crumenophthalmus  
 ~/projects/def-wailung/Data/Species/Distributions/S600387.csv                  
                                          
  3.344526925175285E-007
 Thread           0  starting...
 600388    
 /localscratch/jepa.42913061.0/tipmip_pelc/600388                               
  
 Read Parameters...
 Running Taxon S_leptolepis        
 ~/projects/def-wailung/Data/Species/Distributions/S600388.csv                  
                                          
  2.896233753099663E-007
 Thread           0  starting...
 690085    
 /localscratch/jepa.42913061.0/tipmip_pelc/690085                               
  
 Read Parameters...
 Running Taxon S_officinalis       
 ~/projects/def-wailung/Data/Species/Distributions/S690085.csv                  
                                          
  2.777650467700176E-007
 Thread           0  starting...
 601458    
 /localscratch/jepa.42913061.0/tipmip_pelc/601458                               
  
 Read Parameters...
 Running Taxon S_gracilis          
 ~/projects/def-wailung/Data/Species/Distributions/S601458.csv                  
                                          
  2.877316841387588E-007
 Thread           0  starting...
 601357    
 /localscratch/jepa.42913061.0/tipmip_pelc/601357                               
  
 Read Parameters...
 Running Taxon S_sprattus          
 ~/projects/def-wailung/Data/Species/Distributions/S601357.csv                  
                                          
  2.536759917037835E-007
 Thread           0  starting...
 601596    
 /localscratch/jepa.42913061.0/tipmip_pelc/601596                               
  
 Read Parameters...
 Running Taxon T_ilisha            
 ~/projects/def-wailung/Data/Species/Distributions/S601596.csv                  
                                          
  4.071326217114367E-007
 Thread           0  starting...
 600143    
 /localscratch/jepa.42913061.0/tipmip_pelc/600143                               
  
 Read Parameters...
 Running Taxon T_albacares         
 ~/projects/def-wailung/Data/Species/Distributions/S600143.csv                  
                                          
  3.245512413296848E-007
 Thread           0  starting...
 600145    
 /localscratch/jepa.42913061.0/tipmip_pelc/600145                               
  
 Read Parameters...
 Running Taxon T_maccoyii          
 ~/projects/def-wailung/Data/Species/Distributions/S600145.csv                  
                                          
  2.625418107482514E-007
 Thread           0  starting...
 600489    
 /localscratch/jepa.42913061.0/tipmip_pelc/600489                               
  
 Read Parameters...
 Running Taxon T_atun              
 ~/projects/def-wailung/Data/Species/Distributions/S600489.csv                  
                                          
  5.661878921509045E-007
 Thread           0  starting...
 690198    
 /localscratch/jepa.42913061.0/tipmip_pelc/690198                               
  
 Read Parameters...
 Running Taxon T_pacificus         
 ~/projects/def-wailung/Data/Species/Distributions/S690198.csv                  
                                          
  2.677753652657877E-007
 Thread           0  starting...
 690198    
 /localscratch/jepa.42913061.0/tipmip_pelc/690198                               
  
 Read Parameters...
 Running Taxon T_pacificus         
 ~/projects/def-wailung/Data/Species/Distributions/S690198.csv                  
                                          
  2.677753652657877E-007
 Thread           0  starting...
 690124    
 /localscratch/jepa.42913061.0/tipmip_pelc/690124                               
  
 Read Parameters...
 Running Taxon T_sagittatus        
 ~/projects/def-wailung/Data/Species/Distributions/S690124.csv                  
                                          
  3.544775076225194E-007
 Thread           0  starting...
 605382    
 /localscratch/jepa.42913061.0/tipmip_pelc/605382                               
  
 Read Parameters...
 Running Taxon T_capensis          
 ~/projects/def-wailung/Data/Species/Distributions/S605382.csv                  
                                          
  5.978025428343692E-007
 Thread           0  starting...
 600372    
 /localscratch/jepa.42913061.0/tipmip_pelc/600372                               
  
 Read Parameters...
 Running Taxon T_declivis          
 ~/projects/def-wailung/Data/Species/Distributions/S600372.csv                  
                                          
  3.188453672531288E-007
 Thread           0  starting...
 600367    
 /localscratch/jepa.42913061.0/tipmip_pelc/600367                               
  
 Read Parameters...
 Running Taxon T_murphyi           
 ~/projects/def-wailung/Data/Species/Distributions/S600367.csv                  
                                          
  2.838211767761112E-007
 Thread           0  starting...
 601365    
 /localscratch/jepa.42913061.0/tipmip_pelc/601365                               
  
 Read Parameters...
 Running Taxon T_trachurus         
 ~/projects/def-wailung/Data/Species/Distributions/S601365.csv                  
                                          
  3.532246543924699E-007
 Thread           0  starting...
 601288    
 /localscratch/jepa.42913061.0/tipmip_pelc/601288                               
  
 Read Parameters...
 Running Taxon T_lepturus          
 ~/projects/def-wailung/Data/Species/Distributions/S601288.csv                  
                                          
  4.412750899873695E-007
 Thread           0  starting...
 Time step =         1861
 Catch=   34335186.6342658     
 Abd=  6.6318568E+07
 Catch=   1767254.98790448     
 Abd=   5044396.    
 Catch=   1695756.88285513     
 Abd=   1371912.    
 Catch=   4994548.92281513     
 Abd=  1.8934152E+07
 Catch=   836964.255694898     
 Abd=   797852.5    
 Catch=   13818.3781686770     
 Abd=   68033.59    
 Catch=   233424.403800942     
 Abd=   1679784.    
 Catch=   1785505.35554634     
 Abd=   724407.6    
 Catch=   2811239.97584372     
 Abd=   1173676.    
 Catch=   390416.162151289     
 Abd=   1941422.    
 Catch=   45526.5219866835     
 Abd=   583936.8    
 Catch=   20500035.4715421     
 Abd=  5.4132672E+07
 Catch=   9955802.20726103     
 Abd=  3.0820762E+07
 Catch=   2303372.27503873     
 Abd=   2704156.    
 Catch=   7245451.19298665     
 Abd=  1.0461454E+07
 Catch=   2274434.29801993     
 Abd=   5070483.    
 Catch=   173504861.867878     
 Abd=  2.2890822E+08
 Catch=   35823256.7789182     
 Abd=  1.2538038E+08
 Catch=   21057378.4807254     
 Abd=  7.4685472E+07
 Catch=   2893663.45060838     
 Abd=   5875934.    
 Catch=   3294861.03881951     
 Abd=  2.4541752E+07
 Catch=   1626606.43962787     
 Abd=   992156.9    
 Catch=   1766734.37183708     
 Abd=   884682.8    
 Catch=   284753.436257041     
 Abd=   226947.3    
 Catch=   87868.5942477714     
 Abd=   35271.17    
 Catch=   13382784.3615727     
 Abd=  1.8985492E+07
 Catch=   2161023.37825160     
 Abd=   2702930.    
 Catch=   27364108.8826305     
 Abd=  7.4245088E+07
 Catch=   1754786.23397981     
 Abd=  2.0832772E+07
 Catch=   1925844.52559128     
 Abd=  1.7223152E+07
 Catch=   4234787.05182409     
 Abd=   1046145.    
 Catch=   4234787.05182409     
 Abd=   1046145.    
 Catch=   165014.854140817     
 Abd=   43888.25    
 Catch=   13024595.1029124     
 Abd=  1.2596571E+08
 Catch=   2496766.86187003     
 Abd=  1.4301644E+07
 Catch=   95295438.3288212     
 Abd=  1.3300225E+09
 Catch=   11899076.4671638     
 Abd=  1.0074064E+08
 Catch=   25973063.2648189     
 Abd=  1.4470662E+08
 Time step =         1862
 Catch=   20540785.5661799     
 Abd=  4.9008864E+07
 Catch=   892056.195864195     
 Abd=   3352284.    
 Catch=   984044.072661155     
 Abd=   1087785.    
 Catch=   2326787.53763481     
 Abd=  1.1726726E+07
 Catch=   327113.793585672     
 Abd=   538959.4    
 Catch=   4102.03281695418     
 Abd=   36316.23    
 Catch=   92282.9219059454     
 Abd=   1086082.    
 Catch=   896291.587162770     
 Abd=   609334.0    
 Catch=   1474122.09358398     
 Abd=   996015.4    
 Catch=   259321.706792156     
 Abd=   1484523.    
 Catch=   30014.7263727420     
 Abd=   436740.9    
 Catch=   11244762.1050179     
 Abd=  3.7795432E+07
 Catch=   5905907.36093001     
 Abd=  2.1873340E+07
 Catch=   1259361.37195791     
 Abd=   2036928.    
 Catch=   3765420.88657864     
 Abd=   7391130.    
 Catch=   1200127.59162459     
 Abd=   3471284.    
 Catch=   98581050.6062795     
 Abd=  1.7013760E+08
 Catch=   14696503.0259745     
 Abd=  7.4709432E+07
 Catch=   12385336.0117011     
 Abd=  5.2873332E+07
 Catch=   1358464.03931501     
 Abd=   3851831.    
 Catch=   2354053.09354013     
 Abd=  1.9055428E+07
 Catch=   934676.373303195     
 Abd=   818680.4    
 Catch=   1035417.25494086     
 Abd=   756497.9    
 Catch=   162393.532920077     
 Abd=   179219.0    
 Catch=   45177.6330963521     
 Abd=   29564.74    
 Catch=   7893906.02570780     
 Abd=  1.4375434E+07
 Catch=   1003455.08435462     
 Abd=   1855733.    
 Catch=   17138707.7448200     
 Abd=  5.5647208E+07
 Catch=   1359577.08722726     
 Abd=  1.7056086E+07
 Catch=   1437182.07717721     
 Abd=  1.3731866E+07
 Catch=   3452627.08473077     
 Abd=   1136446.    
 Catch=   3452627.08473077     
 Abd=   1136446.    
 Catch=   141443.620010701     
 Abd=   45313.44    
 Catch=   7979233.44066822     
 Abd=  8.7200632E+07
 Catch=   1727723.80111611     
 Abd=  1.0821920E+07
 Catch=   70954913.4676307     
 Abd=  1.0671953E+09
 Catch=   8926210.34428332     
 Abd=  8.1008672E+07
 Catch=   16847769.5087777     
 Abd=  1.0643541E+08
 Time step =         1863
 Catch=   16382190.7077186     
 Abd=  4.1550336E+07
 Catch=   649689.924593162     
 Abd=   2636107.    
 Catch=   850125.328384825     
 Abd=   998749.1    
 Catch=   1591939.66851968     
 Abd=   8743585.    
 Catch=   250098.259918576     
 Abd=   452427.6    
 Catch=   2491.22133856428     
 Abd=   24629.43    
 Catch=   65967.8879949019     
 Abd=   840903.4    
 Catch=   821200.761587255     
 Abd=   587546.0    
 Catch=   1356989.88198341     
 Abd=   962378.8    
 Catch=   208921.502126988     
 Abd=   1248075.    
 Catch=   23579.3864226727     
 Abd=   357304.9    
 Catch=   8533205.33705803     
 Abd=  3.0733350E+07
 Catch=   4512388.55049290     
 Abd=  1.7788696E+07
 Catch=   1038582.98299831     
 Abd=   1797311.    
 Catch=   2938534.15808969     
 Abd=   6231840.    
 Catch=   900721.238821618     
 Abd=   2810090.    
 Catch=   79980482.6220682     
 Abd=  1.4764096E+08
 Catch=   9774992.06204554     
 Abd=  5.4604792E+07
 Catch=   9420649.84134834     
 Abd=  4.2753008E+07
 Catch=   988585.966585216     
 Abd=   3054815.    
 Catch=   1899164.54886851     
 Abd=  1.5886418E+07
 Catch=   837208.526522450     
 Abd=   773939.2    
 Catch=   954074.954270267     
 Abd=   729502.2    
 Catch=   139872.848979789     
 Abd=   164148.4    
 Catch=   41366.5624510651     
 Abd=   28503.52    
 Catch=   6475577.48619374     
 Abd=  1.2542861E+07
 Catch=   768923.086794408     
 Abd=   1548327.    
 Catch=   13733006.5208468     
 Abd=  4.7075880E+07
 Catch=   1146479.58555856     
 Abd=  1.4753547E+07
 Catch=   1185609.27350484     
 Abd=  1.1663635E+07
 Catch=   3697858.97521172     
 Abd=   1194262.    
 Catch=   3697858.97521172     
 Abd=   1194262.    
 Catch=   144411.828545451     
 Abd=   45780.70    
 Catch=   5842374.72331723     
 Abd=  6.7137560E+07
 Catch=   1370760.47715603     
 Abd=   8947788.    
 Catch=   59017065.0671748     
 Abd=  9.1483277E+08
 Catch=   7423039.07550596     
 Abd=  6.9333296E+07
 Catch=   13096841.8821557     
 Abd=  8.6761752E+07
 Time step =         1864
 Catch=   14376293.0060736     
 Abd=  3.7538088E+07
 Catch=   533572.229434155     
 Abd=   2248374.    
 Catch=   803300.919051617     
 Abd=   964072.9    
 Catch=   1245939.54713535     
 Abd=   7146050.    
 Catch=   219730.999312681     
 Abd=   412255.2    
 Catch=   1788.42912981626     
 Abd=   18617.85    
 Catch=   53248.5000982391     
 Abd=   703550.1    
 Catch=   805661.361509923     
 Abd=   582615.0    
 Catch=   1332806.59734167     
 Abd=   954797.4    
 Catch=   180203.786379415     
 Abd=   1100788.    
 Catch=   19762.9691118985     
 Abd=   305954.8    
 Catch=   7217131.78539129     
 Abd=  2.6883616E+07
 Catch=   3806769.33770059     
 Abd=  1.5491439E+07
 Catch=   948487.346060877     
 Abd=   1686659.    
 Catch=   2579518.60271580     
 Abd=   5653744.    
 Catch=   760198.414402123     
 Abd=   2457126.    
 Catch=   71916402.8475663     
 Abd=  1.3662862E+08
 Catch=   7528960.70101538     
 Abd=  4.4089264E+07
 Catch=   7901780.23928559     
 Abd=  3.7028560E+07
 Catch=   821443.993946031     
 Abd=   2641104.    
 Catch=   1616995.79295287     
 Abd=  1.3784108E+07
 Catch=   809370.497392032     
 Abd=   759787.4    
 Catch=   935116.935603523     
 Abd=   722459.8    
 Catch=   131882.239258256     
 Abd=   158153.1    
 Catch=   40571.4649256023     
 Abd=   28253.50    
 Catch=   5840892.05145782     
 Abd=  1.1623588E+07
 Catch=   670069.511435271     
 Abd=   1397973.    
 Catch=   11990848.8574547     
 Abd=  4.2232512E+07
 Catch=   1008740.85578241     
 Abd=  1.3181355E+07
 Catch=   1026686.86860597     
 Abd=  1.0277618E+07
 Catch=   3833944.58468771     
 Abd=   1222436.    
 Catch=   3833944.58468771     
 Abd=   1222436.    
 Catch=   145033.315843395     
 Abd=   45818.05    
 Catch=   4645668.61361804     
 Abd=  5.5022336E+07
 Catch=   1163696.25738416     
 Abd=   7777402.    
 Catch=   51570210.6055829     
 Abd=  8.1307738E+08
 Catch=   6475997.19802656     
 Abd=  6.1544176E+07
 Catch=   10996722.8132083     
 Abd=  7.4803712E+07
 Time step =         1865
 Catch=   13236853.4344465     
 Abd=  3.5133300E+07
 Catch=   466445.709855871     
 Abd=   2008850.    
 Catch=   784296.195204177     
 Abd=   949378.1    
 Catch=   1047799.72041505     
 Abd=   6166896.    
 Catch=   204614.481222907     
 Abd=   390835.9    
 Catch=   1396.37525265844     
 Abd=   14976.86    
 Catch=   45590.5234460422     
 Abd=   614894.9    
 Catch=   802066.497453776     
 Abd=   581445.5    
 Catch=   1327235.13120573     
 Abd=   953004.9    
 Catch=   161405.381914567     
 Abd=   999667.8    
 Catch=   17176.7614114126     
 Abd=   269558.8    
 Catch=   6453169.38587075     
 Abd=  2.4504552E+07
 Catch=   3385787.89290060     
 Abd=  1.4037741E+07
 Catch=   904639.667269355     
 Abd=   1629948.    
 Catch=   2388529.74964896     
 Abd=   5325922.    
 Catch=   680010.692355096     
 Abd=   2242025.    
 Catch=   67742791.2617675     
 Abd=  1.3060387E+08
 Catch=   6269669.48378590     
 Abd=  3.7755068E+07
 Catch=   6991880.41326141     
 Abd=  3.3393508E+07
 Catch=   728358.067156012     
 Abd=   2393964.    
 Catch=   1422034.24527496     
 Abd=  1.2272800E+07
 Catch=   800261.735190809     
 Abd=   754981.6    
 Catch=   929984.741048064     
 Abd=   720470.2    
 Catch=   128558.679683396     
 Abd=   155538.2    
 Catch=   40376.8792004399     
 Abd=   28189.25    
 Catch=   5505246.16284640     
 Abd=  1.1111446E+07
 Catch=   618283.970298296     
 Abd=   1313664.    
 Catch=   10954455.5148887     
 Abd=  3.9202216E+07
 Catch=   911473.342884054     
 Abd=  1.2034484E+07
 Catch=   916431.889144964     
 Abd=   9283970.    
 Catch=   3888038.80530519     
 Abd=   1232143.    
 Catch=   3888038.80530519     
 Abd=   1232143.    
 Catch=   145066.513534005     
 Abd=   45819.17    
 Catch=   3891352.93962463     
 Abd=  4.7044800E+07
 Catch=   1028533.03188442     
 Abd=   6979620.    
 Catch=   46393281.6649764     
 Abd=  7.3956800E+08
 Catch=   5822538.43615192     
 Abd=  5.5989296E+07
 Catch=   9658280.36104408     
 Abd=  6.6813952E+07
 Time step =         1866
 Catch=   12532199.0659819     
 Abd=  3.3598752E+07
 Catch=   423259.450392033     
 Abd=   1848370.    
 Catch=   776078.388338072     
 Abd=   942887.8    
 Catch=   920994.700625729     
 Abd=   5512046.    
 Catch=   196266.155570482     
 Abd=   378581.5    
 Catch=   1146.87148928065     
 Abd=   12541.70    
 Catch=   40435.1693218223     
 Abd=   552708.0    
 Catch=   801206.309918164     
 Abd=   581161.1    
 Catch=   1325905.59037874     
 Abd=   952572.4    
 Catch=   148101.017981649     
 Abd=   925947.6    
 Catch=   15288.0262720928     
 Abd=   242179.3    
 Catch=   5962950.35854225     
 Abd=  2.2920072E+07
 Catch=   3109514.87855318     
 Abd=  1.3048578E+07
 Catch=   881583.510534991     
 Abd=   1599357.    
 Catch=   2276325.30327837     
 Abd=   5126397.    
 Catch=   629222.873612855     
 Abd=   2100478.    
 Catch=   65388695.2675135     
 Abd=  1.2709827E+08
 Catch=   5475496.13163527     
 Abd=  3.3567860E+07
 Catch=   6392447.75484987     
 Abd=  3.0909576E+07
 Catch=   670434.693009016     
 Abd=   2233808.    
 Catch=   1278068.42906128     
 Abd=  1.1127355E+07
 Catch=   797115.298445294     
 Abd=   753286.4    
 Catch=   928509.423171951     
 Abd=   719886.1    
 Catch=   127075.656290682     
 Abd=   154343.8    
 Catch=   40323.8097130525     
 Abd=   28170.40    
 Catch=   5312832.19665913     
 Abd=  1.0809272E+07
 Catch=   588149.363376085     
 Abd=   1262764.    
 Catch=   10286076.3331099     
 Abd=  3.7188216E+07
 Catch=   838922.274090618     
 Abd=  1.1160184E+07
 Catch=   835601.354817770     
 Abd=   8538588.    
 Catch=   3908209.71599243     
 Abd=   1236244.    
 Catch=   3908209.71599243     
 Abd=   1236244.    
 Catch=   145067.479728428     
 Abd=   45819.19    
 Catch=   3379689.33952228     
 Abd=  4.1470168E+07
 Catch=   933688.757906060     
 Abd=   6403286.    
 Catch=   42555943.6116425     
 Abd=  6.8369926E+08
 Catch=   5345507.76187722     
 Abd=  5.1837608E+07
 Catch=   8735186.61708553     
 Abd=  6.1124136E+07
 Time step =         1867
 Catch=   12073367.5568253     
 Abd=  3.2578884E+07
 Catch=   393526.978635079     
 Abd=   1734872.    
 Catch=   772406.068817055     
 Abd=   939946.5    
 Catch=   833593.227513628     
 Abd=   5046773.    
 Catch=   191390.517779437     
 Abd=   371275.7    
 Catch=   974.342617949536     
 Abd=   10801.40    
 Catch=   36718.9063698556     
 Abd=   506665.0    
 Catch=   800995.746386248     
 Abd=   581091.9    
 Catch=   1325581.97721100     
 Abd=   952465.4    
 Catch=   138195.225854248     
 Abd=   869903.5    
 Catch=   13837.5902850048     
 Abd=   220739.6    
 Catch=   5628525.45672656     
 Abd=  2.1813152E+07
 Catch=   2916895.28111197     
 Abd=  1.2342020E+07
 Catch=   868972.884405372     
 Abd=   1582387.    
 Catch=   2206546.76511398     
 Abd=   4999582.    
 Catch=   594961.542289101     
 Abd=   2002600.    
 Catch=   63992540.8170647     
 Abd=  1.2497725E+08
 Catch=   4933462.68110629     
 Abd=  3.0616404E+07
 Catch=   5972645.35155117     
 Abd=  2.9127080E+07
 Catch=   631904.598313523     
 Abd=   2124444.    
 Catch=   1166921.90568749     
 Abd=  1.0227168E+07
 Catch=   795992.623140036     
 Abd=   752671.5    
 Catch=   928071.187204487     
 Abd=   719709.7    
 Catch=   126388.474459325     
 Abd=   153781.2    
 Catch=   40308.6805408823     
 Abd=   28164.85    
 Catch=   5197308.66176493     
 Abd=  1.0624590E+07
 Catch=   569550.874876611     
 Abd=   1230644.    
 Catch=   9833137.64853792     
 Abd=  3.5796736E+07
 Catch=   782726.700949409     
 Abd=  1.0472248E+07
 Catch=   773830.294141488     
 Abd=   7958138.    
 Catch=   3918007.69410898     
 Abd=   1238590.    
 Catch=   3918007.69410898     
 Abd=   1238590.    
 Catch=   145067.493776592     
 Abd=   45819.19    
 Catch=   3014160.23956002     
 Abd=  3.7394180E+07
 Catch=   863705.000297369     
 Abd=   5968859.    
 Catch=   39586362.4628292     
 Abd=  6.3969139E+08
 Catch=   4982555.21608591     
 Abd=  4.8621732E+07
 Catch=   8062521.10010008     
 Abd=  5.6881684E+07
 Time step =         1868
 Catch=   11764096.7787862     
 Abd=  3.1881460E+07
 Catch=   372105.377319205     
 Abd=   1651552.    
 Catch=   770726.589653287     
 Abd=   938587.5    
 Catch=   770127.057012373     
 Abd=   4701441.    
 Catch=   188448.744465290     
 Abd=   366813.8    
 Catch=   848.325424144043     
 Abd=   9502.785    
 Catch=   33912.8473645853     
 Abd=   471194.6    
 Catch=   800944.390753893     
 Abd=   581073.9    
 Catch=   1325500.89551724     
 Abd=   952437.8    
 Catch=   130549.902384202     
 Abd=   826018.5    
 Catch=   12684.1546419988     
 Abd=   203421.6    
 Catch=   5391017.96827209     
 Abd=  2.1013998E+07
 Catch=   2776932.21859697     
 Abd=  1.1819780E+07
 Catch=   861921.103318888     
 Abd=   1572820.    
 Catch=   2161558.90615087     
 Abd=   4916632.    
 Catch=   570866.292118471     
 Abd=   1932588.    
 Catch=   63136264.9137951     
 Abd=  1.2365723E+08
 Catch=   4542507.06522261     
 Abd=  2.8437912E+07
 Catch=   5666181.08794323     
 Abd=  2.7803464E+07
 Catch=   605117.771673725     
 Abd=   2047032.    
 Catch=   1078442.99286760     
 Abd=   9501584.    
 Catch=   795581.292929621     
 Abd=   752443.1    
 Catch=   927938.144839574     
 Abd=   719655.6    
 Catch=   126061.207476852     
 Abd=   153509.5    
 Catch=   40304.2191832910     
 Abd=   28163.41    
 Catch=   5125890.50869965     
 Abd=  1.0509054E+07
 Catch=   557645.948604102     
 Abd=   1209784.    
 Catch=   9515994.64886289     
 Abd=  3.4809920E+07
 Catch=   737967.534616023     
 Abd=   9917681.    
 Catch=   725011.865468987     
 Abd=   7492718.    
 Catch=   3923751.35231347     
 Abd=   1239893.    
 Catch=   3923751.35231347     
 Abd=   1239893.    
 Catch=   145067.493889361     
 Abd=   45819.19    
 Catch=   2741992.53248827     
 Abd=  3.4300928E+07
 Catch=   810104.709439628     
 Abd=   5630892.    
 Catch=   37215810.6268432     
 Abd=  6.0409690E+08
 Catch=   4697475.88217871     
 Abd=  4.6060384E+07
 Catch=   7552407.79974804     
 Abd=  5.3609824E+07
 Time step =         1869
 Catch=   11550383.3283177     
 Abd=  3.1394272E+07
 Catch=   356155.984371794     
 Abd=   1588616.    
 Catch=   769944.074947631     
 Abd=   937948.0    
 Catch=   722241.946929393     
 Abd=   4436590.    
 Catch=   186638.216212096     
 Abd=   364045.8    
 Catch=   752.604278216704     
 Abd=   8498.475    
 Catch=   31715.4719146207     
 Abd=   442968.5    
 Catch=   800930.892885986     
 Abd=   581070.4    
 Catch=   1325480.31263841     
 Abd=   952431.4    
 Catch=   124496.494863383     
 Abd=   790879.4    
 Catch=   11740.7282928036     
 Abd=   189078.4    
 Catch=   5217515.57906957     
 Abd=  2.0423296E+07
 Catch=   2672162.78038973     
 Abd=  1.1423823E+07
 Catch=   857925.898850856     
 Abd=   1567373.    
 Catch=   2131841.26707885     
 Abd=   4861276.    
 Catch=   553417.687343177     
 Abd=   1881256.    
 Catch=   62597772.5880000     
 Abd=  1.2281771E+08
 Catch=   4248971.85666528     
 Abd=  2.6773932E+07
 Catch=   5435728.42665743     
 Abd=  2.6795554E+07
 Catch=   585908.543624674     
 Abd=   1990782.    
 Catch=   1006426.53218388     
 Abd=   8905208.    
 Catch=   795426.915602772     
 Abd=   752356.9    
 Catch=   927896.815579772     
 Abd=   719639.2    
 Catch=   125901.446560837     
 Abd=   153375.0    
 Catch=   40303.0956572694     
 Abd=   28163.09    
 Catch=   5080838.87083704     
 Abd=  1.0435540E+07
 Catch=   549838.989593085     
 Abd=   1195968.    
 Catch=   9288961.93488881     
 Abd=  3.4096512E+07
 Catch=   701542.025841263     
 Abd=   9462046.    
 Catch=   685430.470021852     
 Abd=   7111300.    
 Catch=   3926536.57940536     
 Abd=   1240441.    
 Catch=   3926536.57940536     
 Abd=   1240441.    
 Catch=   145067.493889598     
 Abd=   45819.19    
 Catch=   2532122.75008947     
 Abd=  3.1876336E+07
 Catch=   767914.252744490     
 Abd=   5361780.    
 Catch=   35278317.5595454     
 Abd=  5.7470528E+08
 Catch=   4467926.03951083     
 Abd=  4.3975644E+07
 Catch=   7153918.94783094     
 Abd=  5.1021160E+07
 Time step =         1870
 Catch=   11399874.8699888     
 Abd=  3.1048272E+07
 Catch=   343978.719086927     
 Abd=   1540056.    
 Catch=   769573.574956879     
 Abd=   937642.0    
 Catch=   685056.057465575     
 Abd=   4228343.    
 Catch=   185509.184175312     
 Abd=   362310.2    
 Catch=   677.571935773355     
 Abd=   7701.099    
 Catch=   29945.0248238749     
 Abd=   419946.0    
 Catch=   800927.917138922     
 Abd=   581069.1    
 Catch=   1325475.52385972     
 Abd=   952429.8    
 Catch=   119605.769037797     
 Abd=   762235.0    
 Catch=   10952.1441095965     
 Abd=   176984.8    
 Catch=   5088154.88213141     
 Abd=  1.9979068E+07
 Catch=   2591946.48376242     
 Abd=  1.1117661E+07
 Catch=   855645.004549662     
 Abd=   1564253.    
 Catch=   2111867.11328891     
 Abd=   4823793.    
 Catch=   540506.057389092     
 Abd=   1842916.    
 Catch=   62252198.2477471     
 Abd=  1.2227340E+08
 Catch=   4021782.90209957     
 Abd=  2.5469060E+07
 Catch=   5258559.21262833     
 Abd=  2.6013252E+07
 Catch=   571815.188786586     
 Abd=   1949109.    
 Catch=   946758.057485149     
 Abd=   8407146.    
 Catch=   795368.901385577     
 Abd=   752323.6    
 Catch=   927884.263725669     
 Abd=   719633.9    
 Catch=   125821.594780300     
 Abd=   153307.1    
 Catch=   40302.9352584837     
 Abd=   28163.06    
 Catch=   5052003.92892731     
 Abd=  1.0388191E+07
 Catch=   544631.201350420     
 Abd=   1186684.    
 Catch=   9123771.07783670     
 Abd=  3.3574080E+07
 Catch=   671379.716862351     
 Abd=   9081839.    
 Catch=   652721.693657918     
 Abd=   6793535.    
 Catch=   3927715.18584239     
 Abd=   1240690.    
 Catch=   3927715.18584239     
 Abd=   1240690.    
 Catch=   145067.493889421     
 Abd=   45819.19    
 Catch=   2365479.26821621     
 Abd=  2.9925984E+07
 Catch=   734008.429964371     
 Abd=   5143482.    
 Catch=   33665103.3544736     
 Abd=  5.5002842E+08
 Catch=   4279488.92819343     
 Abd=  4.2249808E+07
 Catch=   6835486.82090103     
 Abd=  4.8932004E+07
 Time step =         1871
 Catch=   11292294.7592122     
 Abd=  3.0799300E+07
 Catch=   334507.224059308     
 Abd=   1501997.    
 Catch=   769395.386934471     
 Abd=   937493.4    
 Catch=   655532.301779413     
 Abd=   4061412.    
 Catch=   184798.669441216     
 Abd=   361213.6    
 Catch=   617.420150949737     
 Abd=   7055.375    
 Catch=   28486.6860118167     
 Abd=   400793.3    
 Catch=   800927.095176713     
 Abd=   581068.9    
 Catch=   1325474.64347016     
 Abd=   952429.3    
 Catch=   115589.290116821     
 Abd=   738534.2    
 Catch=   10282.8996586469     
 Abd=   166659.3    
 Catch=   4990221.96100064     
 Abd=  1.9640480E+07
 Catch=   2529432.75126302     
 Abd=  1.0877176E+07
 Catch=   854334.957724711     
 Abd=   1562456.    
 Catch=   2098267.99390620     
 Abd=   4798127.    
 Catch=   530792.826849895     
 Abd=   1813860.    
 Catch=   62026238.1549458     
 Abd=  1.2191422E+08
 Catch=   3841792.02046130     
 Abd=  2.4424638E+07
 Catch=   5120020.81645088     
 Abd=  2.5396952E+07
 Catch=   561296.114336043     
 Abd=   1917765.    
 Catch=   896595.407317882     
 Abd=   7985622.    
 Catch=   795344.849080231     
 Abd=   752308.9    
 Catch=   927880.132644123     
 Abd=   719632.2    
 Catch=   125780.786502421     
 Abd=   153271.8    
 Catch=   40302.9058844385     
 Abd=   28163.05    
 Catch=   5033336.30686704     
 Abd=  1.0357364E+07
 Catch=   541113.787723446     
 Abd=   1180379.    
 Catch=   9002240.09467701     
 Abd=  3.3188040E+07
 Catch=   646053.925548616     
 Abd=   8760626.    
 Catch=   625286.199953094     
 Abd=   6525173.    
 Catch=   3928269.50274618     
 Abd=   1240776.    
 Catch=   3928269.50274618     
 Abd=   1240776.    
 Catch=   145067.493889716     
 Abd=   45819.19    
 Catch=   2230033.35977712     
 Abd=  2.8324544E+07
 Catch=   706290.054881771     
 Abd=   4963618.    
 Catch=   32301437.3091985     
 Abd=  5.2902726E+08
 Catch=   4122425.56118212     
 Abd=  4.0801540E+07
 Catch=   6576451.48438520     
 Abd=  4.7219056E+07
 Time step =         1872
 Catch=   11214490.7672861     
 Abd=  3.0618270E+07
 Catch=   327037.683686350     
 Abd=   1471770.    
 Catch=   769308.900402157     
 Abd=   937420.2    
 Catch=   631680.836756275     
 Abd=   3925486.    
 Catch=   184348.497522877     
 Abd=   360516.8    
 Catch=   568.316962985015     
 Abd=   6524.103    
 Catch=   27262.8309977496     
 Abd=   384581.0    
 Catch=   800927.072714977     
 Abd=   581068.8    
 Catch=   1325474.14036631     
 Abd=   952429.1    
 Catch=   112246.060191313     
 Abd=   718689.2    
 Catch=   9707.52118827054     
 Abd=   157716.8    
 Catch=   4915185.08917105     
 Abd=  1.9379664E+07
 Catch=   2480019.03545687     
 Abd=  1.0685867E+07
 Catch=   853579.892394344     
 Abd=   1561419.    
 Catch=   2088914.26205482     
 Abd=   4780388.    
 Catch=   523389.073790816     
 Abd=   1791584.    
 Catch=   61876078.9657781     
 Abd=  1.2167338E+08
 Catch=   3696551.39562569     
 Abd=  2.3575008E+07
 Catch=   5010230.72679699     
 Abd=  2.4905628E+07
 Catch=   553336.108460093     
 Abd=   1893898.    
 Catch=   853893.079645439     
 Abd=   7624652.    
 Catch=   795334.288604271     
 Abd=   752303.0    
 Catch=   927879.044883678     
 Abd=   719631.9    
 Catch=   125759.305286488     
 Abd=   153252.9    
 Catch=   40302.9030890144     
 Abd=   28163.05    
 Catch=   5021124.18410375     
 Abd=  1.0337100E+07
 Catch=   538714.580679339     
 Abd=   1176059.    
 Catch=   8912072.68449270     
 Abd=  3.2900372E+07
 Catch=   624544.183689574     
 Abd=   8486388.    
 Catch=   601983.903419057     
 Abd=   6295976.    
 Catch=   3928367.23491888     
 Abd=   1240782.    
 Catch=   3928367.23491888     
 Abd=   1240782.    
 Catch=   145067.493889539     
 Abd=   45819.19    
 Catch=   2117889.96069330     
 Abd=  2.6987506E+07
 Catch=   683303.641836600     
 Abd=   4813493.    
 Catch=   31134452.2428708     
 Abd=  5.1095802E+08
 Catch=   3989886.40399842     
 Abd=  3.9572760E+07
 Catch=   6362688.52778615     
 Abd=  4.5796304E+07
 Time step =         1873
 Catch=   11157647.0224287     
 Abd=  3.0485348E+07
 Catch=   321068.051548783     
 Abd=   1447457.    
 Catch=   769264.986115685     
 Abd=   937381.7    
 Catch=   612135.663537257     
 Abd=   3813383.    
 Catch=   184061.860886756     
 Abd=   360071.9    
 Catch=   527.611189520453     
 Abd=   6079.847    
 Catch=   26219.9723288362     
 Abd=   370680.6    
 Catch=   800926.786773440     
 Abd=   581068.9    
 Catch=   1325473.88596264     
 Abd=   952429.2    
 Catch=   109435.651078724     
 Abd=   701950.9    
 Catch=   9206.51498319970     
 Abd=   149891.8    
 Catch=   4857151.04470714     
 Abd=  1.9177134E+07
 Catch=   2440502.96978397     
 Abd=  1.0532060E+07
 Catch=   853143.595067917     
 Abd=   1560820.    
 Catch=   2082426.56761889     
 Abd=   4768038.    
 Catch=   517687.596476365     
 Abd=   1774352.    
 Catch=   61774497.1959892     
 Abd=  1.2150894E+08
 Catch=   3577610.95706210     
 Abd=  2.2874532E+07
 Catch=   4922286.69211346     
 Abd=  2.4510182E+07
 Catch=   547244.994894540     
 Abd=   1875544.    
 Catch=   817135.038760722     
 Abd=   7312317.    
 Catch=   795330.775111360     
 Abd=   752301.1    
 Catch=   927878.539014562     
 Abd=   719631.4    
 Catch=   125747.584240790     
 Abd=   153242.3    
 Catch=   40302.9028635785     
 Abd=   28163.05    
 Catch=   5013069.54360146     
 Abd=  1.0323670E+07
 Catch=   537065.496437327     
 Abd=   1173080.    
 Catch=   8844700.35712089     
 Abd=  3.2684890E+07
 Catch=   606097.198555192     
 Abd=   8250112.    
 Catch=   581991.814580876     
 Abd=   6098440.    
 Catch=   3928372.51539366     
 Abd=   1240782.    
 Catch=   3928372.51539366     
 Abd=   1240782.    
 Catch=   145067.493889361     
 Abd=   45819.19    
 Catch=   2023620.00887418     
 Abd=  2.5855898E+07
 Catch=   664012.684613352     
 Abd=   4686808.    
 Catch=   30125524.8822282     
 Abd=  4.9525946E+08
 Catch=   3876911.22514437     
 Abd=  3.8520400E+07
 Catch=   6184182.62001899     
 Abd=  4.4601880E+07
 Time step =         1874
 Catch=   11115746.2260989     
 Abd=  3.0386944E+07
 Catch=   316247.212439514     
 Abd=   1427756.    
 Catch=   769241.123705070     
 Abd=   937361.3    
 Catch=   595929.084281661     
 Abd=   3719942.    
 Catch=   183878.422494032     
 Abd=   359786.6    
 Catch=   493.303745901132     
 Abd=   5702.973    
 Catch=   25321.0828172650     
 Abd=   358633.5    
 Catch=   800927.027636299     
 Abd=   581068.6    
 Catch=   1325473.96775797     
 Abd=   952429.1    
 Catch=   107054.946317665     
 Abd=   687700.3    
 Catch=   8766.23933632768     
 Abd=   142985.7    
 Catch=   4811925.41903045     
 Abd=  1.9018744E+07
 Catch=   2408591.90838947     
 Abd=  1.0407272E+07
 Catch=   852890.775981079     
 Abd=   1560473.    
 Catch=   2077895.24366126     
 Abd=   4759383.    
 Catch=   513260.951199385     
 Abd=   1760922.    
 Catch=   61704680.1410220     
 Abd=  1.2139502E+08
 Catch=   3479001.01638281     
 Abd=  2.2290564E+07
 Catch=   4851223.31322694     
 Abd=  2.4189356E+07
 Catch=   542540.717929572     
 Abd=   1861304.    
 Catch=   785188.883456197     
 Abd=   7039677.    
 Catch=   795329.413921882     
 Abd=   752300.2    
 Catch=   927878.129983376     
 Abd=   719631.3    
 Catch=   125740.999894491     
 Abd=   153236.3    
 Catch=   40302.9026007716     
 Abd=   28163.05    
 Catch=   5007716.46116783     
 Abd=  1.0314716E+07
 Catch=   535924.811914264     
 Abd=   1171012.    
 Catch=   8794157.24830245     
 Abd=  3.2522840E+07
 Catch=   590141.964089390     
 Abd=   8044951.    
 Catch=   564691.752680832     
 Abd=   5926814.    
 Catch=   3928373.16133977     
 Abd=   1240782.    
 Catch=   3928373.16133977     
 Abd=   1240782.    
 Catch=   145067.493889598     
 Abd=   45819.19    
 Catch=   1943371.28888134     
 Abd=  2.4887044E+07
 Catch=   647656.895268919     
 Abd=   4578878.    
 Catch=   29245477.9406036     
 Abd=  4.8151101E+08
 Catch=   3779772.81238214     
 Abd=  3.7611984E+07
 Catch=   6033644.56087892     
 Abd=  4.3590092E+07
 Time step =         1875
 Catch=   11084612.8697943     
 Abd=  3.0313548E+07
 Catch=   312322.477985827     
 Abd=   1411636.    
 Catch=   769228.969773762     
 Abd=   937350.6    
 Catch=   582360.402853548     
 Abd=   3641350.    
 Catch=   183760.612671212     
 Abd=   359603.0    
 Catch=   464.093575293080     
 Abd=   5380.815    
 Catch=   24538.0221147903     
 Abd=   348079.8    
 Catch=   800926.740321046     
 Abd=   581068.8    
 Catch=   1325474.06981937     
 Abd=   952429.1    
 Catch=   105018.947088188     
 Abd=   675461.1    
 Catch=   8376.15463249069     
 Abd=   136842.5    
 Catch=   4776467.86929213     
 Abd=  1.8894236E+07
 Catch=   2382600.65357800     
 Abd=  1.0305234E+07
 Catch=   852745.003565630     
 Abd=   1560272.    
 Catch=   2074711.01858230     
 Abd=   4753284.    
 Catch=   509800.118544603     
 Abd=   1750391.    
 Catch=   61655939.4851991     
 Abd=  1.2131498E+08
 Catch=   3396406.71453131     
 Abd=  2.1799098E+07
 Catch=   4793386.59480138     
 Abd=  2.3927404E+07
 Catch=   538877.688676106     
 Abd=   1850175.    
 Catch=   757197.125039986     
 Abd=   6799880.    
 Catch=   795328.505469754     
 Abd=   752299.0    
 Catch=   927878.117253316     
 Abd=   719631.3    
 Catch=   125737.128843147     
 Abd=   153232.8    
 Catch=   40302.9024931835     
 Abd=   28163.05    
 Catch=   5004132.18544472     
 Abd=  1.0308701E+07
 Catch=   535131.554745045     
 Abd=   1169572.    
 Catch=   8756111.45213228     
 Abd=  3.2401020E+07
 Catch=   576247.540190314     
 Abd=   7865783.    
 Catch=   549609.455295230     
 Abd=   5776686.    
 Catch=   3928373.22198590     
 Abd=   1240782.    
 Catch=   3928373.22198590     
 Abd=   1240782.    
 Catch=   145067.493889421     
 Abd=   45819.19    
 Catch=   1874323.12686136     
 Abd=  2.4049272E+07
 Catch=   633661.855784507     
 Abd=   4486131.    
 Catch=   28471974.3075304     
 Abd=  4.6938570E+08
 Catch=   3695643.68064506     
 Abd=  3.6822648E+07
 Catch=   5905659.75793996     
 Abd=  4.2726628E+07
 Time step =         1876
 Catch=   11061312.0147771     
 Abd=  3.0258400E+07
 Catch=   309100.474965270     
 Abd=   1398362.    
 Catch=   769222.981445404     
 Abd=   937344.8    
 Catch=   570904.700709766     
 Abd=   3574760.    
 Catch=   183684.651515958     
 Abd=   359484.4    
 Catch=   438.998939158394     
 Abd=   5102.208    
 Catch=   23848.7107223907     
 Abd=   338748.2    
 Catch=   800926.783579797     
 Abd=   581068.8    
 Catch=   1325473.83882937     
 Abd=   952428.7    
 Catch=   103264.966344469     
 Abd=   664885.5    
 Catch=   8027.98431952307     
 Abd=   131339.1    
 Catch=   4748527.68436529     
 Abd=  1.8795900E+07
 Catch=   2361274.68354293     
 Abd=  1.0221221E+07
 Catch=   852660.721338647     
 Abd=   1560156.    
 Catch=   2072460.99413439     
 Abd=   4748962.    
 Catch=   507079.331674516     
 Abd=   1742088.    
 Catch=   61621400.4319838     
 Abd=  1.2125745E+08
 Catch=   3326615.91931976     
 Abd=  2.1382144E+07
 Catch=   4746024.38504614     
 Abd=  2.3712284E+07
 Catch=   536005.114582589     
 Abd=   1841416.    
 Catch=   732493.550794662     
 Abd=   6587522.    
 Catch=   795327.669630717     
 Abd=   752298.5    
 Catch=   927878.134200453     
 Abd=   719631.2    
 Catch=   125734.810648034     
 Abd=   153230.5    
 Catch=   40302.9024539885     
 Abd=   28163.05    
 Catch=   5001713.99066265     
 Abd=  1.0304605E+07
 Catch=   534578.182395453     
 Abd=   1168564.    
 Catch=   8727376.29228154     
 Abd=  3.2308548E+07
 Catch=   564074.745025087     
 Abd=   7708300.    
 Catch=   536376.808957536     
 Abd=   5644581.    
 Catch=   3928373.26893474     
 Abd=   1240782.    
 Catch=   3928373.26893474     
 Abd=   1240782.    
 Catch=   145067.493889716     
 Abd=   45819.19    
 Catch=   1814366.13959164     
 Abd=  2.3318784E+07
 Catch=   621593.001545206     
 Abd=   4405863.    
 Catch=   27787636.2491176     
 Abd=  4.5862285E+08
 Catch=   3622332.41687291     
 Abd=  3.6132832E+07
 Catch=   5796071.87205357     
 Abd=  4.1984804E+07
 Time step =         1877
 Catch=   11043731.3456427     
 Abd=  3.0216608E+07
 Catch=   306442.363075494     
 Abd=   1387393.    
 Catch=   769219.317911788     
 Abd=   937342.1    
 Catch=   561171.585301017     
 Abd=   3518009.    
 Catch=   183635.452334980     
 Abd=   359407.4    
 Catch=   417.146387295556     
 Abd=   4858.347    
 Catch=   23236.9636831416     
 Abd=   330433.6    
 Catch=   800926.833244321     
 Abd=   581068.8    
 Catch=   1325473.84946287     
 Abd=   952428.8    
 Catch=   101745.362892879     
 Abd=   655697.2    
 Catch=   7715.17554132224     
 Abd=   126380.7    
 Catch=   4726417.53682417     
 Abd=  1.8717908E+07
 Catch=   2343661.37226342     
 Abd=  1.0151604E+07
 Catch=   852611.802682319     
 Abd=   1560089.    
 Catch=   2070862.76371824     
 Abd=   4745882.    
 Catch=   504929.162922840     
 Abd=   1735511.    
 Catch=   61596383.6960702     
 Abd=  1.2121563E+08
 Catch=   3267199.88297865     
 Abd=  2.1025956E+07
 Catch=   4707038.34078657     
 Abd=  2.3534760E+07
 Catch=   533738.324089090     
 Abd=   1834484.    
 Catch=   710550.056722293     
 Abd=   6398314.    
 Catch=   795327.163457244     
 Abd=   752298.5    
 Catch=   927878.115016749     
 Abd=   719631.3    
 Catch=   125733.312182784     
 Abd=   153229.0    
 Catch=   40302.9024403655     
 Abd=   28163.05    
 Catch=   5000066.57483896     
 Abd=  1.0301824E+07
 Catch=   534189.778786043     
 Abd=   1167856.    
 Catch=   8705623.45367604     
 Abd=  3.2238536E+07
 Catch=   553348.237843978     
 Abd=   7569206.    
 Catch=   524702.818498652     
 Abd=   5527731.    
 Catch=   3928372.88934326     
 Abd=   1240782.    
 Catch=   3928372.88934326     
 Abd=   1240782.    
 Catch=   145067.493889539     
 Abd=   45819.19    
 Catch=   1761898.90461325     
 Abd=  2.2677250E+07
 Catch=   611114.890768164     
 Abd=   4335953.    
 Catch=   27178522.7446540     
 Abd=  4.4901862E+08
 Catch=   3558098.01250703     
 Abd=  3.5526884E+07
 Catch=   5701661.29331185     
 Abd=  4.1343996E+07
 Time step =         1878
 Catch=   11030373.8555223     
 Abd=  3.0184744E+07
 Catch=   304241.100537086     
 Abd=   1378282.    
 Catch=   769217.579874506     
 Abd=   937339.9    
 Catch=   552850.459403505     
 Abd=   3469334.    
 Catch=   183603.490626896     
 Abd=   359357.1    
 Catch=   398.022566306463     
 Abd=   4645.294    
 Catch=   22689.9456558652     
 Abd=   322975.5    
 Catch=   800926.819964335     
 Abd=   581068.8    
 Catch=   1325473.69371900     
 Abd=   952428.8    
 Catch=   100421.888530394     
 Abd=   647674.6    
 Catch=   7432.61706066555     
 Abd=   121888.2    
 Catch=   4708852.64648705     
 Abd=  1.8655844E+07
 Catch=   2329025.49704181     
 Abd=  1.0093597E+07
 Catch=   852583.988719856     
 Abd=   1560051.    
 Catch=   2069722.99065535     
 Abd=   4743685.    
 Catch=   503222.773275059     
 Abd=   1730280.    
 Catch=   61578102.8476426     
 Abd=  1.2118477E+08
 Catch=   3216292.87006197     
 Abd=  2.0719828E+07
 Catch=   4674802.36100039     
 Abd=  2.3387668E+07
 Catch=   531938.787656163     
 Abd=   1828965.    
 Catch=   690943.723977394     
 Abd=   6228783.    
 Catch=   795327.083071606     
 Abd=   752298.5    
 Catch=   927878.388491581     
 Abd=   719631.6    
 Catch=   125732.303902474     
 Abd=   153228.1    
 Catch=   40302.9024400195     
 Abd=   28163.05    
 Catch=   4998944.64767620     
 Abd=  1.0299932E+07
 Catch=   533916.685591822     
 Abd=   1167357.    
 Catch=   8689071.43601064     
 Abd=  3.2184976E+07
 Catch=   543853.307784261     
 Abd=   7445809.    
 Catch=   514352.191760644     
 Abd=   5423884.    
 Catch=   3928373.26640175     
 Abd=   1240782.    
 Catch=   3928373.26640175     
 Abd=   1240782.    
 Catch=   145067.493889361     
 Abd=   45819.19    
 Catch=   1715674.56888244     
 Abd=  2.2110272E+07
 Catch=   601963.820236903     
 Abd=   4274726.    
 Catch=   26633762.4319628     
 Abd=  4.4040870E+08
 Catch=   3501548.73102563     
 Abd=  3.4992272E+07
 Catch=   5619882.02511199     
 Abd=  4.0787352E+07
 Time step =         1879
 Catch=   11020145.0914352     
 Abd=  3.0160272E+07
 Catch=   302409.593577537     
 Abd=   1370692.    
 Catch=   769216.126561317     
 Abd=   937338.6    
 Catch=   545695.098763422     
 Abd=   3427372.    
 Catch=   183582.631839465     
 Abd=   359324.4    
 Catch=   381.325477566691     
 Abd=   4459.255    
 Catch=   22197.8831134722     
 Abd=   316248.5    
 Catch=   800926.732901705     
 Abd=   581069.0    
 Catch=   1325473.49025182     
 Abd=   952428.5    
 Catch=   99263.7450448092     
 Abd=   640641.2    
 Catch=   7176.24520704900     
 Abd=   117814.1    
 Catch=   4694850.37859712     
 Abd=  1.8606280E+07
 Catch=   2316800.17818497     
 Abd=  1.0045021E+07
 Catch=   852568.144495097     
 Abd=   1560030.    
 Catch=   2068907.72957350     
 Abd=   4742109.    
 Catch=   501862.889695824     
 Abd=   1726104.    
 Catch=   61564495.9523969     
 Abd=  1.2116161E+08
 Catch=   3172422.22363564     
 Abd=  2.0455328E+07
 Catch=   4648048.02002785     
 Abd=  2.3265368E+07
 Catch=   530502.443817990     
 Abd=   1824546.    
 Catch=   673332.642923978     
 Abd=   6076125.    
 Catch=   795326.745294979     
 Abd=   752297.6    
 Catch=   927878.303788461     
 Abd=   719631.2    
 Catch=   125731.705339689     
 Abd=   153227.4    
 Catch=   40302.9024399921     
 Abd=   28163.05    
 Catch=   4998176.07603935     
 Abd=  1.0298616E+07
 Catch=   533723.879133348     
 Abd=   1167004.    
 Catch=   8676564.06826038     
 Abd=  3.2145302E+07
 Catch=   535414.658349129     
 Abd=   7335899.    
 Catch=   505134.112454529     
 Abd=   5331206.    
 Catch=   3928373.19613185     
 Abd=   1240782.    
 Catch=   3928373.19613185     
 Abd=   1240782.    
 Catch=   145067.493889598     
 Abd=   45819.19    
 Catch=   1674710.41151547     
 Abd=  2.1606426E+07
 Catch=   593929.389564047     
 Abd=   4220842.    
 Catch=   26144295.6798889     
 Abd=  4.3265562E+08
 Catch=   3451563.14510583     
 Abd=  3.4518800E+07
 Catch=   5548696.67049674     
 Abd=  4.0301736E+07
 Time step =         1880
 Catch=   11012259.0580735     
 Abd=  3.0141296E+07
 Catch=   300879.406565613     
 Abd=   1364332.    
 Catch=   769215.389308515     
 Abd=   937338.0    
 Catch=   539512.175115534     
 Abd=   3391027.    
 Catch=   183568.919435048     
 Abd=   359302.6    
 Catch=   366.710393176543     
 Abd=   4295.649    
 Catch=   21753.0754467790     
 Abd=   310153.5    
 Catch=   800927.107699242     
 Abd=   581069.0    
 Catch=   1325473.91309565     
 Abd=   952429.2    
 Catch=   98246.5886809822     
 Abd=   634451.6    
 Catch=   6943.50193588476     
 Abd=   114101.8    
 Catch=   4683657.66525212     
 Abd=  1.8566632E+07
 Catch=   2306538.61068048     
 Abd=  1.0004144E+07
 Catch=   852558.520469039     
 Abd=   1560016.    
 Catch=   2068322.22900969     
 Abd=   4740975.    
 Catch=   500775.286899636     
 Abd=   1722758.    
 Catch=   61554266.4223758     
 Abd=  1.2114412E+08
 Catch=   3134425.35904702     
 Abd=  2.0225658E+07
 Catch=   4625759.30225920     
 Abd=  2.3163316E+07
 Catch=   529350.784288015     
 Abd=   1820999.    
 Catch=   657437.737222723     
 Abd=   5938022.    
 Catch=   795325.244814560     
 Abd=   752296.0    
 Catch=   927877.943581117     
 Abd=   719631.2    
 Catch=   125731.306085830     
 Abd=   153227.1    
 Catch=   40302.9024399784     
 Abd=   28163.05    
 Catch=   4997641.41953933     
 Abd=  1.0297704E+07
 Catch=   533587.450043503     
 Abd=   1166755.    
 Catch=   8667177.43152661     
 Abd=  3.2114568E+07
 Catch=   527885.095423998     
 Abd=   7237670.    
 Catch=   496892.827126492     
 Abd=   5248208.    
 Catch=   3928373.10743812     
 Abd=   1240782.    
 Catch=   3928373.10743812     
 Abd=   1240782.    
 Catch=   145067.493889421     
 Abd=   45819.19    
 Catch=   1638217.88202788     
 Abd=  2.1156496E+07
 Catch=   586843.538461574     
 Abd=   4173217.    
 Catch=   25702762.5141686     
 Abd=  4.2564928E+08
 Catch=   3407216.27660758     
 Abd=  3.4097976E+07
 Catch=   5486462.30767207     
 Abd=  3.9876352E+07
 Time step =         1881
 Catch=   11006132.9360352     
 Abd=  3.0126508E+07
 Catch=   299594.785448790     
 Abd=   1358977.    
 Catch=   769214.951440900     
 Abd=   937337.4    
 Catch=   534145.409117883     
 Abd=   3359414.    
 Catch=   183559.848569883     
 Abd=   359288.3    
 Catch=   353.805768948637     
 Abd=   4150.791    
 Catch=   21349.2183238772     
 Abd=   304607.4    
 Catch=   800927.086824075     
 Abd=   581068.8    
 Catch=   1325473.82371729     
 Abd=   952428.8    
 Catch=   97349.7375135576     
 Abd=   628984.2    
 Catch=   6730.56055374036     
 Abd=   110697.5    
 Catch=   4674693.26122602     
 Abd=  1.8534812E+07
 Catch=   2297882.35338038     
 Abd=   9969572.    
 Catch=   852552.899509140     
 Abd=   1560011.    
 Catch=   2067900.64596860     
 Abd=   4740159.    
 Catch=   499902.565022474     
 Abd=   1720067.    
 Catch=   61546367.3405301     
 Abd=  1.2113042E+08
 Catch=   3101362.55530678     
 Abd=  2.0025404E+07
 Catch=   4607141.04847563     
 Abd=  2.3077988E+07
 Catch=   528423.519885934     
 Abd=   1818134.    
 Catch=   643028.169199477     
 Abd=   5812556.    
 Catch=   795324.016032621     
 Abd=   752295.0    
 Catch=   927878.118564608     
 Abd=   719631.2    
 Catch=   125731.005732872     
 Abd=   153226.7    
 Catch=   40302.9024399647     
 Abd=   28163.05    
 Catch=   4997268.15387219     
 Abd=  1.0297076E+07
 Catch=   533491.011484736     
 Abd=   1166578.    
 Catch=   8659896.34205804     
 Abd=  3.2091522E+07
 Catch=   521141.146783713     
 Abd=   7149532.    
 Catch=   489500.575552897     
 Abd=   5173632.    
 Catch=   3928372.93835308     
 Abd=   1240782.    
 Catch=   3928372.93835308     
 Abd=   1240782.    
 Catch=   145067.493889716     
 Abd=   45819.19    
 Catch=   1605562.36053150     
 Abd=  2.0753016E+07
 Catch=   580569.077389109     
 Abd=   4130966.    
 Catch=   25303096.3742699     
 Abd=  4.1929606E+08
 Catch=   3367738.95155498     
 Abd=  3.3722776E+07
 Catch=   5431853.42411759     
 Abd=  3.9502488E+07
 Time step =         1882
 Catch=   11001328.8102207     
 Abd=  3.0114852E+07
 Catch=   298509.587336268     
 Abd=   1354440.    
 Catch=   769214.972781111     
 Abd=   937337.4    
 Catch=   529470.009348561     
 Abd=   3331840.    
 Catch=   183553.880157122     
 Abd=   359278.9    
 Catch=   342.361481676942     
 Abd=   4022.151    
 Catch=   20980.9361955795     
 Abd=   299538.1    
 Catch=   800926.919768881     
 Abd=   581069.0    
 Catch=   1325473.94324421     
 Abd=   952429.1    
 Catch=   96556.0681694665     
 Abd=   624135.1    
 Catch=   6534.97334016723     
 Abd=   107564.5    
 Catch=   4667489.52552013     
 Abd=  1.8509232E+07
 Catch=   2290547.33267177     
 Abd=   9940219.    
 Catch=   852552.131394461     
 Abd=   1560009.    
 Catch=   2067596.66296525     
 Abd=   4739566.    
 Catch=   499200.024927190     
 Abd=   1717899.    
 Catch=   61540279.5340164     
 Abd=  1.2111983E+08
 Catch=   3072481.35739664     
 Abd=  1.9850156E+07
 Catch=   4591551.47862236     
 Abd=  2.3006396E+07
 Catch=   527673.173603292     
 Abd=   1815814.    
 Catch=   629912.065368981     
 Abd=   5698137.    
 Catch=   795323.519824601     
 Abd=   752294.6    
 Catch=   927878.033465385     
 Abd=   719631.3    
 Catch=   125730.610592919     
 Abd=   153226.3    
 Catch=   40302.9024399373     
 Abd=   28163.05    
 Catch=   4996999.36257217     
 Abd=  1.0296583E+07
 Catch=   533422.721938304     
 Abd=   1166452.    
 Catch=   8654477.32497344     
 Abd=  3.2073400E+07
 Catch=   515084.693942833     
 Abd=   7070258.    
 Catch=   482848.847790307     
 Abd=   5106439.    
 Catch=   3928373.23833980     
 Abd=   1240782.    
 Catch=   3928373.23833980     
 Abd=   1240782.    
 Catch=   145067.493889539     
 Abd=   45819.19    
 Catch=   1576218.58393058     
 Abd=  2.0389724E+07
 Catch=   574992.811031821     
 Abd=   4093350.    
 Catch=   24940040.8943954     
 Abd=  4.1351587E+08
 Catch=   3332492.63984790     
 Abd=  3.3387340E+07
 Catch=   5383777.99579271     
 Abd=  3.9172688E+07
 Time step =         1883
 Catch=   10997531.6281901     
 Abd=  3.0105604E+07
 Catch=   297587.623662666     
 Abd=   1350578.    
 Catch=   769214.612358624     
 Abd=   937337.0    
 Catch=   525388.100733107     
 Abd=   3307725.    
 Catch=   183549.853780137     
 Abd=   359272.4    
 Catch=   332.152189471027     
 Abd=   3906.693    
 Catch=   20643.5095184127     
 Abd=   294883.2    
 Catch=   800927.072639228     
 Abd=   581068.9    
 Catch=   1325474.40959018     
 Abd=   952429.4    
 Catch=   95851.1346842446     
 Abd=   619822.6    
 Catch=   6354.68594763119     
 Abd=   104672.0    
 Catch=   4661692.68528639     
 Abd=  1.8488612E+07
 Catch=   2284307.03210173     
 Abd=   9915200.    
 Catch=   852551.283999373     
 Abd=   1560007.    
 Catch=   2067374.24541709     
 Abd=   4739134.    
 Catch=   498633.233844565     
 Abd=   1716147.    
 Catch=   61535463.0078435     
 Abd=  1.2111138E+08
 Catch=   3047161.70894600     
 Abd=  1.9696200E+07
 Catch=   4578454.06494815     
 Abd=  2.2946190E+07
 Catch=   527067.384155450     
 Abd=   1813940.    
 Catch=   617929.386728600     
 Abd=   5593422.    
 Catch=   795322.899009649     
 Abd=   752294.0    
 Catch=   927878.155742235     
 Abd=   719631.4    
 Catch=   125730.347939144     
 Abd=   153226.0    
 Catch=   40302.9024400195     
 Abd=   28163.05    
 Catch=   4996808.76123209     
 Abd=  1.0296276E+07
 Catch=   533373.661493960     
 Abd=   1166362.    
 Catch=   8650030.74689890     
 Abd=  3.2059348E+07
 Catch=   509628.328975084     
 Abd=   6998764.    
 Catch=   476847.699366220     
 Abd=   5045732.    
 Catch=   3928373.11696704     
 Abd=   1240782.    
 Catch=   3928373.11696704     
 Abd=   1240782.    
 Catch=   145067.493889361     
 Abd=   45819.19    
 Catch=   1549751.81422457     
 Abd=  2.0061476E+07
 Catch=   570020.917115537     
 Abd=   4059761.    
 Catch=   24609226.0449693     
 Abd=  4.0823968E+08
 Catch=   3300943.16571770     
 Abd=  3.3086714E+07
 Catch=   5341315.80097616     
 Abd=  3.8881112E+07
 Time step =         1884
 Catch=   10994506.1583621     
 Abd=  3.0098216E+07
 Catch=   296802.169611065     
 Abd=   1347286.    
 Catch=   769214.445628553     
 Abd=   937337.0    
 Catch=   521810.707760831     
 Abd=   3286560.    
 Catch=   183547.109114916     
 Abd=   359268.0    
 Catch=   322.930050696296     
 Abd=   3801.612    
 Catch=   20332.9758683089     
 Abd=   290590.0    
 Catch=   800926.950022008     
 Abd=   581068.8    
 Catch=   1325473.90432381     
 Abd=   952429.1    
 Catch=   95223.6159430461     
 Abd=   615980.1    
 Catch=   6188.53673479299     
 Abd=   102012.4    
 Catch=   4657018.03085929     
 Abd=  1.8471988E+07
 Catch=   2278978.57319847     
 Abd=   9893796.    
 Catch=   852550.303939320     
 Abd=   1560006.    
 Catch=   2067212.86530777     
 Abd=   4738819.    
 Catch=   498174.095191393     
 Abd=   1714726.    
 Catch=   61531547.6785823     
 Abd=  1.2110441E+08
 Catch=   3024887.13603804     
 Abd=  1.9560588E+07
 Catch=   4567434.74139139     
 Abd=  2.2895480E+07
 Catch=   526574.015701649     
 Abd=   1812403.    
 Catch=   606945.694601210     
 Abd=   5497279.    
 Catch=   795322.548408517     
 Abd=   752293.6    
 Catch=   927878.113547142     
 Abd=   719631.1    
 Catch=   125730.176720429     
 Abd=   153225.8    
 Catch=   40302.9024399921     
 Abd=   28163.05    
 Catch=   4996685.75167651     
 Abd=  1.0296086E+07
 Catch=   533338.947559473     
 Abd=   1166299.    
 Catch=   8646860.34995066     
 Abd=  3.2049068E+07
 Catch=   504701.325888382     
 Abd=   6934134.    
 Catch=   471419.223166430     
 Abd=   4990746.    
 Catch=   3928373.04401117     
 Abd=   1240782.    
 Catch=   3928373.04401117     
 Abd=   1240782.    
 Catch=   145067.493889598     
 Abd=   45819.19    
 Catch=   1525796.36546637     
 Abd=  1.9763850E+07
 Catch=   565574.773439243     
 Abd=   4029681.    
 Catch=   24307002.9882249     
 Abd=  4.0341690E+08
 Catch=   3272636.27512385     
 Abd=  3.2816670E+07
 Catch=   5303714.38906756     
 Abd=  3.8622408E+07
 Time step =         1885
 Catch=   10992077.3323455     
 Abd=  3.0092212E+07
 Catch=   296132.603892074     
 Abd=   1344476.    
 Catch=   769214.496217743     
 Abd=   937336.9    
 Catch=   518669.094581180     
 Abd=   3267957.    
 Catch=   183545.242398161     
 Abd=   359265.0    
 Catch=   314.517553772762     
 Abd=   3705.927    
 Catch=   20046.0911839195     
 Abd=   286617.1    
 Catch=   800926.918853905     
 Abd=   581068.8    
 Catch=   1325474.52884190     
 Abd=   952429.6    
 Catch=   94665.1060196104     
 Abd=   612566.6    
 Catch=   6035.09966180782     
 Abd=   99542.52    
 Catch=   4653245.05800569     
 Abd=  1.8458534E+07
 Catch=   2274412.97369845     
 Abd=   9875424.    
 Catch=   852549.611346647     
 Abd=   1560005.    
 Catch=   2067095.57849221     
 Abd=   4738590.    
 Catch=   497801.509229347     
 Abd=   1713571.    
 Catch=   61528512.2887393     
 Abd=  1.2109940E+08
 Catch=   3005234.76930491     
 Abd=  1.9440758E+07
 Catch=   4558133.32053699     
 Abd=  2.2852612E+07
 Catch=   526168.857523714     
 Abd=   1811140.    
 Catch=   596845.710283047     
 Abd=   5408743.    
 Catch=   795321.305401793     
 Abd=   752292.1    
 Catch=   927878.065846015     
 Abd=   719631.3    
 Catch=   125730.087135769     
 Abd=   153225.7    
 Catch=   40302.9024399784     
 Abd=   28163.05    
 Catch=   4996611.89682524     
 Abd=  1.0295937E+07
 Catch=   533314.286006628     
 Abd=   1166253.    
 Catch=   8644409.65259179     
 Abd=  3.2041688E+07
 Catch=   500242.880494786     
 Abd=   6875546.    
 Catch=   466496.556769024     
 Abd=   4940829.    
 Catch=   3928373.26197640     
 Abd=   1240782.    
 Catch=   3928373.26197640     
 Abd=   1240782.    
 Catch=   145067.493889421     
 Abd=   45819.19    
 Catch=   1504041.80095361     
 Abd=  1.9493146E+07
 Catch=   561587.894654605     
 Abd=   4002672.    
 Catch=   24030414.2804344     
 Abd=  3.9899590E+08
 Catch=   3247181.95918480     
 Abd=  3.2573612E+07
 Catch=   5270309.99190685     
 Abd=  3.8392368E+07
 Time step =         1886
 Catch=   10990094.6187677     
 Abd=  3.0087352E+07
 Catch=   295559.802689433     
 Abd=   1342068.    
 Catch=   769214.523489002     
 Abd=   937337.1    
 Catch=   515903.419245599     
 Abd=   3251552.    
 Catch=   183543.919885772     
 Abd=   359262.8    
 Catch=   306.885442746961     
 Abd=   3619.400    
 Catch=   19780.2586349263     
 Abd=   282930.8    
 Catch=   800926.822657422     
 Abd=   581068.8    
 Catch=   1325474.46441634     
 Abd=   952429.4    
 Catch=   94167.3964323592     
 Abd=   609510.0    
 Catch=   5892.29733492016     
 Abd=   97241.60    
 Catch=   4650184.55946710     
 Abd=  1.8447624E+07
 Catch=   2270486.36845152     
 Abd=   9859598.    
 Catch=   852548.979336970     
 Abd=   1560004.    
 Catch=   2067009.49377269     
 Abd=   4738422.    
 Catch=   497498.137817619     
 Abd=   1712629.    
 Catch=   61526281.2740889     
 Abd=  1.2109539E+08
 Catch=   2987846.39135593     
 Abd=  1.9334576E+07
 Catch=   4550267.75262187     
 Abd=  2.2816360E+07
 Catch=   525835.345649421     
 Abd=   1810098.    
 Catch=   587531.941652171     
 Abd=   5326981.    
 Catch=   795320.432780734     
 Abd=   752291.5    
 Catch=   927878.161533384     
 Abd=   719631.3    
 Catch=   125729.954857307     
 Abd=   153225.6    
 Catch=   40302.9024399647     
 Abd=   28163.05    
 Catch=   4996544.34426346     
 Abd=  1.0295800E+07
 Catch=   533296.439198976     
 Abd=   1166220.    
 Catch=   8642782.43983324     
 Abd=  3.2036428E+07
 Catch=   496196.009898111     
 Abd=   6822305.    
 Catch=   462024.043374565     
 Abd=   4895436.    
 Catch=   3928372.78754953     
 Abd=   1240782.    
 Catch=   3928372.78754953     
 Abd=   1240782.    
 Catch=   145067.493889716     
 Abd=   45819.19    
 Catch=   1484229.82650063     
 Abd=  1.9246312E+07
 Catch=   558003.502731852     
 Abd=   3978358.    
 Catch=   23776507.4029138     
 Abd=  3.9493267E+08
 Catch=   3224249.49081316     
 Abd=  3.2354424E+07
 Catch=   5240575.01528047     
 Abd=  3.8187272E+07
 Time step =         1887
 Catch=   10988487.1394260     
 Abd=  3.0083356E+07
 Catch=   295068.294752603     
 Abd=   1340000.    
 Catch=   769214.738035556     
 Abd=   937337.8    
 Catch=   513461.482876959     
 Abd=   3237049.    
 Catch=   183542.971191536     
 Abd=   359261.2    
 Catch=   299.986131675267     
 Abd=   3540.979    
 Catch=   19533.3118998499     
 Abd=   279502.6    
 Catch=   800926.870982001     
 Abd=   581068.8    
 Catch=   1325474.41011652     
 Abd=   952429.2    
 Catch=   93720.9424719009     
 Abd=   606766.8    
 Catch=   5759.12858474009     
 Abd=   95093.43    
 Catch=   4647710.00177393     
 Abd=  1.8438814E+07
 Catch=   2267099.10719432     
 Abd=   9845915.    
 Catch=   852548.759087419     
 Abd=   1560004.    
 Catch=   2066945.65185655     
 Abd=   4738300.    
 Catch=   497250.375406444     
 Abd=   1711860.    
 Catch=   61524357.9054119     
 Abd=  1.2109189E+08
 Catch=   2972419.52462303     
 Abd=  1.9240270E+07
 Catch=   4543616.49353032     
 Abd=  2.2785670E+07
 Catch=   525559.646037626     
 Abd=   1809234.    
 Catch=   578919.800480455     
 Abd=   5251282.    
 Catch=   795319.886449189     
 Abd=   752291.1    
 Catch=   927878.023693292     
 Abd=   719631.2    
 Catch=   125729.906990796     
 Abd=   153225.6    
 Catch=   40302.9024399373     
 Abd=   28163.05    
 Catch=   4996487.15488262     
 Abd=  1.0295730E+07
 Catch=   533283.569218249     
 Abd=   1166196.    
 Catch=   8641441.23564065     
 Abd=  3.2031588E+07
 Catch=   492514.979884299     
 Abd=   6773869.    
 Catch=   457952.820347689     
 Abd=   4854082.    
 Catch=   3928372.55184497     
 Abd=   1240782.    
 Catch=   3928372.55184497     
 Abd=   1240782.    
 Catch=   145067.493889539     
 Abd=   45819.19    
 Catch=   1466141.73976761     
 Abd=  1.9020686E+07
 Catch=   554773.644002216     
 Abd=   3956427.    
 Catch=   23542950.0244915     
 Abd=  3.9119277E+08
 Catch=   3203548.89566825     
 Abd=  3.2156372E+07
 Catch=   5214040.18408216     
 Abd=  3.8004192E+07
 Time step =         1888
 Catch=   10987162.4337950     
 Abd=  3.0080056E+07
 Catch=   294645.783251437     
 Abd=   1338216.    
 Catch=   769214.684954546     
 Abd=   937337.1    
 Catch=   511300.205414898     
 Abd=   3224197.    
 Catch=   183542.260157256     
 Abd=   359260.1    
 Catch=   293.700007964710     
 Abd=   3469.208    
 Catch=   19303.4617639543     
 Abd=   276309.6    
 Catch=   800926.857064934     
 Abd=   581068.8    
 Catch=   1325474.42606207     
 Abd=   952429.4    
 Catch=   93319.9926914742     
 Abd=   604300.2    
 Catch=   5634.66836704884     
 Abd=   93082.87    
 Catch=   4645701.20780100     
 Abd=  1.8431612E+07
 Catch=   2264167.36925192     
 Abd=   9834068.    
 Catch=   852548.684063658     
 Abd=   1560004.    
 Catch=   2066899.69112274     
 Abd=   4738208.    
 Catch=   497047.772045733     
 Abd=   1711227.    
 Catch=   61522678.6065421     
 Abd=  1.2108877E+08
 Catch=   2958706.82628612     
 Abd=  1.9156356E+07
 Catch=   4537973.85275399     
 Abd=  2.2759610E+07
 Catch=   525331.172063834     
 Abd=   1808520.    
 Catch=   570937.105027647     
 Abd=   5181035.    
 Catch=   795319.534975436     
 Abd=   752290.6    
 Catch=   927878.065376756     
 Abd=   719631.1    
 Catch=   125729.884770174     
 Abd=   153225.6    
 Catch=   40302.9024400195     
 Abd=   28163.05    
 Catch=   4996468.31467833     
 Abd=  1.0295703E+07
 Catch=   533274.586525643     
 Abd=   1166180.    
 Catch=   8640302.55908931     
 Abd=  3.2028276E+07
 Catch=   489162.402762762     
 Abd=   6729686.    
 Catch=   454239.858405520     
 Abd=   4816324.    
 Catch=   3928372.90539663     
 Abd=   1240782.    
 Catch=   3928372.90539663     
 Abd=   1240782.    
 Catch=   145067.493889361     
 Abd=   45819.19    
 Catch=   1449590.97570112     
 Abd=  1.8814006E+07
 Catch=   551856.674892421     
 Abd=   3936596.    
 Catch=   23327819.7917200     
 Abd=  3.8774426E+08
 Catch=   3184833.94615769     
 Abd=  3.1977190E+07
 Catch=   5190326.56788756     
 Abd=  3.7840320E+07
 Time step =         1889
 Catch=   10986050.1558951     
 Abd=  3.0077286E+07
 Catch=   294281.028594341     
 Abd=   1336678.    
 Catch=   769214.603261227     
 Abd=   937337.4    
 Catch=   509383.061537900     
 Abd=   3212788.    
 Catch=   183541.784488333     
 Abd=   359259.2    
 Catch=   287.941151120947     
 Abd=   3403.486    
 Catch=   19089.2088902168     
 Abd=   273331.0    
 Catch=   800926.868316861     
 Abd=   581068.8    
 Catch=   1325474.37305643     
 Abd=   952429.4    
 Catch=   92959.2010920500     
 Abd=   602079.1    
 Catch=   5518.10459665101     
 Abd=   91202.43    
 Catch=   4644065.06796450     
 Abd=  1.8425768E+07
 Catch=   2261625.73406169     
 Abd=   9823783.    
 Catch=   852548.705314630     
 Abd=   1560004.    
 Catch=   2066865.59348563     
 Abd=   4738140.    
 Catch=   496880.922397030     
 Abd=   1710708.    
 Catch=   61521166.7185128     
 Abd=  1.2108601E+08
 Catch=   2946494.93138721     
 Abd=  1.9081542E+07
 Catch=   4533179.56103523     
 Abd=  2.2737422E+07
 Catch=   525141.405942970     
 Abd=   1807922.    
 Catch=   563521.247719821     
 Abd=   5115705.    
 Catch=   795319.174566384     
 Abd=   752290.4    
 Catch=   927878.121052771     
 Abd=   719631.3    
 Catch=   125729.838406634     
 Abd=   153225.4    
 Catch=   40302.9024399921     
 Abd=   28163.05    
 Catch=   4996451.30648559     
 Abd=  1.0295662E+07
 Catch=   533267.580111095     
 Abd=   1166166.    
 Catch=   8639587.28786157     
 Abd=  3.2026088E+07
 Catch=   486101.923697682     
 Abd=   6689314.    
 Catch=   450846.747659178     
 Abd=   4781798.    
 Catch=   3928372.67286891     
 Abd=   1240782.    
 Catch=   3928372.67286891     
 Abd=   1240782.    
 Catch=   145067.493889598     
 Abd=   45819.19    
 Catch=   1434414.58383305     
 Abd=  1.8624288E+07
 Catch=   549216.709169368     
 Abd=   3918631.    
 Catch=   23129284.6631996     
 Abd=  3.8455981E+08
 Catch=   3167888.12849907     
 Abd=  3.1814820E+07
 Catch=   5169072.31331764     
 Abd=  3.7693324E+07
 Time step =         1890
 Catch=   10985124.7584403     
 Abd=  3.0074944E+07
 Catch=   293965.153720307     
 Abd=   1335342.    
 Catch=   769214.585029322     
 Abd=   937337.0    
 Catch=   507679.517738972     
 Abd=   3202642.    
 Catch=   183541.363304293     
 Abd=   359258.4    
 Catch=   282.675343982114     
 Abd=   3343.506    
 Catch=   18889.2375108307     
 Abd=   270549.5    
 Catch=   800926.845728517     
 Abd=   581068.9    
 Catch=   1325474.33194295     
 Abd=   952429.1    
 Catch=   92633.9741486246     
 Abd=   600075.2    
 Catch=   5409.64758792662     
 Abd=   89455.12    
 Catch=   4642733.42884019     
 Abd=  1.8421006E+07
 Catch=   2259414.13879946     
 Abd=   9814805.    
 Catch=   852548.485716152     
 Abd=   1560004.    
 Catch=   2066841.66815863     
 Abd=   4738100.    
 Catch=   496743.612005984     
 Abd=   1710279.    
 Catch=   61519918.8758528     
 Abd=  1.2108397E+08
 Catch=   2935588.83724796     
 Abd=  1.9014648E+07
 Catch=   4529097.02511814     
 Abd=  2.2718530E+07
 Catch=   524982.624621314     
 Abd=   1807425.    
 Catch=   556617.338341791     
 Abd=   5054820.    
 Catch=   795319.080089177     
 Abd=   752290.4    
 Catch=   927878.345262331     
 Abd=   719631.3    
 Catch=   125729.727742774     
 Abd=   153225.4    
 Catch=   40302.9024399784     
 Abd=   28163.05    
 Catch=   4996447.59646773     
 Abd=  1.0295681E+07
 Catch=   533262.720361591     
 Abd=   1166157.    
 Catch=   8639076.04753866     
 Abd=  3.2024344E+07
 Catch=   483303.056712419     
 Abd=   6652357.    
 Catch=   447743.514700127     
 Abd=   4750195.    
 Catch=   3928373.28869700     
 Abd=   1240782.    
 Catch=   3928373.28869700     
 Abd=   1240782.    
 Catch=   145067.493889421     
 Abd=   45819.19    
 Catch=   1420472.01759403     
 Abd=  1.8449860E+07
 Catch=   546823.046477462     
 Abd=   3902328.    
 Catch=   22945810.9623936     
 Abd=  3.8161379E+08
 Catch=   3152520.49847006     
 Abd=  3.1667468E+07
 Catch=   5150000.34996193     
 Abd=  3.7561264E+07
 Time step =         1891
 Catch=   10984336.8124172     
 Abd=  3.0072956E+07
 Catch=   293691.560238828     
 Abd=   1334188.    
 Catch=   769214.419186428     
 Abd=   937336.6    
 Catch=   506166.078871069     
 Abd=   3193636.    
 Catch=   183541.041222816     
 Abd=   359258.0    
 Catch=   277.871693472785     
 Abd=   3288.699    
 Catch=   18702.3662089807     
 Abd=   267947.7    
 Catch=   800927.235908240     
 Abd=   581068.9    
 Catch=   1325473.84705389     
 Abd=   952428.9    
 Catch=   92340.3316887094     
 Abd=   598264.8    
 Catch=   5308.09205973507     
 Abd=   87809.16    
 Catch=   4641650.57497756     
 Abd=  1.8417154E+07
 Catch=   2257481.06621172     
 Abd=   9806960.    
 Catch=   852547.860908988     
 Abd=   1560003.    
 Catch=   2066825.81877824     
 Abd=   4738066.    
 Catch=   496630.576218029     
 Abd=   1709926.    
 Catch=   61519022.7137274     
 Abd=  1.2108230E+08
 Catch=   2925831.15161571     
 Abd=  1.8954756E+07
 Catch=   4525614.58731679     
 Abd=  2.2702408E+07
 Catch=   524849.500239067     
 Abd=   1807002.    
 Catch=   550176.946473628     
 Abd=   4997972.    
 Catch=   795319.116641965     
 Abd=   752290.4    
 Catch=   927878.058323777     
 Abd=   719631.1    
 Catch=   125729.693339204     
 Abd=   153225.3    
 Catch=   40302.9024399647     
 Abd=   28163.05    
 Catch=   4996447.54172751     
 Abd=  1.0295668E+07
 Catch=   533258.963595652     
 Abd=   1166150.    
 Catch=   8638697.39652389     
 Abd=  3.2023288E+07
 Catch=   480738.898285669     
 Abd=   6618484.    
 Catch=   444899.290919478     
 Abd=   4721200.    
 Catch=   3928372.43014941     
 Abd=   1240782.    
 Catch=   3928372.43014941     
 Abd=   1240782.    
 Catch=   145067.493889716     
 Abd=   45819.19    
 Catch=   1407641.31044124     
 Abd=  1.8289194E+07
 Catch=   544648.480416953     
 Abd=   3887504.    
 Catch=   22775967.6219096     
 Abd=  3.7888477E+08
 Catch=   3138566.28733039     
 Abd=  3.1533564E+07
 Catch=   5132845.87683319     
 Abd=  3.7442376E+07
 Time step =         1892
 Catch=   10983658.6238694     
 Abd=  3.0071236E+07
 Catch=   293453.823744590     
 Abd=   1333177.    
 Catch=   769214.393831281     
 Abd=   937336.9    
 Catch=   504821.210074475     
 Abd=   3185626.    
 Catch=   183540.851906026     
 Abd=   359257.6    
 Catch=   273.470201959515     
 Abd=   3238.400    
 Catch=   18527.3569488128     
 Abd=   265507.8    
 Catch=   800927.093164710     
 Abd=   581068.8    
 Catch=   1325473.72425852     
 Abd=   952429.1    
 Catch=   92074.7271014508     
 Abd=   596624.9    
 Catch=   5212.35335635638     
 Abd=   86257.08    
 Catch=   4640768.55472256     
 Abd=  1.8413988E+07
 Catch=   2255791.16465870     
 Abd=   9800079.    
 Catch=   852547.530165441     
 Abd=   1560002.    
 Catch=   2066811.83002707     
 Abd=   4738029.    
 Catch=   496537.079312107     
 Abd=   1709633.    
 Catch=   61518200.6642253     
 Abd=  1.2108062E+08
 Catch=   2917090.26612381     
 Abd=  1.8901072E+07
 Catch=   4522637.78089669     
 Abd=  2.2688580E+07
 Catch=   524737.001251192     
 Abd=   1806651.    
 Catch=   544158.328604072     
 Abd=   4944799.    
 Catch=   795319.123323906     
 Abd=   752290.6    
 Catch=   927878.031842787     
 Abd=   719631.3    
 Catch=   125729.650622320     
 Abd=   153225.3    
 Catch=   40302.9024399373     
 Abd=   28163.05    
 Catch=   4996440.90809994     
 Abd=  1.0295642E+07
 Catch=   533256.263422497     
 Abd=   1166146.    
 Catch=   8638390.12001426     
 Abd=  3.2022196E+07
 Catch=   478388.289263933     
 Abd=   6587412.    
 Catch=   442288.440754161     
 Abd=   4694572.    
 Catch=   3928372.86537389     
 Abd=   1240782.    
 Catch=   3928372.86537389     
 Abd=   1240782.    
 Catch=   145067.493889539     
 Abd=   45819.19    
 Catch=   1395815.27112284     
 Abd=  1.8141016E+07
 Catch=   542670.149499119     
 Abd=   3874006.    
 Catch=   22618457.6459631     
 Abd=  3.7635322E+08
 Catch=   3125875.92895731     
 Abd=  3.1411718E+07
 Catch=   5117395.22839757     
 Abd=  3.7335264E+07
 Time step =         1893
 Catch=   10983075.8852379     
 Abd=  3.0069736E+07
 Catch=   293247.161909377     
 Abd=   1332300.    
 Catch=   769214.506897689     
 Abd=   937336.9    
 Catch=   503623.285494739     
 Abd=   3178471.    
 Catch=   183540.646023871     
 Abd=   359257.3    
 Catch=   269.429460488582     
 Abd=   3192.068    
 Catch=   18363.0580611561     
 Abd=   263215.2    
 Catch=   800926.842109261     
 Abd=   581068.8    
 Catch=   1325473.96443743     
 Abd=   952429.0    
 Catch=   91833.9223623698     
 Abd=   595137.1    
 Catch=   5122.03133483225     
 Abd=   84794.71    
 Catch=   4640043.14628315     
 Abd=  1.8411392E+07
 Catch=   2254307.65882383     
 Abd=   9794051.    
 Catch=   852547.492390699     
 Abd=   1560002.    
 Catch=   2066798.57702557     
 Abd=   4738014.    
 Catch=   496459.276248340     
 Abd=   1709389.    
 Catch=   61517388.7957749     
 Abd=  1.2107917E+08
 Catch=   2909249.05255566     
 Abd=  1.8852852E+07
 Catch=   4520088.41614872     
 Abd=  2.2676768E+07
 Catch=   524644.366044729     
 Abd=   1806359.    
 Catch=   538523.814942389     
 Abd=   4894976.    
 Catch=   795319.318175657     
 Abd=   752290.5    
 Catch=   927878.029722695     
 Abd=   719631.4    
 Catch=   125729.654829839     
 Abd=   153225.3    
 Catch=   40302.9024400195     
 Abd=   28163.05    
 Catch=   4996426.89340783     
 Abd=  1.0295622E+07
 Catch=   533254.220266968     
 Abd=   1166142.    
 Catch=   8638096.82325210     
 Abd=  3.2020888E+07
 Catch=   476230.425215667     
 Abd=   6558859.    
 Catch=   439889.147559852     
 Abd=   4670082.    
 Catch=   3928372.89927325     
 Abd=   1240782.    
 Catch=   3928372.89927325     
 Abd=   1240782.    
 Catch=   145067.493889361     
 Abd=   45819.19    
 Catch=   1384897.73159923     
 Abd=  1.8004084E+07
 Catch=   540866.890028340     
 Abd=   3861694.    
 Catch=   22472345.8699579     
 Abd=  3.7400195E+08
 Catch=   3114325.71505583     
 Abd=  3.1300798E+07
 Catch=   5103462.68129332     
 Abd=  3.7238560E+07
 Time step =         1894
 Catch=   10982554.4786497     
 Abd=  3.0068408E+07
 Catch=   293067.420087468     
 Abd=   1331538.    
 Catch=   769214.294343233     
 Abd=   937336.8    
 Catch=   502554.101789780     
 Abd=   3172095.    
 Catch=   183540.520926753     
 Abd=   359257.0    
 Catch=   265.685022538786     
 Abd=   3149.061    
 Catch=   18208.5873596271     
 Abd=   261058.1    
 Catch=   800926.701226066     
 Abd=   581068.6    
 Catch=   1325473.76375672     
 Abd=   952428.8    
 Catch=   91617.1328092981     
 Abd=   593814.2    
 Catch=   5037.54760905552     
 Abd=   83431.00    
 Catch=   4639450.95134408     
 Abd=  1.8409262E+07
 Catch=   2253005.96064229     
 Abd=   9788740.    
 Catch=   852547.462409890     
 Abd=   1560002.    
 Catch=   2066794.00004266     
 Abd=   4738002.    
 Catch=   496394.333958164     
 Abd=   1709184.    
 Catch=   61516620.4438277     
 Abd=  1.2107767E+08
 Catch=   2902196.90533758     
 Abd=  1.8809460E+07
 Catch=   4517904.24796983     
 Abd=  2.2666626E+07
 Catch=   524565.744824784     
 Abd=   1806107.    
 Catch=   533240.360460493     
 Abd=   4848220.    
 Catch=   795319.383786043     
 Abd=   752290.8    
 Catch=   927878.092303661     
 Abd=   719631.3    
 Catch=   125729.644466742     
 Abd=   153225.2    
 Catch=   40302.9024399921     
 Abd=   28163.05    
 Catch=   4996420.67663294     
 Abd=  1.0295615E+07
 Catch=   533252.966266350     
 Abd=   1166139.    
 Catch=   8637675.98425334     
 Abd=  3.2019332E+07
 Catch=   474244.299648757     
 Abd=   6532564.    
 Catch=   437680.980997391     
 Abd=   4647530.    
 Catch=   3928373.21461439     
 Abd=   1240782.    
 Catch=   3928373.21461439     
 Abd=   1240782.    
 Catch=   145067.493889598     
 Abd=   45819.19    
 Catch=   1374804.95414087     
 Abd=  1.7877440E+07
 Catch=   539221.220691463     
 Abd=   3850448.    
 Catch=   22336514.0703178     
 Abd=  3.7181587E+08
 Catch=   3103802.09146393     
 Abd=  3.1199640E+07
 Catch=   5090871.67210651     
 Abd=  3.7151096E+07
 Time step =         1895
 Catch=   10982109.1622562     
 Abd=  3.0067264E+07
 Catch=   292909.940566824     
 Abd=   1330872.    
 Catch=   769214.413853010     
 Abd=   937336.9    
 Catch=   501598.279764922     
 Abd=   3166380.    
 Catch=   183540.357631984     
 Abd=   359256.7    
 Catch=   262.207034736178     
 Abd=   3109.024    
 Catch=   18063.0678275078     
 Abd=   259024.0    
 Catch=   800926.844154270     
 Abd=   581068.8    
 Catch=   1325473.85713537     
 Abd=   952429.1    
 Catch=   91424.3757264126     
 Abd=   592625.8    
 Catch=   4957.99316792810     
 Abd=   82135.67    
 Catch=   4638965.86346984     
 Abd=  1.8407516E+07
 Catch=   2251858.51618469     
 Abd=   9784052.    
 Catch=   852547.137601255     
 Abd=   1560002.    
 Catch=   2066787.15961041     
 Abd=   4737988.    
 Catch=   496339.799062474     
 Abd=   1709012.    
 Catch=   61515969.7842620     
 Abd=  1.2107664E+08
 Catch=   2895851.44990634     
 Abd=  1.8770390E+07
 Catch=   4516030.88518645     
 Abd=  2.2657928E+07
 Catch=   524497.795106473     
 Abd=   1805892.    
 Catch=   528278.235065455     
 Abd=   4804274.    
 Catch=   795319.217284962     
 Abd=   752290.4    
 Catch=   927878.022390742     
 Abd=   719631.4    
 Catch=   125729.637805278     
 Abd=   153225.2    
 Catch=   40302.9024399784     
 Abd=   28163.05    
 Catch=   4996417.86507797     
 Abd=  1.0295612E+07
 Catch=   533252.180898896     
 Abd=   1166138.    
 Catch=   8637364.47905486     
 Abd=  3.2018550E+07
 Catch=   472415.429119531     
 Abd=   6508334.    
 Catch=   435646.407339064     
 Abd=   4626739.    
 Catch=   3928373.22792897     
 Abd=   1240782.    
 Catch=   3928373.22792897     
 Abd=   1240782.    
 Catch=   145067.493889421     
 Abd=   45819.19    
 Catch=   1365462.81998082     
 Abd=  1.7760132E+07
 Catch=   537716.616466906     
 Abd=   3840156.    
 Catch=   22210146.3057267     
 Abd=  3.6978080E+08
 Catch=   3094198.34656348     
 Abd=  3.1107280E+07
 Catch=   5079486.27667059     
 Abd=  3.7072004E+07
 Time step =         1896
 Catch=   10981717.6170836     
 Abd=  3.0066268E+07
 Catch=   292772.619499861     
 Abd=   1330284.    
 Catch=   769214.491048116     
 Abd=   937337.2    
 Catch=   500742.072877311     
 Abd=   3161262.    
 Catch=   183540.251516787     
 Abd=   359256.6    
 Catch=   258.976519382739     
 Abd=   3071.926    
 Catch=   17925.8370259669     
 Abd=   257105.7    
 Catch=   800926.872565219     
 Abd=   581068.8    
 Catch=   1325473.98192662     
 Abd=   952429.1    
 Catch=   91249.3356098842     
 Abd=   591540.5    
 Catch=   4882.38714268419     
 Abd=   80905.68    
 Catch=   4638565.53008494     
 Abd=  1.8406080E+07
 Catch=   2250844.09787796     
 Abd=   9779920.    
 Catch=   852547.171197883     
 Abd=   1560002.    
 Catch=   2066784.24422761     
 Abd=   4737982.    
 Catch=   496293.927278465     
 Abd=   1708868.    
 Catch=   61515539.0113387     
 Abd=  1.2107594E+08
 Catch=   2890127.51115181     
 Abd=  1.8735112E+07
 Catch=   4514418.02379633     
 Abd=  2.2650416E+07
 Catch=   524440.345750089     
 Abd=   1805709.    
 Catch=   523611.550624399     
 Abd=   4762922.    
 Catch=   795319.159603933     
 Abd=   752290.4    
 Catch=   927878.084943963     
 Abd=   719631.2    
 Catch=   125729.611531902     
 Abd=   153225.2    
 Catch=   40302.9024399647     
 Abd=   28163.05    
 Catch=   4996416.97178048     
 Abd=  1.0295613E+07
 Catch=   533251.608454053     
 Abd=   1166137.    
 Catch=   8637212.66240232     
 Abd=  3.2018108E+07
 Catch=   470729.061980572     
 Abd=   6485996.    
 Catch=   433769.984529768     
 Abd=   4607550.    
 Catch=   3928373.20967131     
 Abd=   1240782.    
 Catch=   3928373.20967131     
 Abd=   1240782.    
 Catch=   145067.493889716     
 Abd=   45819.19    
 Catch=   1356804.20325886     
 Abd=  1.7651338E+07
 Catch=   536339.006342942     
 Abd=   3830732.    
 Catch=   22092455.7759038     
 Abd=  3.6788448E+08
 Catch=   3085429.25454896     
 Abd=  3.1022916E+07
 Catch=   5069173.08026236     
 Abd=  3.7000280E+07
 Time step =         1897
 Catch=   10981383.0377654     
 Abd=  3.0065440E+07
 Catch=   292650.869590985     
 Abd=   1329770.    
 Catch=   769214.728476762     
 Abd=   937337.4    
 Catch=   499975.478234969     
 Abd=   3156676.    
 Catch=   183540.222699005     
 Abd=   359256.5    
 Catch=   255.987002248782     
 Abd=   3037.680    
 Catch=   17796.3091988348     
 Abd=   255293.2    
 Catch=   800926.773342614     
 Abd=   581068.8    
 Catch=   1325473.96392457     
 Abd=   952429.1    
 Catch=   91089.4116298966     
 Abd=   590549.0    
 Catch=   4810.56145460046     
 Abd=   79736.88    
 Catch=   4638239.62646217     
 Abd=  1.8404936E+07
 Catch=   2249946.15475386     
 Abd=   9776242.    
 Catch=   852547.357249583     
 Abd=   1560002.    
 Catch=   2066780.88497039     
 Abd=   4737979.    
 Catch=   496255.625273511     
 Abd=   1708746.    
 Catch=   61515242.5033860     
 Abd=  1.2107552E+08
 Catch=   2884962.26768993     
 Abd=  1.8703256E+07
 Catch=   4513035.67226813     
 Abd=  2.2643980E+07
 Catch=   524391.444526199     
 Abd=   1805554.    
 Catch=   519216.819775187     
 Abd=   4723948.    
 Catch=   795319.231881953     
 Abd=   752290.4    
 Catch=   927877.998584538     
 Abd=   719631.2    
 Catch=   125729.602464652     
 Abd=   153225.2    
 Catch=   40302.9024399373     
 Abd=   28163.05    
 Catch=   4996416.89085469     
 Abd=  1.0295609E+07
 Catch=   533251.269531851     
 Abd=   1166136.    
 Catch=   8637103.19508087     
 Abd=  3.2017788E+07
 Catch=   469174.122165781     
 Abd=   6465376.    
 Catch=   432036.526116943     
 Abd=   4589814.    
 Catch=   3928372.90577882     
 Abd=   1240782.    
 Catch=   3928372.90577882     
 Abd=   1240782.    
 Catch=   145067.493889539     
 Abd=   45819.19    
 Catch=   1348770.39087257     
 Abd=  1.7550344E+07
 Catch=   535076.476181999     
 Abd=   3822086.    
 Catch=   21982748.8909981     
 Abd=  3.6611712E+08
 Catch=   3077416.68934580     
 Abd=  3.0945812E+07
 Catch=   5059827.52418877     
 Abd=  3.6935324E+07
 Time step =         1898
 Catch=   10981090.5848832     
 Abd=  3.0064648E+07
 Catch=   292545.139763782     
 Abd=   1329316.    
 Catch=   769214.552626367     
 Abd=   937337.0    
 Catch=   499286.895886158     
 Abd=   3152554.    
 Catch=   183540.170652792     
 Abd=   359256.4    
 Catch=   253.230385290308     
 Abd=   3006.083    
 Catch=   17673.8250898331     
 Abd=   253577.9    
 Catch=   800926.593587731     
 Abd=   581068.7    
 Catch=   1325473.79326454     
 Abd=   952429.0    
 Catch=   90943.2921576971     
 Abd=   589642.9    
 Catch=   4742.27288395935     
 Abd=   78624.75    
 Catch=   4637981.53479448     
 Abd=  1.8403998E+07
 Catch=   2249151.72450089     
 Abd=   9772988.    
 Catch=   852546.924050923     
 Abd=   1560001.    
 Catch=   2066779.65849600     
 Abd=   4737974.    
 Catch=   496222.942274471     
 Abd=   1708643.    
 Catch=   61515043.0548664     
 Abd=  1.2107514E+08
 Catch=   2880290.36584088     
 Abd=  1.8674446E+07
 Catch=   4511839.32506743     
 Abd=  2.2638432E+07
 Catch=   524349.127425783     
 Abd=   1805420.    
 Catch=   515072.692348335     
 Abd=   4687175.    
 Catch=   795319.216886464     
 Abd=   752290.5    
 Catch=   927878.077783151     
 Abd=   719631.2    
 Catch=   125729.602021766     
 Abd=   153225.2    
 Catch=   40302.9024400195     
 Abd=   28163.05    
 Catch=   4996415.03196847     
 Abd=  1.0295602E+07
 Catch=   533250.895551522     
 Abd=   1166136.    
 Catch=   8637060.65087884     
 Abd=  3.2017746E+07
 Catch=   467737.455714932     
 Abd=   6446314.    
 Catch=   430434.096551519     
 Abd=   4573419.    
 Catch=   3928373.27089188     
 Abd=   1240782.    
 Catch=   3928373.27089188     
 Abd=   1240782.    
 Catch=   145067.493889361     
 Abd=   45819.19    
 Catch=   1341308.27329889     
 Abd=  1.7456500E+07
 Catch=   533917.308180501     
 Abd=   3814142.    
 Catch=   21880487.4227351     
 Abd=  3.6446742E+08
 Catch=   3070091.80044899     
 Abd=  3.0875292E+07
 Catch=   5051333.22724428     
 Abd=  3.6876056E+07
 Time step =         1899
 Catch=   10980813.5599984     
 Abd=  3.0063912E+07
 Catch=   292450.516559756     
 Abd=   1328910.    
 Catch=   769214.480367454     
 Abd=   937336.8    
 Catch=   498667.656201509     
 Abd=   3148842.    
 Catch=   183540.119023388     
 Abd=   359256.2    
 Catch=   250.673698504707     
 Abd=   2976.514    
 Catch=   17557.8591574472     
 Abd=   251953.3    
 Catch=   800926.726789227     
 Abd=   581068.8    
 Catch=   1325473.84988596     
 Abd=   952429.2    
 Catch=   90809.6678202601     
 Abd=   588813.9    
 Catch=   4677.24270532543     
 Abd=   77564.89    
 Catch=   4637761.42711234     
 Abd=  1.8403204E+07
 Catch=   2248442.17549324     
 Abd=   9770072.    
 Catch=   852546.897171947     
 Abd=   1560001.    
 Catch=   2066779.05878193     
 Abd=   4737976.    
 Catch=   496195.439259532     
 Abd=   1708556.    
 Catch=   61514873.2672863     
 Abd=  1.2107491E+08
 Catch=   2876068.64138173     
 Abd=  1.8648384E+07
 Catch=   4510812.64811542     
 Abd=  2.2633608E+07
 Catch=   524313.179812174     
 Abd=   1805301.    
 Catch=   511160.095626496     
 Abd=   4652435.    
 Catch=   795319.178232151     
 Abd=   752290.5    
 Catch=   927878.298760204     
 Abd=   719631.5    
 Catch=   125729.625990921     
 Abd=   153225.3    
 Catch=   40302.9024399921     
 Abd=   28163.05    
 Catch=   4996411.83871212     
 Abd=  1.0295600E+07
 Catch=   533251.303573274     
 Abd=   1166136.    
 Catch=   8637053.68449334     
 Abd=  3.2017730E+07
 Catch=   466408.399291970     
 Abd=   6428672.    
 Catch=   428951.620116792     
 Abd=   4558239.    
 Catch=   3928373.19592142     
 Abd=   1240782.    
 Catch=   3928373.19592142     
 Abd=   1240782.    
 Catch=   145067.493889598     
 Abd=   45819.19    
 Catch=   1334372.36351547     
 Abd=  1.7369216E+07
 Catch=   532851.879864224     
 Abd=   3806838.    
 Catch=   21784959.4987965     
 Abd=  3.6292518E+08
 Catch=   3063383.58013010     
 Abd=  3.0810640E+07
 Catch=   5043601.92356403     
 Abd=  3.6822256E+07
 Time step =         1900
 Catch=   10980552.9819565     
 Abd=  3.0063248E+07
 Catch=   292367.135326710     
 Abd=   1328559.    
 Catch=   769214.254938217     
 Abd=   937336.8    
 Catch=   498110.254466082     
 Abd=   3145499.    
 Catch=   183539.998137851     
 Abd=   359256.0    
 Catch=   248.265328608649     
 Abd=   2948.704    
 Catch=   17447.9916045618     
 Abd=   250413.9    
 Catch=   800926.854677523     
 Abd=   581068.9    
 Catch=   1325474.05397486     
 Abd=   952429.1    
 Catch=   90687.4317542756     
 Abd=   588055.8    
 Catch=   4615.23042878884     
 Abd=   76553.69    
 Catch=   4637577.46050825     
 Abd=  1.8402528E+07
 Catch=   2247807.08846226     
 Abd=   9767472.    
 Catch=   852547.031400472     
 Abd=   1560001.    
 Catch=   2066778.60304493     
 Abd=   4737971.    
 Catch=   496171.728854030     
 Abd=   1708481.    
 Catch=   61514746.0292814     
 Abd=  1.2107466E+08
 Catch=   2872241.29663932     
 Abd=  1.8624752E+07
 Catch=   4509920.94471393     
 Abd=  2.2629436E+07
 Catch=   524279.954009832     
 Abd=   1805199.    
 Catch=   507461.523400743     
 Abd=   4619578.    
 Catch=   795319.259133489     
 Abd=   752290.8    
 Catch=   927878.314868835     
 Abd=   719631.3    
 Catch=   125729.602623149     
 Abd=   153225.2    
 Catch=   40302.9024399784     
 Abd=   28163.05    
 Catch=   4996409.39923027     
 Abd=  1.0295584E+07
 Catch=   533251.235522451     
 Abd=   1166136.    
 Catch=   8637048.83485874     
 Abd=  3.2017720E+07
 Catch=   465178.637162446     
 Abd=   6412335.    
 Catch=   427579.403534871     
 Abd=   4544185.    
 Catch=   3928373.10741583     
 Abd=   1240782.    
 Catch=   3928373.10741583     
 Abd=   1240782.    
 Catch=   145067.493889421     
 Abd=   45819.19    
 Catch=   1327916.39967806     
 Abd=  1.7287918E+07
 Catch=   531871.421354347     
 Abd=   3800109.    
 Catch=   21695641.9898773     
 Abd=  3.6148416E+08
 Catch=   3057232.81912317     
 Abd=  3.0751352E+07
 Catch=   5036560.82800761     
 Abd=  3.6773112E+07
 Time step =         1861
 Catch=   10980332.8242837     
 Abd=  3.0062676E+07
 Catch=   292294.622945588     
 Abd=   1328250.    
 Catch=   769214.049739019     
 Abd=   937336.5    
 Catch=   497607.730184197     
 Abd=   3142490.    
 Catch=   183539.947099549     
 Abd=   359256.0    
 Catch=   246.017277259338     
 Abd=   2922.777    
 Catch=   17343.8725224673     
 Abd=   248954.9    
 Catch=   800926.931304699     
 Abd=   581068.8    
 Catch=   1325473.88546357     
 Abd=   952429.2    
 Catch=   90575.5711949347     
 Abd=   587359.8    
 Catch=   4556.03580551534     
 Abd=   75587.92    
 Catch=   4637420.78261246     
 Abd=  1.8401950E+07
 Catch=   2247243.89689469     
 Abd=   9765162.    
 Catch=   852546.996877841     
 Abd=   1560002.    
 Catch=   2066775.75883005     
 Abd=   4737960.    
 Catch=   496151.582511474     
 Abd=   1708415.    
 Catch=   61514620.1388195     
 Abd=  1.2107442E+08
 Catch=   2868774.46312487     
 Abd=  1.8603314E+07
 Catch=   4509141.76225820     
 Abd=  2.2625846E+07
 Catch=   524253.273799895     
 Abd=   1805114.    
 Catch=   503962.338521559     
 Abd=   4588480.    
 Catch=   795319.315205622     
 Abd=   752290.5    
 Catch=   927877.838888487     
 Abd=   719630.9    
 Catch=   125729.590802675     
 Abd=   153225.2    
 Catch=   40302.9024399647     
 Abd=   28163.05    
 Catch=   4996401.53803471     
 Abd=  1.0295570E+07
 Catch=   533250.928138201     
 Abd=   1166136.    
 Catch=   8637050.32628143     
 Abd=  3.2017726E+07
 Catch=   464038.762763044     
 Abd=   6397194.    
 Catch=   426307.624965541     
 Abd=   4531150.    
 Catch=   3928372.93835308     
 Abd=   1240782.    
 Catch=   3928372.93835308     
 Abd=   1240782.    
 Catch=   145067.493889716     
 Abd=   45819.19    
 Catch=   1321900.22624038     
 Abd=  1.7212142E+07
 Catch=   530967.782506930     
 Abd=   3793908.    
 Catch=   21612138.4490907     
 Abd=  3.6013613E+08
 Catch=   3051590.44603906     
 Abd=  3.0696970E+07
 Catch=   5030153.07864109     
 Abd=  3.6728504E+07
 Time step =         1862
 Catch=   10980122.1433164     
 Abd=  3.0062116E+07
 Catch=   292230.926959533     
 Abd=   1327978.    
 Catch=   769214.237628990     
 Abd=   937336.9    
 Catch=   497156.385755140     
 Abd=   3139786.    
 Catch=   183539.935145600     
 Abd=   359256.0    
 Catch=   243.912780146362     
 Abd=   2898.533    
 Catch=   17245.1724393134     
 Abd=   247571.4    
 Catch=   800926.878123849     
 Abd=   581069.0    
 Catch=   1325474.38616572     
 Abd=   952429.3    
 Catch=   90472.8260774446     
 Abd=   586721.6    
 Catch=   4499.48063610733     
 Abd=   74664.90    
 Catch=   4637286.41986387     
 Abd=  1.8401492E+07
 Catch=   2246738.73586604     
 Abd=   9763081.    
 Catch=   852547.046445000     
 Abd=   1560002.    
 Catch=   2066772.73920328     
 Abd=   4737962.    
 Catch=   496133.802421277     
 Abd=   1708358.    
 Catch=   61514483.5819350     
 Abd=  1.2107400E+08
 Catch=   2865623.36049501     
 Abd=  1.8583808E+07
 Catch=   4508473.07245089     
 Abd=  2.2622712E+07
 Catch=   524231.839516712     
 Abd=   1805050.    
 Catch=   500648.136624286     
 Abd=   4559005.    
 Catch=   795319.281403170     
 Abd=   752290.8    
 Catch=   927877.763009628     
 Abd=   719631.1    
 Catch=   125729.577233440     
 Abd=   153225.2    
 Catch=   40302.9024399373     
 Abd=   28163.05    
 Catch=   4996393.17082127     
 Abd=  1.0295548E+07
 Catch=   533250.869673365     
 Abd=   1166136.    
 Catch=   8637049.63863294     
 Abd=  3.2017720E+07
 Catch=   462981.932701161     
 Abd=   6383152.    
 Catch=   425127.999158110     
 Abd=   4519055.    
 Catch=   3928373.23833980     
 Abd=   1240782.    
 Catch=   3928373.23833980     
 Abd=   1240782.    
 Catch=   145067.493889539     
 Abd=   45819.19    
 Catch=   1316291.39104061     
 Abd=  1.7141458E+07
 Catch=   530134.677195015     
 Abd=   3788185.    
 Catch=   21534018.3351516     
 Abd=  3.5887507E+08
 Catch=   3046415.08968963     
 Abd=  3.0647074E+07
 Catch=   5024309.94591294     
 Abd=  3.6687712E+07
 Time step =         1863
 Catch=   10979935.9075277     
 Abd=  3.0061662E+07
 Catch=   292173.290673556     
 Abd=   1327723.    
 Catch=   769214.309349135     
 Abd=   937336.9    
 Catch=   496749.726734749     
 Abd=   3137341.    
 Catch=   183539.887698892     
 Abd=   359255.8    
 Catch=   241.954653890862     
 Abd=   2875.993    
 Catch=   17151.5559253257     
 Abd=   246258.8    
 Catch=   800927.163771665     
 Abd=   581069.0    
 Catch=   1325474.16189907     
 Abd=   952429.4    
 Catch=   90378.4973204524     
 Abd=   586134.0    
 Catch=   4445.40288772771     
 Abd=   73781.62    
 Catch=   4637196.87233578     
 Abd=  1.8401204E+07
 Catch=   2246286.02177222     
 Abd=   9761216.    
 Catch=   852547.190634476     
 Abd=   1560002.    
 Catch=   2066772.67096629     
 Abd=   4737960.    
 Catch=   496118.383608077     
 Abd=   1708309.    
 Catch=   61514288.9842869     
 Abd=  1.2107358E+08
 Catch=   2862756.10645472     
 Abd=  1.8566086E+07
 Catch=   4507893.58347237     
 Abd=  2.2620006E+07
 Catch=   524214.483098289     
 Abd=   1804991.    
 Catch=   497506.060968473     
 Abd=   4531054.    
 Catch=   795319.306796933     
 Abd=   752290.5    
 Catch=   927877.724709457     
 Abd=   719631.0    
 Catch=   125729.551477676     
 Abd=   153225.1    
 Catch=   40302.9024400195     
 Abd=   28163.05    
 Catch=   4996382.77958526     
 Abd=  1.0295526E+07
 Catch=   533250.820306550     
 Abd=   1166135.    
 Catch=   8637045.99891262     
 Abd=  3.2017686E+07
 Catch=   461999.578577547     
 Abd=   6370070.    
 Catch=   424032.796471962     
 Abd=   4507823.    
 Catch=   3928373.11696704     
 Abd=   1240782.    
 Catch=   3928373.11696704     
 Abd=   1240782.    
 Catch=   145067.493889361     
 Abd=   45819.19    
 Catch=   1311056.65384184     
 Abd=  1.7075464E+07
 Catch=   529365.299153585     
 Abd=   3782896.    
 Catch=   21460905.6661092     
 Abd=  3.5769376E+08
 Catch=   3041664.96815984     
 Abd=  3.0601242E+07
 Catch=   5018987.17626265     
 Abd=  3.6650544E+07
 Time step =         1864
 Catch=   10979779.5270317     
 Abd=  3.0061246E+07
 Catch=   292121.170561671     
 Abd=   1327509.    
 Catch=   769214.383387142     
 Abd=   937336.8    
 Catch=   496382.311817006     
 Abd=   3135139.    
 Catch=   183539.854722601     
 Abd=   359255.9    
 Catch=   240.134264035549     
 Abd=   2855.054    
 Catch=   17062.7120396237     
 Abd=   245012.5    
 Catch=   800927.123673653     
 Abd=   581068.9    
 Catch=   1325474.32084596     
 Abd=   952429.4    
 Catch=   90291.6495556286     
 Abd=   585593.7    
 Catch=   4393.59086688026     
 Abd=   72934.77    
 Catch=   4637122.27533815     
 Abd=  1.8400896E+07
 Catch=   2245880.85367568     
 Abd=   9759559.    
 Catch=   852547.268030773     
 Abd=   1560002.    
 Catch=   2066772.25693721     
 Abd=   4737959.    
 Catch=   496105.291404303     
 Abd=   1708266.    
 Catch=   61514019.4917607     
 Abd=  1.2107282E+08
 Catch=   2860153.13239872     
 Abd=  1.8550000E+07
 Catch=   4507388.29445545     
 Abd=  2.2617632E+07
 Catch=   524196.151911489     
 Abd=   1804925.    
 Catch=   494524.674092756     
 Abd=   4504518.    
 Catch=   795319.172980567     
 Abd=   752290.4    
 Catch=   927877.946749711     
 Abd=   719631.3    
 Catch=   125729.555208118     
 Abd=   153225.2    
 Catch=   40302.9024399921     
 Abd=   28163.05    
 Catch=   4996373.51634546     
 Abd=  1.0295516E+07
 Catch=   533250.753729656     
 Abd=   1166135.    
 Catch=   8637039.83910643     
 Abd=  3.2017682E+07
 Catch=   461086.895364268     
 Abd=   6357932.    
 Catch=   423015.629160186     
 Abd=   4497384.    
 Catch=   3928373.04401117     
 Abd=   1240782.    
 Catch=   3928373.04401117     
 Abd=   1240782.    
 Catch=   145067.493889598     
 Abd=   45819.19    
 Catch=   1306167.42906320     
 Abd=  1.7013798E+07
 Catch=   528653.804292176     
 Abd=   3778003.    
 Catch=   21392387.6119028     
 Abd=  3.5658643E+08
 Catch=   3037300.38052533     
 Abd=  3.0559106E+07
 Catch=   5014108.74554726     
 Abd=  3.6616412E+07
 Time step =         1865
 Catch=   10979622.0546490     
 Abd=  3.0060788E+07
 Catch=   292076.798174158     
 Abd=   1327310.    
 Catch=   769214.178580031     
 Abd=   937336.8    
 Catch=   496051.261144363     
 Abd=   3133149.    
 Catch=   183539.820212895     
 Abd=   359255.7    
 Catch=   238.437429825954     
 Abd=   2835.478    
 Catch=   16978.3296470063     
 Abd=   243829.0    
 Catch=   800927.101549912     
 Abd=   581068.9    
 Catch=   1325474.47614869     
 Abd=   952429.4    
 Catch=   90211.7777746877     
 Abd=   585096.4    
 Catch=   4343.90911164913     
 Abd=   72121.41    
 Catch=   4637051.31758594     
 Abd=  1.8400650E+07
 Catch=   2245517.54092786     
 Abd=   9758050.    
 Catch=   852547.264997457     
 Abd=   1560002.    
 Catch=   2066772.44511055     
 Abd=   4737962.    
 Catch=   496093.478868540     
 Abd=   1708228.    
 Catch=   61513545.8376260     
 Abd=  1.2107194E+08
 Catch=   2857787.58576742     
 Abd=  1.8535340E+07
 Catch=   4506953.81870074     
 Abd=  2.2615608E+07
 Catch=   524178.618777956     
 Abd=   1804872.    
 Catch=   491692.962971114     
 Abd=   4479304.    
 Catch=   795319.200536985     
 Abd=   752290.6    
 Catch=   927878.084520521     
 Abd=   719631.3    
 Catch=   125729.589055560     
 Abd=   153225.2    
 Catch=   40302.9024399784     
 Abd=   28163.05    
 Catch=   4996370.64687948     
 Abd=  1.0295514E+07
 Catch=   533250.799083747     
 Abd=   1166136.    
 Catch=   8637037.81811832     
 Abd=  3.2017674E+07
 Catch=   460239.158796617     
 Abd=   6346664.    
 Catch=   422069.930014974     
 Abd=   4487681.    
 Catch=   3928373.26197640     
 Abd=   1240782.    
 Catch=   3928373.26197640     
 Abd=   1240782.    
 Catch=   145067.493889421     
 Abd=   45819.19    
 Catch=   1301596.90005916     
 Abd=  1.6956128E+07
 Catch=   527995.466355762     
 Abd=   3773475.    
 Catch=   21328168.6048046     
 Abd=  3.5554835E+08
 Catch=   3033281.91593223     
 Abd=  3.0520292E+07
 Catch=   5009637.72068583     
 Abd=  3.6585216E+07
 Time step =         1866
 Catch=   10979467.5264177     
 Abd=  3.0060404E+07
 Catch=   292034.823899863     
 Abd=   1327132.    
 Catch=   769214.346757952     
 Abd=   937336.9    
 Catch=   495751.187256930     
 Abd=   3131342.    
 Catch=   183539.825166055     
 Abd=   359255.8    
 Catch=   236.854777045199     
 Abd=   2817.308    
 Catch=   16898.1682901418     
 Abd=   242703.8    
 Catch=   800927.131849406     
 Abd=   581068.9    
 Catch=   1325474.36567080     
 Abd=   952429.4    
 Catch=   90138.2382880433     
 Abd=   584638.9    
 Catch=   4296.17365631707     
 Abd=   71340.62    
 Catch=   4636994.42868738     
 Abd=  1.8400424E+07
 Catch=   2245188.98952295     
 Abd=   9756702.    
 Catch=   852547.487355347     
 Abd=   1560002.    
 Catch=   2066772.74012321     
 Abd=   4737962.    
 Catch=   496082.680028947     
 Abd=   1708193.    
 Catch=   61513207.2701600     
 Abd=  1.2107146E+08
 Catch=   2855632.88217327     
 Abd=  1.8521992E+07
 Catch=   4506569.38137898     
 Abd=  2.2613804E+07
 Catch=   524164.002524372     
 Abd=   1804822.    
 Catch=   489001.487619736     
 Abd=   4455326.    
 Catch=   795319.190187864     
 Abd=   752290.4    
 Catch=   927877.971672615     
 Abd=   719631.1    
 Catch=   125729.595145751     
 Abd=   153225.2    
 Catch=   40302.9024399647     
 Abd=   28163.05    
 Catch=   4996369.56649370     
 Abd=  1.0295510E+07
 Catch=   533250.912984747     
 Abd=   1166136.    
 Catch=   8637035.33568330     
 Abd=  3.2017666E+07
 Catch=   459451.892089218     
 Abd=   6336193.    
 Catch=   421190.326363678     
 Abd=   4478650.    
 Catch=   3928372.78754953     
 Abd=   1240782.    
 Catch=   3928372.78754953     
 Abd=   1240782.    
 Catch=   145067.493889716     
 Abd=   45819.19    
 Catch=   1297321.54358046     
 Abd=  1.6902170E+07
 Catch=   527385.635018272     
 Abd=   3769276.    
 Catch=   21267961.0364282     
 Abd=  3.5457491E+08
 Catch=   3029584.47626237     
 Abd=  3.0484584E+07
 Catch=   5005547.05051414     
 Abd=  3.6556536E+07
 Time step =         1867
 Catch=   10979317.9328526     
 Abd=  3.0059984E+07
 Catch=   291997.758299598     
 Abd=   1326972.    
 Catch=   769214.414944272     
 Abd=   937336.8    
 Catch=   495478.795291041     
 Abd=   3129706.    
 Catch=   183539.767355686     
 Abd=   359255.7    
 Catch=   235.389451319485     
 Abd=   2800.486    
 Catch=   16821.9855940417     
 Abd=   241634.8    
 Catch=   800926.969811005     
 Abd=   581068.9    
 Catch=   1325473.96789143     
 Abd=   952429.1    
 Catch=   90070.6035759800     
 Abd=   584217.3    
 Catch=   4250.33384166522     
 Abd=   70590.48    
 Catch=   4636939.31959462     
 Abd=  1.8400236E+07
 Catch=   2244892.44321755     
 Abd=   9755462.    
 Catch=   852547.456520218     
 Abd=   1560002.    
 Catch=   2066773.02752844     
 Abd=   4737960.    
 Catch=   496073.395539472     
 Abd=   1708164.    
 Catch=   61513010.0885836     
 Abd=  1.2107114E+08
 Catch=   2853665.37027294     
 Abd=  1.8509792E+07
 Catch=   4506230.07020765     
 Abd=  2.2612200E+07
 Catch=   524149.962932794     
 Abd=   1804778.    
 Catch=   486440.910070935     
 Abd=   4432508.    
 Catch=   795319.109812764     
 Abd=   752290.2    
 Catch=   927877.849106826     
 Abd=   719631.0    
 Catch=   125729.580165718     
 Abd=   153225.2    
 Catch=   40302.9024399373     
 Abd=   28163.05    
 Catch=   4996368.98869224     
 Abd=  1.0295508E+07
 Catch=   533250.903026298     
 Abd=   1166136.    
 Catch=   8637033.32532289     
 Abd=  3.2017660E+07
 Catch=   458719.051172269     
 Abd=   6326417.    
 Catch=   420371.325984217     
 Abd=   4470242.    
 Catch=   3928372.55184497     
 Abd=   1240782.    
 Catch=   3928372.55184497     
 Abd=   1240782.    
 Catch=   145067.493889539     
 Abd=   45819.19    
 Catch=   1293319.40896846     
 Abd=  1.6851644E+07
 Catch=   526819.912748525     
 Abd=   3765380.    
 Catch=   21211429.7752921     
 Abd=  3.5366138E+08
 Catch=   3026179.84940281     
 Abd=  3.0451730E+07
 Catch=   5001797.70322866     
 Abd=  3.6530384E+07
 Time step =         1868
 Catch=   10979174.4162707     
 Abd=  3.0059598E+07
 Catch=   291964.251378347     
 Abd=   1326826.    
 Catch=   769214.549441806     
 Abd=   937337.1    
 Catch=   495232.180930316     
 Abd=   3128222.    
 Catch=   183539.796541513     
 Abd=   359255.7    
 Catch=   234.032021102283     
 Abd=   2784.893    
 Catch=   16749.4477968629     
 Abd=   240615.0    
 Catch=   800926.925138990     
 Abd=   581068.8    
 Catch=   1325473.90811210     
 Abd=   952428.9    
 Catch=   90008.3141322587     
 Abd=   583829.1    
 Catch=   4206.27468849536     
 Abd=   69868.27    
 Catch=   4636898.22781191     
 Abd=  1.8400108E+07
 Catch=   2244621.78725346     
 Abd=   9754346.    
 Catch=   852547.523467303     
 Abd=   1560002.    
 Catch=   2066773.42577945     
 Abd=   4737962.    
 Catch=   496065.601710595     
 Abd=   1708139.    
 Catch=   61512853.2561374     
 Abd=  1.2107078E+08
 Catch=   2851866.52218778     
 Abd=  1.8498628E+07
 Catch=   4505925.19713667     
 Abd=  2.2610746E+07
 Catch=   524138.475793249     
 Abd=   1804738.    
 Catch=   484003.272033356     
 Abd=   4410778.    
 Catch=   795319.046516731     
 Abd=   752290.4    
 Catch=   927877.661919996     
 Abd=   719631.0    
 Catch=   125729.512068108     
 Abd=   153225.1    
 Catch=   40302.9024400195     
 Abd=   28163.05    
 Catch=   4996367.63025939     
 Abd=  1.0295508E+07
 Catch=   533250.941446018     
 Abd=   1166136.    
 Catch=   8637030.10529848     
 Abd=  3.2017646E+07
 Catch=   458035.238574887     
 Abd=   6317332.    
 Catch=   419608.526669889     
 Abd=   4462398.    
 Catch=   3928372.90539663     
 Abd=   1240782.    
 Catch=   3928372.90539663     
 Abd=   1240782.    
 Catch=   145067.493889361     
 Abd=   45819.19    
 Catch=   1289571.52322533     
 Abd=  1.6804316E+07
 Catch=   526294.697280307     
 Abd=   3761760.    
 Catch=   21158405.9511977     
 Abd=  3.5280358E+08
 Catch=   3023041.84803599     
 Abd=  3.0421356E+07
 Catch=   4998353.87764254     
 Abd=  3.6506216E+07
 Time step =         1869
 Catch=   10979030.7011568     
 Abd=  3.0059226E+07
 Catch=   291933.665462610     
 Abd=   1326699.    
 Catch=   769214.555203014     
 Abd=   937337.2    
 Catch=   495008.270917066     
 Abd=   3126871.    
 Catch=   183539.790822381     
 Abd=   359255.7    
 Catch=   232.772768741808     
 Abd=   2770.418    
 Catch=   16680.2705461516     
 Abd=   239642.2    
 Catch=   800926.839824161     
 Abd=   581068.8    
 Catch=   1325473.65007995     
 Abd=   952429.0    
 Catch=   89950.8658763873     
 Abd=   583471.2    
 Catch=   4163.97649619248     
 Abd=   69182.11    
 Catch=   4636878.72013225     
 Abd=  1.8400036E+07
 Catch=   2244376.11125562     
 Abd=   9753348.    
 Catch=   852547.739204502     
 Abd=   1560002.    
 Catch=   2066772.99504987     
 Abd=   4737960.    
 Catch=   496058.886743395     
 Abd=   1708116.    
 Catch=   61512678.8874865     
 Abd=  1.2107061E+08
 Catch=   2850222.80624707     
 Abd=  1.8488446E+07
 Catch=   4505648.55266306     
 Abd=  2.2609454E+07
 Catch=   524126.855006430     
 Abd=   1804703.    
 Catch=   481680.823364257     
 Abd=   4390066.    
 Catch=   795319.261525822     
 Abd=   752290.6    
 Catch=   927877.698289417     
 Abd=   719630.9    
 Catch=   125729.533439329     
 Abd=   153225.1    
 Catch=   40302.9024399921     
 Abd=   28163.05    
 Catch=   4996369.67431367     
 Abd=  1.0295512E+07
 Catch=   533250.951725579     
 Abd=   1166136.    
 Catch=   8637027.48358180     
 Abd=  3.2017640E+07
 Catch=   457399.121269278     
 Abd=   6308840.    
 Catch=   418897.215548143     
 Abd=   4455093.    
 Catch=   3928372.67286891     
 Abd=   1240782.    
 Catch=   3928372.67286891     
 Abd=   1240782.    
 Catch=   145067.493889598     
 Abd=   45819.19    
 Catch=   1286059.50502355     
 Abd=  1.6759946E+07
 Catch=   525806.772626383     
 Abd=   3758398.    
 Catch=   21108628.9183555     
 Abd=  3.5199859E+08
 Catch=   3020143.72656106     
 Abd=  3.0393354E+07
 Catch=   4995191.59761410     
 Abd=  3.6484088E+07
 Time step =         1870
 Catch=   10978904.0986587     
 Abd=  3.0058908E+07
 Catch=   291908.376444734     
 Abd=   1326598.    
 Catch=   769214.691062555     
 Abd=   937337.2    
 Catch=   494804.302101753     
 Abd=   3125644.    
 Catch=   183539.747688768     
 Abd=   359255.6    
 Catch=   231.603159822768     
 Abd=   2756.964    
 Catch=   16614.2625616002     
 Abd=   238714.3    
 Catch=   800926.769693435     
 Abd=   581068.9    
 Catch=   1325473.90595902     
 Abd=   952429.1    
 Catch=   89897.8344295094     
 Abd=   583140.8    
 Catch=   4124.14512911447     
 Abd=   68532.46    
 Catch=   4636856.02842965     
 Abd=  1.8399950E+07
 Catch=   2244156.76806441     
 Abd=   9752429.    
 Catch=   852547.598478568     
 Abd=   1560002.    
 Catch=   2066773.04671137     
 Abd=   4737962.    
 Catch=   496052.457032443     
 Abd=   1708095.    
 Catch=   61512621.8616015     
 Abd=  1.2107048E+08
 Catch=   2848723.28293691     
 Abd=  1.8479142E+07
 Catch=   4505420.84487890     
 Abd=  2.2608396E+07
 Catch=   524117.795920331     
 Abd=   1804676.    
 Catch=   479466.670025713     
 Abd=   4370312.    
 Catch=   795319.235799315     
 Abd=   752290.8    
 Catch=   927877.732445180     
 Abd=   719631.1    
 Catch=   125729.533191748     
 Abd=   153225.1    
 Catch=   40302.9024399784     
 Abd=   28163.05    
 Catch=   4996371.25079506     
 Abd=  1.0295514E+07
 Catch=   533250.872845471     
 Abd=   1166135.    
 Catch=   8637026.06801889     
 Abd=  3.2017632E+07
 Catch=   456805.956095060     
 Abd=   6300944.    
 Catch=   418234.144129257     
 Abd=   4448275.    
 Catch=   3928373.28869700     
 Abd=   1240782.    
 Catch=   3928373.28869700     
 Abd=   1240782.    
 Catch=   145067.493889421     
 Abd=   45819.19    
 Catch=   1282766.65586254     
 Abd=  1.6718346E+07
 Catch=   525352.988558710     
 Abd=   3755266.    
 Catch=   21061882.8087968     
 Abd=  3.5124205E+08
 Catch=   3017470.82383717     
 Abd=  3.0367476E+07
 Catch=   4992281.92327847     
 Abd=  3.6463744E+07
 Time step =         1871
 Catch=   10978798.4910384     
 Abd=  3.0058642E+07
 Catch=   291888.303274622     
 Abd=   1326502.    
 Catch=   769214.495705297     
 Abd=   937336.9    
 Catch=   494619.034516137     
 Abd=   3124530.    
 Catch=   183539.751284080     
 Abd=   359255.6    
 Catch=   230.511214421507     
 Abd=   2744.314    
 Catch=   16551.2947657620     
 Abd=   237828.9    
 Catch=   800927.004820531     
 Abd=   581068.8    
 Catch=   1325473.95071035     
 Abd=   952429.1    
 Catch=   89848.8360979458     
 Abd=   582835.0    
 Catch=   4085.91167617699     
 Abd=   67905.41    
 Catch=   4636833.47688450     
 Abd=  1.8399868E+07
 Catch=   2243957.06488656     
 Abd=   9751608.    
 Catch=   852547.214016626     
 Abd=   1560001.    
 Catch=   2066773.87792433     
 Abd=   4737964.    
 Catch=   496046.655086454     
 Abd=   1708076.    
 Catch=   61512566.2323288     
 Abd=  1.2107038E+08
 Catch=   2847350.78407132     
 Abd=  1.8470608E+07
 Catch=   4505223.41637535     
 Abd=  2.2607466E+07
 Catch=   524110.848080513     
 Abd=   1804652.    
 Catch=   477354.310518506     
 Abd=   4351462.    
 Catch=   795319.314482731     
 Abd=   752290.6    
 Catch=   927877.949392453     
 Abd=   719631.3    
 Catch=   125729.554602174     
 Abd=   153225.2    
 Catch=   40302.9024399647     
 Abd=   28163.05    
 Catch=   4996370.18110631     
 Abd=  1.0295512E+07
 Catch=   533250.557573471     
 Abd=   1166135.    
 Catch=   8637023.43416410     
 Abd=  3.2017618E+07
 Catch=   456251.721786267     
 Abd=   6293548.    
 Catch=   417615.283075611     
 Abd=   4441914.    
 Catch=   3928372.43014941     
 Abd=   1240782.    
 Catch=   3928372.43014941     
 Abd=   1240782.    
 Catch=   145067.493889716     
 Abd=   45819.19    
 Catch=   1279678.05402633     
 Abd=  1.6679310E+07
 Catch=   524930.549609041     
 Abd=   3752352.    
 Catch=   21017876.3944124     
 Abd=  3.5052973E+08
 Catch=   3015002.12540608     
 Abd=  3.0343600E+07
 Catch=   4989607.52405149     
 Abd=  3.6444952E+07
 Time step =         1872
 Catch=   10978721.9634552     
 Abd=  3.0058492E+07
 Catch=   291865.459636763     
 Abd=   1326401.    
 Catch=   769214.611435587     
 Abd=   937337.4    
 Catch=   494451.778500152     
 Abd=   3123529.    
 Catch=   183539.731383993     
 Abd=   359255.6    
 Catch=   229.484109861298     
 Abd=   2732.468    
 Catch=   16491.1798595549     
 Abd=   236983.3    
 Catch=   800926.756405510     
 Abd=   581068.8    
 Catch=   1325473.67441424     
 Abd=   952428.8    
 Catch=   89803.5669553024     
 Abd=   582553.1    
 Catch=   4049.00017374230     
 Abd=   67299.92    
 Catch=   4636822.12396607     
 Abd=  1.8399844E+07
 Catch=   2243777.54150133     
 Abd=   9750859.    
 Catch=   852546.808119008     
 Abd=   1560001.    
 Catch=   2066774.99327024     
 Abd=   4737964.    
 Catch=   496041.418364111     
 Abd=   1708060.    
 Catch=   61512510.7425826     
 Abd=  1.2107030E+08
 Catch=   2846092.70922759     
 Abd=  1.8462808E+07
 Catch=   4505049.62105044     
 Abd=  2.2606684E+07
 Catch=   524103.096914410     
 Abd=   1804624.    
 Catch=   475337.728157299     
 Abd=   4333460.    
 Catch=   795319.312705450     
 Abd=   752290.8    
 Catch=   927878.263510909     
 Abd=   719631.6    
 Catch=   125729.527830137     
 Abd=   153225.1    
 Catch=   40302.9024399373     
 Abd=   28163.05    
 Catch=   4996370.24265012     
 Abd=  1.0295513E+07
 Catch=   533250.637019189     
 Abd=   1166135.    
 Catch=   8637022.58139672     
 Abd=  3.2017616E+07
 Catch=   455735.301479808     
 Abd=   6286660.    
 Catch=   417037.792636900     
 Abd=   4435972.    
 Catch=   3928372.86537389     
 Abd=   1240782.    
 Catch=   3928372.86537389     
 Abd=   1240782.    
 Catch=   145067.493889539     
 Abd=   45819.19    
 Catch=   1276779.11308734     
 Abd=  1.6642668E+07
 Catch=   524537.123855414     
 Abd=   3749637.    
 Catch=   20976515.8218913     
 Abd=  3.4986016E+08
 Catch=   3012720.25395284     
 Abd=  3.0321520E+07
 Catch=   4987131.03322539     
 Abd=  3.6427584E+07
 Time step =         1873
 Catch=   10978675.6172572     
 Abd=  3.0058338E+07
 Catch=   291845.285173169     
 Abd=   1326319.    
 Catch=   769214.521172025     
 Abd=   937336.9    
 Catch=   494300.026137310     
 Abd=   3122612.    
 Catch=   183539.748651013     
 Abd=   359255.7    
 Catch=   228.521006315275     
 Abd=   2721.291    
 Catch=   16433.8343444964     
 Abd=   236177.7    
 Catch=   800926.856203350     
 Abd=   581068.8    
 Catch=   1325473.56524395     
 Abd=   952428.9    
 Catch=   89761.6384659508     
 Abd=   582289.9    
 Catch=   4013.37064979279     
 Abd=   66715.66    
 Catch=   4636811.47600212     
 Abd=  1.8399792E+07
 Catch=   2243610.67116422     
 Abd=   9750176.    
 Catch=   852546.968629661     
 Abd=   1560002.    
 Catch=   2066774.89398480     
 Abd=   4737966.    
 Catch=   496036.832000121     
 Abd=   1708045.    
 Catch=   61512463.8273996     
 Abd=  1.2107024E+08
 Catch=   2844942.65480768     
 Abd=  1.8455668E+07
 Catch=   4504911.14088151     
 Abd=  2.2606034E+07
 Catch=   524095.653749557     
 Abd=   1804604.    
 Catch=   473411.359797223     
 Abd=   4316256.    
 Catch=   795319.354647309     
 Abd=   752290.5    
 Catch=   927878.135203957     
 Abd=   719631.2    
 Catch=   125729.528628194     
 Abd=   153225.1    
 Catch=   40302.9024400195     
 Abd=   28163.05    
 Catch=   4996371.06552572     
 Abd=  1.0295512E+07
 Catch=   533250.839419730     
 Abd=   1166135.    
 Catch=   8637018.43500814     
 Abd=  3.2017600E+07
 Catch=   455254.723791535     
 Abd=   6280268.    
 Catch=   416497.864866125     
 Abd=   4430415.    
 Catch=   3928372.89927325     
 Abd=   1240782.    
 Catch=   3928372.89927325     
 Abd=   1240782.    
 Catch=   145067.493889361     
 Abd=   45819.19    
 Catch=   1274057.01243429     
 Abd=  1.6608233E+07
 Catch=   524170.094010160     
 Abd=   3747102.    
 Catch=   20937631.2359339     
 Abd=  3.4923069E+08
 Catch=   3010612.57351271     
 Abd=  3.0301112E+07
 Catch=   4984866.69560808     
 Abd=  3.6411776E+07
 Time step =         1874
 Catch=   10978604.4576599     
 Abd=  3.0058128E+07
 Catch=   291829.243241988     
 Abd=   1326256.    
 Catch=   769214.442771904     
 Abd=   937336.9    
 Catch=   494161.773449009     
 Abd=   3121776.    
 Catch=   183539.735428034     
 Abd=   359255.5    
 Catch=   227.613249767108     
 Abd=   2710.832    
 Catch=   16379.1718975501     
 Abd=   235408.8    
 Catch=   800926.711308255     
 Abd=   581068.8    
 Catch=   1325473.75801821     
 Abd=   952428.8    
 Catch=   89722.3539264741     
 Abd=   582043.3    
 Catch=   3978.98441061298     
 Abd=   66151.62    
 Catch=   4636794.16123623     
 Abd=  1.8399714E+07
 Catch=   2243458.84683786     
 Abd=   9749523.    
 Catch=   852547.192121775     
 Abd=   1560001.    
 Catch=   2066777.66119754     
 Abd=   4737972.    
 Catch=   496032.912935258     
 Abd=   1708031.    
 Catch=   61512443.0612241     
 Abd=  1.2107020E+08
 Catch=   2843890.15127962     
 Abd=  1.8449160E+07
 Catch=   4504790.32241307     
 Abd=  2.2605486E+07
 Catch=   524089.990640507     
 Abd=   1804583.    
 Catch=   471569.962475713     
 Abd=   4299808.    
 Catch=   795319.439798919     
 Abd=   752290.8    
 Catch=   927878.048810144     
 Abd=   719631.2    
 Catch=   125729.492598038     
 Abd=   153225.1    
 Catch=   40302.9024399921     
 Abd=   28163.05    
 Catch=   4996369.97382716     
 Abd=  1.0295519E+07
 Catch=   533250.877344087     
 Abd=   1166135.    
 Catch=   8637019.77151078     
 Abd=  3.2017600E+07
 Catch=   454805.112697162     
 Abd=   6274277.    
 Catch=   415993.075563692     
 Abd=   4425220.    
 Catch=   3928373.21461439     
 Abd=   1240782.    
 Catch=   3928373.21461439     
 Abd=   1240782.    
 Catch=   145067.493889598     
 Abd=   45819.19    
 Catch=   1271499.31597618     
 Abd=  1.6575896E+07
 Catch=   523827.400043696     
 Abd=   3744733.    
 Catch=   20901055.9813723     
 Abd=  3.4863853E+08
 Catch=   3008658.58874768     
 Abd=  3.0282192E+07
 Catch=   4982790.49948912     
 Abd=  3.6397220E+07
 Time step =         1875
 Catch=   10978524.9253321     
 Abd=  3.0057900E+07
 Catch=   291816.947194922     
 Abd=   1326203.    
 Catch=   769214.404328749     
 Abd=   937336.8    
 Catch=   494035.339416725     
 Abd=   3121016.    
 Catch=   183539.709348838     
 Abd=   359255.6    
 Catch=   226.766821811286     
 Abd=   2701.081    
 Catch=   16326.9920623070     
 Abd=   234675.3    
 Catch=   800926.756600607     
 Abd=   581068.8    
 Catch=   1325473.80323973     
 Abd=   952428.9    
 Catch=   89685.6962641306     
 Abd=   581814.0    
 Catch=   3945.77758314698     
 Abd=   65606.60    
 Catch=   4636787.59837340     
 Abd=  1.8399728E+07
 Catch=   2243316.06772037     
 Abd=   9748940.    
 Catch=   852546.937536702     
 Abd=   1560001.    
 Catch=   2066777.44674246     
 Abd=   4737967.    
 Catch=   496028.835587406     
 Abd=   1708018.    
 Catch=   61512413.2034472     
 Abd=  1.2107011E+08
 Catch=   2842930.79357240     
 Abd=  1.8443168E+07
 Catch=   4504673.52415529     
 Abd=  2.2604884E+07
 Catch=   524084.411058481     
 Abd=   1804564.    
 Catch=   469808.909762349     
 Abd=   4284074.    
 Catch=   795319.254876491     
 Abd=   752290.5    
 Catch=   927877.932113418     
 Abd=   719631.3    
 Catch=   125729.541131264     
 Abd=   153225.1    
 Catch=   40302.9024399784     
 Abd=   28163.05    
 Catch=   4996373.86256890     
 Abd=  1.0295518E+07
 Catch=   533250.754556638     
 Abd=   1166135.    
 Catch=   8637016.04629521     
 Abd=  3.2017600E+07
 Catch=   454385.377936538     
 Abd=   6268651.    
 Catch=   415520.519708878     
 Abd=   4420350.    
 Catch=   3928373.22792897     
 Abd=   1240782.    
 Catch=   3928373.22792897     
 Abd=   1240782.    
 Catch=   145067.493889421     
 Abd=   45819.19    
 Catch=   1269096.43972947     
 Abd=  1.6545492E+07
 Catch=   523507.307885889     
 Abd=   3742522.    
 Catch=   20866593.8943390     
 Abd=  3.4807958E+08
 Catch=   3006851.10146022     
 Abd=  3.0264660E+07
 Catch=   4980882.51064275     
 Abd=  3.6383840E+07
 Time step =         1876
 Catch=   10978449.5259407     
 Abd=  3.0057750E+07
 Catch=   291805.369322564     
 Abd=   1326150.    
 Catch=   769214.316622685     
 Abd=   937336.8    
 Catch=   493920.650987534     
 Abd=   3120326.    
 Catch=   183539.739262074     
 Abd=   359255.5    
 Catch=   225.977147985720     
 Abd=   2691.978    
 Catch=   16277.1997444219     
 Abd=   233974.8    
 Catch=   800926.940454950     
 Abd=   581068.8    
 Catch=   1325473.94934246     
 Abd=   952429.1    
 Catch=   89651.7464025192     
 Abd=   581602.4    
 Catch=   3913.65034703932     
 Abd=   65078.68    
 Catch=   4636789.71198178     
 Abd=  1.8399728E+07
 Catch=   2243187.16854589     
 Abd=   9748394.    
 Catch=   852546.978587565     
 Abd=   1560001.    
 Catch=   2066775.03795669     
 Abd=   4737965.    
 Catch=   496025.188615057     
 Abd=   1708007.    
 Catch=   61512363.3485887     
 Abd=  1.2106999E+08
 Catch=   2842043.94404413     
 Abd=  1.8437654E+07
 Catch=   4504570.17728339     
 Abd=  2.2604456E+07
 Catch=   524079.197597828     
 Abd=   1804544.    
 Catch=   468123.950944051     
 Abd=   4269018.    
 Catch=   795319.193790917     
 Abd=   752290.5    
 Catch=   927878.138570620     
 Abd=   719631.4    
 Catch=   125729.519693014     
 Abd=   153225.2    
 Catch=   40302.9024399647     
 Abd=   28163.05    
 Catch=   4996371.71223318     
 Abd=  1.0295514E+07
 Catch=   533250.823442086     
 Abd=   1166135.    
 Catch=   8637016.42104926     
 Abd=  3.2017592E+07
 Catch=   453993.115638005     
 Abd=   6263446.    
 Catch=   415078.352112926     
 Abd=   4415801.    
 Catch=   3928373.20967131     
 Abd=   1240782.    
 Catch=   3928373.20967131     
 Abd=   1240782.    
 Catch=   145067.493889716     
 Abd=   45819.19    
 Catch=   1266837.11583504     
 Abd=  1.6516913E+07
 Catch=   523208.138332291     
 Abd=   3740452.    
 Catch=   20834164.7002567     
 Abd=  3.4755421E+08
 Catch=   3005173.69567774     
 Abd=  3.0248404E+07
 Catch=   4979107.84672594     
 Abd=  3.6371320E+07
 Time step =         1877
 Catch=   10978396.2529248     
 Abd=  3.0057584E+07
 Catch=   291793.524099104     
 Abd=   1326092.    
 Catch=   769214.445619814     
 Abd=   937337.1    
 Catch=   493816.690331714     
 Abd=   3119699.    
 Catch=   183539.689653581     
 Abd=   359255.6    
 Catch=   225.239784063131     
 Abd=   2683.475    
 Catch=   16229.6790654146     
 Abd=   233306.7    
 Catch=   800926.900823487     
 Abd=   581068.8    
 Catch=   1325473.97821784     
 Abd=   952429.1    
 Catch=   89620.1917127697     
 Abd=   581404.6    
 Catch=   3882.51698027849     
 Abd=   64566.12    
 Catch=   4636785.31911410     
 Abd=  1.8399700E+07
 Catch=   2243069.38920186     
 Abd=   9747927.    
 Catch=   852547.088554119     
 Abd=   1560001.    
 Catch=   2066774.93844884     
 Abd=   4737965.    
 Catch=   496022.095202437     
 Abd=   1707995.    
 Catch=   61512341.0630348     
 Abd=  1.2107002E+08
 Catch=   2841229.66429302     
 Abd=  1.8432580E+07
 Catch=   4504490.28572223     
 Abd=  2.2604040E+07
 Catch=   524074.197185852     
 Abd=   1804529.    
 Catch=   466511.148973888     
 Abd=   4254600.    
 Catch=   795319.240905538     
 Abd=   752290.8    
 Catch=   927878.364325508     
 Abd=   719631.2    
 Catch=   125729.551451354     
 Abd=   153225.2    
 Catch=   40302.9024399373     
 Abd=   28163.05    
 Catch=   4996369.81629280     
 Abd=  1.0295513E+07
 Catch=   533250.674077580     
 Abd=   1166135.    
 Catch=   8637014.69904169     
 Abd=  3.2017592E+07
 Catch=   453626.088570719     
 Abd=   6258538.    
 Catch=   414664.537585471     
 Abd=   4411534.    
 Catch=   3928372.90577882     
 Abd=   1240782.    
 Catch=   3928372.90577882     
 Abd=   1240782.    
 Catch=   145067.493889539     
 Abd=   45819.19    
 Catch=   1264711.80067830     
 Abd=  1.6490012E+07
 Catch=   522928.166379733     
 Abd=   3738514.    
 Catch=   20803535.2214698     
 Abd=  3.4705782E+08
 Catch=   3003620.63612305     
 Abd=  3.0233360E+07
 Catch=   4977457.49097042     
 Abd=  3.6359744E+07
 Time step =         1878
 Catch=   10978339.2534832     
 Abd=  3.0057436E+07
 Catch=   291780.245617518     
 Abd=   1326032.    
 Catch=   769214.480280195     
 Abd=   937336.9    
 Catch=   493721.839227703     
 Abd=   3119127.    
 Catch=   183539.707377312     
 Abd=   359255.5    
 Catch=   224.550662822218     
 Abd=   2675.524    
 Catch=   16184.3173892909     
 Abd=   232668.6    
 Catch=   800926.860522385     
 Abd=   581068.8    
 Catch=   1325474.21838937     
 Abd=   952429.2    
 Catch=   89590.8449027041     
 Abd=   581221.5    
 Catch=   3852.41700405110     
 Abd=   64071.95    
 Catch=   4636778.64422886     
 Abd=  1.8399676E+07
 Catch=   2242966.78909066     
 Abd=   9747487.    
 Catch=   852546.921594646     
 Abd=   1560001.    
 Catch=   2066775.92970845     
 Abd=   4737967.    
 Catch=   496018.978617937     
 Abd=   1707986.    
 Catch=   61512328.3638513     
 Abd=  1.2107000E+08
 Catch=   2840476.89872528     
 Abd=  1.8427890E+07
 Catch=   4504412.29977742     
 Abd=  2.2603652E+07
 Catch=   524069.213636775     
 Abd=   1804512.    
 Catch=   464966.433611094     
 Abd=   4240790.    
 Catch=   795319.318227187     
 Abd=   752290.6    
 Catch=   927878.058728465     
 Abd=   719631.4    
 Catch=   125729.538587099     
 Abd=   153225.1    
 Catch=   40302.9024400195     
 Abd=   28163.05    
 Catch=   4996370.10603188     
 Abd=  1.0295514E+07
 Catch=   533250.609538301     
 Abd=   1166135.    
 Catch=   8637014.35046301     
 Abd=  3.2017592E+07
 Catch=   453282.536576410     
 Abd=   6253954.    
 Catch=   414276.420383372     
 Abd=   4407536.    
 Catch=   3928373.27089188     
 Abd=   1240782.    
 Catch=   3928373.27089188     
 Abd=   1240782.    
 Catch=   145067.493889361     
 Abd=   45819.19    
 Catch=   1262711.93395379     
 Abd=  1.6464699E+07
 Catch=   522665.850445174     
 Abd=   3736700.    
 Catch=   20774754.8123514     
 Abd=  3.4659219E+08
 Catch=   3002181.22238999     
 Abd=  3.0219394E+07
 Catch=   4975936.70398311     
 Abd=  3.6348972E+07
 Time step =         1879
 Catch=   10978286.6310903     
 Abd=  3.0057272E+07
 Catch=   291766.721342656     
 Abd=   1325973.    
 Catch=   769214.594366619     
 Abd=   937337.1    
 Catch=   493635.810223135     
 Abd=   3118608.    
 Catch=   183539.671527928     
 Abd=   359255.5    
 Catch=   223.906018035480     
 Abd=   2668.085    
 Catch=   16140.9758094338     
 Abd=   232058.5    
 Catch=   800926.791083521     
 Abd=   581068.9    
 Catch=   1325474.26830571     
 Abd=   952429.4    
 Catch=   89563.6610722548     
 Abd=   581051.5    
 Catch=   3823.29262617957     
 Abd=   63593.62    
 Catch=   4636773.40098189     
 Abd=  1.8399652E+07
 Catch=   2242869.36215134     
 Abd=   9747076.    
 Catch=   852546.858768830     
 Abd=   1560001.    
 Catch=   2066776.31925519     
 Abd=   4737968.    
 Catch=   496016.201143196     
 Abd=   1707976.    
 Catch=   61512336.5691969     
 Abd=  1.2106999E+08
 Catch=   2839786.28424242     
 Abd=  1.8423606E+07
 Catch=   4504337.04795269     
 Abd=  2.2603324E+07
 Catch=   524064.394793054     
 Abd=   1804495.    
 Catch=   463486.230002359     
 Abd=   4227550.    
 Catch=   795319.439380840     
 Abd=   752290.8    
 Catch=   927878.091844268     
 Abd=   719631.2    
 Catch=   125729.528265104     
 Abd=   153225.1    
 Catch=   40302.9024399921     
 Abd=   28163.05    
 Catch=   4996369.65870701     
 Abd=  1.0295510E+07
 Catch=   533250.995428711     
 Abd=   1166136.    
 Catch=   8637014.43762341     
 Abd=  3.2017592E+07
 Catch=   452962.733787501     
 Abd=   6249693.    
 Catch=   413912.026986171     
 Abd=   4403778.    
 Catch=   3928373.19592142     
 Abd=   1240782.    
 Catch=   3928373.19592142     
 Abd=   1240782.    
 Catch=   145067.493889598     
 Abd=   45819.19    
 Catch=   1260829.38798555     
 Abd=  1.6440870E+07
 Catch=   522420.371141260     
 Abd=   3735001.    
 Catch=   20747662.3168759     
 Abd=  3.4615261E+08
 Catch=   3000843.87433368     
 Abd=  3.0206432E+07
 Catch=   4974497.20117482     
 Abd=  3.6338856E+07
 Time step =         1880
 Catch=   10978219.7473395     
 Abd=  3.0057118E+07
 Catch=   291754.894963285     
 Abd=   1325924.    
 Catch=   769214.617213924     
 Abd=   937337.4    
 Catch=   493556.667540658     
 Abd=   3118130.    
 Catch=   183539.638858814     
 Abd=   359255.3    
 Catch=   223.302592247344     
 Abd=   2661.117    
 Catch=   16099.5205918139     
 Abd=   231475.0    
 Catch=   800927.089627101     
 Abd=   581068.8    
 Catch=   1325474.11165326     
 Abd=   952429.1    
 Catch=   89538.4147339222     
 Abd=   580893.6    
 Catch=   3795.10523233721     
 Abd=   63130.59    
 Catch=   4636766.39274718     
 Abd=  1.8399608E+07
 Catch=   2242778.38668938     
 Abd=   9746703.    
 Catch=   852546.937253295     
 Abd=   1560001.    
 Catch=   2066776.65192005     
 Abd=   4737967.    
 Catch=   496013.470890788     
 Abd=   1707966.    
 Catch=   61512320.6146891     
 Abd=  1.2106998E+08
 Catch=   2839153.61023268     
 Abd=  1.8419672E+07
 Catch=   4504274.99484118     
 Abd=  2.2603042E+07
 Catch=   524058.688562397     
 Abd=   1804476.    
 Catch=   462066.872644557     
 Abd=   4214854.    
 Catch=   795319.295799277     
 Abd=   752290.4    
 Catch=   927877.882312907     
 Abd=   719631.2    
 Catch=   125729.521228052     
 Abd=   153225.1    
 Catch=   40302.9024399784     
 Abd=   28163.05    
 Catch=   4996369.64968741     
 Abd=  1.0295514E+07
 Catch=   533250.821607016     
 Abd=   1166136.    
 Catch=   8637011.19851358     
 Abd=  3.2017566E+07
 Catch=   452662.205427586     
 Abd=   6245661.    
 Catch=   413570.545508459     
 Abd=   4400258.    
 Catch=   3928373.10741583     
 Abd=   1240782.    
 Catch=   3928373.10741583     
 Abd=   1240782.    
 Catch=   145067.493889421     
 Abd=   45819.19    
 Catch=   1259057.61052501     
 Abd=  1.6418438E+07
 Catch=   522190.093223068     
 Abd=   3733406.    
 Catch=   20722130.0378163     
 Abd=  3.4573920E+08
 Catch=   2999601.41642464     
 Abd=  3.0194380E+07
 Catch=   4973184.99507120     
 Abd=  3.6329672E+07
 Time step =         1881
 Catch=   10978164.1295749     
 Abd=  3.0056952E+07
 Catch=   291745.048581219     
 Abd=   1325882.    
 Catch=   769214.432315056     
 Abd=   937336.8    
 Catch=   493484.251230094     
 Abd=   3117692.    
 Catch=   183539.626374887     
 Abd=   359255.4    
 Catch=   222.737104573337     
 Abd=   2654.583    
 Catch=   16059.8619407929     
 Abd=   230916.1    
 Catch=   800926.833029286     
 Abd=   581068.9    
 Catch=   1325474.41065955     
 Abd=   952429.4    
 Catch=   89514.9675643217     
 Abd=   580747.4    
 Catch=   3767.80403821697     
 Abd=   62682.14    
 Catch=   4636749.47708566     
 Abd=  1.8399516E+07
 Catch=   2242698.95262529     
 Abd=   9746402.    
 Catch=   852547.049848737     
 Abd=   1560002.    
 Catch=   2066776.24282847     
 Abd=   4737968.    
 Catch=   496010.505031035     
 Abd=   1707956.    
 Catch=   61512297.0667984     
 Abd=  1.2106992E+08
 Catch=   2838568.73031160     
 Abd=  1.8416004E+07
 Catch=   4504228.64495929     
 Abd=  2.2602808E+07
 Catch=   524054.402192720     
 Abd=   1804464.    
 Catch=   460705.443451230     
 Abd=   4202670.    
 Catch=   795319.200857174     
 Abd=   752290.4    
 Catch=   927877.968527080     
 Abd=   719631.2    
 Catch=   125729.535411004     
 Abd=   153225.1    
 Catch=   40302.9024399647     
 Abd=   28163.05    
 Catch=   4996370.52975202     
 Abd=  1.0295514E+07
 Catch=   533250.868786795     
 Abd=   1166136.    
 Catch=   8637007.82638983     
 Abd=  3.2017560E+07
 Catch=   452380.976096456     
 Abd=   6241896.    
 Catch=   413250.014528458     
 Abd=   4396956.    
 Catch=   3928372.93835308     
 Abd=   1240782.    
 Catch=   3928372.93835308     
 Abd=   1240782.    
 Catch=   145067.493889716     
 Abd=   45819.19    
 Catch=   1257388.74553991     
 Abd=  1.6397295E+07
 Catch=   521973.609490564     
 Abd=   3731906.    
 Catch=   20698018.8112125     
 Abd=  3.4534813E+08
 Catch=   2998447.87233064     
 Abd=  3.0183170E+07
 Catch=   4971970.34040963     
 Abd=  3.6321056E+07
 Time step =         1882
 Catch=   10978110.1943364     
 Abd=  3.0056812E+07
 Catch=   291735.744340780     
 Abd=   1325834.    
 Catch=   769214.232287564     
 Abd=   937336.8    
 Catch=   493418.278650442     
 Abd=   3117295.    
 Catch=   183539.677621872     
 Abd=   359255.5    
 Catch=   222.206705862904     
 Abd=   2648.454    
 Catch=   16021.8397453935     
 Abd=   230380.5    
 Catch=   800926.926714842     
 Abd=   581068.8    
 Catch=   1325474.46796367     
 Abd=   952429.3    
 Catch=   89493.1802994674     
 Abd=   580610.8    
 Catch=   3741.37206015648     
 Abd=   62247.88    
 Catch=   4636724.88378047     
 Abd=  1.8399448E+07
 Catch=   2242631.21572187     
 Abd=   9746082.    
 Catch=   852546.999072764     
 Abd=   1560001.    
 Catch=   2066776.74298479     
 Abd=   4737968.    
 Catch=   496007.232292690     
 Abd=   1707946.    
 Catch=   61512267.5104535     
 Abd=  1.2106982E+08
 Catch=   2838027.87843234     
 Abd=  1.8412648E+07
 Catch=   4504184.28525146     
 Abd=  2.2602600E+07
 Catch=   524052.037301382     
 Abd=   1804458.    
 Catch=   459398.823738530     
 Abd=   4190976.    
 Catch=   795318.936794834     
 Abd=   752290.6    
 Catch=   927877.896409948     
 Abd=   719630.9    
 Catch=   125729.538563845     
 Abd=   153225.1    
 Catch=   40302.9024399373     
 Abd=   28163.05    
 Catch=   4996371.21456769     
 Abd=  1.0295514E+07
 Catch=   533250.852956965     
 Abd=   1166136.    
 Catch=   8637006.46908830     
 Abd=  3.2017560E+07
 Catch=   452118.264002354     
 Abd=   6238420.    
 Catch=   412948.975364471     
 Abd=   4393846.    
 Catch=   3928373.23833980     
 Abd=   1240782.    
 Catch=   3928373.23833980     
 Abd=   1240782.    
 Catch=   145067.493889539     
 Abd=   45819.19    
 Catch=   1255815.58638183     
 Abd=  1.6377376E+07
 Catch=   521770.479202309     
 Abd=   3730497.    
 Catch=   20675337.8551746     
 Abd=  3.4498138E+08
 Catch=   2997373.91526690     
 Abd=  3.0172744E+07
 Catch=   4970846.49549529     
 Abd=  3.6313216E+07
 Time step =         1883
 Catch=   10978062.0157965     
 Abd=  3.0056682E+07
 Catch=   291723.830616957     
 Abd=   1325780.    
 Catch=   769214.258697712     
 Abd=   937336.8    
 Catch=   493357.777027229     
 Abd=   3116926.    
 Catch=   183539.674936036     
 Abd=   359255.5    
 Catch=   221.708811286237     
 Abd=   2642.697    
 Catch=   15985.4164208763     
 Abd=   229867.2    
 Catch=   800926.831463679     
 Abd=   581068.9    
 Catch=   1325473.95113979     
 Abd=   952429.1    
 Catch=   89472.7888597049     
 Abd=   580482.5    
 Catch=   3715.76754818145     
 Abd=   61827.11    
 Catch=   4636714.66142602     
 Abd=  1.8399400E+07
 Catch=   2242558.84964745     
 Abd=   9745791.    
 Catch=   852546.931698385     
 Abd=   1560001.    
 Catch=   2066776.83125225     
 Abd=   4737969.    
 Catch=   496004.855040565     
 Abd=   1707938.    
 Catch=   61512239.7978615     
 Abd=  1.2106979E+08
 Catch=   2837529.93360594     
 Abd=  1.8409544E+07
 Catch=   4504142.13598122     
 Abd=  2.2602392E+07
 Catch=   524050.141990533     
 Abd=   1804452.    
 Catch=   458144.432020313     
 Abd=   4179748.    
 Catch=   795319.240913954     
 Abd=   752290.6    
 Catch=   927877.697992190     
 Abd=   719630.7    
 Catch=   125729.546612646     
 Abd=   153225.1    
 Catch=   40302.9024400195     
 Abd=   28163.05    
 Catch=   4996370.35589336     
 Abd=  1.0295514E+07
 Catch=   533250.810303459     
 Abd=   1166135.    
 Catch=   8637004.78957909     
 Abd=  3.2017554E+07
 Catch=   451872.571994094     
 Abd=   6235132.    
 Catch=   412665.793773641     
 Abd=   4390926.    
 Catch=   3928373.11696704     
 Abd=   1240782.    
 Catch=   3928373.11696704     
 Abd=   1240782.    
 Catch=   145067.493889361     
 Abd=   45819.19    
 Catch=   1254333.39923697     
 Abd=  1.6358595E+07
 Catch=   521579.794462452     
 Abd=   3729177.    
 Catch=   20653929.7422535     
 Abd=  3.4463405E+08
 Catch=   2996374.33226702     
 Abd=  3.0163032E+07
 Catch=   4969811.71554453     
 Abd=  3.6306068E+07
 Time step =         1884
 Catch=   10978012.2195982     
 Abd=  3.0056558E+07
 Catch=   291712.678136004     
 Abd=   1325735.    
 Catch=   769214.267907671     
 Abd=   937336.8    
 Catch=   493302.241809570     
 Abd=   3116594.    
 Catch=   183539.741779432     
 Abd=   359255.8    
 Catch=   221.239628262594     
 Abd=   2637.208    
 Catch=   15950.4996051509     
 Abd=   229374.9    
 Catch=   800927.226430546     
 Abd=   581068.9    
 Catch=   1325474.29113186     
 Abd=   952429.2    
 Catch=   89453.7569772854     
 Abd=   580363.1    
 Catch=   3690.95004454064     
 Abd=   61419.11    
 Catch=   4636700.49283551     
 Abd=  1.8399360E+07
 Catch=   2242496.59778598     
 Abd=   9745542.    
 Catch=   852547.258872848     
 Abd=   1560002.    
 Catch=   2066776.15848902     
 Abd=   4737967.    
 Catch=   496002.403342240     
 Abd=   1707930.    
 Catch=   61512218.5835151     
 Abd=  1.2106975E+08
 Catch=   2837069.02008795     
 Abd=  1.8406658E+07
 Catch=   4504107.70972587     
 Abd=  2.2602264E+07
 Catch=   524048.776977836     
 Abd=   1804447.    
 Catch=   456939.488842501     
 Abd=   4168956.    
 Catch=   795319.321027363     
 Abd=   752290.8    
 Catch=   927877.592513859     
 Abd=   719631.2    
 Catch=   125729.531199023     
 Abd=   153225.1    
 Catch=   40302.9024399921     
 Abd=   28163.05    
 Catch=   4996370.26945882     
 Abd=  1.0295512E+07
 Catch=   533250.891534291     
 Abd=   1166136.    
 Catch=   8637004.55460108     
 Abd=  3.2017554E+07
 Catch=   451641.943467409     
 Abd=   6232043.    
 Catch=   412399.954435820     
 Abd=   4388183.    
 Catch=   3928373.04401117     
 Abd=   1240782.    
 Catch=   3928373.04401117     
 Abd=   1240782.    
 Catch=   145067.493889598     
 Abd=   45819.19    
 Catch=   1252934.52201292     
 Abd=  1.6340864E+07
 Catch=   521400.319278962     
 Abd=   3727930.    
 Catch=   20633684.1682229     
 Abd=  3.4430560E+08
 Catch=   2995442.50975547     
 Abd=  3.0153976E+07
 Catch=   4968851.47356035     
 Abd=  3.6299192E+07
 Time step =         1885
 Catch=   10977973.6037798     
 Abd=  3.0056432E+07
 Catch=   291704.560980503     
 Abd=   1325706.    
 Catch=   769214.157928954     
 Abd=   937336.8    
 Catch=   493251.563439971     
 Abd=   3116281.    
 Catch=   183539.773370829     
 Abd=   359255.6    
 Catch=   220.787367684489     
 Abd=   2631.934    
 Catch=   15917.0290630020     
 Abd=   228903.3    
 Catch=   800926.991352353     
 Abd=   581068.8    
 Catch=   1325474.35043385     
 Abd=   952429.1    
 Catch=   89435.9694860027     
 Abd=   580252.1    
 Catch=   3666.87998642082     
 Abd=   61022.38    
 Catch=   4636694.10055990     
 Abd=  1.8399356E+07
 Catch=   2242439.16651260     
 Abd=   9745280.    
 Catch=   852547.416986233     
 Abd=   1560002.    
 Catch=   2066775.62777977     
 Abd=   4737965.    
 Catch=   496000.733314266     
 Abd=   1707925.    
 Catch=   61512203.4171169     
 Abd=  1.2106974E+08
 Catch=   2836642.29725947     
 Abd=  1.8404008E+07
 Catch=   4504071.29081877     
 Abd=  2.2602016E+07
 Catch=   524047.078944058     
 Abd=   1804442.    
 Catch=   455781.448763964     
 Abd=   4158588.    
 Catch=   795319.353850290     
 Abd=   752290.5    
 Catch=   927877.928523719     
 Abd=   719631.2    
 Catch=   125729.530498613     
 Abd=   153225.1    
 Catch=   40302.9024399784     
 Abd=   28163.05    
 Catch=   4996370.94133712     
 Abd=  1.0295516E+07
 Catch=   533250.902862288     
 Abd=   1166135.    
 Catch=   8637003.31704238     
 Abd=  3.2017554E+07
 Catch=   451425.015906699     
 Abd=   6229150.    
 Catch=   412150.315068812     
 Abd=   4385608.    
 Catch=   3928373.26197640     
 Abd=   1240782.    
 Catch=   3928373.26197640     
 Abd=   1240782.    
 Catch=   145067.493889421     
 Abd=   45819.19    
 Catch=   1251615.72459459     
 Abd=  1.6324160E+07
 Catch=   521231.052609434     
 Abd=   3726755.    
 Catch=   20614589.8595464     
 Abd=  3.4399584E+08
 Catch=   2994573.61036189     
 Abd=  3.0145520E+07
 Catch=   4967963.10942643     
 Abd=  3.6292880E+07
 Time step =         1886
 Catch=   10977914.7662472     
 Abd=  3.0056256E+07
 Catch=   291699.113896547     
 Abd=   1325684.    
 Catch=   769214.392194247     
 Abd=   937336.9    
 Catch=   493204.237205191     
 Abd=   3116002.    
 Catch=   183539.726001387     
 Abd=   359255.6    
 Catch=   220.347741867318     
 Abd=   2626.693    
 Catch=   15884.9352970077     
 Abd=   228450.6    
 Catch=   800926.885331604     
 Abd=   581068.8    
 Catch=   1325474.37129537     
 Abd=   952429.2    
 Catch=   89419.3770529909     
 Abd=   580147.5    
 Catch=   3643.47041635258     
 Abd=   60637.46    
 Catch=   4636699.88214358     
 Abd=  1.8399390E+07
 Catch=   2242381.86359306     
 Abd=   9745050.    
 Catch=   852547.552233919     
 Abd=   1560002.    
 Catch=   2066775.77918715     
 Abd=   4737966.    
 Catch=   495999.219734409     
 Abd=   1707921.    
 Catch=   61512203.6534759     
 Abd=  1.2106970E+08
 Catch=   2836253.09143286     
 Abd=  1.8401588E+07
 Catch=   4504022.44057420     
 Abd=  2.2601800E+07
 Catch=   524045.435560852     
 Abd=   1804434.    
 Catch=   454668.497536422     
 Abd=   4148618.    
 Catch=   795319.113493325     
 Abd=   752290.4    
 Catch=   927877.982948857     
 Abd=   719631.2    
 Catch=   125729.576291037     
 Abd=   153225.2    
 Catch=   40302.9024399647     
 Abd=   28163.05    
 Catch=   4996371.39398198     
 Abd=  1.0295514E+07
 Catch=   533250.841087864     
 Abd=   1166136.    
 Catch=   8637002.48384507     
 Abd=  3.2017548E+07
 Catch=   451225.215189279     
 Abd=   6226502.    
 Catch=   411915.467671947     
 Abd=   4383182.    
 Catch=   3928372.78754953     
 Abd=   1240782.    
 Catch=   3928372.78754953     
 Abd=   1240782.    
 Catch=   145067.493889716     
 Abd=   45819.19    
 Catch=   1250371.91869680     
 Abd=  1.6308393E+07
 Catch=   521071.700253155     
 Abd=   3725650.    
 Catch=   20596576.1837131     
 Abd=  3.4370419E+08
 Catch=   2993759.99399065     
 Abd=  3.0137620E+07
 Catch=   4967130.40460407     
 Abd=  3.6287132E+07
 Time step =         1887
 Catch=   10977842.6693359     
 Abd=  3.0056040E+07
 Catch=   291694.943882032     
 Abd=   1325666.    
 Catch=   769214.437158489     
 Abd=   937336.9    
 Catch=   493161.840822193     
 Abd=   3115742.    
 Catch=   183539.679244110     
 Abd=   359255.5    
 Catch=   219.918998111833     
 Abd=   2621.738    
 Catch=   15854.1084059014     
 Abd=   228015.7    
 Catch=   800926.808098991     
 Abd=   581068.9    
 Catch=   1325473.74474815     
 Abd=   952428.6    
 Catch=   89403.7895211726     
 Abd=   580049.9    
 Catch=   3620.76049110394     
 Abd=   60264.02    
 Catch=   4636704.86688743     
 Abd=  1.8399396E+07
 Catch=   2242331.24178071     
 Abd=   9744823.    
 Catch=   852547.491735439     
 Abd=   1560002.    
 Catch=   2066775.96827947     
 Abd=   4737966.    
 Catch=   495997.942071143     
 Abd=   1707915.    
 Catch=   61512170.7377992     
 Abd=  1.2106966E+08
 Catch=   2835895.38092075     
 Abd=  1.8399364E+07
 Catch=   4503988.47519755     
 Abd=  2.2601676E+07
 Catch=   524042.544921537     
 Abd=   1804425.    
 Catch=   453598.203151620     
 Abd=   4139036.    
 Catch=   795319.012969441     
 Abd=   752290.4    
 Catch=   927878.045389500     
 Abd=   719631.1    
 Catch=   125729.590511830     
 Abd=   153225.2    
 Catch=   40302.9024399373     
 Abd=   28163.05    
 Catch=   4996372.30132258     
 Abd=  1.0295513E+07
 Catch=   533250.714835243     
 Abd=   1166135.    
 Catch=   8637002.60862545     
 Abd=  3.2017552E+07
 Catch=   451038.696876639     
 Abd=   6224019.    
 Catch=   411694.238997408     
 Abd=   4380895.    
 Catch=   3928372.55184497     
 Abd=   1240782.    
 Catch=   3928372.55184497     
 Abd=   1240782.    
 Catch=   145067.493889539     
 Abd=   45819.19    
 Catch=   1249197.57722884     
 Abd=  1.6293504E+07
 Catch=   520921.397354111     
 Abd=   3724606.    
 Catch=   20579562.2840649     
 Abd=  3.4342752E+08
 Catch=   2993004.34004822     
 Abd=  3.0130270E+07
 Catch=   4966359.47945385     
 Abd=  3.6281620E+07
 Time step =         1888
 Catch=   10977776.9104131     
 Abd=  3.0055912E+07
 Catch=   291690.656146221     
 Abd=   1325645.    
 Catch=   769214.233927198     
 Abd=   937336.6    
 Catch=   493122.826020042     
 Abd=   3115510.    
 Catch=   183539.668191497     
 Abd=   359255.5    
 Catch=   219.517246520799     
 Abd=   2617.102    
 Catch=   15824.4888776868     
 Abd=   227597.8    
 Catch=   800927.083092930     
 Abd=   581068.9    
 Catch=   1325473.65427298     
 Abd=   952428.6    
 Catch=   89389.3583565768     
 Abd=   579959.4    
 Catch=   3598.71975269066     
 Abd=   59900.53    
 Catch=   4636704.06062120     
 Abd=  1.8399382E+07
 Catch=   2242276.70668946     
 Abd=   9744598.    
 Catch=   852547.414341252     
 Abd=   1560002.    
 Catch=   2066775.02495517     
 Abd=   4737963.    
 Catch=   495995.939390280     
 Abd=   1707908.    
 Catch=   61512142.7613920     
 Abd=  1.2106964E+08
 Catch=   2835564.26818509     
 Abd=  1.8397274E+07
 Catch=   4503975.27745309     
 Abd=  2.2601634E+07
 Catch=   524040.580640364     
 Abd=   1804421.    
 Catch=   452569.202634625     
 Abd=   4129809.    
 Catch=   795319.149063548     
 Abd=   752290.2    
 Catch=   927877.933423510     
 Abd=   719631.1    
 Catch=   125729.602495828     
 Abd=   153225.2    
 Catch=   40302.9024400195     
 Abd=   28163.05    
 Catch=   4996369.62893829     
 Abd=  1.0295516E+07
 Catch=   533250.739475287     
 Abd=   1166135.    
 Catch=   8637001.57810030     
 Abd=  3.2017548E+07
 Catch=   450861.651340235     
 Abd=   6221604.    
 Catch=   411485.690227890     
 Abd=   4378740.    
 Catch=   3928372.90539663     
 Abd=   1240782.    
 Catch=   3928372.90539663     
 Abd=   1240782.    
 Catch=   145067.493889361     
 Abd=   45819.19    
 Catch=   1248088.69346304     
 Abd=  1.6279442E+07
 Catch=   520779.667189868     
 Abd=   3723622.    
 Catch=   20563506.6191675     
 Abd=  3.4316755E+08
 Catch=   2992299.29674838     
 Abd=  3.0123410E+07
 Catch=   4965628.53413303     
 Abd=  3.6276416E+07
 Time step =         1889
 Catch=   10977736.1011803     
 Abd=  3.0055808E+07
 Catch=   291685.970208417     
 Abd=   1325623.    
 Catch=   769214.080781800     
 Abd=   937336.6    
 Catch=   493087.819033625     
 Abd=   3115292.    
 Catch=   183539.655925478     
 Abd=   359255.4    
 Catch=   219.141303461475     
 Abd=   2612.762    
 Catch=   15796.0656892429     
 Abd=   227196.8    
 Catch=   800927.106975423     
 Abd=   581069.1    
 Catch=   1325473.82234148     
 Abd=   952429.2    
 Catch=   89375.6805027042     
 Abd=   579873.6    
 Catch=   3577.26103729644     
 Abd=   59547.33    
 Catch=   4636699.86744299     
 Abd=  1.8399372E+07
 Catch=   2242229.36878859     
 Abd=   9744415.    
 Catch=   852547.518657146     
 Abd=   1560002.    
 Catch=   2066773.92912715     
 Abd=   4737964.    
 Catch=   495994.436392390     
 Abd=   1707904.    
 Catch=   61512125.6405170     
 Abd=  1.2106959E+08
 Catch=   2835254.79503113     
 Abd=  1.8395358E+07
 Catch=   4503964.97048923     
 Abd=  2.2601600E+07
 Catch=   524039.482438831     
 Abd=   1804417.    
 Catch=   451578.283038650     
 Abd=   4120934.    
 Catch=   795319.024268927     
 Abd=   752290.4    
 Catch=   927877.945925299     
 Abd=   719631.3    
 Catch=   125729.548442000     
 Abd=   153225.2    
 Catch=   40302.9024399921     
 Abd=   28163.05    
 Catch=   4996371.13596425     
 Abd=  1.0295512E+07
 Catch=   533250.516889711     
 Abd=   1166135.    
 Catch=   8637001.07815040     
 Abd=  3.2017544E+07
 Catch=   450692.279042871     
 Abd=   6219378.    
 Catch=   411289.852588790     
 Abd=   4376730.    
 Catch=   3928372.67286891     
 Abd=   1240782.    
 Catch=   3928372.67286891     
 Abd=   1240782.    
 Catch=   145067.493889598     
 Abd=   45819.19    
 Catch=   1247041.10547209     
 Abd=  1.6266161E+07
 Catch=   520646.177055902     
 Abd=   3722696.    
 Catch=   20548398.9402214     
 Abd=  3.4292314E+08
 Catch=   2991637.60712779     
 Abd=  3.0116968E+07
 Catch=   4964947.41240150     
 Abd=  3.6271632E+07
 Time step =         1890
 Catch=   10977703.1870032     
 Abd=  3.0055750E+07
 Catch=   291682.075270102     
 Abd=   1325610.    
 Catch=   769214.273290965     
 Abd=   937336.6    
 Catch=   493054.990339281     
 Abd=   3115096.    
 Catch=   183539.656738830     
 Abd=   359255.4    
 Catch=   218.789271737807     
 Abd=   2608.696    
 Catch=   15768.7531551629     
 Abd=   226811.5    
 Catch=   800927.201426587     
 Abd=   581069.0    
 Catch=   1325473.93764458     
 Abd=   952429.1    
 Catch=   89362.9891969251     
 Abd=   579794.0    
 Catch=   3556.39569005073     
 Abd=   59203.82    
 Catch=   4636699.45651000     
 Abd=  1.8399374E+07
 Catch=   2242191.24551234     
 Abd=   9744248.    
 Catch=   852547.410826536     
 Abd=   1560002.    
 Catch=   2066775.62281159     
 Abd=   4737966.    
 Catch=   495993.476813082     
 Abd=   1707901.    
 Catch=   61512118.9068593     
 Abd=  1.2106957E+08
 Catch=   2834969.80699346     
 Abd=  1.8393576E+07
 Catch=   4503958.98790468     
 Abd=  2.2601566E+07
 Catch=   524038.300959764     
 Abd=   1804412.    
 Catch=   450625.096535293     
 Abd=   4112392.    
 Catch=   795319.085334418     
 Abd=   752290.6    
 Catch=   927878.039641399     
 Abd=   719631.2    
 Catch=   125729.609725561     
 Abd=   153225.2    
 Catch=   40302.9024399784     
 Abd=   28163.05    
 Catch=   4996369.63891344     
 Abd=  1.0295516E+07
 Catch=   533250.702225495     
 Abd=   1166135.    
 Catch=   8636998.86825310     
 Abd=  3.2017532E+07
 Catch=   450536.273468778     
 Abd=   6217302.    
 Catch=   411107.309051760     
 Abd=   4374852.    
 Catch=   3928373.28869700     
 Abd=   1240782.    
 Catch=   3928373.28869700     
 Abd=   1240782.    
 Catch=   145067.493889421     
 Abd=   45819.19    
 Catch=   1246052.06439534     
 Abd=  1.6253622E+07
 Catch=   520520.035657690     
 Abd=   3721817.    
 Catch=   20534125.8512742     
 Abd=  3.4269203E+08
 Catch=   2991022.00744204     
 Abd=  3.0110990E+07
 Catch=   4964307.76318326     
 Abd=  3.6267216E+07
 Time step =         1891
 Catch=   10977684.4495264     
 Abd=  3.0055700E+07
 Catch=   291678.938613008     
 Abd=   1325596.    
 Catch=   769214.104246456     
 Abd=   937336.8    
 Catch=   493024.196457807     
 Abd=   3114909.    
 Catch=   183539.713981600     
 Abd=   359255.6    
 Catch=   218.459200544121     
 Abd=   2604.882    
 Catch=   15742.5026279066     
 Abd=   226441.1    
 Catch=   800927.330438273     
 Abd=   581069.1    
 Catch=   1325473.86343137     
 Abd=   952429.1    
 Catch=   89351.0743090382     
 Abd=   579719.2    
 Catch=   3536.10509730291     
 Abd=   58869.83    
 Catch=   4636700.61265303     
 Abd=  1.8399380E+07
 Catch=   2242149.85263055     
 Abd=   9744051.    
 Catch=   852547.356229667     
 Abd=   1560002.    
 Catch=   2066776.31575135     
 Abd=   4737968.    
 Catch=   495992.602145694     
 Abd=   1707898.    
 Catch=   61512104.6735698     
 Abd=  1.2106957E+08
 Catch=   2834706.05559549     
 Abd=  1.8391928E+07
 Catch=   4503955.22817144     
 Abd=  2.2601530E+07
 Catch=   524036.946124554     
 Abd=   1804408.    
 Catch=   449707.078332136     
 Abd=   4104159.    
 Catch=   795319.297604396     
 Abd=   752290.6    
 Catch=   927877.791017201     
 Abd=   719630.8    
 Catch=   125729.577363646     
 Abd=   153225.1    
 Catch=   40302.9024399647     
 Abd=   28163.05    
 Catch=   4996370.96743327     
 Abd=  1.0295512E+07
 Catch=   533250.787234975     
 Abd=   1166136.    
 Catch=   8636997.59211745     
 Abd=  3.2017528E+07
 Catch=   450393.277276777     
 Abd=   6215418.    
 Catch=   410936.894217468     
 Abd=   4373092.    
 Catch=   3928372.43014941     
 Abd=   1240782.    
 Catch=   3928372.43014941     
 Abd=   1240782.    
 Catch=   145067.493889716     
 Abd=   45819.19    
 Catch=   1245117.91350049     
 Abd=  1.6241774E+07
 Catch=   520400.472622634     
 Abd=   3720986.    
 Catch=   20520666.1299875     
 Abd=  3.4247283E+08
 Catch=   2990446.93633785     
 Abd=  3.0105390E+07
 Catch=   4963730.23522717     
 Abd=  3.6263124E+07
 Time step =         1892
 Catch=   10977663.5808435     
 Abd=  3.0055646E+07
 Catch=   291676.176332995     
 Abd=   1325583.    
 Catch=   769214.409929045     
 Abd=   937336.8    
 Catch=   492996.361530402     
 Abd=   3114744.    
 Catch=   183539.721660666     
 Abd=   359255.5    
 Catch=   218.149510494440     
 Abd=   2601.303    
 Catch=   15717.3091559921     
 Abd=   226086.0    
 Catch=   800927.316454093     
 Abd=   581068.8    
 Catch=   1325474.22371993     
 Abd=   952429.4    
 Catch=   89339.9379541792     
 Abd=   579649.2    
 Catch=   3516.36769440488     
 Abd=   58543.61    
 Catch=   4636701.26049782     
 Abd=  1.8399370E+07
 Catch=   2242105.64976841     
 Abd=   9743875.    
 Catch=   852547.163903530     
 Abd=   1560002.    
 Catch=   2066776.03148624     
 Abd=   4737966.    
 Catch=   495991.665612016     
 Abd=   1707895.    
 Catch=   61512108.8506796     
 Abd=  1.2106952E+08
 Catch=   2834461.35529459     
 Abd=  1.8390410E+07
 Catch=   4503939.72950958     
 Abd=  2.2601408E+07
 Catch=   524035.767637907     
 Abd=   1804405.    
 Catch=   448822.600658224     
 Abd=   4096228.    
 Catch=   795319.225926821     
 Abd=   752290.6    
 Catch=   927877.929573926     
 Abd=   719631.3    
 Catch=   125729.511928289     
 Abd=   153225.1    
 Catch=   40302.9024399373     
 Abd=   28163.05    
 Catch=   4996369.53412804     
 Abd=  1.0295512E+07
 Catch=   533250.954663864     
 Abd=   1166135.    
 Catch=   8636996.27935877     
 Abd=  3.2017524E+07
 Catch=   450260.170823234     
 Abd=   6213586.    
 Catch=   410775.628268815     
 Abd=   4371420.    
 Catch=   3928372.86537389     
 Abd=   1240782.    
 Catch=   3928372.86537389     
 Abd=   1240782.    
 Catch=   145067.493889539     
 Abd=   45819.19    
 Catch=   1244235.21297451     
 Abd=  1.6230570E+07
 Catch=   520287.617147907     
 Abd=   3720203.    
 Catch=   20507965.2349069     
 Abd=  3.4226694E+08
 Catch=   2989905.36724089     
 Abd=  3.0100096E+07
 Catch=   4963206.06524295     
 Abd=  3.6259448E+07
 Time step =         1893
 Catch=   10977645.1086353     
 Abd=  3.0055590E+07
 Catch=   291673.630237281     
 Abd=   1325572.    
 Catch=   769214.441848532     
 Abd=   937337.0    
 Catch=   492971.907146913     
 Abd=   3114594.    
 Catch=   183539.682059546     
 Abd=   359255.6    
 Catch=   217.858019510688     
 Abd=   2597.885    
 Catch=   15693.1422054951     
 Abd=   225745.2    
 Catch=   800926.913680822     
 Abd=   581068.8    
 Catch=   1325474.31858373     
 Abd=   952429.1    
 Catch=   89329.5056293648     
 Abd=   579583.8    
 Catch=   3497.07499054490     
 Abd=   58225.54    
 Catch=   4636699.15776992     
 Abd=  1.8399374E+07
 Catch=   2242065.79446413     
 Abd=   9743714.    
 Catch=   852547.508201706     
 Abd=   1560002.    
 Catch=   2066775.54184010     
 Abd=   4737966.    
 Catch=   495990.411971432     
 Abd=   1707890.    
 Catch=   61512090.9847533     
 Abd=  1.2106954E+08
 Catch=   2834236.86994086     
 Abd=  1.8389004E+07
 Catch=   4503907.14664439     
 Abd=  2.2601232E+07
 Catch=   524034.720842315     
 Abd=   1804401.    
 Catch=   447970.412476939     
 Abd=   4088586.    
 Catch=   795319.402466511     
 Abd=   752290.8    
 Catch=   927878.079284446     
 Abd=   719631.2    
 Catch=   125729.544879503     
 Abd=   153225.2    
 Catch=   40302.9024400195     
 Abd=   28163.05    
 Catch=   4996370.27072633     
 Abd=  1.0295512E+07
 Catch=   533250.935343290     
 Abd=   1166136.    
 Catch=   8636995.20921604     
 Abd=  3.2017520E+07
 Catch=   450132.811218135     
 Abd=   6211896.    
 Catch=   410622.921574095     
 Abd=   4369840.    
 Catch=   3928372.89927325     
 Abd=   1240782.    
 Catch=   3928372.89927325     
 Abd=   1240782.    
 Catch=   145067.493889361     
 Abd=   45819.19    
 Catch=   1243400.39789058     
 Abd=  1.6219992E+07
 Catch=   520181.061439141     
 Abd=   3719461.    
 Catch=   20495936.3139503     
 Abd=  3.4207002E+08
 Catch=   2989398.91146865     
 Abd=  3.0095150E+07
 Catch=   4962698.65029376     
 Abd=  3.6255800E+07
 Time step =         1894
 Catch=   10977625.4105688     
 Abd=  3.0055530E+07
 Catch=   291670.478419949     
 Abd=   1325555.    
 Catch=   769214.550729337     
 Abd=   937337.0    
 Catch=   492948.654490713     
 Abd=   3114458.    
 Catch=   183539.720746970     
 Abd=   359255.6    
 Catch=   217.573379850501     
 Abd=   2594.542    
 Catch=   15669.9526903582     
 Abd=   225418.4    
 Catch=   800926.749653478     
 Abd=   581068.8    
 Catch=   1325474.35710731     
 Abd=   952429.2    
 Catch=   89319.7466809662     
 Abd=   579522.5    
 Catch=   3478.25010402399     
 Abd=   57915.20    
 Catch=   4636700.65432726     
 Abd=  1.8399382E+07
 Catch=   2242033.62859422     
 Abd=   9743584.    
 Catch=   852547.621560163     
 Abd=   1560002.    
 Catch=   2066774.77861567     
 Abd=   4737964.    
 Catch=   495989.078161855     
 Abd=   1707885.    
 Catch=   61512090.2266560     
 Abd=  1.2106954E+08
 Catch=   2834029.17936270     
 Abd=  1.8387700E+07
 Catch=   4503869.12916685     
 Abd=  2.2601018E+07
 Catch=   524033.802930039     
 Abd=   1804399.    
 Catch=   447149.020342311     
 Abd=   4081220.    
 Catch=   795319.374504068     
 Abd=   752290.6    
 Catch=   927877.779403265     
 Abd=   719630.8    
 Catch=   125729.532474993     
 Abd=   153225.1    
 Catch=   40302.9024399921     
 Abd=   28163.05    
 Catch=   4996370.15664521     
 Abd=  1.0295512E+07
 Catch=   533250.663098263     
 Abd=   1166135.    
 Catch=   8636994.37935219     
 Abd=  3.2017512E+07
 Catch=   450013.905738641     
 Abd=   6210340.    
 Catch=   410478.239504232     
 Abd=   4368343.    
 Catch=   3928373.21461439     
 Abd=   1240782.    
 Catch=   3928373.21461439     
 Abd=   1240782.    
 Catch=   145067.493889598     
 Abd=   45819.19    
 Catch=   1242611.77322244     
 Abd=  1.6209978E+07
 Catch=   520079.997791019     
 Abd=   3718758.    
 Catch=   20484536.2242468     
 Abd=  3.4188659E+08
 Catch=   2988923.54660640     
 Abd=  3.0090508E+07
 Catch=   4962220.70540061     
 Abd=  3.6252392E+07
 Time step =         1895
 Catch=   10977602.4543718     
 Abd=  3.0055436E+07
 Catch=   291666.105107484     
 Abd=   1325534.    
 Catch=   769214.450872870     
 Abd=   937336.8    
 Catch=   492928.619923804     
 Abd=   3114332.    
 Catch=   183539.674945697     
 Abd=   359255.5    
 Catch=   217.300333698190     
 Abd=   2591.356    
 Catch=   15647.7207214638     
 Abd=   225104.9    
 Catch=   800926.864775861     
 Abd=   581068.9    
 Catch=   1325474.46496655     
 Abd=   952429.3    
 Catch=   89310.7118280664     
 Abd=   579466.2    
 Catch=   3459.90116518054     
 Abd=   57612.84    
 Catch=   4636701.42841827     
 Abd=  1.8399382E+07
 Catch=   2242001.51319860     
 Abd=   9743438.    
 Catch=   852547.218102556     
 Abd=   1560001.    
 Catch=   2066775.55891230     
 Abd=   4737968.    
 Catch=   495987.662386491     
 Abd=   1707880.    
 Catch=   61512096.5601011     
 Abd=  1.2106955E+08
 Catch=   2833836.27856533     
 Abd=  1.8386508E+07
 Catch=   4503817.63008251     
 Abd=  2.2600772E+07
 Catch=   524033.657151214     
 Abd=   1804399.    
 Catch=   446356.903800006     
 Abd=   4074109.    
 Catch=   795319.355274569     
 Abd=   752290.8    
 Catch=   927877.711326653     
 Abd=   719631.2    
 Catch=   125729.538394287     
 Abd=   153225.1    
 Catch=   40302.9024399784     
 Abd=   28163.05    
 Catch=   4996370.04828265     
 Abd=  1.0295514E+07
 Catch=   533250.930421218     
 Abd=   1166136.    
 Catch=   8636992.48357394     
 Abd=  3.2017516E+07
 Catch=   449902.429402301     
 Abd=   6208805.    
 Catch=   410341.952826074     
 Abd=   4366936.    
 Catch=   3928373.22792897     
 Abd=   1240782.    
 Catch=   3928373.22792897     
 Abd=   1240782.    
 Catch=   145067.493889421     
 Abd=   45819.19    
 Catch=   1241866.15669516     
 Abd=  1.6200526E+07
 Catch=   519984.176052378     
 Abd=   3718089.    
 Catch=   20473826.8550784     
 Abd=  3.4171341E+08
 Catch=   2988477.68171757     
 Abd=  3.0086186E+07
 Catch=   4961760.90725096     
 Abd=  3.6249208E+07
 Time step =         1896
 Catch=   10977564.1140719     
 Abd=  3.0055362E+07
 Catch=   291662.020851265     
 Abd=   1325515.    
 Catch=   769214.352373484     
 Abd=   937336.9    
 Catch=   492909.187915138     
 Abd=   3114214.    
 Catch=   183539.667081983     
 Abd=   359255.4    
 Catch=   217.034443670681     
 Abd=   2588.215    
 Catch=   15626.4219762082     
 Abd=   224804.9    
 Catch=   800927.020729072     
 Abd=   581068.9    
 Catch=   1325474.18444369     
 Abd=   952429.2    
 Catch=   89302.2554589589     
 Abd=   579412.4    
 Catch=   3442.01431575277     
 Abd=   57317.72    
 Catch=   4636701.92208366     
 Abd=  1.8399380E+07
 Catch=   2241969.84002121     
 Abd=   9743305.    
 Catch=   852547.013678386     
 Abd=   1560001.    
 Catch=   2066776.59826523     
 Abd=   4737968.    
 Catch=   495986.589087031     
 Abd=   1707877.    
 Catch=   61512108.4743156     
 Abd=  1.2106958E+08
 Catch=   2833657.70344245     
 Abd=  1.8385376E+07
 Catch=   4503781.23558371     
 Abd=  2.2600660E+07
 Catch=   524033.079641688     
 Abd=   1804397.    
 Catch=   445592.405633383     
 Abd=   4067251.    
 Catch=   795319.365835058     
 Abd=   752290.8    
 Catch=   927877.815538836     
 Abd=   719631.1    
 Catch=   125729.521227722     
 Abd=   153225.1    
 Catch=   40302.9024399647     
 Abd=   28163.05    
 Catch=   4996370.76146898     
 Abd=  1.0295514E+07
 Catch=   533250.965368854     
 Abd=   1166135.    
 Catch=   8636993.21866791     
 Abd=  3.2017510E+07
 Catch=   449795.346703513     
 Abd=   6207386.    
 Catch=   410213.253294765     
 Abd=   4365604.    
 Catch=   3928373.20967131     
 Abd=   1240782.    
 Catch=   3928373.20967131     
 Abd=   1240782.    
 Catch=   145067.493889716     
 Abd=   45819.19    
 Catch=   1241161.37839607     
 Abd=  1.6191580E+07
 Catch=   519893.409973424     
 Abd=   3717458.    
 Catch=   20463703.3341990     
 Abd=  3.4154989E+08
 Catch=   2988059.30294925     
 Abd=  3.0082096E+07
 Catch=   4961347.68443794     
 Abd=  3.6246340E+07
 Time step =         1897
 Catch=   10977541.9447663     
 Abd=  3.0055292E+07
 Catch=   291657.841589682     
 Abd=   1325499.    
 Catch=   769214.254509027     
 Abd=   937336.8    
 Catch=   492890.774075652     
 Abd=   3114100.    
 Catch=   183539.658165473     
 Abd=   359255.4    
 Catch=   216.779763591253     
 Abd=   2585.276    
 Catch=   15605.9761836177     
 Abd=   224516.5    
 Catch=   800926.913366129     
 Abd=   581068.8    
 Catch=   1325474.03893802     
 Abd=   952429.1    
 Catch=   89294.0829983608     
 Abd=   579360.8    
 Catch=   3424.54271548445     
 Abd=   57029.70    
 Catch=   4636702.89031116     
 Abd=  1.8399382E+07
 Catch=   2241940.95434237     
 Abd=   9743208.    
 Catch=   852547.258962587     
 Abd=   1560002.    
 Catch=   2066776.15095377     
 Abd=   4737967.    
 Catch=   495985.657167687     
 Abd=   1707874.    
 Catch=   61512105.4523623     
 Abd=  1.2106951E+08
 Catch=   2833489.70142708     
 Abd=  1.8384336E+07
 Catch=   4503773.23687703     
 Abd=  2.2600664E+07
 Catch=   524032.623828701     
 Abd=   1804395.    
 Catch=   444854.417039495     
 Abd=   4060626.    
 Catch=   795319.250643013     
 Abd=   752290.6    
 Catch=   927877.931318522     
 Abd=   719631.1    
 Catch=   125729.516470132     
 Abd=   153225.1    
 Catch=   40302.9024399373     
 Abd=   28163.05    
 Catch=   4996370.84751744     
 Abd=  1.0295514E+07
 Catch=   533250.639207083     
 Abd=   1166135.    
 Catch=   8636992.77501055     
 Abd=  3.2017514E+07
 Catch=   449698.250545677     
 Abd=   6206136.    
 Catch=   410091.504883466     
 Abd=   4364338.    
 Catch=   3928372.90577882     
 Abd=   1240782.    
 Catch=   3928372.90577882     
 Abd=   1240782.    
 Catch=   145067.493889539     
 Abd=   45819.19    
 Catch=   1240494.73983320     
 Abd=  1.6183119E+07
 Catch=   519806.919759917     
 Abd=   3716854.    
 Catch=   20454134.5633807     
 Abd=  3.4139309E+08
 Catch=   2987666.60061138     
 Abd=  3.0078268E+07
 Catch=   4960969.19256551     
 Abd=  3.6243528E+07
 Time step =         1898
 Catch=   10977523.1512200     
 Abd=  3.0055236E+07
 Catch=   291654.668092488     
 Abd=   1325485.    
 Catch=   769214.262477047     
 Abd=   937336.8    
 Catch=   492872.802347426     
 Abd=   3113988.    
 Catch=   183539.653691658     
 Abd=   359255.4    
 Catch=   216.541418796730     
 Abd=   2582.523    
 Catch=   15586.3485203168     
 Abd=   224239.6    
 Catch=   800926.830421963     
 Abd=   581068.8    
 Catch=   1325473.94904302     
 Abd=   952429.1    
 Catch=   89286.4036654947     
 Abd=   579312.1    
 Catch=   3407.51519375187     
 Abd=   56749.08    
 Catch=   4636704.54387627     
 Abd=  1.8399404E+07
 Catch=   2241925.06206664     
 Abd=   9743146.    
 Catch=   852547.342830188     
 Abd=   1560002.    
 Catch=   2066775.49875333     
 Abd=   4737964.    
 Catch=   495984.840074678     
 Abd=   1707871.    
 Catch=   61512072.0364548     
 Abd=  1.2106945E+08
 Catch=   2833336.35470553     
 Abd=  1.8383376E+07
 Catch=   4503773.45188083     
 Abd=  2.2600660E+07
 Catch=   524032.077716265     
 Abd=   1804394.    
 Catch=   444142.202383878     
 Abd=   4054236.    
 Catch=   795319.335204519     
 Abd=   752290.4    
 Catch=   927878.041365854     
 Abd=   719631.4    
 Catch=   125729.511067368     
 Abd=   153225.1    
 Catch=   40302.9024400195     
 Abd=   28163.05    
 Catch=   4996371.32073436     
 Abd=  1.0295514E+07
 Catch=   533250.833007315     
 Abd=   1166135.    
 Catch=   8636991.61488585     
 Abd=  3.2017506E+07
 Catch=   449610.653581165     
 Abd=   6204922.    
 Catch=   409975.411676869     
 Abd=   4363135.    
 Catch=   3928373.27089188     
 Abd=   1240782.    
 Catch=   3928373.27089188     
 Abd=   1240782.    
 Catch=   145067.493889361     
 Abd=   45819.19    
 Catch=   1239863.36469134     
 Abd=  1.6175102E+07
 Catch=   519724.411879472     
 Abd=   3716279.    
 Catch=   20445095.9450840     
 Abd=  3.4124506E+08
 Catch=   2987295.93297542     
 Abd=  3.0074640E+07
 Catch=   4960588.42221181     
 Abd=  3.6240832E+07
 Time step =         1899
 Catch=   10977502.6213884     
 Abd=  3.0055170E+07
 Catch=   291651.828259534     
 Abd=   1325474.    
 Catch=   769214.400280457     
 Abd=   937336.9    
 Catch=   492857.173714128     
 Abd=   3113900.    
 Catch=   183539.667792758     
 Abd=   359255.6    
 Catch=   216.318015221122     
 Abd=   2579.944    
 Catch=   15567.4717605126     
 Abd=   223972.8    
 Catch=   800926.803258477     
 Abd=   581068.8    
 Catch=   1325473.73228694     
 Abd=   952428.7    
 Catch=   89279.0953771726     
 Abd=   579266.5    
 Catch=   3390.91669727969     
 Abd=   56475.48    
 Catch=   4636709.06787122     
 Abd=  1.8399418E+07
 Catch=   2241911.94221326     
 Abd=   9743078.    
 Catch=   852547.434759114     
 Abd=   1560002.    
 Catch=   2066774.76020783     
 Abd=   4737964.    
 Catch=   495983.884146335     
 Abd=   1707868.    
 Catch=   61512052.2966074     
 Abd=  1.2106947E+08
 Catch=   2833193.79231421     
 Abd=  1.8382486E+07
 Catch=   4503771.98130145     
 Abd=  2.2600640E+07
 Catch=   524031.846662675     
 Abd=   1804394.    
 Catch=   443454.835973403     
 Abd=   4048066.    
 Catch=   795319.159883639     
 Abd=   752290.8    
 Catch=   927878.070131977     
 Abd=   719631.3    
 Catch=   125729.529910189     
 Abd=   153225.1    
 Catch=   40302.9024399921     
 Abd=   28163.05    
 Catch=   4996372.42229961     
 Abd=  1.0295514E+07
 Catch=   533250.733020097     
 Abd=   1166135.    
 Catch=   8636991.03738856     
 Abd=  3.2017506E+07
 Catch=   449519.738319481     
 Abd=   6203688.    
 Catch=   409865.714825241     
 Abd=   4362000.    
 Catch=   3928373.19592142     
 Abd=   1240782.    
 Catch=   3928373.19592142     
 Abd=   1240782.    
 Catch=   145067.493889598     
 Abd=   45819.19    
 Catch=   1239266.54615227     
 Abd=  1.6167542E+07
 Catch=   519646.571224853     
 Abd=   3715737.    
 Catch=   20436494.4440600     
 Abd=  3.4110714E+08
 Catch=   2986947.45740960     
 Abd=  3.0071220E+07
 Catch=   4960209.16213507     
 Abd=  3.6238008E+07
 Time step =         1900
 Catch=   10977468.0128873     
 Abd=  3.0055060E+07
 Catch=   291649.697468865     
 Abd=   1325465.    
 Catch=   769214.448239158     
 Abd=   937337.0    
 Catch=   492843.296120580     
 Abd=   3113814.    
 Catch=   183539.690702236     
 Abd=   359255.4    
 Catch=   216.108759770624     
 Abd=   2577.525    
 Catch=   15549.3172530479     
 Abd=   223716.8    
 Catch=   800926.811836757     
 Abd=   581068.8    
 Catch=   1325473.60489111     
 Abd=   952428.7    
 Catch=   89272.2575458542     
 Abd=   579223.2    
 Catch=   3374.73721048033     
 Abd=   56208.87    
 Catch=   4636707.97830277     
 Abd=  1.8399396E+07
 Catch=   2241891.86384159     
 Abd=   9742990.    
 Catch=   852547.413446761     
 Abd=   1560002.    
 Catch=   2066774.90355512     
 Abd=   4737965.    
 Catch=   495982.751842613     
 Abd=   1707863.    
 Catch=   61512065.6942930     
 Abd=  1.2106945E+08
 Catch=   2833059.95121920     
 Abd=  1.8381648E+07
 Catch=   4503768.84656123     
 Abd=  2.2600632E+07
 Catch=   524031.678793959     
 Abd=   1804392.    
 Catch=   442791.210208865     
 Abd=   4042110.    
 Catch=   795319.311960112     
 Abd=   752290.6    
 Catch=   927878.061286157     
 Abd=   719631.2    
 Catch=   125729.505170769     
 Abd=   153225.1    
 Catch=   40302.9024399784     
 Abd=   28163.05    
 Catch=   4996370.14740376     
 Abd=  1.0295512E+07
 Catch=   533250.729100523     
 Abd=   1166135.    
 Catch=   8636991.10429992     
 Abd=  3.2017500E+07
 Catch=   449435.133563529     
 Abd=   6202550.    
 Catch=   409762.388291309     
 Abd=   4360934.    
 Catch=   3928373.10741583     
 Abd=   1240782.    
 Catch=   3928373.10741583     
 Abd=   1240782.    
 Catch=   145067.493889421     
 Abd=   45819.19    
 Catch=   1238702.52154142     
 Abd=  1.6160375E+07
 Catch=   519572.460212820     
 Abd=   3715220.    
 Catch=   20428311.5334086     
 Abd=  3.4097392E+08
 Catch=   2986618.73322893     
 Abd=  3.0068032E+07
 Catch=   4959842.29718065     
 Abd=  3.6235468E+07
 Time step =         1861
 Catch=   10977426.5377376     
 Abd=  3.0054954E+07
 Catch=   291647.971290205     
 Abd=   1325459.    
 Catch=   769214.498022363     
 Abd=   937336.9    
 Catch=   492830.008235446     
 Abd=   3113730.    
 Catch=   183539.606569680     
 Abd=   359255.4    
 Catch=   215.912461321968     
 Abd=   2575.258    
 Catch=   15531.8832362923     
 Abd=   223470.4    
 Catch=   800926.952481657     
 Abd=   581069.1    
 Catch=   1325473.64163678     
 Abd=   952428.8    
 Catch=   89265.7081038114     
 Abd=   579182.1    
 Catch=   3358.96893409164     
 Abd=   55948.92    
 Catch=   4636703.66641397     
 Abd=  1.8399392E+07
 Catch=   2241873.52170627     
 Abd=   9742920.    
 Catch=   852547.504214466     
 Abd=   1560002.    
 Catch=   2066776.25047392     
 Abd=   4737970.    
 Catch=   495981.409933202     
 Abd=   1707858.    
 Catch=   61512059.1265838     
 Abd=  1.2106947E+08
 Catch=   2832936.27233062     
 Abd=  1.8380852E+07
 Catch=   4503766.40761415     
 Abd=  2.2600598E+07
 Catch=   524031.192144873     
 Abd=   1804390.    
 Catch=   442150.276826109     
 Abd=   4036354.    
 Catch=   795319.402819548     
 Abd=   752290.7    
 Catch=   927878.014041522     
 Abd=   719631.2    
 Catch=   125729.524202807     
 Abd=   153225.1    
 Catch=   40302.9024399647     
 Abd=   28163.05    
 Catch=   4996369.68241885     
 Abd=  1.0295512E+07
 Catch=   533250.785288978     
 Abd=   1166135.    
 Catch=   8636990.36546290     
 Abd=  3.2017504E+07
 Catch=   449358.011161741     
 Abd=   6201556.    
 Catch=   409664.528022877     
 Abd=   4359914.    
 Catch=   3928372.93835308     
 Abd=   1240782.    
 Catch=   3928372.93835308     
 Abd=   1240782.    
 Catch=   145067.493889716     
 Abd=   45819.19    
 Catch=   1238168.59044284     
 Abd=  1.6153599E+07
 Catch=   519501.711684950     
 Abd=   3714724.    
 Catch=   20420581.7407015     
 Abd=  3.4084790E+08
 Catch=   2986309.67966991     
 Abd=  3.0064990E+07
 Catch=   4959541.93306768     
 Abd=  3.6233656E+07
 Time step =         1862
 Catch=   10977384.8784314     
 Abd=  3.0054812E+07
 Catch=   291646.666575574     
 Abd=   1325453.    
 Catch=   769214.370934742     
 Abd=   937336.8    
 Catch=   492817.270012066     
 Abd=   3113656.    
 Catch=   183539.659895160     
 Abd=   359255.4    
 Catch=   215.728300123493     
 Abd=   2573.128    
 Catch=   15515.0666654405     
 Abd=   223233.0    
 Catch=   800927.121912922     
 Abd=   581068.8    
 Catch=   1325473.93440310     
 Abd=   952429.1    
 Catch=   89259.5791396662     
 Abd=   579143.2    
 Catch=   3343.58816351719     
 Abd=   55695.29    
 Catch=   4636702.71039961     
 Abd=  1.8399390E+07
 Catch=   2241856.68650748     
 Abd=   9742859.    
 Catch=   852547.521030549     
 Abd=   1560002.    
 Catch=   2066778.23103412     
 Abd=   4737969.    
 Catch=   495980.125223543     
 Abd=   1707855.    
 Catch=   61512067.9220468     
 Abd=  1.2106946E+08
 Catch=   2832819.50256542     
 Abd=  1.8380130E+07
 Catch=   4503758.26654541     
 Abd=  2.2600568E+07
 Catch=   524030.899131851     
 Abd=   1804390.    
 Catch=   441530.769734986     
 Abd=   4030790.    
 Catch=   795319.271545798     
 Abd=   752290.7    
 Catch=   927877.787653301     
 Abd=   719630.8    
 Catch=   125729.537231864     
 Abd=   153225.1    
 Catch=   40302.9024399373     
 Abd=   28163.05    
 Catch=   4996370.57816775     
 Abd=  1.0295513E+07
 Catch=   533250.714598016     
 Abd=   1166135.    
 Catch=   8636990.65604679     
 Abd=  3.2017504E+07
 Catch=   449289.965682697     
 Abd=   6200672.    
 Catch=   409571.213391452     
 Abd=   4358948.    
 Catch=   3928373.23833980     
 Abd=   1240782.    
 Catch=   3928373.23833980     
 Abd=   1240782.    
 Catch=   145067.493889539     
 Abd=   45819.19    
 Catch=   1237663.00484743     
 Abd=  1.6147178E+07
 Catch=   519434.055611513     
 Abd=   3714251.    
 Catch=   20413281.7179723     
 Abd=  3.4073034E+08
 Catch=   2986016.47076469     
 Abd=  3.0062164E+07
 Catch=   4959294.73368020     
 Abd=  3.6231740E+07
 Time step =         1863
 Catch=   10977328.7259366     
 Abd=  3.0054686E+07
 Catch=   291645.336178836     
 Abd=   1325447.    
 Catch=   769214.326089606     
 Abd=   937336.8    
 Catch=   492806.566903480     
 Abd=   3113592.    
 Catch=   183539.634600974     
 Abd=   359255.4    
 Catch=   215.555243595610     
 Abd=   2571.126    
 Catch=   15498.8828647782     
 Abd=   223004.1    
 Catch=   800926.826709874     
 Abd=   581068.9    
 Catch=   1325474.03618269     
 Abd=   952429.2    
 Catch=   89253.8081321406     
 Abd=   579107.0    
 Catch=   3328.57123420439     
 Abd=   55447.45    
 Catch=   4636704.24527637     
 Abd=  1.8399392E+07
 Catch=   2241846.04479209     
 Abd=   9742802.    
 Catch=   852547.016740321     
 Abd=   1560001.    
 Catch=   2066775.47715572     
 Abd=   4737965.    
 Catch=   495979.292050719     
 Abd=   1707852.    
 Catch=   61512052.7268460     
 Abd=  1.2106942E+08
 Catch=   2832712.73977227     
 Abd=  1.8379456E+07
 Catch=   4503752.52115220     
 Abd=  2.2600536E+07
 Catch=   524030.817625390     
 Abd=   1804390.    
 Catch=   440932.156060013     
 Abd=   4025416.    
 Catch=   795319.184091496     
 Abd=   752290.4    
 Catch=   927877.805005135     
 Abd=   719631.2    
 Catch=   125729.535216585     
 Abd=   153225.1    
 Catch=   40302.9024400195     
 Abd=   28163.05    
 Catch=   4996372.32757994     
 Abd=  1.0295514E+07
 Catch=   533250.833670408     
 Abd=   1166135.    
 Catch=   8636990.48032939     
 Abd=  3.2017502E+07
 Catch=   449226.950503735     
 Abd=   6199817.    
 Catch=   409483.068024170     
 Abd=   4358034.    
 Catch=   3928373.11696704     
 Abd=   1240782.    
 Catch=   3928373.11696704     
 Abd=   1240782.    
 Catch=   145067.493889361     
 Abd=   45819.19    
 Catch=   1237183.81286194     
 Abd=  1.6141094E+07
 Catch=   519369.754531663     
 Abd=   3713806.    
 Catch=   20406477.3475708     
 Abd=  3.4062080E+08
 Catch=   2985743.28488436     
 Abd=  3.0059480E+07
 Catch=   4959046.88457667     
 Abd=  3.6230104E+07
 Time step =         1864
 Catch=   10977288.8710282     
 Abd=  3.0054566E+07
 Catch=   291643.615509056     
 Abd=   1325438.    
 Catch=   769214.284816975     
 Abd=   937336.9    
 Catch=   492796.653762021     
 Abd=   3113532.    
 Catch=   183539.672829753     
 Abd=   359255.4    
 Catch=   215.392402009628     
 Abd=   2569.241    
 Catch=   15483.2839572942     
 Abd=   222784.0    
 Catch=   800927.229947218     
 Abd=   581068.9    
 Catch=   1325473.89241821     
 Abd=   952429.1    
 Catch=   89248.3269176121     
 Abd=   579071.8    
 Catch=   3313.90189802089     
 Abd=   55205.52    
 Catch=   4636704.06318594     
 Abd=  1.8399402E+07
 Catch=   2241828.79425374     
 Abd=   9742704.    
 Catch=   852546.987764019     
 Abd=   1560002.    
 Catch=   2066774.54049594     
 Abd=   4737964.    
 Catch=   495978.532948775     
 Abd=   1707850.    
 Catch=   61512037.9630413     
 Abd=  1.2106946E+08
 Catch=   2832609.32903754     
 Abd=  1.8378824E+07
 Catch=   4503750.10565070     
 Abd=  2.2600544E+07
 Catch=   524030.989170727     
 Abd=   1804390.    
 Catch=   440353.796384155     
 Abd=   4020220.    
 Catch=   795319.142940057     
 Abd=   752290.6    
 Catch=   927878.008409998     
 Abd=   719631.1    
 Catch=   125729.531264363     
 Abd=   153225.1    
 Catch=   40302.9024399921     
 Abd=   28163.05    
 Catch=   4996370.03558753     
 Abd=  1.0295508E+07
 Catch=   533250.625886763     
 Abd=   1166135.    
 Catch=   8636990.02798366     
 Abd=  3.2017504E+07
 Catch=   449164.572479866     
 Abd=   6198959.    
 Catch=   409399.571655667     
 Abd=   4357167.    
 Catch=   3928373.04401117     
 Abd=   1240782.    
 Catch=   3928373.04401117     
 Abd=   1240782.    
 Catch=   145067.493889598     
 Abd=   45819.19    
 Catch=   1236729.87088327     
 Abd=  1.6135327E+07
 Catch=   519309.351036571     
 Abd=   3713384.    
 Catch=   20400062.0685178     
 Abd=  3.4051507E+08
 Catch=   2985482.37669535     
 Abd=  3.0056900E+07
 Catch=   4958824.28782447     
 Abd=  3.6228408E+07
 Time step =         1865
 Catch=   10977241.8023207     
 Abd=  3.0054460E+07
 Catch=   291641.415796524     
 Abd=   1325428.    
 Catch=   769214.352853463     
 Abd=   937336.8    
 Catch=   492787.763329839     
 Abd=   3113473.    
 Catch=   183539.635560082     
 Abd=   359255.4    
 Catch=   215.239120841983     
 Abd=   2567.468    
 Catch=   15468.2690265349     
 Abd=   222571.7    
 Catch=   800927.058104429     
 Abd=   581068.8    
 Catch=   1325473.84221390     
 Abd=   952428.9    
 Catch=   89242.9158198258     
 Abd=   579036.6    
 Catch=   3299.57637871992     
 Abd=   54968.95    
 Catch=   4636705.18504435     
 Abd=  1.8399394E+07
 Catch=   2241802.65641186     
 Abd=   9742587.    
 Catch=   852547.327203812     
 Abd=   1560002.    
 Catch=   2066775.13393674     
 Abd=   4737967.    
 Catch=   495977.976568079     
 Abd=   1707848.    
 Catch=   61512048.0116078     
 Abd=  1.2106945E+08
 Catch=   2832515.81215490     
 Abd=  1.8378220E+07
 Catch=   4503749.52199246     
 Abd=  2.2600538E+07
 Catch=   524030.572444866     
 Abd=   1804389.    
 Catch=   439794.516534530     
 Abd=   4015196.    
 Catch=   795319.192172871     
 Abd=   752290.4    
 Catch=   927878.012235878     
 Abd=   719631.1    
 Catch=   125729.531934899     
 Abd=   153225.1    
 Catch=   40302.9024399784     
 Abd=   28163.05    
 Catch=   4996368.28929966     
 Abd=  1.0295508E+07
 Catch=   533250.662334756     
 Abd=   1166135.    
 Catch=   8636991.15204342     
 Abd=  3.2017508E+07
 Catch=   449106.257851085     
 Abd=   6198186.    
 Catch=   409320.030705151     
 Abd=   4356341.    
 Catch=   3928373.26197640     
 Abd=   1240782.    
 Catch=   3928373.26197640     
 Abd=   1240782.    
 Catch=   145067.493889421     
 Abd=   45819.19    
 Catch=   1236299.42390541     
 Abd=  1.6129854E+07
 Catch=   519251.237628500     
 Abd=   3712979.    
 Catch=   20393967.9146602     
 Abd=  3.4041613E+08
 Catch=   2985236.18709062     
 Abd=  3.0054506E+07
 Catch=   4958573.71923865     
 Abd=  3.6226600E+07
 Time step =         1866
 Catch=   10977217.4978012     
 Abd=  3.0054396E+07
 Catch=   291639.096651519     
 Abd=   1325416.    
 Catch=   769214.337257967     
 Abd=   937336.9    
 Catch=   492777.617242185     
 Abd=   3113412.    
 Catch=   183539.644350105     
 Abd=   359255.5    
 Catch=   215.094931262378     
 Abd=   2565.798    
 Catch=   15453.7727008465     
 Abd=   222366.6    
 Catch=   800926.801494812     
 Abd=   581068.9    
 Catch=   1325473.69463467     
 Abd=   952428.8    
 Catch=   89237.5866461224     
 Abd=   579004.0    
 Catch=   3285.54741306550     
 Abd=   54737.10    
 Catch=   4636706.28794095     
 Abd=  1.8399404E+07
 Catch=   2241775.17660871     
 Abd=   9742474.    
 Catch=   852547.458550133     
 Abd=   1560002.    
 Catch=   2066776.41978625     
 Abd=   4737967.    
 Catch=   495977.464154808     
 Abd=   1707847.    
 Catch=   61512038.6427322     
 Abd=  1.2106939E+08
 Catch=   2832426.23571911     
 Abd=  1.8377678E+07
 Catch=   4503746.44952863     
 Abd=  2.2600506E+07
 Catch=   524030.405896874     
 Abd=   1804388.    
 Catch=   439253.502805900     
 Abd=   4010334.    
 Catch=   795319.115141688     
 Abd=   752290.6    
 Catch=   927878.025354273     
 Abd=   719631.4    
 Catch=   125729.533324996     
 Abd=   153225.1    
 Catch=   40302.9024399647     
 Abd=   28163.05    
 Catch=   4996371.59748851     
 Abd=  1.0295514E+07
 Catch=   533250.657169994     
 Abd=   1166135.    
 Catch=   8636990.48421052     
 Abd=  3.2017504E+07
 Catch=   449048.855309676     
 Abd=   6197360.    
 Catch=   409244.406920042     
 Abd=   4355559.    
 Catch=   3928372.78754953     
 Abd=   1240782.    
 Catch=   3928372.78754953     
 Abd=   1240782.    
 Catch=   145067.493889716     
 Abd=   45819.19    
 Catch=   1235891.56514589     
 Abd=  1.6124680E+07
 Catch=   519196.022326648     
 Abd=   3712594.    
 Catch=   20388161.5479073     
 Abd=  3.4032221E+08
 Catch=   2985006.03925959     
 Abd=  3.0052234E+07
 Catch=   4958358.28460619     
 Abd=  3.6225144E+07
 Time step =         1867
 Catch=   10977193.1571915     
 Abd=  3.0054336E+07
 Catch=   291636.946713215     
 Abd=   1325407.    
 Catch=   769214.559696914     
 Abd=   937337.0    
 Catch=   492769.030774060     
 Abd=   3113364.    
 Catch=   183539.703850539     
 Abd=   359255.5    
 Catch=   214.959040370550     
 Abd=   2564.225    
 Catch=   15439.8091022121     
 Abd=   222169.6    
 Catch=   800927.010088373     
 Abd=   581068.9    
 Catch=   1325473.75821737     
 Abd=   952429.2    
 Catch=   89232.8466056037     
 Abd=   578974.5    
 Catch=   3271.79890475699     
 Abd=   54509.93    
 Catch=   4636709.68884859     
 Abd=  1.8399420E+07
 Catch=   2241752.06064821     
 Abd=   9742386.    
 Catch=   852547.046105660     
 Abd=   1560001.    
 Catch=   2066775.27650621     
 Abd=   4737964.    
 Catch=   495977.088730064     
 Abd=   1707846.    
 Catch=   61512028.8209026     
 Abd=  1.2106943E+08
 Catch=   2832345.92192246     
 Abd=  1.8377188E+07
 Catch=   4503739.67775601     
 Abd=  2.2600448E+07
 Catch=   524030.315116978     
 Abd=   1804388.    
 Catch=   438729.770484597     
 Abd=   4005630.    
 Catch=   795319.234623631     
 Abd=   752290.8    
 Catch=   927878.196764244     
 Abd=   719631.2    
 Catch=   125729.530703377     
 Abd=   153225.1    
 Catch=   40302.9024399373     
 Abd=   28163.05    
 Catch=   4996370.80504842     
 Abd=  1.0295513E+07
 Catch=   533250.607207777     
 Abd=   1166135.    
 Catch=   8636989.08841760     
 Abd=  3.2017498E+07
 Catch=   448989.218226787     
 Abd=   6196582.    
 Catch=   409172.655140505     
 Abd=   4354809.    
 Catch=   3928372.55184497     
 Abd=   1240782.    
 Catch=   3928372.55184497     
 Abd=   1240782.    
 Catch=   145067.493889539     
 Abd=   45819.19    
 Catch=   1235505.54064276     
 Abd=  1.6119780E+07
 Catch=   519143.391320449     
 Abd=   3712226.    
 Catch=   20382733.8651043     
 Abd=  3.4023437E+08
 Catch=   2984786.15813066     
 Abd=  3.0050088E+07
 Catch=   4958153.01074854     
 Abd=  3.6223544E+07
 Time step =         1868
 Catch=   10977172.9104952     
 Abd=  3.0054300E+07
 Catch=   291635.217188509     
 Abd=   1325400.    
 Catch=   769214.480843149     
 Abd=   937337.1    
 Catch=   492761.932956438     
 Abd=   3113320.    
 Catch=   183539.702037976     
 Abd=   359255.6    
 Catch=   214.830951829627     
 Abd=   2562.740    
 Catch=   15426.3530260341     
 Abd=   221979.2    
 Catch=   800927.038542629     
 Abd=   581068.9    
 Catch=   1325474.08902140     
 Abd=   952429.1    
 Catch=   89228.4245224459     
 Abd=   578946.1    
 Catch=   3258.32880001252     
 Abd=   54287.23    
 Catch=   4636708.32742874     
 Abd=  1.8399398E+07
 Catch=   2241736.77233279     
 Abd=   9742338.    
 Catch=   852546.886738702     
 Abd=   1560001.    
 Catch=   2066774.80121213     
 Abd=   4737966.    
 Catch=   495976.667391136     
 Abd=   1707844.    
 Catch=   61512019.3003389     
 Abd=  1.2106928E+08
 Catch=   2832270.17037527     
 Abd=  1.8376684E+07
 Catch=   4503723.03724884     
 Abd=  2.2600348E+07
 Catch=   524030.289870993     
 Abd=   1804387.    
 Catch=   438223.111191385     
 Abd=   4001076.    
 Catch=   795319.340408118     
 Abd=   752290.8    
 Catch=   927878.104870311     
 Abd=   719631.4    
 Catch=   125729.527177893     
 Abd=   153225.1    
 Catch=   40302.9024400195     
 Abd=   28163.05    
 Catch=   4996369.86765764     
 Abd=  1.0295515E+07
 Catch=   533250.589680078     
 Abd=   1166135.    
 Catch=   8636989.54043998     
 Abd=  3.2017496E+07
 Catch=   448946.002862870     
 Abd=   6196174.    
 Catch=   409103.858594550     
 Abd=   4354094.    
 Catch=   3928372.90539663     
 Abd=   1240782.    
 Catch=   3928372.90539663     
 Abd=   1240782.    
 Catch=   145067.493889361     
 Abd=   45819.19    
 Catch=   1235139.72859842     
 Abd=  1.6115128E+07
 Catch=   519092.908485744     
 Abd=   3711870.    
 Catch=   20377493.7314069     
 Abd=  3.4014886E+08
 Catch=   2984578.79940270     
 Abd=  3.0048052E+07
 Catch=   4957926.50208179     
 Abd=  3.6221904E+07
 Time step =         1869
 Catch=   10977157.5689324     
 Abd=  3.0054278E+07
 Catch=   291633.796663563     
 Abd=   1325394.    
 Catch=   769214.533260578     
 Abd=   937337.2    
 Catch=   492755.088942559     
 Abd=   3113277.    
 Catch=   183539.672339977     
 Abd=   359255.4    
 Catch=   214.710034637007     
 Abd=   2561.339    
 Catch=   15413.3599391916     
 Abd=   221795.2    
 Catch=   800926.931509708     
 Abd=   581068.8    
 Catch=   1325473.94859317     
 Abd=   952429.2    
 Catch=   89224.2095264920     
 Abd=   578919.6    
 Catch=   3245.13116796217     
 Abd=   54069.41    
 Catch=   4636704.52390471     
 Abd=  1.8399388E+07
 Catch=   2241725.82166585     
 Abd=   9742297.    
 Catch=   852546.789078193     
 Abd=   1560001.    
 Catch=   2066774.87716292     
 Abd=   4737963.    
 Catch=   495976.210350445     
 Abd=   1707842.    
 Catch=   61511990.3528561     
 Abd=  1.2106928E+08
 Catch=   2832199.44495643     
 Abd=  1.8376254E+07
 Catch=   4503705.48562559     
 Abd=  2.2600276E+07
 Catch=   524029.720534110     
 Abd=   1804386.    
 Catch=   437733.014660699     
 Abd=   3996672.    
 Catch=   795319.234999049     
 Abd=   752290.5    
 Catch=   927878.132821225     
 Abd=   719631.2    
 Catch=   125729.531433316     
 Abd=   153225.1    
 Catch=   40302.9024399921     
 Abd=   28163.05    
 Catch=   4996371.59727851     
 Abd=  1.0295516E+07
 Catch=   533250.694383326     
 Abd=   1166135.    
 Catch=   8636987.56345095     
 Abd=  3.2017492E+07
 Catch=   448915.633746500     
 Abd=   6195676.    
 Catch=   409038.141373984     
 Abd=   4353410.    
 Catch=   3928372.67286891     
 Abd=   1240782.    
 Catch=   3928372.67286891     
 Abd=   1240782.    
 Catch=   145067.493889598     
 Abd=   45819.19    
 Catch=   1234792.11981316     
 Abd=  1.6110712E+07
 Catch=   519044.347061572     
 Abd=   3711532.    
 Catch=   20372620.2942253     
 Abd=  3.4006966E+08
 Catch=   2984380.82411432     
 Abd=  3.0046128E+07
 Catch=   4957730.85534390     
 Abd=  3.6220664E+07
 Time step =         1870
 Catch=   10977151.2269197     
 Abd=  3.0054252E+07
 Catch=   291632.359091773     
 Abd=   1325388.    
 Catch=   769214.497831201     
 Abd=   937336.8    
 Catch=   492748.208240128     
 Abd=   3113236.    
 Catch=   183539.647933099     
 Abd=   359255.4    
 Catch=   214.596000687033     
 Abd=   2560.017    
 Catch=   15400.7766429509     
 Abd=   221616.9    
 Catch=   800926.703769480     
 Abd=   581068.6    
 Catch=   1325474.23205754     
 Abd=   952429.3    
 Catch=   89220.1636014252     
 Abd=   578894.0    
 Catch=   3232.23066414336     
 Abd=   53856.51    
 Catch=   4636702.75313432     
 Abd=  1.8399392E+07
 Catch=   2241717.08371444     
 Abd=   9742267.    
 Catch=   852546.903242368     
 Abd=   1560001.    
 Catch=   2066775.02047244     
 Abd=   4737964.    
 Catch=   495975.534468071     
 Abd=   1707840.    
 Catch=   61511985.4643940     
 Abd=  1.2106930E+08
 Catch=   2832129.52759763     
 Abd=  1.8375804E+07
 Catch=   4503697.42125315     
 Abd=  2.2600268E+07
 Catch=   524029.395461599     
 Abd=   1804385.    
 Catch=   437258.841374022     
 Abd=   3992410.    
 Catch=   795319.141167570     
 Abd=   752290.6    
 Catch=   927878.040733092     
 Abd=   719631.2    
 Catch=   125729.540369363     
 Abd=   153225.1    
 Catch=   40302.9024399784     
 Abd=   28163.05    
 Catch=   4996372.22318467     
 Abd=  1.0295514E+07
 Catch=   533251.043754803     
 Abd=   1166136.    
 Catch=   8636987.51124737     
 Abd=  3.2017484E+07
 Catch=   448872.839205605     
 Abd=   6195038.    
 Catch=   408975.716721627     
 Abd=   4352766.    
 Catch=   3928373.28869700     
 Abd=   1240782.    
 Catch=   3928373.28869700     
 Abd=   1240782.    
 Catch=   145067.493889421     
 Abd=   45819.19    
 Catch=   1234462.95088736     
 Abd=  1.6106524E+07
 Catch=   518998.237508786     
 Abd=   3711212.    
 Catch=   20367925.8047912     
 Abd=  3.3999283E+08
 Catch=   2984194.43210846     
 Abd=  3.0044312E+07
 Catch=   4957552.38764838     
 Abd=  3.6219344E+07
 Time step =         1871
 Catch=   10977143.2260092     
 Abd=  3.0054240E+07
 Catch=   291631.018932488     
 Abd=   1325383.    
 Catch=   769214.406747129     
 Abd=   937336.9    
 Catch=   492742.437818409     
 Abd=   3113204.    
 Catch=   183539.691476515     
 Abd=   359255.4    
 Catch=   214.488212481192     
 Abd=   2558.765    
 Catch=   15388.6002408543     
 Abd=   221444.7    
 Catch=   800926.779848811     
 Abd=   581068.6    
 Catch=   1325474.39731317     
 Abd=   952429.3    
 Catch=   89216.3204299582     
 Abd=   578869.9    
 Catch=   3219.62423298821     
 Abd=   53648.41    
 Catch=   4636703.96494985     
 Abd=  1.8399396E+07
 Catch=   2241709.79214326     
 Abd=   9742224.    
 Catch=   852546.966327021     
 Abd=   1560001.    
 Catch=   2066774.75276654     
 Abd=   4737964.    
 Catch=   495974.858868928     
 Abd=   1707838.    
 Catch=   61511974.2069586     
 Abd=  1.2106921E+08
 Catch=   2832069.84352599     
 Abd=  1.8375476E+07
 Catch=   4503694.98671422     
 Abd=  2.2600256E+07
 Catch=   524029.229504370     
 Abd=   1804385.    
 Catch=   436799.479521961     
 Abd=   3988280.    
 Catch=   795319.057724617     
 Abd=   752290.4    
 Catch=   927878.075182297     
 Abd=   719631.4    
 Catch=   125729.543249325     
 Abd=   153225.1    
 Catch=   40302.9024399647     
 Abd=   28163.05    
 Catch=   4996371.76248248     
 Abd=  1.0295512E+07
 Catch=   533250.991590258     
 Abd=   1166136.    
 Catch=   8636986.83690750     
 Abd=  3.2017488E+07
 Catch=   448837.245014397     
 Abd=   6194666.    
 Catch=   408916.660773829     
 Abd=   4352153.    
 Catch=   3928372.43014941     
 Abd=   1240782.    
 Catch=   3928372.43014941     
 Abd=   1240782.    
 Catch=   145067.493889716     
 Abd=   45819.19    
 Catch=   1234151.06495407     
 Abd=  1.6102572E+07
 Catch=   518954.695627253     
 Abd=   3710908.    
 Catch=   20363478.3660503     
 Abd=  3.3992147E+08
 Catch=   2984017.15776777     
 Abd=  3.0042560E+07
 Catch=   4957374.36750706     
 Abd=  3.6217984E+07
 Time step =         1872
 Catch=   10977136.4784438     
 Abd=  3.0054218E+07
 Catch=   291630.261922699     
 Abd=   1325380.    
 Catch=   769214.468809218     
 Abd=   937336.8    
 Catch=   492737.813226457     
 Abd=   3113172.    
 Catch=   183539.635312914     
 Abd=   359255.4    
 Catch=   214.386339604183     
 Abd=   2557.585    
 Catch=   15376.8710342821     
 Abd=   221279.2    
 Catch=   800926.749247718     
 Abd=   581068.8    
 Catch=   1325473.90089771     
 Abd=   952429.0    
 Catch=   89212.8168538199     
 Abd=   578848.2    
 Catch=   3207.29033374687     
 Abd=   53444.71    
 Catch=   4636704.20926637     
 Abd=  1.8399390E+07
 Catch=   2241699.77363929     
 Abd=   9742172.    
 Catch=   852546.985920925     
 Abd=   1560001.    
 Catch=   2066774.69787530     
 Abd=   4737963.    
 Catch=   495974.201769328     
 Abd=   1707835.    
 Catch=   61511986.3082811     
 Abd=  1.2106931E+08
 Catch=   2832019.53572584     
 Abd=  1.8375124E+07
 Catch=   4503692.72738849     
 Abd=  2.2600252E+07
 Catch=   524029.421734592     
 Abd=   1804385.    
 Catch=   436354.559780443     
 Abd=   3984278.    
 Catch=   795319.035360151     
 Abd=   752290.5    
 Catch=   927877.887588194     
 Abd=   719630.9    
 Catch=   125729.540456028     
 Abd=   153225.2    
 Catch=   40302.9024399373     
 Abd=   28163.05    
 Catch=   4996369.86788273     
 Abd=  1.0295517E+07
 Catch=   533250.979749171     
 Abd=   1166136.    
 Catch=   8636986.62465530     
 Abd=  3.2017492E+07
 Catch=   448804.035713258     
 Abd=   6194102.    
 Catch=   408860.718904088     
 Abd=   4351574.    
 Catch=   3928372.86537389     
 Abd=   1240782.    
 Catch=   3928372.86537389     
 Abd=   1240782.    
 Catch=   145067.493889539     
 Abd=   45819.19    
 Catch=   1233855.39639213     
 Abd=  1.6098813E+07
 Catch=   518912.754412991     
 Abd=   3710612.    
 Catch=   20359310.7804616     
 Abd=  3.3985254E+08
 Catch=   2983847.81457804     
 Abd=  3.0040880E+07
 Catch=   4957196.99567750     
 Abd=  3.6216840E+07
 Time step =         1873
 Catch=   10977129.7768907     
 Abd=  3.0054210E+07
 Catch=   291629.730306037     
 Abd=   1325378.    
 Catch=   769214.681222267     
 Abd=   937337.4    
 Catch=   492731.826011252     
 Abd=   3113128.    
 Catch=   183539.640206434     
 Abd=   359255.4    
 Catch=   214.290152677454     
 Abd=   2556.468    
 Catch=   15365.5514674182     
 Abd=   221119.1    
 Catch=   800926.913880676     
 Abd=   581068.8    
 Catch=   1325473.71900965     
 Abd=   952429.0    
 Catch=   89209.4703993003     
 Abd=   578827.4    
 Catch=   3195.22801825692     
 Abd=   53245.59    
 Catch=   4636704.47499422     
 Abd=  1.8399394E+07
 Catch=   2241687.89775961     
 Abd=   9742126.    
 Catch=   852546.974368670     
 Abd=   1560001.    
 Catch=   2066775.19588524     
 Abd=   4737966.    
 Catch=   495973.467275968     
 Abd=   1707832.    
 Catch=   61512010.5025010     
 Abd=  1.2106940E+08
 Catch=   2831968.30626940     
 Abd=  1.8374868E+07
 Catch=   4503693.93970055     
 Abd=  2.2600268E+07
 Catch=   524029.100192255     
 Abd=   1804384.    
 Catch=   435923.406033221     
 Abd=   3980402.    
 Catch=   795319.119949050     
 Abd=   752290.2    
 Catch=   927877.933800207     
 Abd=   719631.2    
 Catch=   125729.530196118     
 Abd=   153225.1    
 Catch=   40302.9024400195     
 Abd=   28163.05    
 Catch=   4996373.18885341     
 Abd=  1.0295514E+07
 Catch=   533250.943379918     
 Abd=   1166136.    
 Catch=   8636987.05473837     
 Abd=  3.2017492E+07
 Catch=   448759.418702219     
 Abd=   6193487.    
 Catch=   408807.528622786     
 Abd=   4351018.    
 Catch=   3928372.89927325     
 Abd=   1240782.    
 Catch=   3928372.89927325     
 Abd=   1240782.    
 Catch=   145067.493889361     
 Abd=   45819.19    
 Catch=   1233574.47407577     
 Abd=  1.6095235E+07
 Catch=   518872.574139516     
 Abd=   3710331.    
 Catch=   20355280.1153572     
 Abd=  3.3978816E+08
 Catch=   2983687.94753816     
 Abd=  3.0039344E+07
 Catch=   4957038.51727934     
 Abd=  3.6215580E+07
 Time step =         1874
 Catch=   10977124.3512513     
 Abd=  3.0054192E+07
 Catch=   291629.221568558     
 Abd=   1325374.    
 Catch=   769214.708676729     
 Abd=   937337.5    
 Catch=   492724.602004062     
 Abd=   3113094.    
 Catch=   183539.646797540     
 Abd=   359255.4    
 Catch=   214.199002047976     
 Abd=   2555.409    
 Catch=   15354.6494818478     
 Abd=   220965.3    
 Catch=   800926.812678779     
 Abd=   581068.9    
 Catch=   1325473.62788701     
 Abd=   952428.9    
 Catch=   89206.4573836076     
 Abd=   578807.9    
 Catch=   3183.43029536524     
 Abd=   53049.80    
 Catch=   4636704.75193753     
 Abd=  1.8399396E+07
 Catch=   2241678.88805015     
 Abd=   9742085.    
 Catch=   852546.815182931     
 Abd=   1560001.    
 Catch=   2066775.41331373     
 Abd=   4737965.    
 Catch=   495972.893148932     
 Abd=   1707830.    
 Catch=   61512012.2598989     
 Abd=  1.2106940E+08
 Catch=   2831934.73216102     
 Abd=  1.8374624E+07
 Catch=   4503693.81859097     
 Abd=  2.2600256E+07
 Catch=   524028.753416755     
 Abd=   1804383.    
 Catch=   435505.392094277     
 Abd=   3976642.    
 Catch=   795319.050803670     
 Abd=   752290.5    
 Catch=   927877.742948235     
 Abd=   719630.9    
 Catch=   125729.542804387     
 Abd=   153225.1    
 Catch=   40302.9024399921     
 Abd=   28163.05    
 Catch=   4996369.10978681     
 Abd=  1.0295516E+07
 Catch=   533250.782845036     
 Abd=   1166135.    
 Catch=   8636985.91330861     
 Abd=  3.2017484E+07
 Catch=   448719.552811382     
 Abd=   6192968.    
 Catch=   408756.144782669     
 Abd=   4350485.    
 Catch=   3928373.21461439     
 Abd=   1240782.    
 Catch=   3928373.21461439     
 Abd=   1240782.    
 Catch=   145067.493889598     
 Abd=   45819.19    
 Catch=   1233307.95572686     
 Abd=  1.6091855E+07
 Catch=   518833.523101496     
 Abd=   3710056.    
 Catch=   20351677.4273424     
 Abd=  3.3972973E+08
 Catch=   2983539.71880370     
 Abd=  3.0037900E+07
 Catch=   4956883.79942668     
 Abd=  3.6214720E+07
 Time step =         1875
 Catch=   10977118.4581089     
 Abd=  3.0054178E+07
 Catch=   291628.419468745     
 Abd=   1325372.    
 Catch=   769214.544760396     
 Abd=   937337.0    
 Catch=   492721.093778985     
 Abd=   3113072.    
 Catch=   183539.623806890     
 Abd=   359255.4    
 Catch=   214.112573700692     
 Abd=   2554.405    
 Catch=   15344.1479328974     
 Abd=   220816.6    
 Catch=   800926.947176749     
 Abd=   581068.9    
 Catch=   1325473.69747090     
 Abd=   952428.9    
 Catch=   89203.4311841323     
 Abd=   578788.7    
 Catch=   3171.83026115278     
 Abd=   52858.26    
 Catch=   4636704.75655555     
 Abd=  1.8399394E+07
 Catch=   2241668.90699069     
 Abd=   9742034.    
 Catch=   852546.943330575     
 Abd=   1560001.    
 Catch=   2066775.72884616     
 Abd=   4737968.    
 Catch=   495972.439548346     
 Abd=   1707830.    
 Catch=   61512005.1494183     
 Abd=  1.2106934E+08
 Catch=   2831895.86395144     
 Abd=  1.8374338E+07
 Catch=   4503692.73316341     
 Abd=  2.2600244E+07
 Catch=   524028.896060469     
 Abd=   1804383.    
 Catch=   435100.289056487     
 Abd=   3973000.    
 Catch=   795319.215422341     
 Abd=   752290.4    
 Catch=   927877.638573227     
 Abd=   719631.0    
 Catch=   125729.524525045     
 Abd=   153225.2    
 Catch=   40302.9024399784     
 Abd=   28163.05    
 Catch=   4996372.07316296     
 Abd=  1.0295516E+07
 Catch=   533250.747532538     
 Abd=   1166135.    
 Catch=   8636986.10985663     
 Abd=  3.2017486E+07
 Catch=   448681.670698990     
 Abd=   6192505.    
 Catch=   408707.456979546     
 Abd=   4349978.    
 Catch=   3928373.22792897     
 Abd=   1240782.    
 Catch=   3928373.22792897     
 Abd=   1240782.    
 Catch=   145067.493889421     
 Abd=   45819.19    
 Catch=   1233055.19696922     
 Abd=  1.6088642E+07
 Catch=   518796.294180008     
 Abd=   3709799.    
 Catch=   20348209.3430488     
 Abd=  3.3967366E+08
 Catch=   2983400.12903018     
 Abd=  3.0036506E+07
 Catch=   4956767.54982164     
 Abd=  3.6213712E+07
 Time step =         1876
 Catch=   10977113.8355639     
 Abd=  3.0054154E+07
 Catch=   291627.964287936     
 Abd=   1325369.    
 Catch=   769214.479316545     
 Abd=   937336.9    
 Catch=   492716.900483783     
 Abd=   3113044.    
 Catch=   183539.571665854     
 Abd=   359255.3    
 Catch=   214.030659335539     
 Abd=   2553.454    
 Catch=   15333.9856881308     
 Abd=   220672.7    
 Catch=   800927.050492707     
 Abd=   581068.9    
 Catch=   1325473.78602459     
 Abd=   952429.1    
 Catch=   89200.5912072684     
 Abd=   578770.9    
 Catch=   3160.47271932238     
 Abd=   52670.60    
 Catch=   4636706.54207821     
 Abd=  1.8399404E+07
 Catch=   2241653.85405457     
 Abd=   9741955.    
 Catch=   852547.383755218     
 Abd=   1560002.    
 Catch=   2066776.02686703     
 Abd=   4737966.    
 Catch=   495972.173455171     
 Abd=   1707828.    
 Catch=   61511991.9123503     
 Abd=  1.2106931E+08
 Catch=   2831847.69268457     
 Abd=  1.8374040E+07
 Catch=   4503690.07385968     
 Abd=  2.2600236E+07
 Catch=   524028.930733214     
 Abd=   1804384.    
 Catch=   434707.729138956     
 Abd=   3969469.    
 Catch=   795319.186551246     
 Abd=   752290.6    
 Catch=   927877.963917775     
 Abd=   719631.2    
 Catch=   125729.517742997     
 Abd=   153225.1    
 Catch=   40302.9024399647     
 Abd=   28163.05    
 Catch=   4996370.20219751     
 Abd=  1.0295513E+07
 Catch=   533250.777260431     
 Abd=   1166136.    
 Catch=   8636985.65334481     
 Abd=  3.2017486E+07
 Catch=   448655.548493731     
 Abd=   6192219.    
 Catch=   408660.907235548     
 Abd=   4349496.    
 Catch=   3928373.20967131     
 Abd=   1240782.    
 Catch=   3928373.20967131     
 Abd=   1240782.    
 Catch=   145067.493889716     
 Abd=   45819.19    
 Catch=   1232815.49125322     
 Abd=  1.6085594E+07
 Catch=   518760.946695113     
 Abd=   3709549.    
 Catch=   20344801.5132543     
 Abd=  3.3961786E+08
 Catch=   2983262.66221194     
 Abd=  3.0035166E+07
 Catch=   4956621.87683573     
 Abd=  3.6212832E+07
 Time step =         1877
 Catch=   10977104.2137224     
 Abd=  3.0054136E+07
 Catch=   291627.028663206     
 Abd=   1325364.    
 Catch=   769214.503523753     
 Abd=   937337.1    
 Catch=   492713.704331224     
 Abd=   3113030.    
 Catch=   183539.561095649     
 Abd=   359255.2    
 Catch=   213.953172014906     
 Abd=   2552.554    
 Catch=   15324.1732447698     
 Abd=   220534.0    
 Catch=   800927.028726406     
 Abd=   581068.9    
 Catch=   1325473.84999356     
 Abd=   952428.9    
 Catch=   89197.9264421416     
 Abd=   578754.1    
 Catch=   3149.35752158121     
 Abd=   52487.11    
 Catch=   4636707.34633026     
 Abd=  1.8399406E+07
 Catch=   2241633.07062711     
 Abd=   9741877.    
 Catch=   852547.637050670     
 Abd=   1560002.    
 Catch=   2066775.33583784     
 Abd=   4737963.    
 Catch=   495971.477792476     
 Abd=   1707826.    
 Catch=   61511994.6447142     
 Abd=  1.2106934E+08
 Catch=   2831805.05067295     
 Abd=  1.8373768E+07
 Catch=   4503690.95788341     
 Abd=  2.2600240E+07
 Catch=   524029.074205554     
 Abd=   1804384.    
 Catch=   434327.017068528     
 Abd=   3966043.    
 Catch=   795319.207594805     
 Abd=   752290.6    
 Catch=   927877.944173612     
 Abd=   719631.1    
 Catch=   125729.505786805     
 Abd=   153225.0    
 Catch=   40302.9024399373     
 Abd=   28163.05    
 Catch=   4996370.15592771     
 Abd=  1.0295512E+07
 Catch=   533250.740883588     
 Abd=   1166135.    
 Catch=   8636985.37083552     
 Abd=  3.2017484E+07
 Catch=   448637.991701910     
 Abd=   6192010.    
 Catch=   408616.411241862     
 Abd=   4349028.    
 Catch=   3928372.90577882     
 Abd=   1240782.    
 Catch=   3928372.90577882     
 Abd=   1240782.    
 Catch=   145067.493889539     
 Abd=   45819.19    
 Catch=   1232587.63179918     
 Abd=  1.6082697E+07
 Catch=   518726.863244774     
 Abd=   3709312.    
 Catch=   20341598.4884513     
 Abd=  3.3956467E+08
 Catch=   2983133.19458892     
 Abd=  3.0033908E+07
 Catch=   4956522.25456260     
 Abd=  3.6212044E+07
 Time step =         1878
 Catch=   10977100.1580354     
 Abd=  3.0054132E+07
 Catch=   291625.825298249     
 Abd=   1325358.    
 Catch=   769214.561428011     
 Abd=   937337.2    
 Catch=   492711.340360103     
 Abd=   3113010.    
 Catch=   183539.530255129     
 Abd=   359255.3    
 Catch=   213.879559367330     
 Abd=   2551.698    
 Catch=   15314.7094972774     
 Abd=   220400.1    
 Catch=   800926.999504238     
 Abd=   581068.8    
 Catch=   1325473.67696650     
 Abd=   952429.0    
 Catch=   89195.3947047874     
 Abd=   578737.5    
 Catch=   3138.48829994967     
 Abd=   52307.64    
 Catch=   4636707.14031581     
 Abd=  1.8399396E+07
 Catch=   2241617.57843014     
 Abd=   9741803.    
 Catch=   852547.462738175     
 Abd=   1560002.    
 Catch=   2066773.70791319     
 Abd=   4737962.    
 Catch=   495970.689956233     
 Abd=   1707823.    
 Catch=   61511997.5972560     
 Abd=  1.2106933E+08
 Catch=   2831764.98642850     
 Abd=  1.8373528E+07
 Catch=   4503694.56810506     
 Abd=  2.2600266E+07
 Catch=   524029.212466608     
 Abd=   1804385.    
 Catch=   433957.656238406     
 Abd=   3962719.    
 Catch=   795319.344423658     
 Abd=   752290.8    
 Catch=   927878.044507939     
 Abd=   719631.2    
 Catch=   125729.548809060     
 Abd=   153225.2    
 Catch=   40302.9024400195     
 Abd=   28163.05    
 Catch=   4996370.25178170     
 Abd=  1.0295511E+07
 Catch=   533250.779327403     
 Abd=   1166136.    
 Catch=   8636984.77960254     
 Abd=  3.2017484E+07
 Catch=   448621.202412292     
 Abd=   6191726.    
 Catch=   408573.233668666     
 Abd=   4348582.    
 Catch=   3928373.27089188     
 Abd=   1240782.    
 Catch=   3928373.27089188     
 Abd=   1240782.    
 Catch=   145067.493889361     
 Abd=   45819.19    
 Catch=   1232371.31403313     
 Abd=  1.6079950E+07
 Catch=   518693.961885664     
 Abd=   3709079.    
 Catch=   20338635.3637251     
 Abd=  3.3952154E+08
 Catch=   2983010.68167337     
 Abd=  3.0032676E+07
 Catch=   4956410.89524278     
 Abd=  3.6211248E+07
 Time step =         1879
 Catch=   10977093.9538875     
 Abd=  3.0054108E+07
 Catch=   291624.679107039     
 Abd=   1325354.    
 Catch=   769214.557123644     
 Abd=   937337.1    
 Catch=   492707.917844645     
 Abd=   3112989.    
 Catch=   183539.592221816     
 Abd=   359255.3    
 Catch=   213.809733152049     
 Abd=   2550.886    
 Catch=   15305.5631816251     
 Abd=   220270.6    
 Catch=   800926.807564574     
 Abd=   581068.9    
 Catch=   1325473.75202299     
 Abd=   952428.8    
 Catch=   89192.7702805502     
 Abd=   578721.1    
 Catch=   3127.85481168325     
 Abd=   52132.00    
 Catch=   4636705.87134233     
 Abd=  1.8399392E+07
 Catch=   2241601.63930694     
 Abd=   9741740.    
 Catch=   852547.124774361     
 Abd=   1560001.    
 Catch=   2066774.64241455     
 Abd=   4737964.    
 Catch=   495970.192713963     
 Abd=   1707822.    
 Catch=   61511983.9872083     
 Abd=  1.2106926E+08
 Catch=   2831725.25243110     
 Abd=  1.8373264E+07
 Catch=   4503693.95676726     
 Abd=  2.2600252E+07
 Catch=   524029.136113408     
 Abd=   1804384.    
 Catch=   433599.534651254     
 Abd=   3959498.    
 Catch=   795319.258738789     
 Abd=   752290.7    
 Catch=   927877.995048170     
 Abd=   719631.3    
 Catch=   125729.577366196     
 Abd=   153225.1    
 Catch=   40302.9024399921     
 Abd=   28163.05    
 Catch=   4996369.45832036     
 Abd=  1.0295514E+07
 Catch=   533250.689186900     
 Abd=   1166135.    
 Catch=   8636984.43455695     
 Abd=  3.2017480E+07
 Catch=   448595.636628487     
 Abd=   6191338.    
 Catch=   408532.715614921     
 Abd=   4348160.    
 Catch=   3928373.19592142     
 Abd=   1240782.    
 Catch=   3928373.19592142     
 Abd=   1240782.    
 Catch=   145067.493889598     
 Abd=   45819.19    
 Catch=   1232166.24346124     
 Abd=  1.6077334E+07
 Catch=   518662.316853982     
 Abd=   3708860.    
 Catch=   20336034.4247557     
 Abd=  3.3947507E+08
 Catch=   2982894.25775366     
 Abd=  3.0031524E+07
 Catch=   4956312.96190080     
 Abd=  3.6210672E+07
 Time step =         1880
 Catch=   10977087.2593259     
 Abd=  3.0054092E+07
 Catch=   291623.866842145     
 Abd=   1325350.    
 Catch=   769214.441349146     
 Abd=   937336.8    
 Catch=   492703.994340937     
 Abd=   3112962.    
 Catch=   183539.600684954     
 Abd=   359255.4    
 Catch=   213.743469994552     
 Abd=   2550.117    
 Catch=   15296.6976364371     
 Abd=   220144.7    
 Catch=   800927.016326288     
 Abd=   581068.9    
 Catch=   1325473.94084221     
 Abd=   952429.1    
 Catch=   89190.4365972736     
 Abd=   578706.6    
 Catch=   3117.43775726690     
 Abd=   51959.88    
 Catch=   4636703.13522450     
 Abd=  1.8399386E+07
 Catch=   2241586.94425363     
 Abd=   9741676.    
 Catch=   852547.004226602     
 Abd=   1560001.    
 Catch=   2066774.53515069     
 Abd=   4737963.    
 Catch=   495969.837506767     
 Abd=   1707821.    
 Catch=   61511977.6559970     
 Abd=  1.2106933E+08
 Catch=   2831688.45926868     
 Abd=  1.8373048E+07
 Catch=   4503692.86669658     
 Abd=  2.2600256E+07
 Catch=   524028.951107650     
 Abd=   1804384.    
 Catch=   433251.978833740     
 Abd=   3956368.    
 Catch=   795319.184683225     
 Abd=   752290.4    
 Catch=   927878.139953050     
 Abd=   719631.3    
 Catch=   125729.562364210     
 Abd=   153225.2    
 Catch=   40302.9024399784     
 Abd=   28163.05    
 Catch=   4996369.32880152     
 Abd=  1.0295512E+07
 Catch=   533250.783786580     
 Abd=   1166135.    
 Catch=   8636985.42491949     
 Abd=  3.2017488E+07
 Catch=   448571.527563605     
 Abd=   6191037.    
 Catch=   408494.016494063     
 Abd=   4347757.    
 Catch=   3928373.10741583     
 Abd=   1240782.    
 Catch=   3928373.10741583     
 Abd=   1240782.    
 Catch=   145067.493889421     
 Abd=   45819.19    
 Catch=   1231971.10799725     
 Abd=  1.6074858E+07
 Catch=   518632.274838694     
 Abd=   3708648.    
 Catch=   20333290.5277321     
 Abd=  3.3943075E+08
 Catch=   2982778.51773047     
 Abd=  3.0030366E+07
 Catch=   4956239.67401335     
 Abd=  3.6210092E+07
 Time step =         1881
 Catch=   10977083.4225605     
 Abd=  3.0054088E+07
 Catch=   291623.089524381     
 Abd=   1325347.    
 Catch=   769214.388711096     
 Abd=   937336.8    
 Catch=   492699.801482634     
 Abd=   3112940.    
 Catch=   183539.628991730     
 Abd=   359255.4    
 Catch=   213.680579611174     
 Abd=   2549.385    
 Catch=   15288.0658573328     
 Abd=   220022.2    
 Catch=   800926.970810235     
 Abd=   581068.8    
 Catch=   1325473.85702434     
 Abd=   952429.1    
 Catch=   89188.2206880375     
 Abd=   578692.5    
 Catch=   3107.22952804269     
 Abd=   51791.16    
 Catch=   4636703.00600573     
 Abd=  1.8399388E+07
 Catch=   2241573.93862456     
 Abd=   9741637.    
 Catch=   852547.019036398     
 Abd=   1560001.    
 Catch=   2066775.64056224     
 Abd=   4737968.    
 Catch=   495969.346900348     
 Abd=   1707818.    
 Catch=   61511988.6760135     
 Abd=  1.2106930E+08
 Catch=   2831660.18748178     
 Abd=  1.8372912E+07
 Catch=   4503691.67116353     
 Abd=  2.2600240E+07
 Catch=   524028.849367376     
 Abd=   1804383.    
 Catch=   432914.609272702     
 Abd=   3953332.    
 Catch=   795319.128290341     
 Abd=   752290.4    
 Catch=   927878.310350846     
 Abd=   719631.4    
 Catch=   125729.598787222     
 Abd=   153225.2    
 Catch=   40302.9024399647     
 Abd=   28163.05    
 Catch=   4996370.77100128     
 Abd=  1.0295516E+07
 Catch=   533250.664221722     
 Abd=   1166135.    
 Catch=   8636985.85760508     
 Abd=  3.2017484E+07
 Catch=   448543.939771724     
 Abd=   6190569.    
 Catch=   408457.098333759     
 Abd=   4347372.    
 Catch=   3928372.93835308     
 Abd=   1240782.    
 Catch=   3928372.93835308     
 Abd=   1240782.    
 Catch=   145067.493889716     
 Abd=   45819.19    
 Catch=   1231785.76976486     
 Abd=  1.6072498E+07
 Catch=   518603.676074508     
 Abd=   3708450.    
 Catch=   20330659.2672133     
 Abd=  3.3938752E+08
 Catch=   2982673.95889328     
 Abd=  3.0029408E+07
 Catch=   4956151.47351160     
 Abd=  3.6209344E+07
 Time step =         1882
 Catch=   10977077.0154845     
 Abd=  3.0054050E+07
 Catch=   291621.992788386     
 Abd=   1325342.    
 Catch=   769214.274327631     
 Abd=   937336.6    
 Catch=   492697.301694331     
 Abd=   3112930.    
 Catch=   183539.661234735     
 Abd=   359255.5    
 Catch=   213.620712992673     
 Abd=   2548.689    
 Catch=   15279.7003273275     
 Abd=   219903.7    
 Catch=   800926.920188752     
 Abd=   581068.9    
 Catch=   1325473.99904788     
 Abd=   952429.1    
 Catch=   89186.1849328497     
 Abd=   578679.8    
 Catch=   3097.22503994219     
 Abd=   51625.75    
 Catch=   4636704.24661149     
 Abd=  1.8399394E+07
 Catch=   2241566.38198535     
 Abd=   9741614.    
 Catch=   852547.021618229     
 Abd=   1560001.    
 Catch=   2066776.69921281     
 Abd=   4737967.    
 Catch=   495968.443568626     
 Abd=   1707814.    
 Catch=   61511982.1353161     
 Abd=  1.2106934E+08
 Catch=   2831641.66151707     
 Abd=  1.8372772E+07
 Catch=   4503691.54984803     
 Abd=  2.2600252E+07
 Catch=   524028.541752600     
 Abd=   1804382.    
 Catch=   432587.106200127     
 Abd=   3950386.    
 Catch=   795319.129181735     
 Abd=   752290.4    
 Catch=   927878.091112432     
 Abd=   719631.2    
 Catch=   125729.582271213     
 Abd=   153225.2    
 Catch=   40302.9024399373     
 Abd=   28163.05    
 Catch=   4996372.22866693     
 Abd=  1.0295514E+07
 Catch=   533250.884720118     
 Abd=   1166136.    
 Catch=   8636985.13619125     
 Abd=  3.2017484E+07
 Catch=   448511.844589932     
 Abd=   6190219.    
 Catch=   408422.039091368     
 Abd=   4347019.    
 Catch=   3928373.23833980     
 Abd=   1240782.    
 Catch=   3928373.23833980     
 Abd=   1240782.    
 Catch=   145067.493889539     
 Abd=   45819.19    
 Catch=   1231610.06214700     
 Abd=  1.6070268E+07
 Catch=   518575.922806112     
 Abd=   3708252.    
 Catch=   20328155.6012486     
 Abd=  3.3934851E+08
 Catch=   2982573.40104767     
 Abd=  3.0028380E+07
 Catch=   4956037.16516587     
 Abd=  3.6208512E+07
 Time step =         1883
 Catch=   10977070.2646150     
 Abd=  3.0054060E+07
 Catch=   291621.245769545     
 Abd=   1325338.    
 Catch=   769214.369937051     
 Abd=   937336.9    
 Catch=   492695.541174441     
 Abd=   3112916.    
 Catch=   183539.717806724     
 Abd=   359255.6    
 Catch=   213.563669440565     
 Abd=   2548.023    
 Catch=   15271.5918703402     
 Abd=   219788.8    
 Catch=   800926.981907607     
 Abd=   581068.8    
 Catch=   1325473.81143089     
 Abd=   952429.1    
 Catch=   89184.2250340320     
 Abd=   578667.5    
 Catch=   3087.41719593418     
 Abd=   51463.74    
 Catch=   4636704.73270387     
 Abd=  1.8399396E+07
 Catch=   2241562.20010074     
 Abd=   9741596.    
 Catch=   852547.039305951     
 Abd=   1560001.    
 Catch=   2066774.76903274     
 Abd=   4737964.    
 Catch=   495967.557306389     
 Abd=   1707812.    
 Catch=   61511979.4908756     
 Abd=  1.2106926E+08
 Catch=   2831617.23694064     
 Abd=  1.8372584E+07
 Catch=   4503692.34434600     
 Abd=  2.2600252E+07
 Catch=   524028.567973721     
 Abd=   1804383.    
 Catch=   432269.184474312     
 Abd=   3947524.    
 Catch=   795319.139537098     
 Abd=   752290.6    
 Catch=   927878.029259798     
 Abd=   719631.1    
 Catch=   125729.555750300     
 Abd=   153225.1    
 Catch=   40302.9024400195     
 Abd=   28163.05    
 Catch=   4996369.73478687     
 Abd=  1.0295518E+07
 Catch=   533250.733239403     
 Abd=   1166135.    
 Catch=   8636985.32413648     
 Abd=  3.2017480E+07
 Catch=   448492.800108783     
 Abd=   6190004.    
 Catch=   408389.663197119     
 Abd=   4346678.    
 Catch=   3928373.11696704     
 Abd=   1240782.    
 Catch=   3928373.11696704     
 Abd=   1240782.    
 Catch=   145067.493889361     
 Abd=   45819.19    
 Catch=   1231443.27435801     
 Abd=  1.6068145E+07
 Catch=   518548.903615258     
 Abd=   3708064.    
 Catch=   20326204.1600409     
 Abd=  3.3931872E+08
 Catch=   2982475.03822742     
 Abd=  3.0027462E+07
 Catch=   4955918.50852756     
 Abd=  3.6207636E+07
 Time step =         1884
 Catch=   10977065.7756088     
 Abd=  3.0054010E+07
 Catch=   291620.299376142     
 Abd=   1325334.    
 Catch=   769214.340989739     
 Abd=   937336.8    
 Catch=   492693.605898684     
 Abd=   3112899.    
 Catch=   183539.761329300     
 Abd=   359255.6    
 Catch=   213.508727143582     
 Abd=   2547.342    
 Catch=   15263.7508398164     
 Abd=   219677.7    
 Catch=   800926.824501434     
 Abd=   581068.8    
 Catch=   1325473.88868161     
 Abd=   952429.1    
 Catch=   89182.3965175674     
 Abd=   578656.1    
 Catch=   3077.80720826496     
 Abd=   51304.83    
 Catch=   4636705.32515038     
 Abd=  1.8399398E+07
 Catch=   2241557.39510271     
 Abd=   9741584.    
 Catch=   852546.826140232     
 Abd=   1560001.    
 Catch=   2066775.80206062     
 Abd=   4737969.    
 Catch=   495966.954885242     
 Abd=   1707811.    
 Catch=   61511980.4128809     
 Abd=  1.2106933E+08
 Catch=   2831586.78663397     
 Abd=  1.8372410E+07
 Catch=   4503691.73722055     
 Abd=  2.2600252E+07
 Catch=   524028.815732351     
 Abd=   1804383.    
 Catch=   431960.826792216     
 Abd=   3944750.    
 Catch=   795319.160796321     
 Abd=   752290.4    
 Catch=   927877.779720036     
 Abd=   719630.9    
 Catch=   125729.506190252     
 Abd=   153225.1    
 Catch=   40302.9024399921     
 Abd=   28163.05    
 Catch=   4996372.45737449     
 Abd=  1.0295516E+07
 Catch=   533250.593760966     
 Abd=   1166135.    
 Catch=   8636985.72250942     
 Abd=  3.2017484E+07
 Catch=   448477.640360556     
 Abd=   6189779.    
 Catch=   408358.448068780     
 Abd=   4346352.    
 Catch=   3928373.04401117     
 Abd=   1240782.    
 Catch=   3928373.04401117     
 Abd=   1240782.    
 Catch=   145067.493889598     
 Abd=   45819.19    
 Catch=   1231284.59273150     
 Abd=  1.6066118E+07
 Catch=   518523.279715035     
 Abd=   3707884.    
 Catch=   20324273.1813638     
 Abd=  3.3928602E+08
 Catch=   2982382.77703933     
 Abd=  3.0026534E+07
 Catch=   4955814.67489695     
 Abd=  3.6206948E+07
 Time step =         1885
 Catch=   10977061.2289966     
 Abd=  3.0054044E+07
 Catch=   291619.697901051     
 Abd=   1325332.    
 Catch=   769214.238223609     
 Abd=   937336.8    
 Catch=   492690.316990387     
 Abd=   3112878.    
 Catch=   183539.690546890     
 Abd=   359255.4    
 Catch=   213.446003428684     
 Abd=   2546.558    
 Catch=   15256.1664451392     
 Abd=   219570.6    
 Catch=   800926.803217484     
 Abd=   581068.8    
 Catch=   1325474.01707362     
 Abd=   952429.1    
 Catch=   89180.7104619799     
 Abd=   578645.6    
 Catch=   3068.37081295011     
 Abd=   51148.62    
 Catch=   4636706.31101539     
 Abd=  1.8399398E+07
 Catch=   2241556.44437680     
 Abd=   9741578.    
 Catch=   852546.681076183     
 Abd=   1560001.    
 Catch=   2066776.97797936     
 Abd=   4737969.    
 Catch=   495966.571270534     
 Abd=   1707808.    
 Catch=   61511986.5752036     
 Abd=  1.2106926E+08
 Catch=   2831561.85801141     
 Abd=  1.8372244E+07
 Catch=   4503691.98962854     
 Abd=  2.2600236E+07
 Catch=   524028.926292346     
 Abd=   1804384.    
 Catch=   431661.332784144     
 Abd=   3942052.    
 Catch=   795319.232220091     
 Abd=   752290.4    
 Catch=   927877.779018625     
 Abd=   719631.0    
 Catch=   125729.519744610     
 Abd=   153225.1    
 Catch=   40302.9024399784     
 Abd=   28163.05    
 Catch=   4996370.45206533     
 Abd=  1.0295516E+07
 Catch=   533250.758749713     
 Abd=   1166135.    
 Catch=   8636985.92335103     
 Abd=  3.2017488E+07
 Catch=   448462.330336402     
 Abd=   6189600.    
 Catch=   408328.808721687     
 Abd=   4346046.    
 Catch=   3928373.26197640     
 Abd=   1240782.    
 Catch=   3928373.26197640     
 Abd=   1240782.    
 Catch=   145067.493889421     
 Abd=   45819.19    
 Catch=   1231133.10094236     
 Abd=  1.6064198E+07
 Catch=   518498.323373799     
 Abd=   3707708.    
 Catch=   20322161.7940378     
 Abd=  3.3924746E+08
 Catch=   2982296.44040645     
 Abd=  3.0025648E+07
 Catch=   4955724.36273359     
 Abd=  3.6206336E+07
 Time step =         1886
 Catch=   10977062.6091842     
 Abd=  3.0054024E+07
 Catch=   291618.629126753     
 Abd=   1325326.    
 Catch=   769214.291365092     
 Abd=   937336.8    
 Catch=   492686.887207651     
 Abd=   3112859.    
 Catch=   183539.610406510     
 Abd=   359255.4    
 Catch=   213.380932427393     
 Abd=   2545.790    
 Catch=   15248.8517799490     
 Abd=   219466.8    
 Catch=   800926.794882025     
 Abd=   581068.8    
 Catch=   1325474.21078436     
 Abd=   952429.4    
 Catch=   89179.0939369582     
 Abd=   578634.7    
 Catch=   3059.10543193539     
 Abd=   50995.52    
 Catch=   4636709.25866207     
 Abd=  1.8399410E+07
 Catch=   2241553.83575694     
 Abd=   9741562.    
 Catch=   852546.715372120     
 Abd=   1560001.    
 Catch=   2066775.86681207     
 Abd=   4737965.    
 Catch=   495966.161486910     
 Abd=   1707808.    
 Catch=   61511967.8654576     
 Abd=  1.2106931E+08
 Catch=   2831537.89508896     
 Abd=  1.8372124E+07
 Catch=   4503689.25342526     
 Abd=  2.2600244E+07
 Catch=   524029.054776357     
 Abd=   1804384.    
 Catch=   431370.402826667     
 Abd=   3939434.    
 Catch=   795319.154900494     
 Abd=   752290.4    
 Catch=   927877.964712246     
 Abd=   719631.2    
 Catch=   125729.518350507     
 Abd=   153225.1    
 Catch=   40302.9024399647     
 Abd=   28163.05    
 Catch=   4996371.48713568     
 Abd=  1.0295514E+07
 Catch=   533251.024937681     
 Abd=   1166136.    
 Catch=   8636986.05629954     
 Abd=  3.2017486E+07
 Catch=   448448.501342701     
 Abd=   6189375.    
 Catch=   408300.630304403     
 Abd=   4345751.    
 Catch=   3928372.78754953     
 Abd=   1240782.    
 Catch=   3928372.78754953     
 Abd=   1240782.    
 Catch=   145067.493889716     
 Abd=   45819.19    
 Catch=   1230989.46247803     
 Abd=  1.6062370E+07
 Catch=   518473.994019159     
 Abd=   3707537.    
 Catch=   20319928.2836451     
 Abd=  3.3921181E+08
 Catch=   2982211.37124808     
 Abd=  3.0024796E+07
 Catch=   4955649.27088793     
 Abd=  3.6205892E+07
 Time step =         1887
 Catch=   10977053.4631713     
 Abd=  3.0053976E+07
 Catch=   291617.396655791     
 Abd=   1325320.    
 Catch=   769214.303418918     
 Abd=   937336.8    
 Catch=   492684.223024740     
 Abd=   3112844.    
 Catch=   183539.666082019     
 Abd=   359255.6    
 Catch=   213.313667463513     
 Abd=   2544.928    
 Catch=   15241.7520476046     
 Abd=   219366.5    
 Catch=   800926.742835038     
 Abd=   581068.8    
 Catch=   1325473.94627943     
 Abd=   952429.2    
 Catch=   89177.5195250292     
 Abd=   578625.2    
 Catch=   3050.02584522859     
 Abd=   50845.45    
 Catch=   4636708.08181315     
 Abd=  1.8399396E+07
 Catch=   2241550.13955047     
 Abd=   9741550.    
 Catch=   852546.845107373     
 Abd=   1560001.    
 Catch=   2066774.70938117     
 Abd=   4737964.    
 Catch=   495965.825295727     
 Abd=   1707806.    
 Catch=   61511963.5916671     
 Abd=  1.2106928E+08
 Catch=   2831525.93426994     
 Abd=  1.8372060E+07
 Catch=   4503688.83317839     
 Abd=  2.2600228E+07
 Catch=   524029.068220565     
 Abd=   1804384.    
 Catch=   431087.734945304     
 Abd=   3936888.    
 Catch=   795319.093204492     
 Abd=   752290.2    
 Catch=   927878.083633796     
 Abd=   719631.2    
 Catch=   125729.529920184     
 Abd=   153225.1    
 Catch=   40302.9024399373     
 Abd=   28163.05    
 Catch=   4996369.66383483     
 Abd=  1.0295514E+07
 Catch=   533251.154121329     
 Abd=   1166136.    
 Catch=   8636984.82857729     
 Abd=  3.2017480E+07
 Catch=   448431.668807397     
 Abd=   6189164.    
 Catch=   408273.346202017     
 Abd=   4345466.    
 Catch=   3928372.55184497     
 Abd=   1240782.    
 Catch=   3928372.55184497     
 Abd=   1240782.    
 Catch=   145067.493889539     
 Abd=   45819.19    
 Catch=   1230853.14614820     
 Abd=  1.6060640E+07
 Catch=   518450.766789869     
 Abd=   3707376.    
 Catch=   20317808.3894405     
 Abd=  3.3917878E+08
 Catch=   2982126.13926815     
 Abd=  3.0023976E+07
 Catch=   4955602.94117003     
 Abd=  3.6205652E+07
 Time step =         1888
 Catch=   10977048.1307287     
 Abd=  3.0053996E+07
 Catch=   291615.607031042     
 Abd=   1325310.    
 Catch=   769214.117420419     
 Abd=   937336.6    
 Catch=   492682.067097583     
 Abd=   3112829.    
 Catch=   183539.733987074     
 Abd=   359255.7    
 Catch=   213.240851501557     
 Abd=   2544.083    
 Catch=   15234.8817066755     
 Abd=   219269.1    
 Catch=   800926.756613659     
 Abd=   581068.6    
 Catch=   1325474.05102668     
 Abd=   952429.1    
 Catch=   89176.0336719730     
 Abd=   578615.4    
 Catch=   3041.11867369356     
 Abd=   50698.14    
 Catch=   4636702.82780410     
 Abd=  1.8399388E+07
 Catch=   2241547.66175500     
 Abd=   9741540.    
 Catch=   852547.070083986     
 Abd=   1560002.    
 Catch=   2066774.89011771     
 Abd=   4737966.    
 Catch=   495965.530121491     
 Abd=   1707806.    
 Catch=   61511975.0647496     
 Abd=  1.2106930E+08
 Catch=   2831511.04077734     
 Abd=  1.8371944E+07
 Catch=   4503687.95070517     
 Abd=  2.2600228E+07
 Catch=   524029.075198479     
 Abd=   1804384.    
 Catch=   430812.920416044     
 Abd=   3934413.    
 Catch=   795319.247713307     
 Abd=   752290.6    
 Catch=   927877.945935679     
 Abd=   719631.2    
 Catch=   125729.540041131     
 Abd=   153225.1    
 Catch=   40302.9024400195     
 Abd=   28163.05    
 Catch=   4996370.32845354     
 Abd=  1.0295514E+07
 Catch=   533251.126553189     
 Abd=   1166136.    
 Catch=   8636983.88603662     
 Abd=  3.2017476E+07
 Catch=   448420.469084662     
 Abd=   6189052.    
 Catch=   408247.242484831     
 Abd=   4345194.    
 Catch=   3928372.90539663     
 Abd=   1240782.    
 Catch=   3928372.90539663     
 Abd=   1240782.    
 Catch=   145067.493889361     
 Abd=   45819.19    
 Catch=   1230724.16519009     
 Abd=  1.6059000E+07
 Catch=   518428.833653146     
 Abd=   3707220.    
 Catch=   20316195.7055957     
 Abd=  3.3915683E+08
 Catch=   2982044.59151210     
 Abd=  3.0023180E+07
 Catch=   4955572.20723207     
 Abd=  3.6205400E+07
 Time step =         1889
 Catch=   10977049.9189516     
 Abd=  3.0054000E+07
 Catch=   291613.307684797     
 Abd=   1325299.    
 Catch=   769214.416071573     
 Abd=   937336.9    
 Catch=   492679.251559988     
 Abd=   3112814.    
 Catch=   183539.710465579     
 Abd=   359255.5    
 Catch=   213.172464652424     
 Abd=   2543.295    
 Catch=   15228.2093727604     
 Abd=   219174.4    
 Catch=   800926.891268070     
 Abd=   581069.0    
 Catch=   1325473.82572868     
 Abd=   952429.1    
 Catch=   89174.5316088153     
 Abd=   578605.9    
 Catch=   3032.37920522891     
 Abd=   50553.63    
 Catch=   4636702.66402308     
 Abd=  1.8399392E+07
 Catch=   2241544.87236009     
 Abd=   9741522.    
 Catch=   852546.961267482     
 Abd=   1560001.    
 Catch=   2066775.97651437     
 Abd=   4737966.    
 Catch=   495965.294018823     
 Abd=   1707805.    
 Catch=   61511980.7776418     
 Abd=  1.2106931E+08
 Catch=   2831491.97160884     
 Abd=  1.8371808E+07
 Catch=   4503687.72892853     
 Abd=  2.2600228E+07
 Catch=   524029.175654412     
 Abd=   1804384.    
 Catch=   430545.978144914     
 Abd=   3932009.    
 Catch=   795319.145986150     
 Abd=   752290.4    
 Catch=   927878.021026998     
 Abd=   719631.2    
 Catch=   125729.535036634     
 Abd=   153225.1    
 Catch=   40302.9024399921     
 Abd=   28163.05    
 Catch=   4996370.94115345     
 Abd=  1.0295514E+07
 Catch=   533250.755954945     
 Abd=   1166135.    
 Catch=   8636985.55630879     
 Abd=  3.2017480E+07
 Catch=   448410.911017536     
 Abd=   6188895.    
 Catch=   408221.910319483     
 Abd=   4344932.    
 Catch=   3928372.67286891     
 Abd=   1240782.    
 Catch=   3928372.67286891     
 Abd=   1240782.    
 Catch=   145067.493889598     
 Abd=   45819.19    
 Catch=   1230601.06750243     
 Abd=  1.6057429E+07
 Catch=   518407.142112629     
 Abd=   3707068.    
 Catch=   20314790.7691017     
 Abd=  3.3913149E+08
 Catch=   2981967.24539152     
 Abd=  3.0022434E+07
 Catch=   4955531.50419674     
 Abd=  3.6205080E+07
 Time step =         1890
 Catch=   10977041.6062261     
 Abd=  3.0053944E+07
 Catch=   291610.579423147     
 Abd=   1325285.    
 Catch=   769214.652797835     
 Abd=   937337.4    
 Catch=   492677.153455488     
 Abd=   3112800.    
 Catch=   183539.666971127     
 Abd=   359255.5    
 Catch=   213.108547929702     
 Abd=   2542.557    
 Catch=   15221.7110517934     
 Abd=   219082.3    
 Catch=   800927.334240320     
 Abd=   581068.9    
 Catch=   1325473.90752861     
 Abd=   952429.2    
 Catch=   89173.0667484032     
 Abd=   578596.6    
 Catch=   3023.81080371131     
 Abd=   50412.01    
 Catch=   4636704.14647151     
 Abd=  1.8399392E+07
 Catch=   2241542.16101849     
 Abd=   9741514.    
 Catch=   852546.997025908     
 Abd=   1560001.    
 Catch=   2066776.25358232     
 Abd=   4737966.    
 Catch=   495964.919826895     
 Abd=   1707804.    
 Catch=   61511958.1352333     
 Abd=  1.2106918E+08
 Catch=   2831471.85376121     
 Abd=  1.8371684E+07
 Catch=   4503687.76184081     
 Abd=  2.2600236E+07
 Catch=   524028.844335390     
 Abd=   1804382.    
 Catch=   430286.522642915     
 Abd=   3929674.    
 Catch=   795319.183200444     
 Abd=   752290.4    
 Catch=   927878.115640736     
 Abd=   719631.2    
 Catch=   125729.518063779     
 Abd=   153225.1    
 Catch=   40302.9024399784     
 Abd=   28163.05    
 Catch=   4996369.27777524     
 Abd=  1.0295514E+07
 Catch=   533250.649085938     
 Abd=   1166135.    
 Catch=   8636983.78431204     
 Abd=  3.2017474E+07
 Catch=   448398.506712958     
 Abd=   6188724.    
 Catch=   408197.734695520     
 Abd=   4344675.    
 Catch=   3928373.28869700     
 Abd=   1240782.    
 Catch=   3928373.28869700     
 Abd=   1240782.    
 Catch=   145067.493889421     
 Abd=   45819.19    
 Catch=   1230484.13437114     
 Abd=  1.6055942E+07
 Catch=   518386.474469059     
 Abd=   3706923.    
 Catch=   20313384.4779252     
 Abd=  3.3911030E+08
 Catch=   2981900.55334757     
 Abd=  3.0021740E+07
 Catch=   4955500.22015189     
 Abd=  3.6204932E+07
 Time step =         1891
 Catch=   10977035.2746146     
 Abd=  3.0053938E+07
 Catch=   291607.424584942     
 Abd=   1325271.    
 Catch=   769214.732972206     
 Abd=   937337.2    
 Catch=   492674.973379877     
 Abd=   3112785.    
 Catch=   183539.643640349     
 Abd=   359255.3    
 Catch=   213.048759636936     
 Abd=   2541.868    
 Catch=   15215.4138531136     
 Abd=   218992.9    
 Catch=   800927.022578452     
 Abd=   581069.0    
 Catch=   1325474.37070749     
 Abd=   952429.3    
 Catch=   89171.6754476429     
 Abd=   578587.6    
 Catch=   3015.41376807758     
 Abd=   50273.32    
 Catch=   4636703.82829509     
 Abd=  1.8399394E+07
 Catch=   2241540.73155676     
 Abd=   9741511.    
 Catch=   852546.764492260     
 Abd=   1560001.    
 Catch=   2066774.86565863     
 Abd=   4737963.    
 Catch=   495964.766132042     
 Abd=   1707803.    
 Catch=   61511956.5587347     
 Abd=  1.2106931E+08
 Catch=   2831450.59700173     
 Abd=  1.8371536E+07
 Catch=   4503688.73899815     
 Abd=  2.2600224E+07
 Catch=   524028.477989628     
 Abd=   1804382.    
 Catch=   430034.525737456     
 Abd=   3927404.    
 Catch=   795319.129186949     
 Abd=   752290.4    
 Catch=   927878.083791292     
 Abd=   719631.4    
 Catch=   125729.523427599     
 Abd=   153225.2    
 Catch=   40302.9024399647     
 Abd=   28163.05    
 Catch=   4996372.11374026     
 Abd=  1.0295512E+07
 Catch=   533250.609916519     
 Abd=   1166135.    
 Catch=   8636983.89421235     
 Abd=  3.2017478E+07
 Catch=   448387.717417524     
 Abd=   6188574.    
 Catch=   408174.556713108     
 Abd=   4344439.    
 Catch=   3928372.43014941     
 Abd=   1240782.    
 Catch=   3928372.43014941     
 Abd=   1240782.    
 Catch=   145067.493889716     
 Abd=   45819.19    
 Catch=   1230372.77702185     
 Abd=  1.6054526E+07
 Catch=   518366.397926645     
 Abd=   3706782.    
 Catch=   20312167.3752458     
 Abd=  3.3908941E+08
 Catch=   2981831.55164602     
 Abd=  3.0021088E+07
 Catch=   4955477.77918077     
 Abd=  3.6204768E+07
 Time step =         1892
 Catch=   10977031.0624829     
 Abd=  3.0053920E+07
 Catch=   291604.496236476     
 Abd=   1325258.    
 Catch=   769214.626640823     
 Abd=   937337.2    
 Catch=   492673.249638477     
 Abd=   3112779.    
 Catch=   183539.537228599     
 Abd=   359255.2    
 Catch=   212.992817728754     
 Abd=   2541.221    
 Catch=   15209.2981877628     
 Abd=   218905.6    
 Catch=   800926.979800611     
 Abd=   581068.8    
 Catch=   1325474.51389820     
 Abd=   952429.4    
 Catch=   89170.3021951880     
 Abd=   578578.7    
 Catch=   3007.18738848818     
 Abd=   50137.29    
 Catch=   4636703.99309381     
 Abd=  1.8399400E+07
 Catch=   2241539.01897895     
 Abd=   9741492.    
 Catch=   852546.869462179     
 Abd=   1560001.    
 Catch=   2066775.19432084     
 Abd=   4737965.    
 Catch=   495964.417268026     
 Abd=   1707802.    
 Catch=   61511952.5518304     
 Abd=  1.2106920E+08
 Catch=   2831427.72584976     
 Abd=  1.8371392E+07
 Catch=   4503687.07821196     
 Abd=  2.2600230E+07
 Catch=   524028.628271710     
 Abd=   1804383.    
 Catch=   429789.454119819     
 Abd=   3925196.    
 Catch=   795319.235199099     
 Abd=   752290.4    
 Catch=   927878.282570398     
 Abd=   719631.4    
 Catch=   125729.518429612     
 Abd=   153225.1    
 Catch=   40302.9024399373     
 Abd=   28163.05    
 Catch=   4996369.03313823     
 Abd=  1.0295514E+07
 Catch=   533250.847823246     
 Abd=   1166136.    
 Catch=   8636984.71234994     
 Abd=  3.2017480E+07
 Catch=   448374.693836009     
 Abd=   6188417.    
 Catch=   408152.808568519     
 Abd=   4344212.    
 Catch=   3928372.86537389     
 Abd=   1240782.    
 Catch=   3928372.86537389     
 Abd=   1240782.    
 Catch=   145067.493889539     
 Abd=   45819.19    
 Catch=   1230266.39669650     
 Abd=  1.6053166E+07
 Catch=   518347.368794047     
 Abd=   3706649.    
 Catch=   20310736.1367469     
 Abd=  3.3906509E+08
 Catch=   2981766.61240600     
 Abd=  3.0020452E+07
 Catch=   4955459.26651203     
 Abd=  3.6204592E+07
 Time step =         1893
 Catch=   10977023.5508310     
 Abd=  3.0053890E+07
 Catch=   291602.113171411     
 Abd=   1325247.    
 Catch=   769214.549704791     
 Abd=   937336.9    
 Catch=   492672.027076790     
 Abd=   3112768.    
 Catch=   183539.540233566     
 Abd=   359255.3    
 Catch=   212.940362938338     
 Abd=   2540.617    
 Catch=   15203.3356147026     
 Abd=   218821.2    
 Catch=   800926.849859321     
 Abd=   581068.9    
 Catch=   1325473.92303956     
 Abd=   952428.9    
 Catch=   89168.9550960132     
 Abd=   578570.1    
 Catch=   2999.11238938186     
 Abd=   50003.66    
 Catch=   4636704.36780563     
 Abd=  1.8399392E+07
 Catch=   2241534.95624431     
 Abd=   9741478.    
 Catch=   852546.809651701     
 Abd=   1560001.    
 Catch=   2066774.67977759     
 Abd=   4737963.    
 Catch=   495964.199346254     
 Abd=   1707801.    
 Catch=   61511930.8794115     
 Abd=  1.2106923E+08
 Catch=   2831409.27211941     
 Abd=  1.8371316E+07
 Catch=   4503687.65292397     
 Abd=  2.2600220E+07
 Catch=   524028.832416254     
 Abd=   1804383.    
 Catch=   429550.886338084     
 Abd=   3923047.    
 Catch=   795319.185441102     
 Abd=   752290.4    
 Catch=   927878.209583751     
 Abd=   719631.4    
 Catch=   125729.533985432     
 Abd=   153225.1    
 Catch=   40302.9024400195     
 Abd=   28163.05    
 Catch=   4996371.83973815     
 Abd=  1.0295512E+07
 Catch=   533250.869969847     
 Abd=   1166136.    
 Catch=   8636984.33251346     
 Abd=  3.2017476E+07
 Catch=   448368.125760171     
 Abd=   6188357.    
 Catch=   408131.481522645     
 Abd=   4343986.    
 Catch=   3928372.89927325     
 Abd=   1240782.    
 Catch=   3928372.89927325     
 Abd=   1240782.    
 Catch=   145067.493889361     
 Abd=   45819.19    
 Catch=   1230165.60959908     
 Abd=  1.6051888E+07
 Catch=   518328.960285753     
 Abd=   3706520.    
 Catch=   20309463.2869023     
 Abd=  3.3904333E+08
 Catch=   2981701.07502265     
 Abd=  3.0019764E+07
 Catch=   4955426.55676346     
 Abd=  3.6204296E+07
 Time step =         1894
 Catch=   10977015.7744438     
 Abd=  3.0053866E+07
 Catch=   291599.778950777     
 Abd=   1325236.    
 Catch=   769214.419993012     
 Abd=   937336.9    
 Catch=   492670.583958046     
 Abd=   3112759.    
 Catch=   183539.543287675     
 Abd=   359255.3    
 Catch=   212.891399097433     
 Abd=   2540.051    
 Catch=   15197.5392497444     
 Abd=   218739.1    
 Catch=   800927.240216975     
 Abd=   581068.9    
 Catch=   1325473.93809428     
 Abd=   952429.2    
 Catch=   89167.6876580320     
 Abd=   578562.2    
 Catch=   2991.18777788423     
 Abd=   49872.68    
 Catch=   4636704.51824169     
 Abd=  1.8399390E+07
 Catch=   2241531.66447627     
 Abd=   9741462.    
 Catch=   852547.056359892     
 Abd=   1560002.    
 Catch=   2066774.84426324     
 Abd=   4737965.    
 Catch=   495964.043007778     
 Abd=   1707801.    
 Catch=   61511916.6483398     
 Abd=  1.2106912E+08
 Catch=   2831399.72103329     
 Abd=  1.8371256E+07
 Catch=   4503686.17508594     
 Abd=  2.2600224E+07
 Catch=   524028.706362525     
 Abd=   1804382.    
 Catch=   429318.905251024     
 Abd=   3920955.    
 Catch=   795319.273183794     
 Abd=   752290.4    
 Catch=   927878.018169745     
 Abd=   719631.0    
 Catch=   125729.531724913     
 Abd=   153225.1    
 Catch=   40302.9024399921     
 Abd=   28163.05    
 Catch=   4996369.45432631     
 Abd=  1.0295514E+07
 Catch=   533250.831913098     
 Abd=   1166135.    
 Catch=   8636984.28986941     
 Abd=  3.2017474E+07
 Catch=   448364.577459749     
 Abd=   6188306.    
 Catch=   408110.887660448     
 Abd=   4343772.    
 Catch=   3928373.21461439     
 Abd=   1240782.    
 Catch=   3928373.21461439     
 Abd=   1240782.    
 Catch=   145067.493889598     
 Abd=   45819.19    
 Catch=   1230070.05465516     
 Abd=  1.6050680E+07
 Catch=   518311.093990662     
 Abd=   3706392.    
 Catch=   20307957.0064127     
 Abd=  3.3901766E+08
 Catch=   2981636.48071144     
 Abd=  3.0019110E+07
 Catch=   4955379.13739004     
 Abd=  3.6203896E+07
 Time step =         1895
 Catch=   10977004.2167165     
 Abd=  3.0053822E+07
 Catch=   291597.397660745     
 Abd=   1325224.    
 Catch=   769214.450599381     
 Abd=   937337.1    
 Catch=   492668.911918456     
 Abd=   3112751.    
 Catch=   183539.596246262     
 Abd=   359255.4    
 Catch=   212.845325713363     
 Abd=   2539.519    
 Catch=   15191.8892196350     
 Abd=   218658.7    
 Catch=   800927.007857046     
 Abd=   581068.9    
 Catch=   1325474.12164555     
 Abd=   952429.1    
 Catch=   89166.4984620126     
 Abd=   578554.6    
 Catch=   2983.41095064975     
 Abd=   49743.94    
 Catch=   4636705.38281255     
 Abd=  1.8399394E+07
 Catch=   2241528.68251007     
 Abd=   9741449.    
 Catch=   852546.973781709     
 Abd=   1560001.    
 Catch=   2066776.20622698     
 Abd=   4737968.    
 Catch=   495963.881937122     
 Abd=   1707800.    
 Catch=   61511894.0577548     
 Abd=  1.2106911E+08
 Catch=   2831390.69397895     
 Abd=  1.8371174E+07
 Catch=   4503689.29657658     
 Abd=  2.2600234E+07
 Catch=   524028.439859242     
 Abd=   1804381.    
 Catch=   429093.145531123     
 Abd=   3918921.    
 Catch=   795319.257505472     
 Abd=   752290.5    
 Catch=   927877.703619801     
 Abd=   719631.1    
 Catch=   125729.529510026     
 Abd=   153225.2    
 Catch=   40302.9024399784     
 Abd=   28163.05    
 Catch=   4996371.71490289     
 Abd=  1.0295517E+07
 Catch=   533250.823646917     
 Abd=   1166136.    
 Catch=   8636983.41158829     
 Abd=  3.2017476E+07
 Catch=   448361.110440750     
 Abd=   6188257.    
 Catch=   408091.135716572     
 Abd=   4343569.    
 Catch=   3928373.22792897     
 Abd=   1240782.    
 Catch=   3928373.22792897     
 Abd=   1240782.    
 Catch=   145067.493889421     
 Abd=   45819.19    
 Catch=   1229979.52603705     
 Abd=  1.6049528E+07
 Catch=   518293.472198865     
 Abd=   3706269.    
 Catch=   20306529.0289889     
 Abd=  3.3899536E+08
 Catch=   2981578.62014790     
 Abd=  3.0018646E+07
 Catch=   4955323.49990744     
 Abd=  3.6203448E+07
 Time step =         1896
 Catch=   10976984.8686317     
 Abd=  3.0053782E+07
 Catch=   291594.459447454     
 Abd=   1325210.    
 Catch=   769214.481391405     
 Abd=   937336.9    
 Catch=   492667.541629940     
 Abd=   3112741.    
 Catch=   183539.681776101     
 Abd=   359255.5    
 Catch=   212.802198671496     
 Abd=   2539.020    
 Catch=   15186.3820869362     
 Abd=   218580.6    
 Catch=   800927.009390561     
 Abd=   581068.8    
 Catch=   1325474.34475501     
 Abd=   952429.3    
 Catch=   89165.3012861997     
 Abd=   578546.8    
 Catch=   2975.76207191356     
 Abd=   49617.35    
 Catch=   4636703.44076766     
 Abd=  1.8399390E+07
 Catch=   2241525.66696102     
 Abd=   9741438.    
 Catch=   852546.972935842     
 Abd=   1560002.    
 Catch=   2066776.63453879     
 Abd=   4737968.    
 Catch=   495963.684180081     
 Abd=   1707800.    
 Catch=   61511885.2228261     
 Abd=  1.2106910E+08
 Catch=   2831376.65123419     
 Abd=  1.8371088E+07
 Catch=   4503687.54217272     
 Abd=  2.2600216E+07
 Catch=   524028.207651660     
 Abd=   1804381.    
 Catch=   428873.245956097     
 Abd=   3916940.    
 Catch=   795319.404101561     
 Abd=   752290.7    
 Catch=   927877.994478208     
 Abd=   719631.3    
 Catch=   125729.535447960     
 Abd=   153225.1    
 Catch=   40302.9024399647     
 Abd=   28163.05    
 Catch=   4996372.04649223     
 Abd=  1.0295514E+07
 Catch=   533250.856502178     
 Abd=   1166136.    
 Catch=   8636984.26619944     
 Abd=  3.2017476E+07
 Catch=   448353.793431758     
 Abd=   6188098.    
 Catch=   408072.360183136     
 Abd=   4343369.    
 Catch=   3928373.20967131     
 Abd=   1240782.    
 Catch=   3928373.20967131     
 Abd=   1240782.    
 Catch=   145067.493889716     
 Abd=   45819.19    
 Catch=   1229893.59312725     
 Abd=  1.6048435E+07
 Catch=   518276.315801870     
 Abd=   3706147.    
 Catch=   20305337.5547176     
 Abd=  3.3897837E+08
 Catch=   2981533.60356497     
 Abd=  3.0018132E+07
 Catch=   4955253.01223741     
 Abd=  3.6202944E+07
 Time step =         1897
 Catch=   10976968.7003918     
 Abd=  3.0053740E+07
 Catch=   291590.962389602     
 Abd=   1325194.    
 Catch=   769214.347826917     
 Abd=   937336.9    
 Catch=   492665.899903839     
 Abd=   3112729.    
 Catch=   183539.672502989     
 Abd=   359255.4    
 Catch=   212.761596762262     
 Abd=   2538.550    
 Catch=   15181.0466740924     
 Abd=   218504.7    
 Catch=   800926.822569954     
 Abd=   581068.8    
 Catch=   1325474.40309003     
 Abd=   952429.4    
 Catch=   89164.1602840373     
 Abd=   578539.9    
 Catch=   2968.24990366698     
 Abd=   49493.16    
 Catch=   4636703.52074447     
 Abd=  1.8399396E+07
 Catch=   2241522.25763649     
 Abd=   9741420.    
 Catch=   852547.456407883     
 Abd=   1560002.    
 Catch=   2066776.34863995     
 Abd=   4737968.    
 Catch=   495963.477182348     
 Abd=   1707799.    
 Catch=   61511879.4889079     
 Abd=  1.2106916E+08
 Catch=   2831366.55897242     
 Abd=  1.8371028E+07
 Catch=   4503686.69944817     
 Abd=  2.2600220E+07
 Catch=   524028.033034757     
 Abd=   1804380.    
 Catch=   428659.420686995     
 Abd=   3915014.    
 Catch=   795319.160828070     
 Abd=   752290.4    
 Catch=   927878.144224607     
 Abd=   719631.2    
 Catch=   125729.495186958     
 Abd=   153225.0    
 Catch=   40302.9024399373     
 Abd=   28163.05    
 Catch=   4996369.43684676     
 Abd=  1.0295512E+07
 Catch=   533250.922602305     
 Abd=   1166136.    
 Catch=   8636982.99864033     
 Abd=  3.2017470E+07
 Catch=   448340.556621932     
 Abd=   6187926.    
 Catch=   408054.241413921     
 Abd=   4343183.    
 Catch=   3928372.90577882     
 Abd=   1240782.    
 Catch=   3928372.90577882     
 Abd=   1240782.    
 Catch=   145067.493889539     
 Abd=   45819.19    
 Catch=   1229811.39431100     
 Abd=  1.6047381E+07
 Catch=   518259.562860368     
 Abd=   3706030.    
 Catch=   20304504.5268645     
 Abd=  3.3896704E+08
 Catch=   2981483.25719009     
 Abd=  3.0017684E+07
 Catch=   4955189.68256261     
 Abd=  3.6202496E+07
 Time step =         1898
 Catch=   10976960.2300353     
 Abd=  3.0053732E+07
 Catch=   291587.301461237     
 Abd=   1325178.    
 Catch=   769214.685556886     
 Abd=   937337.6    
 Catch=   492663.767302762     
 Abd=   3112714.    
 Catch=   183539.652550101     
 Abd=   359255.5    
 Catch=   212.723441029369     
 Abd=   2538.108    
 Catch=   15175.8849648947     
 Abd=   218431.7    
 Catch=   800926.841423841     
 Abd=   581068.8    
 Catch=   1325474.03553033     
 Abd=   952428.8    
 Catch=   89163.1300026561     
 Abd=   578533.4    
 Catch=   2960.88050550399     
 Abd=   49371.27    
 Catch=   4636704.80891246     
 Abd=  1.8399392E+07
 Catch=   2241517.59342212     
 Abd=   9741392.    
 Catch=   852547.384708900     
 Abd=   1560002.    
 Catch=   2066776.10041534     
 Abd=   4737967.    
 Catch=   495963.284781199     
 Abd=   1707799.    
 Catch=   61511882.4449342     
 Abd=  1.2106906E+08
 Catch=   2831352.41319189     
 Abd=  1.8370916E+07
 Catch=   4503689.50251869     
 Abd=  2.2600246E+07
 Catch=   524027.949767623     
 Abd=   1804380.    
 Catch=   428451.469841971     
 Abd=   3913140.    
 Catch=   795319.253637487     
 Abd=   752290.6    
 Catch=   927878.027359043     
 Abd=   719631.3    
 Catch=   125729.518300071     
 Abd=   153225.1    
 Catch=   40302.9024400195     
 Abd=   28163.05    
 Catch=   4996370.65812654     
 Abd=  1.0295516E+07
 Catch=   533250.804189592     
 Abd=   1166135.    
 Catch=   8636983.34227888     
 Abd=  3.2017480E+07
 Catch=   448330.689809023     
 Abd=   6187817.    
 Catch=   408036.772524564     
 Abd=   4342998.    
 Catch=   3928373.27089188     
 Abd=   1240782.    
 Catch=   3928373.27089188     
 Abd=   1240782.    
 Catch=   145067.493889361     
 Abd=   45819.19    
 Catch=   1229732.39704481     
 Abd=  1.6046370E+07
 Catch=   518243.845556953     
 Abd=   3705920.    
 Catch=   20303809.3744092     
 Abd=  3.3895347E+08
 Catch=   2981434.15282213     
 Abd=  3.0017118E+07
 Catch=   4955125.80526065     
 Abd=  3.6201944E+07
 Time step =         1899
 Catch=   10976953.7453656     
 Abd=  3.0053728E+07
 Catch=   291584.282972153     
 Abd=   1325165.    
 Catch=   769214.842877560     
 Abd=   937337.2    
 Catch=   492661.516248819     
 Abd=   3112704.    
 Catch=   183539.719401140     
 Abd=   359255.6    
 Catch=   212.687512743833     
 Abd=   2537.693    
 Catch=   15170.8785119553     
 Abd=   218360.6    
 Catch=   800926.818400668     
 Abd=   581068.9    
 Catch=   1325473.76729534     
 Abd=   952429.1    
 Catch=   89162.1551439248     
 Abd=   578527.0    
 Catch=   2953.64297503946     
 Abd=   49251.52    
 Catch=   4636704.02777995     
 Abd=  1.8399390E+07
 Catch=   2241512.64123703     
 Abd=   9741368.    
 Catch=   852547.273360286     
 Abd=   1560002.    
 Catch=   2066776.90984388     
 Abd=   4737970.    
 Catch=   495963.060462058     
 Abd=   1707797.    
 Catch=   61511867.6745799     
 Abd=  1.2106910E+08
 Catch=   2831335.13258111     
 Abd=  1.8370824E+07
 Catch=   4503693.90705134     
 Abd=  2.2600256E+07
 Catch=   524028.004262632     
 Abd=   1804380.    
 Catch=   428249.298945411     
 Abd=   3911318.    
 Catch=   795319.272434355     
 Abd=   752290.7    
 Catch=   927877.877251150     
 Abd=   719630.9    
 Catch=   125729.550415244     
 Abd=   153225.1    
 Catch=   40302.9024399921     
 Abd=   28163.05    
 Catch=   4996371.27442235     
 Abd=  1.0295516E+07
 Catch=   533250.890268270     
 Abd=   1166135.    
 Catch=   8636983.39617119     
 Abd=  3.2017478E+07
 Catch=   448321.030775190     
 Abd=   6187655.    
 Catch=   408019.922270639     
 Abd=   4342818.    
 Catch=   3928373.19592142     
 Abd=   1240782.    
 Catch=   3928373.19592142     
 Abd=   1240782.    
 Catch=   145067.493889598     
 Abd=   45819.19    
 Catch=   1229657.20258495     
 Abd=  1.6045424E+07
 Catch=   518228.150552309     
 Abd=   3705809.    
 Catch=   20302997.4050770     
 Abd=  3.3894074E+08
 Catch=   2981380.13359708     
 Abd=  3.0016626E+07
 Catch=   4955040.58098228     
 Abd=  3.6201352E+07
 Time step =         1900
 Catch=   10976950.7372766     
 Abd=  3.0053706E+07
 Catch=   291581.147852581     
 Abd=   1325150.    
 Catch=   769214.615619917     
 Abd=   937337.1    
 Catch=   492659.995139026     
 Abd=   3112697.    
 Catch=   183539.655291747     
 Abd=   359255.4    
 Catch=   212.653618135801     
 Abd=   2537.300    
 Catch=   15166.0304081313     
 Abd=   218292.4    
 Catch=   800927.030048481     
 Abd=   581068.9    
 Catch=   1325474.06171787     
 Abd=   952429.2    
 Catch=   89161.1898588519     
 Abd=   578521.4    
 Catch=   2946.54174426146     
 Abd=   49134.20    
 Catch=   4636703.84199747     
 Abd=  1.8399394E+07
 Catch=   2241507.83573175     
 Abd=   9741349.    
 Catch=   852547.301480377     
 Abd=   1560002.    
 Catch=   2066776.57998138     
 Abd=   4737967.    
 Catch=   495962.610772819     
 Abd=   1707796.    
 Catch=   61511858.7036765     
 Abd=  1.2106901E+08
 Catch=   2831327.01288368     
 Abd=  1.8370772E+07
 Catch=   4503697.02651129     
 Abd=  2.2600272E+07
 Catch=   524027.825058835     
 Abd=   1804379.    
 Catch=   428052.080221546     
 Abd=   3909539.    
 Catch=   795319.360961871     
 Abd=   752290.8    
 Catch=   927877.949163000     
 Abd=   719631.4    
 Catch=   125729.523566843     
 Abd=   153225.1    
 Catch=   40302.9024399784     
 Abd=   28163.05    
 Catch=   4996375.71667514     
 Abd=  1.0295526E+07
 Catch=   533250.633510066     
 Abd=   1166135.    
 Catch=   8636984.23694699     
 Abd=  3.2017474E+07
 Catch=   448310.024311720     
 Abd=   6187504.    
 Catch=   408003.332540863     
 Abd=   4342649.    
 Catch=   3928373.10741583     
 Abd=   1240782.    
 Catch=   3928373.10741583     
 Abd=   1240782.    
 Catch=   145067.493889421     
 Abd=   45819.19    
 Catch=   1229586.17381062     
 Abd=  1.6044515E+07
 Catch=   518213.110595217     
 Abd=   3705704.    
 Catch=   20302211.6519450     
 Abd=  3.3892832E+08
 Catch=   2981329.31379611     
 Abd=  3.0016142E+07
 Catch=   4954967.08694981     
 Abd=  3.6200904E+07
 Time step =         1861
 Catch=   10976946.3974969     
 Abd=  3.0053700E+07
 Catch=   291578.083605658     
 Abd=   1325139.    
 Catch=   769214.479535965     
 Abd=   937336.8    
 Catch=   492659.340457011     
 Abd=   3112696.    
 Catch=   183539.654763794     
 Abd=   359255.5    
 Catch=   212.621673648842     
 Abd=   2536.930    
 Catch=   15161.3420166978     
 Abd=   218225.9    
 Catch=   800927.006067397     
 Abd=   581068.8    
 Catch=   1325474.22263393     
 Abd=   952429.3    
 Catch=   89160.3484199095     
 Abd=   578515.6    
 Catch=   2939.57954697165     
 Abd=   49018.91    
 Catch=   4636703.63558330     
 Abd=  1.8399390E+07
 Catch=   2241502.99036303     
 Abd=   9741330.    
 Catch=   852547.058133371     
 Abd=   1560001.    
 Catch=   2066775.88453115     
 Abd=   4737966.    
 Catch=   495962.484347530     
 Abd=   1707796.    
 Catch=   61511857.5173741     
 Abd=  1.2106907E+08
 Catch=   2831311.91585919     
 Abd=  1.8370662E+07
 Catch=   4503703.00362414     
 Abd=  2.2600304E+07
 Catch=   524027.873117869     
 Abd=   1804380.    
 Catch=   427859.957393480     
 Abd=   3907809.    
 Catch=   795319.376586023     
 Abd=   752290.8    
 Catch=   927878.091749599     
 Abd=   719631.2    
 Catch=   125729.535496158     
 Abd=   153225.1    
 Catch=   40302.9024399647     
 Abd=   28163.05    
 Catch=   4996376.55562939     
 Abd=  1.0295526E+07
 Catch=   533250.547812558     
 Abd=   1166135.    
 Catch=   8636982.75382492     
 Abd=  3.2017472E+07
 Catch=   448298.035947313     
 Abd=   6187323.    
 Catch=   407987.528091009     
 Abd=   4342485.    
 Catch=   3928372.93835308     
 Abd=   1240782.    
 Catch=   3928372.93835308     
 Abd=   1240782.    
 Catch=   145067.493889716     
 Abd=   45819.19    
 Catch=   1229518.26404726     
 Abd=  1.6043648E+07
 Catch=   518198.833387792     
 Abd=   3705603.    
 Catch=   20301599.4994214     
 Abd=  3.3891821E+08
 Catch=   2981293.82735879     
 Abd=  3.0015820E+07
 Catch=   4954902.29798555     
 Abd=  3.6200240E+07
 Time step =         1862
 Catch=   10976942.9268865     
 Abd=  3.0053682E+07
 Catch=   291575.907213807     
 Abd=   1325132.    
 Catch=   769214.336956225     
 Abd=   937336.8    
 Catch=   492659.145332242     
 Abd=   3112693.    
 Catch=   183539.616703219     
 Abd=   359255.3    
 Catch=   212.591659091472     
 Abd=   2536.582    
 Catch=   15156.8213940911     
 Abd=   218161.8    
 Catch=   800926.849769338     
 Abd=   581068.8    
 Catch=   1325474.31317747     
 Abd=   952429.2    
 Catch=   89159.5173247538     
 Abd=   578510.6    
 Catch=   2932.72508155999     
 Abd=   48905.35    
 Catch=   4636704.23429135     
 Abd=  1.8399394E+07
 Catch=   2241498.00655132     
 Abd=   9741310.    
 Catch=   852547.122339145     
 Abd=   1560002.    
 Catch=   2066775.00734177     
 Abd=   4737964.    
 Catch=   495962.487877781     
 Abd=   1707796.    
 Catch=   61511842.2292479     
 Abd=  1.2106893E+08
 Catch=   2831296.78614697     
 Abd=  1.8370572E+07
 Catch=   4503703.82149624     
 Abd=  2.2600304E+07
 Catch=   524028.011577006     
 Abd=   1804380.    
 Catch=   427672.983819660     
 Abd=   3906120.    
 Catch=   795319.366639284     
 Abd=   752290.6    
 Catch=   927878.013123490     
 Abd=   719631.1    
 Catch=   125729.535277960     
 Abd=   153225.1    
 Catch=   40302.9024399373     
 Abd=   28163.05    
 Catch=   4996377.54195786     
 Abd=  1.0295524E+07
 Catch=   533250.881699102     
 Abd=   1166136.    
 Catch=   8636983.19506243     
 Abd=  3.2017476E+07
 Catch=   448280.516976124     
 Abd=   6187078.    
 Catch=   407972.019540267     
 Abd=   4342319.    
 Catch=   3928373.23833980     
 Abd=   1240782.    
 Catch=   3928373.23833980     
 Abd=   1240782.    
 Catch=   145067.493889539     
 Abd=   45819.19    
 Catch=   1229453.39988645     
 Abd=  1.6042827E+07
 Catch=   518184.802656716     
 Abd=   3705504.    
 Catch=   20300998.6030288     
 Abd=  3.3890966E+08
 Catch=   2981252.46589757     
 Abd=  3.0015372E+07
 Catch=   4954795.73389965     
 Abd=  3.6199544E+07
 Time step =         1863
 Catch=   10976937.0882126     
 Abd=  3.0053672E+07
 Catch=   291574.449690476     
 Abd=   1325126.    
 Catch=   769214.375484014     
 Abd=   937336.9    
 Catch=   492658.482372721     
 Abd=   3112688.    
 Catch=   183539.552574876     
 Abd=   359255.3    
 Catch=   212.563249285171     
 Abd=   2536.252    
 Catch=   15152.4622996076     
 Abd=   218100.2    
 Catch=   800926.750793665     
 Abd=   581068.8    
 Catch=   1325474.23426235     
 Abd=   952429.4    
 Catch=   89158.7437974144     
 Abd=   578505.4    
 Catch=   2925.97694957639     
 Abd=   48793.61    
 Catch=   4636704.56555578     
 Abd=  1.8399394E+07
 Catch=   2241494.46847642     
 Abd=   9741296.    
 Catch=   852547.241142774     
 Abd=   1560002.    
 Catch=   2066774.47474464     
 Abd=   4737963.    
 Catch=   495962.428496060     
 Abd=   1707796.    
 Catch=   61511805.8529300     
 Abd=  1.2106880E+08
 Catch=   2831286.70372027     
 Abd=  1.8370526E+07
 Catch=   4503705.16611472     
 Abd=  2.2600320E+07
 Catch=   524027.748806283     
 Abd=   1804379.    
 Catch=   427490.492119697     
 Abd=   3904476.    
 Catch=   795319.385809576     
 Abd=   752290.9    
 Catch=   927877.836210437     
 Abd=   719631.0    
 Catch=   125729.511316691     
 Abd=   153225.1    
 Catch=   40302.9024400195     
 Abd=   28163.05    
 Catch=   4996372.25923378     
 Abd=  1.0295514E+07
 Catch=   533250.846211330     
 Abd=   1166135.    
 Catch=   8636982.96307386     
 Abd=  3.2017474E+07
 Catch=   448272.248431722     
 Abd=   6187062.    
 Catch=   407956.596791703     
 Abd=   4342152.    
 Catch=   3928373.11696704     
 Abd=   1240782.    
 Catch=   3928373.11696704     
 Abd=   1240782.    
 Catch=   145067.493889361     
 Abd=   45819.19    
 Catch=   1229391.83551604     
 Abd=  1.6042037E+07
 Catch=   518171.232294349     
 Abd=   3705409.    
 Catch=   20300480.1985286     
 Abd=  3.3890000E+08
 Catch=   2981206.55804006     
 Abd=  3.0014888E+07
 Catch=   4954717.86296022     
 Abd=  3.6198984E+07
 Time step =         1864
 Catch=   10976935.2142686     
 Abd=  3.0053672E+07
 Catch=   291573.316432113     
 Abd=   1325123.    
 Catch=   769214.311980544     
 Abd=   937336.6    
 Catch=   492657.626058832     
 Abd=   3112682.    
 Catch=   183539.597737278     
 Abd=   359255.3    
 Catch=   212.536441978401     
 Abd=   2535.941    
 Catch=   15148.2213151536     
 Abd=   218039.9    
 Catch=   800926.722346767     
 Abd=   581068.8    
 Catch=   1325474.33972029     
 Abd=   952429.4    
 Catch=   89157.9412817055     
 Abd=   578500.4    
 Catch=   2919.33998482192     
 Abd=   48683.69    
 Catch=   4636704.21148622     
 Abd=  1.8399390E+07
 Catch=   2241490.71799527     
 Abd=   9741280.    
 Catch=   852547.070972650     
 Abd=   1560002.    
 Catch=   2066775.42707372     
 Abd=   4737965.    
 Catch=   495962.332138841     
 Abd=   1707796.    
 Catch=   61511704.0423069     
 Abd=  1.2106856E+08
 Catch=   2831280.69950935     
 Abd=  1.8370504E+07
 Catch=   4503707.55484010     
 Abd=  2.2600324E+07
 Catch=   524027.585003363     
 Abd=   1804379.    
 Catch=   427312.661297275     
 Abd=   3902870.    
 Catch=   795319.269727934     
 Abd=   752290.4    
 Catch=   927877.866558596     
 Abd=   719631.1    
 Catch=   125729.529061042     
 Abd=   153225.1    
 Catch=   40302.9024399921     
 Abd=   28163.05    
 Catch=   4996370.43897376     
 Abd=  1.0295514E+07
 Catch=   533250.668926097     
 Abd=   1166135.    
 Catch=   8636982.37339491     
 Abd=  3.2017472E+07
 Catch=   448272.325766260     
 Abd=   6187059.    
 Catch=   407941.201761608     
 Abd=   4341995.    
 Catch=   3928373.04401117     
 Abd=   1240782.    
 Catch=   3928373.04401117     
 Abd=   1240782.    
 Catch=   145067.493889598     
 Abd=   45819.19    
 Catch=   1229332.92854573     
 Abd=  1.6041289E+07
 Catch=   518158.195414161     
 Abd=   3705318.    
 Catch=   20299789.1610425     
 Abd=  3.3888819E+08
 Catch=   2981163.43888326     
 Abd=  3.0014506E+07
 Catch=   4954640.13403384     
 Abd=  3.6198536E+07
 Time step =         1865
 Catch=   10976935.7289603     
 Abd=  3.0053668E+07
 Catch=   291572.938223748     
 Abd=   1325122.    
 Catch=   769214.284174590     
 Abd=   937336.6    
 Catch=   492657.161082964     
 Abd=   3112681.    
 Catch=   183539.598425325     
 Abd=   359255.4    
 Catch=   212.511054092546     
 Abd=   2535.647    
 Catch=   15144.1156491164     
 Abd=   217981.8    
 Catch=   800926.699378109     
 Abd=   581068.7    
 Catch=   1325474.37945146     
 Abd=   952429.1    
 Catch=   89157.2458267726     
 Abd=   578495.8    
 Catch=   2912.80424263344     
 Abd=   48575.45    
 Catch=   4636704.25935548     
 Abd=  1.8399398E+07
 Catch=   2241487.19845579     
 Abd=   9741262.    
 Catch=   852547.038862751     
 Abd=   1560001.    
 Catch=   2066776.04982086     
 Abd=   4737966.    
 Catch=   495962.112201529     
 Abd=   1707794.    
 Catch=   61511591.5393030     
 Abd=  1.2106839E+08
 Catch=   2831277.03635934     
 Abd=  1.8370474E+07
 Catch=   4503709.64459603     
 Abd=  2.2600344E+07
 Catch=   524027.472985637     
 Abd=   1804379.    
 Catch=   427139.599619819     
 Abd=   3901311.    
 Catch=   795319.120109210     
 Abd=   752290.6    
 Catch=   927877.782366150     
 Abd=   719630.8    
 Catch=   125729.504927184     
 Abd=   153225.1    
 Catch=   40302.9024399784     
 Abd=   28163.05    
 Catch=   4996370.59514590     
 Abd=  1.0295514E+07
 Catch=   533250.631479311     
 Abd=   1166135.    
 Catch=   8636982.68874663     
 Abd=  3.2017476E+07
 Catch=   448270.939092030     
 Abd=   6187027.    
 Catch=   407926.454084611     
 Abd=   4341836.    
 Catch=   3928373.26197640     
 Abd=   1240782.    
 Catch=   3928373.26197640     
 Abd=   1240782.    
 Catch=   145067.493889421     
 Abd=   45819.19    
 Catch=   1229277.07045038     
 Abd=  1.6040574E+07
 Catch=   518145.434055457     
 Abd=   3705226.    
 Catch=   20299174.5598107     
 Abd=  3.3887782E+08
 Catch=   2981126.27192309     
 Abd=  3.0014098E+07
 Catch=   4954604.35210903     
 Abd=  3.6198344E+07
 Time step =         1866
 Catch=   10976931.4353247     
 Abd=  3.0053644E+07
 Catch=   291572.595404366     
 Abd=   1325119.    
 Catch=   769214.327453710     
 Abd=   937337.0    
 Catch=   492656.868069472     
 Abd=   3112679.    
 Catch=   183539.647233388     
 Abd=   359255.4    
 Catch=   212.487185857195     
 Abd=   2535.372    
 Catch=   15140.1188390485     
 Abd=   217924.9    
 Catch=   800926.829155911     
 Abd=   581068.9    
 Catch=   1325474.03821524     
 Abd=   952429.1    
 Catch=   89156.4323815127     
 Abd=   578489.9    
 Catch=   2906.37213135839     
 Abd=   48468.88    
 Catch=   4636703.86626257     
 Abd=  1.8399394E+07
 Catch=   2241483.24818624     
 Abd=   9741245.    
 Catch=   852547.047658835     
 Abd=   1560001.    
 Catch=   2066775.51972255     
 Abd=   4737965.    
 Catch=   495961.913610317     
 Abd=   1707794.    
 Catch=   61511559.0774170     
 Abd=  1.2106837E+08
 Catch=   2831272.92201523     
 Abd=  1.8370448E+07
 Catch=   4503708.95943302     
 Abd=  2.2600320E+07
 Catch=   524027.539643861     
 Abd=   1804379.    
 Catch=   426970.764202907     
 Abd=   3899788.    
 Catch=   795319.084843669     
 Abd=   752290.6    
 Catch=   927877.752694655     
 Abd=   719631.2    
 Catch=   125729.492758695     
 Abd=   153225.1    
 Catch=   40302.9024399647     
 Abd=   28163.05    
 Catch=   4996372.26025974     
 Abd=  1.0295514E+07
 Catch=   533250.753709088     
 Abd=   1166135.    
 Catch=   8636983.27288696     
 Abd=  3.2017474E+07
 Catch=   448269.143619770     
 Abd=   6187017.    
 Catch=   407912.288950738     
 Abd=   4341694.    
 Catch=   3928372.78754953     
 Abd=   1240782.    
 Catch=   3928372.78754953     
 Abd=   1240782.    
 Catch=   145067.493889716     
 Abd=   45819.19    
 Catch=   1229223.42189770     
 Abd=  1.6039891E+07
 Catch=   518132.876232513     
 Abd=   3705138.    
 Catch=   20298619.8571176     
 Abd=  3.3886979E+08
 Catch=   2981080.66109902     
 Abd=  3.0013618E+07
 Catch=   4954576.61579795     
 Abd=  3.6198104E+07
 Time step =         1867
 Catch=   10976922.4930877     
 Abd=  3.0053632E+07
 Catch=   291572.122647808     
 Abd=   1325118.    
 Catch=   769214.444002223     
 Abd=   937336.8    
 Catch=   492656.420138141     
 Abd=   3112675.    
 Catch=   183539.637364913     
 Abd=   359255.4    
 Catch=   212.464659114145     
 Abd=   2535.109    
 Catch=   15136.2581791992     
 Abd=   217870.6    
 Catch=   800926.986654775     
 Abd=   581068.8    
 Catch=   1325474.05567161     
 Abd=   952429.2    
 Catch=   89155.4701176940     
 Abd=   578483.7    
 Catch=   2900.03609186446     
 Abd=   48363.86    
 Catch=   4636704.47459641     
 Abd=  1.8399398E+07
 Catch=   2241476.90143358     
 Abd=   9741212.    
 Catch=   852547.330959457     
 Abd=   1560002.    
 Catch=   2066775.09011925     
 Abd=   4737966.    
 Catch=   495961.972785545     
 Abd=   1707794.    
 Catch=   61511597.4247493     
 Abd=  1.2106864E+08
 Catch=   2831270.25330662     
 Abd=  1.8370428E+07
 Catch=   4503709.36059446     
 Abd=  2.2600338E+07
 Catch=   524027.876967361     
 Abd=   1804380.    
 Catch=   426806.515258052     
 Abd=   3898309.    
 Catch=   795319.276556498     
 Abd=   752290.4    
 Catch=   927878.098216960     
 Abd=   719631.4    
 Catch=   125729.537808185     
 Abd=   153225.2    
 Catch=   40302.9024399373     
 Abd=   28163.05    
 Catch=   4996370.17897815     
 Abd=  1.0295516E+07
 Catch=   533250.832511394     
 Abd=   1166135.    
 Catch=   8636983.07220370     
 Abd=  3.2017472E+07
 Catch=   448270.103355148     
 Abd=   6187043.    
 Catch=   407898.744529254     
 Abd=   4341556.    
 Catch=   3928372.55184497     
 Abd=   1240782.    
 Catch=   3928372.55184497     
 Abd=   1240782.    
 Catch=   145067.493889539     
 Abd=   45819.19    
 Catch=   1229172.43697458     
 Abd=  1.6039249E+07
 Catch=   518120.913668766     
 Abd=   3705056.    
 Catch=   20297978.8440344     
 Abd=  3.3885741E+08
 Catch=   2981038.42005826     
 Abd=  3.0013224E+07
 Catch=   4954546.59284717     
 Abd=  3.6197932E+07
 Time step =         1868
 Catch=   10976921.9689089     
 Abd=  3.0053632E+07
 Catch=   291571.616352037     
 Abd=   1325114.    
 Catch=   769214.361115544     
 Abd=   937336.9    
 Catch=   492655.671293989     
 Abd=   3112670.    
 Catch=   183539.639110723     
 Abd=   359255.4    
 Catch=   212.443322353900     
 Abd=   2534.862    
 Catch=   15132.4932810953     
 Abd=   217816.7    
 Catch=   800926.939653630     
 Abd=   581068.9    
 Catch=   1325474.33545644     
 Abd=   952429.2    
 Catch=   89154.5177250768     
 Abd=   578478.2    
 Catch=   2893.79318128037     
 Abd=   48260.48    
 Catch=   4636704.70860462     
 Abd=  1.8399396E+07
 Catch=   2241469.84695628     
 Abd=   9741188.    
 Catch=   852547.211703248     
 Abd=   1560001.    
 Catch=   2066775.27038408     
 Abd=   4737964.    
 Catch=   495961.957589182     
 Abd=   1707794.    
 Catch=   61511640.7753997     
 Abd=  1.2106866E+08
 Catch=   2831267.50053769     
 Abd=  1.8370420E+07
 Catch=   4503710.86839784     
 Abd=  2.2600348E+07
 Catch=   524028.162559031     
 Abd=   1804381.    
 Catch=   426646.288693205     
 Abd=   3896862.    
 Catch=   795319.102655026     
 Abd=   752290.4    
 Catch=   927878.083422365     
 Abd=   719631.2    
 Catch=   125729.547347469     
 Abd=   153225.1    
 Catch=   40302.9024400195     
 Abd=   28163.05    
 Catch=   4996372.75338111     
 Abd=  1.0295512E+07
 Catch=   533250.936079515     
 Abd=   1166136.    
 Catch=   8636982.72348072     
 Abd=  3.2017474E+07
 Catch=   448271.005674037     
 Abd=   6187045.    
 Catch=   407887.149695478     
 Abd=   4341433.    
 Catch=   3928372.90539663     
 Abd=   1240782.    
 Catch=   3928372.90539663     
 Abd=   1240782.    
 Catch=   145067.493889361     
 Abd=   45819.19    
 Catch=   1229124.36121187     
 Abd=  1.6038632E+07
 Catch=   518109.633126917     
 Abd=   3704976.    
 Catch=   20297314.9517668     
 Abd=  3.3884826E+08
 Catch=   2981003.42664419     
 Abd=  3.0012968E+07
 Catch=   4954515.35159985     
 Abd=  3.6197592E+07
 Time step =         1869
 Catch=   10976921.5191718     
 Abd=  3.0053644E+07
 Catch=   291571.021775952     
 Abd=   1325112.    
 Catch=   769214.536146671     
 Abd=   937337.2    
 Catch=   492654.979191765     
 Abd=   3112668.    
 Catch=   183539.636302067     
 Abd=   359255.4    
 Catch=   212.423111501578     
 Abd=   2534.627    
 Catch=   15128.8335134059     
 Abd=   217765.2    
 Catch=   800926.803251643     
 Abd=   581068.7    
 Catch=   1325473.83029631     
 Abd=   952429.2    
 Catch=   89153.7567615552     
 Abd=   578474.4    
 Catch=   2887.64757780647     
 Abd=   48158.64    
 Catch=   4636704.32391254     
 Abd=  1.8399394E+07
 Catch=   2241465.59741265     
 Abd=   9741166.    
 Catch=   852547.319912366     
 Abd=   1560002.    
 Catch=   2066774.51507630     
 Abd=   4737963.    
 Catch=   495961.782746214     
 Abd=   1707794.    
 Catch=   61511628.7865788     
 Abd=  1.2106851E+08
 Catch=   2831265.85632387     
 Abd=  1.8370398E+07
 Catch=   4503711.89247436     
 Abd=  2.2600352E+07
 Catch=   524028.297346136     
 Abd=   1804382.    
 Catch=   426489.729660040     
 Abd=   3895448.    
 Catch=   795319.048701859     
 Abd=   752290.6    
 Catch=   927878.070502391     
 Abd=   719631.2    
 Catch=   125729.521933749     
 Abd=   153225.1    
 Catch=   40302.9024399921     
 Abd=   28163.05    
 Catch=   4996369.98457805     
 Abd=  1.0295516E+07
 Catch=   533251.007227631     
 Abd=   1166135.    
 Catch=   8636982.77893826     
 Abd=  3.2017474E+07
 Catch=   448271.189563926     
 Abd=   6187050.    
 Catch=   407875.216781159     
 Abd=   4341308.    
 Catch=   3928372.67286891     
 Abd=   1240782.    
 Catch=   3928372.67286891     
 Abd=   1240782.    
 Catch=   145067.493889598     
 Abd=   45819.19    
 Catch=   1229078.20197488     
 Abd=  1.6038042E+07
 Catch=   518098.302156887     
 Abd=   3704893.    
 Catch=   20296566.3427930     
 Abd=  3.3882947E+08
 Catch=   2980986.16482825     
 Abd=  3.0012822E+07
 Catch=   4954465.58891362     
 Abd=  3.6197400E+07
 Time step =         1870
 Catch=   10976924.0483211     
 Abd=  3.0053638E+07
 Catch=   291570.712485099     
 Abd=   1325112.    
 Catch=   769214.619137497     
 Abd=   937337.2    
 Catch=   492654.651424704     
 Abd=   3112666.    
 Catch=   183539.646500390     
 Abd=   359255.4    
 Catch=   212.404086360323     
 Abd=   2534.406    
 Catch=   15125.2884534119     
 Abd=   217715.0    
 Catch=   800926.842946467     
 Abd=   581068.9    
 Catch=   1325474.37338594     
 Abd=   952429.4    
 Catch=   89153.2400687595     
 Abd=   578471.1    
 Catch=   2881.59074588150     
 Abd=   48058.31    
 Catch=   4636704.69572423     
 Abd=  1.8399396E+07
 Catch=   2241459.35835137     
 Abd=   9741134.    
 Catch=   852547.403597941     
 Abd=   1560002.    
 Catch=   2066775.86293696     
 Abd=   4737970.    
 Catch=   495961.484565777     
 Abd=   1707792.    
 Catch=   61511606.4387807     
 Abd=  1.2106859E+08
 Catch=   2831262.77675266     
 Abd=  1.8370384E+07
 Catch=   4503711.72174844     
 Abd=  2.2600348E+07
 Catch=   524028.276065486     
 Abd=   1804381.    
 Catch=   426336.914079433     
 Abd=   3894070.    
 Catch=   795319.306930984     
 Abd=   752290.6    
 Catch=   927878.330465882     
 Abd=   719631.5    
 Catch=   125729.498982487     
 Abd=   153225.0    
 Catch=   40302.9024399784     
 Abd=   28163.05    
 Catch=   4996372.26234229     
 Abd=  1.0295514E+07
 Catch=   533250.678555523     
 Abd=   1166135.    
 Catch=   8636982.69388635     
 Abd=  3.2017478E+07
 Catch=   448271.506204641     
 Abd=   6187048.    
 Catch=   407863.994845038     
 Abd=   4341189.    
 Catch=   3928373.28869700     
 Abd=   1240782.    
 Catch=   3928373.28869700     
 Abd=   1240782.    
 Catch=   145067.493889421     
 Abd=   45819.19    
 Catch=   1229033.37014804     
 Abd=  1.6037472E+07
 Catch=   518086.979893667     
 Abd=   3704816.    
 Catch=   20295417.7243159     
 Abd=  3.3881331E+08
 Catch=   2980965.63318877     
 Abd=  3.0012532E+07
 Catch=   4954450.89751800     
 Abd=  3.6197320E+07
 Time step =         1871
 Catch=   10976919.4832821     
 Abd=  3.0053616E+07
 Catch=   291570.681607176     
 Abd=   1325111.    
 Catch=   769214.649790303     
 Abd=   937337.2    
 Catch=   492654.410795199     
 Abd=   3112665.    
 Catch=   183539.637536884     
 Abd=   359255.5    
 Catch=   212.385838660513     
 Abd=   2534.193    
 Catch=   15121.8521375749     
 Abd=   217666.3    
 Catch=   800927.048597178     
 Abd=   581069.0    
 Catch=   1325474.34910812     
 Abd=   952429.3    
 Catch=   89152.7930766940     
 Abd=   578467.9    
 Catch=   2875.62920739959     
 Abd=   47959.56    
 Catch=   4636705.04051676     
 Abd=  1.8399394E+07
 Catch=   2241449.68241116     
 Abd=   9741098.    
 Catch=   852547.279694824     
 Abd=   1560002.    
 Catch=   2066778.08586953     
 Abd=   4737969.    
 Catch=   495961.240444826     
 Abd=   1707792.    
 Catch=   61511630.6998814     
 Abd=  1.2106859E+08
 Catch=   2831260.16967772     
 Abd=  1.8370360E+07
 Catch=   4503711.30555080     
 Abd=  2.2600350E+07
 Catch=   524027.881499402     
 Abd=   1804380.    
 Catch=   426188.156361829     
 Abd=   3892729.    
 Catch=   795319.140115334     
 Abd=   752290.5    
 Catch=   927878.152395141     
 Abd=   719631.4    
 Catch=   125729.475486153     
 Abd=   153225.0    
 Catch=   40302.9024399647     
 Abd=   28163.05    
 Catch=   4996370.48456645     
 Abd=  1.0295515E+07
 Catch=   533250.696648244     
 Abd=   1166135.    
 Catch=   8636982.14153991     
 Abd=  3.2017476E+07
 Catch=   448271.394175541     
 Abd=   6187046.    
 Catch=   407852.583933085     
 Abd=   4341069.    
 Catch=   3928372.43014941     
 Abd=   1240782.    
 Catch=   3928372.43014941     
 Abd=   1240782.    
 Catch=   145067.493889716     
 Abd=   45819.19    
 Catch=   1228991.05917218     
 Abd=  1.6036924E+07
 Catch=   518076.496275082     
 Abd=   3704743.    
 Catch=   20294624.7619646     
 Abd=  3.3880282E+08
 Catch=   2980932.22897827     
 Abd=  3.0012180E+07
 Catch=   4954440.76196752     
 Abd=  3.6197228E+07
 Time step =         1872
 Catch=   10976914.8268016     
 Abd=  3.0053612E+07
 Catch=   291570.637639561     
 Abd=   1325112.    
 Catch=   769214.552123437     
 Abd=   937336.9    
 Catch=   492654.266396423     
 Abd=   3112665.    
 Catch=   183539.636652057     
 Abd=   359255.4    
 Catch=   212.368647937353     
 Abd=   2533.995    
 Catch=   15118.5018880619     
 Abd=   217618.2    
 Catch=   800927.176698047     
 Abd=   581068.9    
 Catch=   1325474.16643572     
 Abd=   952429.2    
 Catch=   89152.2915480844     
 Abd=   578464.9    
 Catch=   2869.76353216512     
 Abd=   47862.47    
 Catch=   4636704.27950054     
 Abd=  1.8399390E+07
 Catch=   2241443.40080342     
 Abd=   9741077.    
 Catch=   852547.331591532     
 Abd=   1560002.    
 Catch=   2066775.66886257     
 Abd=   4737965.    
 Catch=   495961.205400376     
 Abd=   1707792.    
 Catch=   61511626.8993430     
 Abd=  1.2106856E+08
 Catch=   2831257.20025855     
 Abd=  1.8370346E+07
 Catch=   4503711.40694647     
 Abd=  2.2600352E+07
 Catch=   524027.721722219     
 Abd=   1804379.    
 Catch=   426043.245027831     
 Abd=   3891422.    
 Catch=   795319.215530957     
 Abd=   752290.5    
 Catch=   927878.063840849     
 Abd=   719631.2    
 Catch=   125729.487759590     
 Abd=   153225.1    
 Catch=   40302.9024399373     
 Abd=   28163.05    
 Catch=   4996373.50738109     
 Abd=  1.0295516E+07
 Catch=   533250.854433281     
 Abd=   1166136.    
 Catch=   8636982.81921146     
 Abd=  3.2017472E+07
 Catch=   448271.829471606     
 Abd=   6187061.    
 Catch=   407841.413772641     
 Abd=   4340946.    
 Catch=   3928372.86537389     
 Abd=   1240782.    
 Catch=   3928372.86537389     
 Abd=   1240782.    
 Catch=   145067.493889539     
 Abd=   45819.19    
 Catch=   1228950.20087210     
 Abd=  1.6036414E+07
 Catch=   518066.466488543     
 Abd=   3704670.    
 Catch=   20294126.4040078     
 Abd=  3.3879568E+08
 Catch=   2980898.80836644     
 Abd=  3.0011856E+07
 Catch=   4954433.38203514     
 Abd=  3.6197168E+07
 Time step =         1873
 Catch=   10976910.7255888     
 Abd=  3.0053604E+07
 Catch=   291571.151626786     
 Abd=   1325115.    
 Catch=   769214.453294386     
 Abd=   937336.9    
 Catch=   492654.408794128     
 Abd=   3112666.    
 Catch=   183539.655687573     
 Abd=   359255.5    
 Catch=   212.352279492917     
 Abd=   2533.804    
 Catch=   15115.2062634632     
 Abd=   217572.1    
 Catch=   800926.965000433     
 Abd=   581068.8    
 Catch=   1325473.76492281     
 Abd=   952429.1    
 Catch=   89151.8437882679     
 Abd=   578461.9    
 Catch=   2863.99753994668     
 Abd=   47767.06    
 Catch=   4636705.21435029     
 Abd=  1.8399394E+07
 Catch=   2241439.56764157     
 Abd=   9741066.    
 Catch=   852547.463879778     
 Abd=   1560002.    
 Catch=   2066774.87195528     
 Abd=   4737963.    
 Catch=   495961.211951600     
 Abd=   1707791.    
 Catch=   61511629.0245786     
 Abd=  1.2106859E+08
 Catch=   2831256.82232660     
 Abd=  1.8370338E+07
 Catch=   4503711.25966670     
 Abd=  2.2600348E+07
 Catch=   524027.394477392     
 Abd=   1804378.    
 Catch=   425901.735667134     
 Abd=   3890144.    
 Catch=   795319.217143330     
 Abd=   752290.6    
 Catch=   927877.882201609     
 Abd=   719631.2    
 Catch=   125729.517556329     
 Abd=   153225.1    
 Catch=   40302.9024400195     
 Abd=   28163.05    
 Catch=   4996370.48772165     
 Abd=  1.0295516E+07
 Catch=   533250.873467444     
 Abd=   1166135.    
 Catch=   8636982.41036054     
 Abd=  3.2017474E+07
 Catch=   448272.774654895     
 Abd=   6187073.    
 Catch=   407829.826827221     
 Abd=   4340829.    
 Catch=   3928372.89927325     
 Abd=   1240782.    
 Catch=   3928372.89927325     
 Abd=   1240782.    
 Catch=   145067.493889361     
 Abd=   45819.19    
 Catch=   1228911.62056350     
 Abd=  1.6035914E+07
 Catch=   518056.164691669     
 Abd=   3704598.    
 Catch=   20293765.8267990     
 Abd=  3.3879014E+08
 Catch=   2980864.73399498     
 Abd=  3.0011488E+07
 Catch=   4954422.09001918     
 Abd=  3.6197072E+07
 Time step =         1874
 Catch=   10976911.7823902     
 Abd=  3.0053600E+07
 Catch=   291571.376288254     
 Abd=   1325115.    
 Catch=   769214.476047304     
 Abd=   937336.9    
 Catch=   492654.619211493     
 Abd=   3112667.    
 Catch=   183539.711847470     
 Abd=   359255.8    
 Catch=   212.336721800460     
 Abd=   2533.621    
 Catch=   15112.0743311051     
 Abd=   217527.4    
 Catch=   800926.964096282     
 Abd=   581068.9    
 Catch=   1325473.78984336     
 Abd=   952429.1    
 Catch=   89151.4106309564     
 Abd=   578459.2    
 Catch=   2858.32706711031     
 Abd=   47672.96    
 Catch=   4636706.25343009     
 Abd=  1.8399402E+07
 Catch=   2241436.24081038     
 Abd=   9741050.    
 Catch=   852547.465612776     
 Abd=   1560002.    
 Catch=   2066775.43064641     
 Abd=   4737969.    
 Catch=   495960.948425553     
 Abd=   1707790.    
 Catch=   61511640.8305862     
 Abd=  1.2106861E+08
 Catch=   2831254.20796340     
 Abd=  1.8370322E+07
 Catch=   4503711.49710200     
 Abd=  2.2600352E+07
 Catch=   524027.486240490     
 Abd=   1804379.    
 Catch=   425763.811201749     
 Abd=   3888900.    
 Catch=   795319.271159149     
 Abd=   752290.6    
 Catch=   927878.004848703     
 Abd=   719631.3    
 Catch=   125729.519467681     
 Abd=   153225.1    
 Catch=   40302.9024399921     
 Abd=   28163.05    
 Catch=   4996370.78290444     
 Abd=  1.0295514E+07
 Catch=   533250.865731424     
 Abd=   1166136.    
 Catch=   8636982.78510372     
 Abd=  3.2017476E+07
 Catch=   448272.687347616     
 Abd=   6187058.    
 Catch=   407819.468766447     
 Abd=   4340726.    
 Catch=   3928373.21461439     
 Abd=   1240782.    
 Catch=   3928373.21461439     
 Abd=   1240782.    
 Catch=   145067.493889598     
 Abd=   45819.19    
 Catch=   1228874.90854179     
 Abd=  1.6035452E+07
 Catch=   518046.203443704     
 Abd=   3704528.    
 Catch=   20293327.3828764     
 Abd=  3.3878150E+08
 Catch=   2980831.25965701     
 Abd=  3.0011210E+07
 Catch=   4954413.17356029     
 Abd=  3.6197024E+07
 Time step =         1875
 Catch=   10976908.8984837     
 Abd=  3.0053596E+07
 Catch=   291571.483360805     
 Abd=   1325115.    
 Catch=   769214.498881086     
 Abd=   937337.2    
 Catch=   492654.502448000     
 Abd=   3112666.    
 Catch=   183539.731902087     
 Abd=   359255.5    
 Catch=   212.321815886374     
 Abd=   2533.450    
 Catch=   15108.9939265649     
 Abd=   217483.8    
 Catch=   800926.900417009     
 Abd=   581068.9    
 Catch=   1325473.92915436     
 Abd=   952429.1    
 Catch=   89150.9531803338     
 Abd=   578456.3    
 Catch=   2852.72464915207     
 Abd=   47580.17    
 Catch=   4636705.62067888     
 Abd=  1.8399394E+07
 Catch=   2241432.80991363     
 Abd=   9741032.    
 Catch=   852547.135719138     
 Abd=   1560001.    
 Catch=   2066776.14991117     
 Abd=   4737965.    
 Catch=   495960.903519231     
 Abd=   1707791.    
 Catch=   61511633.9600628     
 Abd=  1.2106854E+08
 Catch=   2831251.21803322     
 Abd=  1.8370296E+07
 Catch=   4503711.52492469     
 Abd=  2.2600350E+07
 Catch=   524027.385108769     
 Abd=   1804378.    
 Catch=   425629.236854004     
 Abd=   3887686.    
 Catch=   795319.133091055     
 Abd=   752290.6    
 Catch=   927877.787197729     
 Abd=   719630.9    
 Catch=   125729.518771774     
 Abd=   153225.1    
 Catch=   40302.9024399784     
 Abd=   28163.05    
 Catch=   4996370.85972954     
 Abd=  1.0295514E+07
 Catch=   533250.975653885     
 Abd=   1166136.    
 Catch=   8636982.44534522     
 Abd=  3.2017472E+07
 Catch=   448271.163509813     
 Abd=   6187033.    
 Catch=   407809.774917794     
 Abd=   4340622.    
 Catch=   3928373.22792897     
 Abd=   1240782.    
 Catch=   3928373.22792897     
 Abd=   1240782.    
 Catch=   145067.493889421     
 Abd=   45819.19    
 Catch=   1228840.30888739     
 Abd=  1.6035007E+07
 Catch=   518036.622102736     
 Abd=   3704460.    
 Catch=   20292847.5627253     
 Abd=  3.3877485E+08
 Catch=   2980809.65619065     
 Abd=  3.0011050E+07
 Catch=   4954401.07771942     
 Abd=  3.6196928E+07
 Time step =         1876
 Catch=   10976908.5323146     
 Abd=  3.0053602E+07
 Catch=   291571.396649640     
 Abd=   1325115.    
 Catch=   769214.468914767     
 Abd=   937336.9    
 Catch=   492654.421155170     
 Abd=   3112665.    
 Catch=   183539.646428775     
 Abd=   359255.3    
 Catch=   212.307784170678     
 Abd=   2533.286    
 Catch=   15105.9988370009     
 Abd=   217441.1    
 Catch=   800926.894701573     
 Abd=   581068.9    
 Catch=   1325474.34744436     
 Abd=   952429.5    
 Catch=   89150.4993435276     
 Abd=   578453.4    
 Catch=   2847.21394399950     
 Abd=   47488.94    
 Catch=   4636704.66661093     
 Abd=  1.8399394E+07
 Catch=   2241429.05683500     
 Abd=   9741021.    
 Catch=   852546.883039003     
 Abd=   1560001.    
 Catch=   2066775.05380374     
 Abd=   4737964.    
 Catch=   495960.997071169     
 Abd=   1707791.    
 Catch=   61511620.1731094     
 Abd=  1.2106857E+08
 Catch=   2831246.44910072     
 Abd=  1.8370276E+07
 Catch=   4503711.15198480     
 Abd=  2.2600348E+07
 Catch=   524027.487911333     
 Abd=   1804379.    
 Catch=   425498.032485160     
 Abd=   3886501.    
 Catch=   795319.300676117     
 Abd=   752290.4    
 Catch=   927877.819071377     
 Abd=   719631.2    
 Catch=   125729.539181481     
 Abd=   153225.1    
 Catch=   40302.9024399647     
 Abd=   28163.05    
 Catch=   4996370.23615868     
 Abd=  1.0295516E+07
 Catch=   533250.855173311     
 Abd=   1166136.    
 Catch=   8636982.12875399     
 Abd=  3.2017480E+07
 Catch=   448269.540104249     
 Abd=   6187018.    
 Catch=   407800.400191425     
 Abd=   4340521.    
 Catch=   3928373.20967131     
 Abd=   1240782.    
 Catch=   3928373.20967131     
 Abd=   1240782.    
 Catch=   145067.493889716     
 Abd=   45819.19    
 Catch=   1228806.61653756     
 Abd=  1.6034582E+07
 Catch=   518027.153814710     
 Abd=   3704392.    
 Catch=   20292601.9175757     
 Abd=  3.3877222E+08
 Catch=   2980792.12659364     
 Abd=  3.0010870E+07
 Catch=   4954387.75508984     
 Abd=  3.6196792E+07
 Time step =         1877
 Catch=   10976909.8559279     
 Abd=  3.0053592E+07
 Catch=   291571.259411000     
 Abd=   1325114.    
 Catch=   769214.503029119     
 Abd=   937337.0    
 Catch=   492654.191005743     
 Abd=   3112666.    
 Catch=   183539.590133950     
 Abd=   359255.4    
 Catch=   212.294311951399     
 Abd=   2533.128    
 Catch=   15103.1058344351     
 Abd=   217400.2    
 Catch=   800927.035372780     
 Abd=   581068.9    
 Catch=   1325474.08022838     
 Abd=   952429.1    
 Catch=   89150.0950403490     
 Abd=   578451.1    
 Catch=   2841.79237405579     
 Abd=   47399.09    
 Catch=   4636705.09362307     
 Abd=  1.8399396E+07
 Catch=   2241425.58167829     
 Abd=   9740997.    
 Catch=   852547.197162969     
 Abd=   1560002.    
 Catch=   2066775.59292866     
 Abd=   4737967.    
 Catch=   495961.014112582     
 Abd=   1707791.    
 Catch=   61511617.7654314     
 Abd=  1.2106862E+08
 Catch=   2831242.89958631     
 Abd=  1.8370248E+07
 Catch=   4503711.11177805     
 Abd=  2.2600348E+07
 Catch=   524027.641966473     
 Abd=   1804380.    
 Catch=   425369.539334858     
 Abd=   3885342.    
 Catch=   795319.040815509     
 Abd=   752290.5    
 Catch=   927877.853241010     
 Abd=   719630.9    
 Catch=   125729.527645767     
 Abd=   153225.1    
 Catch=   40302.9024399373     
 Abd=   28163.05    
 Catch=   4996371.21977914     
 Abd=  1.0295515E+07
 Catch=   533251.087973706     
 Abd=   1166136.    
 Catch=   8636982.18815883     
 Abd=  3.2017472E+07
 Catch=   448269.597196413     
 Abd=   6187031.    
 Catch=   407790.414898135     
 Abd=   4340416.    
 Catch=   3928372.90577882     
 Abd=   1240782.    
 Catch=   3928372.90577882     
 Abd=   1240782.    
 Catch=   145067.493889539     
 Abd=   45819.19    
 Catch=   1228774.85990736     
 Abd=  1.6034177E+07
 Catch=   518017.736536441     
 Abd=   3704326.    
 Catch=   20292493.6136614     
 Abd=  3.3877165E+08
 Catch=   2980773.02169787     
 Abd=  3.0010632E+07
 Catch=   4954372.64188539     
 Abd=  3.6196728E+07
 Time step =         1878
 Catch=   10976905.3620105     
 Abd=  3.0053584E+07
 Catch=   291570.948756591     
 Abd=   1325113.    
 Catch=   769214.573880643     
 Abd=   937337.2    
 Catch=   492654.362055231     
 Abd=   3112664.    
 Catch=   183539.644820841     
 Abd=   359255.4    
 Catch=   212.281412316362     
 Abd=   2532.978    
 Catch=   15100.3301958114     
 Abd=   217360.6    
 Catch=   800926.920186557     
 Abd=   581068.8    
 Catch=   1325474.08243800     
 Abd=   952429.2    
 Catch=   89149.7597927029     
 Abd=   578449.0    
 Catch=   2836.45024890218     
 Abd=   47310.61    
 Catch=   4636706.82856065     
 Abd=  1.8399408E+07
 Catch=   2241420.68175550     
 Abd=   9740972.    
 Catch=   852547.299984085     
 Abd=   1560002.    
 Catch=   2066775.48982618     
 Abd=   4737964.    
 Catch=   495960.961630918     
 Abd=   1707791.    
 Catch=   61511635.2278016     
 Abd=  1.2106862E+08
 Catch=   2831239.63472656     
 Abd=  1.8370240E+07
 Catch=   4503711.18845201     
 Abd=  2.2600350E+07
 Catch=   524027.815387320     
 Abd=   1804380.    
 Catch=   425244.523932349     
 Abd=   3884213.    
 Catch=   795319.091784359     
 Abd=   752290.4    
 Catch=   927877.737505988     
 Abd=   719631.1    
 Catch=   125729.528295876     
 Abd=   153225.1    
 Catch=   40302.9024400195     
 Abd=   28163.05    
 Catch=   4996371.61187247     
 Abd=  1.0295516E+07
 Catch=   533250.992544238     
 Abd=   1166136.    
 Catch=   8636982.52795139     
 Abd=  3.2017476E+07
 Catch=   448270.141592839     
 Abd=   6187032.    
 Catch=   407781.364710683     
 Abd=   4340324.    
 Catch=   3928373.27089188     
 Abd=   1240782.    
 Catch=   3928373.27089188     
 Abd=   1240782.    
 Catch=   145067.493889361     
 Abd=   45819.19    
 Catch=   1228744.84130667     
 Abd=  1.6033796E+07
 Catch=   518008.427635058     
 Abd=   3704259.    
 Catch=   20292490.9419428     
 Abd=  3.3877200E+08
 Catch=   2980749.54357313     
 Abd=  3.0010416E+07
 Catch=   4954365.60475324     
 Abd=  3.6196688E+07
 Time step =         1879
 Catch=   10976901.3831341     
 Abd=  3.0053582E+07
 Catch=   291571.169221019     
 Abd=   1325115.    
 Catch=   769214.582262496     
 Abd=   937337.1    
 Catch=   492654.022527017     
 Abd=   3112662.    
 Catch=   183539.635015000     
 Abd=   359255.4    
 Catch=   212.269157494028     
 Abd=   2532.836    
 Catch=   15097.6121527194     
 Abd=   217322.4    
 Catch=   800926.934825013     
 Abd=   581068.9    
 Catch=   1325474.07390569     
 Abd=   952429.1    
 Catch=   89149.4229069186     
 Abd=   578446.6    
 Catch=   2831.18884699219     
 Abd=   47223.38    
 Catch=   4636708.52059392     
 Abd=  1.8399410E+07
 Catch=   2241414.93173501     
 Abd=   9740947.    
 Catch=   852547.109278636     
 Abd=   1560002.    
 Catch=   2066775.34779888     
 Abd=   4737967.    
 Catch=   495960.734316458     
 Abd=   1707790.    
 Catch=   61511630.0490051     
 Abd=  1.2106858E+08
 Catch=   2831236.83445675     
 Abd=  1.8370216E+07
 Catch=   4503710.54820970     
 Abd=  2.2600350E+07
 Catch=   524027.955938793     
 Abd=   1804380.    
 Catch=   425122.076381488     
 Abd=   3883105.    
 Catch=   795319.110557251     
 Abd=   752290.6    
 Catch=   927877.925673807     
 Abd=   719631.2    
 Catch=   125729.527677703     
 Abd=   153225.1    
 Catch=   40302.9024399921     
 Abd=   28163.05    
 Catch=   4996371.23272498     
 Abd=  1.0295516E+07
 Catch=   533250.772494884     
 Abd=   1166135.    
 Catch=   8636983.02343994     
 Abd=  3.2017476E+07
 Catch=   448270.361160189     
 Abd=   6187040.    
 Catch=   407772.449002416     
 Abd=   4340229.    
 Catch=   3928373.19592142     
 Abd=   1240782.    
 Catch=   3928373.19592142     
 Abd=   1240782.    
 Catch=   145067.493889598     
 Abd=   45819.19    
 Catch=   1228715.20534914     
 Abd=  1.6033413E+07
 Catch=   517999.267352253     
 Abd=   3704196.    
 Catch=   20292499.1649865     
 Abd=  3.3877165E+08
 Catch=   2980726.10746544     
 Abd=  3.0010134E+07
 Catch=   4954357.87368510     
 Abd=  3.6196560E+07
 Time step =         1880
 Catch=   10976903.4623729     
 Abd=  3.0053588E+07
 Catch=   291571.320952831     
 Abd=   1325114.    
 Catch=   769214.457346337     
 Abd=   937336.8    
 Catch=   492653.742605211     
 Abd=   3112662.    
 Catch=   183539.613211203     
 Abd=   359255.4    
 Catch=   212.257578120105     
 Abd=   2532.701    
 Catch=   15094.9942452643     
 Abd=   217285.2    
 Catch=   800927.011210204     
 Abd=   581068.9    
 Catch=   1325474.07578792     
 Abd=   952429.2    
 Catch=   89149.1111023330     
 Abd=   578444.9    
 Catch=   2826.00521560682     
 Abd=   47137.58    
 Catch=   4636711.32131157     
 Abd=  1.8399428E+07
 Catch=   2241411.29260813     
 Abd=   9740940.    
 Catch=   852547.090990368     
 Abd=   1560001.    
 Catch=   2066775.17531948     
 Abd=   4737963.    
 Catch=   495960.605351522     
 Abd=   1707790.    
 Catch=   61511614.2834843     
 Abd=  1.2106853E+08
 Catch=   2831235.39502370     
 Abd=  1.8370218E+07
 Catch=   4503711.19244338     
 Abd=  2.2600348E+07
 Catch=   524027.895825930     
 Abd=   1804380.    
 Catch=   425002.278437529     
 Abd=   3882027.    
 Catch=   795319.186604592     
 Abd=   752290.4    
 Catch=   927877.899272771     
 Abd=   719630.9    
 Catch=   125729.527164465     
 Abd=   153225.1    
 Catch=   40302.9024399784     
 Abd=   28163.05    
 Catch=   4996372.16699102     
 Abd=  1.0295514E+07
 Catch=   533250.829954388     
 Abd=   1166135.    
 Catch=   8636982.55352814     
 Abd=  3.2017472E+07
 Catch=   448270.701206630     
 Abd=   6187041.    
 Catch=   407764.031960069     
 Abd=   4340145.    
 Catch=   3928373.10741583     
 Abd=   1240782.    
 Catch=   3928373.10741583     
 Abd=   1240782.    
 Catch=   145067.493889421     
 Abd=   45819.19    
 Catch=   1228686.84642869     
 Abd=  1.6033050E+07
 Catch=   517990.778301898     
 Abd=   3704136.    
 Catch=   20292489.0998680     
 Abd=  3.3877162E+08
 Catch=   2980703.82131451     
 Abd=  3.0009972E+07
 Catch=   4954338.43668153     
 Abd=  3.6196456E+07
 Time step =         1881
 Catch=   10976904.2320856     
 Abd=  3.0053580E+07
 Catch=   291571.071528773     
 Abd=   1325114.    
 Catch=   769214.403618403     
 Abd=   937336.9    
 Catch=   492653.523227175     
 Abd=   3112658.    
 Catch=   183539.656826054     
 Abd=   359255.5    
 Catch=   212.246597768227     
 Abd=   2532.574    
 Catch=   15092.4585933512     
 Abd=   217249.4    
 Catch=   800926.926681977     
 Abd=   581068.6    
 Catch=   1325474.13698702     
 Abd=   952429.2    
 Catch=   89148.8280101206     
 Abd=   578442.8    
 Catch=   2820.90505091623     
 Abd=   47053.03    
 Catch=   4636711.37703355     
 Abd=  1.8399414E+07
 Catch=   2241411.32932037     
 Abd=   9740937.    
 Catch=   852546.965441981     
 Abd=   1560001.    
 Catch=   2066776.04780488     
 Abd=   4737970.    
 Catch=   495960.591431398     
 Abd=   1707789.    
 Catch=   61511611.2320921     
 Abd=  1.2106856E+08
 Catch=   2831233.55532159     
 Abd=  1.8370194E+07
 Catch=   4503710.60004530     
 Abd=  2.2600344E+07
 Catch=   524028.079981721     
 Abd=   1804381.    
 Catch=   424885.798087360     
 Abd=   3880976.    
 Catch=   795319.287793615     
 Abd=   752290.8    
 Catch=   927877.559250708     
 Abd=   719630.8    
 Catch=   125729.537309180     
 Abd=   153225.1    
 Catch=   40302.9024399647     
 Abd=   28163.05    
 Catch=   4996369.69981577     
 Abd=  1.0295516E+07
 Catch=   533250.846655123     
 Abd=   1166136.    
 Catch=   8636981.79235081     
 Abd=  3.2017472E+07
 Catch=   448270.538762109     
 Abd=   6187034.    
 Catch=   407756.316010406     
 Abd=   4340061.    
 Catch=   3928372.93835308     
 Abd=   1240782.    
 Catch=   3928372.93835308     
 Abd=   1240782.    
 Catch=   145067.493889716     
 Abd=   45819.19    
 Catch=   1228659.61090040     
 Abd=  1.6032705E+07
 Catch=   517982.537470868     
 Abd=   3704080.    
 Catch=   20292504.8800183     
 Abd=  3.3877203E+08
 Catch=   2980689.40828134     
 Abd=  3.0009852E+07
 Catch=   4954331.60425789     
 Abd=  3.6196464E+07
 Time step =         1882
 Catch=   10976900.0245693     
 Abd=  3.0053566E+07
 Catch=   291571.159487096     
 Abd=   1325114.    
 Catch=   769214.522306817     
 Abd=   937336.9    
 Catch=   492653.145687166     
 Abd=   3112658.    
 Catch=   183539.639826053     
 Abd=   359255.4    
 Catch=   212.236126390587     
 Abd=   2532.451    
 Catch=   15090.0278438398     
 Abd=   217214.2    
 Catch=   800926.796798185     
 Abd=   581068.9    
 Catch=   1325474.42244319     
 Abd=   952429.3    
 Catch=   89148.5122523377     
 Abd=   578440.8    
 Catch=   2815.87294156283     
 Abd=   46969.62    
 Catch=   4636708.77768596     
 Abd=  1.8399404E+07
 Catch=   2241411.12504077     
 Abd=   9740932.    
 Catch=   852546.805214135     
 Abd=   1560001.    
 Catch=   2066777.57197861     
 Abd=   4737968.    
 Catch=   495960.374497436     
 Abd=   1707788.    
 Catch=   61511623.8008473     
 Abd=  1.2106858E+08
 Catch=   2831232.12579142     
 Abd=  1.8370192E+07
 Catch=   4503710.80275990     
 Abd=  2.2600344E+07
 Catch=   524028.206578926     
 Abd=   1804381.    
 Catch=   424771.977037394     
 Abd=   3879948.    
 Catch=   795319.495526841     
 Abd=   752290.8    
 Catch=   927877.634868265     
 Abd=   719631.0    
 Catch=   125729.511158920     
 Abd=   153225.0    
 Catch=   40302.9024399373     
 Abd=   28163.05    
 Catch=   4996371.13455618     
 Abd=  1.0295515E+07
 Catch=   533250.939647582     
 Abd=   1166136.    
 Catch=   8636982.64014921     
 Abd=  3.2017474E+07
 Catch=   448270.900155012     
 Abd=   6187050.    
 Catch=   407748.134534666     
 Abd=   4339978.    
 Catch=   3928373.23833980     
 Abd=   1240782.    
 Catch=   3928373.23833980     
 Abd=   1240782.    
 Catch=   145067.493889539     
 Abd=   45819.19    
 Catch=   1228634.59224891     
 Abd=  1.6032388E+07
 Catch=   517974.689021339     
 Abd=   3704024.    
 Catch=   20292490.0275921     
 Abd=  3.3877062E+08
 Catch=   2980678.09841802     
 Abd=  3.0009730E+07
 Catch=   4954328.78549991     
 Abd=  3.6196424E+07
 Time step =         1883
 Catch=   10976895.1824779     
 Abd=  3.0053554E+07
 Catch=   291571.055161033     
 Abd=   1325113.    
 Catch=   769214.217803488     
 Abd=   937336.6    
 Catch=   492652.852164015     
 Abd=   3112653.    
 Catch=   183539.638887723     
 Abd=   359255.5    
 Catch=   212.225991667169     
 Abd=   2532.332    
 Catch=   15087.5586363367     
 Abd=   217179.4    
 Catch=   800927.115136725     
 Abd=   581069.0    
 Catch=   1325474.24363651     
 Abd=   952429.4    
 Catch=   89148.2180713764     
 Abd=   578438.8    
 Catch=   2810.91546298293     
 Abd=   46887.50    
 Catch=   4636705.93105469     
 Abd=  1.8399396E+07
 Catch=   2241410.62062162     
 Abd=   9740936.    
 Catch=   852547.042021718     
 Abd=   1560002.    
 Catch=   2066775.68601438     
 Abd=   4737966.    
 Catch=   495960.149835714     
 Abd=   1707788.    
 Catch=   61511624.7929114     
 Abd=  1.2106856E+08
 Catch=   2831230.53749827     
 Abd=  1.8370184E+07
 Catch=   4503711.12522327     
 Abd=  2.2600350E+07
 Catch=   524028.213189214     
 Abd=   1804382.    
 Catch=   424660.897167780     
 Abd=   3878944.    
 Catch=   795319.245755197     
 Abd=   752290.6    
 Catch=   927877.928552731     
 Abd=   719631.4    
 Catch=   125729.505099748     
 Abd=   153225.1    
 Catch=   40302.9024400195     
 Abd=   28163.05    
 Catch=   4996372.29316233     
 Abd=  1.0295514E+07
 Catch=   533250.742065021     
 Abd=   1166135.    
 Catch=   8636982.56727923     
 Abd=  3.2017476E+07
 Catch=   448271.320072371     
 Abd=   6187052.    
 Catch=   407740.932888995     
 Abd=   4339899.    
 Catch=   3928373.11696704     
 Abd=   1240782.    
 Catch=   3928373.11696704     
 Abd=   1240782.    
 Catch=   145067.493889361     
 Abd=   45819.19    
 Catch=   1228610.27297293     
 Abd=  1.6032080E+07
 Catch=   517967.000520081     
 Abd=   3703969.    
 Catch=   20292322.9297263     
 Abd=  3.3876646E+08
 Catch=   2980662.60283600     
 Abd=  3.0009568E+07
 Catch=   4954325.93076297     
 Abd=  3.6196384E+07
 Time step =         1884
 Catch=   10976891.6906303     
 Abd=  3.0053552E+07
 Catch=   291570.924852873     
 Abd=   1325112.    
 Catch=   769214.326823061     
 Abd=   937336.8    
 Catch=   492652.370989839     
 Abd=   3112652.    
 Catch=   183539.643287396     
 Abd=   359255.5    
 Catch=   212.216227468571     
 Abd=   2532.219    
 Catch=   15085.2600316858     
 Abd=   217147.6    
 Catch=   800927.123603697     
 Abd=   581068.9    
 Catch=   1325474.28115569     
 Abd=   952429.4    
 Catch=   89147.8999488932     
 Abd=   578436.9    
 Catch=   2806.03523203292     
 Abd=   46806.62    
 Catch=   4636704.20141227     
 Abd=  1.8399396E+07
 Catch=   2241408.68118185     
 Abd=   9740922.    
 Catch=   852547.228645873     
 Abd=   1560002.    
 Catch=   2066774.71809510     
 Abd=   4737963.    
 Catch=   495959.931041836     
 Abd=   1707786.    
 Catch=   61511613.5918410     
 Abd=  1.2106854E+08
 Catch=   2831229.48525177     
 Abd=  1.8370178E+07
 Catch=   4503710.73832545     
 Abd=  2.2600348E+07
 Catch=   524028.168990294     
 Abd=   1804381.    
 Catch=   424552.374482339     
 Abd=   3877965.    
 Catch=   795319.284754936     
 Abd=   752290.6    
 Catch=   927878.131488909     
 Abd=   719631.3    
 Catch=   125729.484451255     
 Abd=   153225.0    
 Catch=   40302.9024399921     
 Abd=   28163.05    
 Catch=   4996373.09890128     
 Abd=  1.0295516E+07
 Catch=   533250.583812068     
 Abd=   1166135.    
 Catch=   8636982.23154214     
 Abd=  3.2017472E+07
 Catch=   448271.312485025     
 Abd=   6187046.    
 Catch=   407733.499069230     
 Abd=   4339821.    
 Catch=   3928373.04401117     
 Abd=   1240782.    
 Catch=   3928373.04401117     
 Abd=   1240782.    
 Catch=   145067.493889598     
 Abd=   45819.19    
 Catch=   1228587.51862072     
 Abd=  1.6031797E+07
 Catch=   517959.341435674     
 Abd=   3703914.    
 Catch=   20291943.2898555     
 Abd=  3.3875882E+08
 Catch=   2980642.87722007     
 Abd=  3.0009296E+07
 Catch=   4954317.05180746     
 Abd=  3.6196304E+07
 Time step =         1885
 Catch=   10976889.2680119     
 Abd=  3.0053536E+07
 Catch=   291570.909332646     
 Abd=   1325114.    
 Catch=   769214.143796271     
 Abd=   937336.8    
 Catch=   492652.346718277     
 Abd=   3112652.    
 Catch=   183539.701039716     
 Abd=   359255.6    
 Catch=   212.206995741260     
 Abd=   2532.111    
 Catch=   15083.0393991533     
 Abd=   217115.3    
 Catch=   800927.099679040     
 Abd=   581068.9    
 Catch=   1325474.39871708     
 Abd=   952429.1    
 Catch=   89147.6001066862     
 Abd=   578434.9    
 Catch=   2801.22310036333     
 Abd=   46726.79    
 Catch=   4636704.54993756     
 Abd=  1.8399394E+07
 Catch=   2241406.57301810     
 Abd=   9740916.    
 Catch=   852546.858512284     
 Abd=   1560001.    
 Catch=   2066774.50776234     
 Abd=   4737964.    
 Catch=   495959.750868670     
 Abd=   1707786.    
 Catch=   61511610.4871391     
 Abd=  1.2106856E+08
 Catch=   2831228.29522618     
 Abd=  1.8370160E+07
 Catch=   4503709.81180909     
 Abd=  2.2600338E+07
 Catch=   524028.108130504     
 Abd=   1804381.    
 Catch=   424446.237642207     
 Abd=   3877006.    
 Catch=   795319.036863971     
 Abd=   752290.4    
 Catch=   927878.019951274     
 Abd=   719631.2    
 Catch=   125729.533843465     
 Abd=   153225.1    
 Catch=   40302.9024399784     
 Abd=   28163.05    
 Catch=   4996370.74107174     
 Abd=  1.0295515E+07
 Catch=   533250.795700209     
 Abd=   1166135.    
 Catch=   8636982.04188555     
 Abd=  3.2017474E+07
 Catch=   448271.100270359     
 Abd=   6187045.    
 Catch=   407726.510261090     
 Abd=   4339750.    
 Catch=   3928373.26197640     
 Abd=   1240782.    
 Catch=   3928373.26197640     
 Abd=   1240782.    
 Catch=   145067.493889421     
 Abd=   45819.19    
 Catch=   1228566.61748429     
 Abd=  1.6031522E+07
 Catch=   517951.960821009     
 Abd=   3703864.    
 Catch=   20291346.2222315     
 Abd=  3.3874650E+08
 Catch=   2980611.58302763     
 Abd=  3.0008966E+07
 Catch=   4954306.73822983     
 Abd=  3.6196264E+07
 Time step =         1886
 Catch=   10976883.8498545     
 Abd=  3.0053524E+07
 Catch=   291571.066803554     
 Abd=   1325113.    
 Catch=   769214.399155917     
 Abd=   937336.8    
 Catch=   492651.987767254     
 Abd=   3112647.    
 Catch=   183539.754676191     
 Abd=   359255.7    
 Catch=   212.198253118681     
 Abd=   2532.010    
 Catch=   15080.8135405287     
 Abd=   217084.2    
 Catch=   800926.918885346     
 Abd=   581068.8    
 Catch=   1325474.34854293     
 Abd=   952429.1    
 Catch=   89147.3110553775     
 Abd=   578433.0    
 Catch=   2796.47684288490     
 Abd=   46648.21    
 Catch=   4636704.85783173     
 Abd=  1.8399392E+07
 Catch=   2241405.89059158     
 Abd=   9740910.    
 Catch=   852546.717955410     
 Abd=   1560001.    
 Catch=   2066775.61574129     
 Abd=   4737969.    
 Catch=   495959.608881284     
 Abd=   1707786.    
 Catch=   61511621.5395656     
 Abd=  1.2106861E+08
 Catch=   2831226.77132839     
 Abd=  1.8370160E+07
 Catch=   4503710.66077541     
 Abd=  2.2600340E+07
 Catch=   524028.077800340     
 Abd=   1804381.    
 Catch=   424342.533161350     
 Abd=   3876068.    
 Catch=   795319.110657379     
 Abd=   752290.8    
 Catch=   927877.998109360     
 Abd=   719631.2    
 Catch=   125729.499631848     
 Abd=   153225.1    
 Catch=   40302.9024399647     
 Abd=   28163.05    
 Catch=   4996373.22081180     
 Abd=  1.0295512E+07
 Catch=   533250.672135396     
 Abd=   1166135.    
 Catch=   8636983.15027856     
 Abd=  3.2017476E+07
 Catch=   448271.073475540     
 Abd=   6187050.    
 Catch=   407719.960292565     
 Abd=   4339683.    
 Catch=   3928372.78754953     
 Abd=   1240782.    
 Catch=   3928372.78754953     
 Abd=   1240782.    
 Catch=   145067.493889716     
 Abd=   45819.19    
 Catch=   1228545.95418266     
 Abd=  1.6031253E+07
 Catch=   517944.936969728     
 Abd=   3703814.    
 Catch=   20290694.9806582     
 Abd=  3.3873770E+08
 Catch=   2980579.22186160     
 Abd=  3.0008674E+07
 Catch=   4954298.60537086     
 Abd=  3.6196180E+07
 Time step =         1887
 Catch=   10976879.2609778     
 Abd=  3.0053522E+07
 Catch=   291571.016767727     
 Abd=   1325113.    
 Catch=   769214.135810002     
 Abd=   937336.6    
 Catch=   492651.581248562     
 Abd=   3112646.    
 Catch=   183539.738082788     
 Abd=   359255.5    
 Catch=   212.189747920312     
 Abd=   2531.908    
 Catch=   15078.7277202769     
 Abd=   217055.0    
 Catch=   800926.769934651     
 Abd=   581068.8    
 Catch=   1325473.96766362     
 Abd=   952429.0    
 Catch=   89147.0333894316     
 Abd=   578431.4    
 Catch=   2791.80566924213     
 Abd=   46570.86    
 Catch=   4636708.75262969     
 Abd=  1.8399414E+07
 Catch=   2241404.19619370     
 Abd=   9740905.    
 Catch=   852546.735928435     
 Abd=   1560001.    
 Catch=   2066778.69059140     
 Abd=   4737977.    
 Catch=   495959.406088361     
 Abd=   1707785.    
 Catch=   61511627.3686963     
 Abd=  1.2106858E+08
 Catch=   2831227.00082409     
 Abd=  1.8370156E+07
 Catch=   4503709.54649202     
 Abd=  2.2600334E+07
 Catch=   524027.974962034     
 Abd=   1804380.    
 Catch=   424241.085892802     
 Abd=   3875151.    
 Catch=   795319.398771253     
 Abd=   752290.6    
 Catch=   927878.062584736     
 Abd=   719631.3    
 Catch=   125729.515663811     
 Abd=   153225.1    
 Catch=   40302.9024399373     
 Abd=   28163.05    
 Catch=   4996369.31509365     
 Abd=  1.0295516E+07
 Catch=   533250.825531373     
 Abd=   1166135.    
 Catch=   8636982.54535853     
 Abd=  3.2017472E+07
 Catch=   448271.967480255     
 Abd=   6187063.    
 Catch=   407713.629233745     
 Abd=   4339613.    
 Catch=   3928372.55184497     
 Abd=   1240782.    
 Catch=   3928372.55184497     
 Abd=   1240782.    
 Catch=   145067.493889539     
 Abd=   45819.19    
 Catch=   1228524.79859189     
 Abd=  1.6030984E+07
 Catch=   517937.996213526     
 Abd=   3703762.    
 Catch=   20290180.8054666     
 Abd=  3.3872890E+08
 Catch=   2980556.79067235     
 Abd=  3.0008488E+07
 Catch=   4954291.68111306     
 Abd=  3.6196148E+07
 Time step =         1888
 Catch=   10976878.6249799     
 Abd=  3.0053528E+07
 Catch=   291571.004662513     
 Abd=   1325113.    
 Catch=   769214.289041624     
 Abd=   937336.9    
 Catch=   492651.551114652     
 Abd=   3112648.    
 Catch=   183539.657558644     
 Abd=   359255.4    
 Catch=   212.181366485243     
 Abd=   2531.811    
 Catch=   15076.6619998772     
 Abd=   217024.8    
 Catch=   800926.871309612     
 Abd=   581069.0    
 Catch=   1325473.90072481     
 Abd=   952429.3    
 Catch=   89146.7690769209     
 Abd=   578429.9    
 Catch=   2787.20589802306     
 Abd=   46494.55    
 Catch=   4636709.04843006     
 Abd=  1.8399406E+07
 Catch=   2241401.07468458     
 Abd=   9740894.    
 Catch=   852546.928528554     
 Abd=   1560002.    
 Catch=   2066778.69408576     
 Abd=   4737970.    
 Catch=   495959.330790660     
 Abd=   1707785.    
 Catch=   61511622.5222318     
 Abd=  1.2106858E+08
 Catch=   2831225.66034784     
 Abd=  1.8370136E+07
 Catch=   4503709.85096082     
 Abd=  2.2600344E+07
 Catch=   524027.886701497     
 Abd=   1804381.    
 Catch=   424141.633482132     
 Abd=   3874253.    
 Catch=   795319.379009350     
 Abd=   752290.9    
 Catch=   927877.967921035     
 Abd=   719631.0    
 Catch=   125729.546067091     
 Abd=   153225.2    
 Catch=   40302.9024400195     
 Abd=   28163.05    
 Catch=   4996370.79353181     
 Abd=  1.0295514E+07
 Catch=   533250.789200011     
 Abd=   1166136.    
 Catch=   8636982.01042688     
 Abd=  3.2017476E+07
 Catch=   448272.646468381     
 Abd=   6187070.    
 Catch=   407706.529361577     
 Abd=   4339536.    
 Catch=   3928372.90539663     
 Abd=   1240782.    
 Catch=   3928372.90539663     
 Abd=   1240782.    
 Catch=   145067.493889361     
 Abd=   45819.19    
 Catch=   1228505.42767733     
 Abd=  1.6030736E+07
 Catch=   517930.707224229     
 Abd=   3703712.    
 Catch=   20289671.4924447     
 Abd=  3.3872141E+08
 Catch=   2980541.79566704     
 Abd=  3.0008358E+07
 Catch=   4954290.19705062     
 Abd=  3.6196144E+07
 Time step =         1889
 Catch=   10976880.7731256     
 Abd=  3.0053526E+07
 Catch=   291570.881038019     
 Abd=   1325113.    
 Catch=   769214.398703463     
 Abd=   937336.8    
 Catch=   492651.930010631     
 Abd=   3112649.    
 Catch=   183539.657074161     
 Abd=   359255.5    
 Catch=   212.173503878626     
 Abd=   2531.719    
 Catch=   15074.5512044079     
 Abd=   216994.9    
 Catch=   800927.099085774     
 Abd=   581068.8    
 Catch=   1325474.37508220     
 Abd=   952429.5    
 Catch=   89146.5285736515     
 Abd=   578428.4    
 Catch=   2782.66484217705     
 Abd=   46419.29    
 Catch=   4636708.53006521     
 Abd=  1.8399412E+07
 Catch=   2241399.36667133     
 Abd=   9740886.    
 Catch=   852547.103752872     
 Abd=   1560002.    
 Catch=   2066775.52243733     
 Abd=   4737964.    
 Catch=   495959.257163957     
 Abd=   1707785.    
 Catch=   61511621.9110610     
 Abd=  1.2106858E+08
 Catch=   2831223.49875986     
 Abd=  1.8370126E+07
 Catch=   4503709.22086696     
 Abd=  2.2600334E+07
 Catch=   524028.151111962     
 Abd=   1804381.    
 Catch=   424044.461601269     
 Abd=   3873376.    
 Catch=   795319.438010435     
 Abd=   752290.8    
 Catch=   927877.731741303     
 Abd=   719631.2    
 Catch=   125729.578160005     
 Abd=   153225.1    
 Catch=   40302.9024399921     
 Abd=   28163.05    
 Catch=   4996372.24080656     
 Abd=  1.0295514E+07
 Catch=   533250.920051458     
 Abd=   1166136.    
 Catch=   8636982.42902933     
 Abd=  3.2017472E+07
 Catch=   448273.357643655     
 Abd=   6187082.    
 Catch=   407699.565995460     
 Abd=   4339465.    
 Catch=   3928372.67286891     
 Abd=   1240782.    
 Catch=   3928372.67286891     
 Abd=   1240782.    
 Catch=   145067.493889598     
 Abd=   45819.19    
 Catch=   1228486.96428820     
 Abd=  1.6030503E+07
 Catch=   517923.976480932     
 Abd=   3703662.    
 Catch=   20289310.1153952     
 Abd=  3.3871725E+08
 Catch=   2980519.43155144     
 Abd=  3.0008062E+07
 Catch=   4954284.09729856     
 Abd=  3.6196072E+07
 Time step =         1890
 Catch=   10976877.2274075     
 Abd=  3.0053516E+07
 Catch=   291570.876156145     
 Abd=   1325113.    
 Catch=   769214.273536135     
 Abd=   937336.8    
 Catch=   492652.166493632     
 Abd=   3112653.    
 Catch=   183539.652139406     
 Abd=   359255.4    
 Catch=   212.165978590428     
 Abd=   2531.632    
 Catch=   15072.5884253606     
 Abd=   216967.3    
 Catch=   800926.831301009     
 Abd=   581068.8    
 Catch=   1325474.07200306     
 Abd=   952429.1    
 Catch=   89146.3326900010     
 Abd=   578426.9    
 Catch=   2778.19096932123     
 Abd=   46345.09    
 Catch=   4636711.38901005     
 Abd=  1.8399424E+07
 Catch=   2241395.94375748     
 Abd=   9740868.    
 Catch=   852547.204813499     
 Abd=   1560002.    
 Catch=   2066776.27343878     
 Abd=   4737968.    
 Catch=   495959.158622994     
 Abd=   1707784.    
 Catch=   61511623.0228237     
 Abd=  1.2106856E+08
 Catch=   2831222.33025044     
 Abd=  1.8370128E+07
 Catch=   4503709.57863033     
 Abd=  2.2600344E+07
 Catch=   524028.002770486     
 Abd=   1804380.    
 Catch=   423949.580408929     
 Abd=   3872519.    
 Catch=   795319.363184923     
 Abd=   752290.8    
 Catch=   927877.988592496     
 Abd=   719631.2    
 Catch=   125729.493979591     
 Abd=   153225.1    
 Catch=   40302.9024399784     
 Abd=   28163.05    
 Catch=   4996368.69328569     
 Abd=  1.0295512E+07
 Catch=   533250.973351022     
 Abd=   1166136.    
 Catch=   8636982.34178259     
 Abd=  3.2017476E+07
 Catch=   448273.529327804     
 Abd=   6187078.    
 Catch=   407693.222020371     
 Abd=   4339402.    
 Catch=   3928373.28869700     
 Abd=   1240782.    
 Catch=   3928373.28869700     
 Abd=   1240782.    
 Catch=   145067.493889421     
 Abd=   45819.19    
 Catch=   1228469.29966787     
 Abd=  1.6030278E+07
 Catch=   517917.001634807     
 Abd=   3703614.    
 Catch=   20289135.7149419     
 Abd=  3.3871402E+08
 Catch=   2980498.61687879     
 Abd=  3.0007916E+07
 Catch=   4954272.24474193     
 Abd=  3.6195952E+07
 Time step =         1891
 Catch=   10976877.8498497     
 Abd=  3.0053514E+07
 Catch=   291571.013158184     
 Abd=   1325113.    
 Catch=   769214.186116469     
 Abd=   937336.8    
 Catch=   492652.347369222     
 Abd=   3112654.    
 Catch=   183539.671418087     
 Abd=   359255.5    
 Catch=   212.158905230978     
 Abd=   2531.550    
 Catch=   15070.7193629533     
 Abd=   216941.7    
 Catch=   800926.755271610     
 Abd=   581068.8    
 Catch=   1325473.90594847     
 Abd=   952429.1    
 Catch=   89146.0303098396     
 Abd=   578424.1    
 Catch=   2773.76132176785     
 Abd=   46271.36    
 Catch=   4636712.06312518     
 Abd=  1.8399430E+07
 Catch=   2241390.99832542     
 Abd=   9740850.    
 Catch=   852547.088494279     
 Abd=   1560001.    
 Catch=   2066775.56189493     
 Abd=   4737965.    
 Catch=   495959.111447891     
 Abd=   1707784.    
 Catch=   61511609.7839109     
 Abd=  1.2106856E+08
 Catch=   2831221.94718820     
 Abd=  1.8370118E+07
 Catch=   4503710.01443535     
 Abd=  2.2600344E+07
 Catch=   524028.085467836     
 Abd=   1804381.    
 Catch=   423856.864221490     
 Abd=   3871684.    
 Catch=   795319.491246887     
 Abd=   752290.8    
 Catch=   927878.125643487     
 Abd=   719631.3    
 Catch=   125729.528889120     
 Abd=   153225.1    
 Catch=   40302.9024399647     
 Abd=   28163.05    
 Catch=   4996370.77442357     
 Abd=  1.0295514E+07
 Catch=   533250.996297779     
 Abd=   1166136.    
 Catch=   8636982.22831757     
 Abd=  3.2017476E+07
 Catch=   448273.136127953     
 Abd=   6187071.    
 Catch=   407687.792338254     
 Abd=   4339345.    
 Catch=   3928372.43014941     
 Abd=   1240782.    
 Catch=   3928372.43014941     
 Abd=   1240782.    
 Catch=   145067.493889716     
 Abd=   45819.19    
 Catch=   1228452.56163697     
 Abd=  1.6030071E+07
 Catch=   517910.395471079     
 Abd=   3703568.    
 Catch=   20288854.2056332     
 Abd=  3.3870746E+08
 Catch=   2980483.66957815     
 Abd=  3.0007808E+07
 Catch=   4954257.58524281     
 Abd=  3.6195928E+07
 Time step =         1892
 Catch=   10976876.0240269     
 Abd=  3.0053516E+07
 Catch=   291570.967134957     
 Abd=   1325113.    
 Catch=   769214.289213296     
 Abd=   937336.9    
 Catch=   492652.592284471     
 Abd=   3112653.    
 Catch=   183539.667068636     
 Abd=   359255.4    
 Catch=   212.152138448522     
 Abd=   2531.470    
 Catch=   15068.8715915246     
 Abd=   216914.0    
 Catch=   800926.800345944     
 Abd=   581068.9    
 Catch=   1325474.29982852     
 Abd=   952429.2    
 Catch=   89145.5040557492     
 Abd=   578420.8    
 Catch=   2769.37461523120     
 Abd=   46198.72    
 Catch=   4636712.99400927     
 Abd=  1.8399418E+07
 Catch=   2241386.94614620     
 Abd=   9740836.    
 Catch=   852546.901538598     
 Abd=   1560001.    
 Catch=   2066775.49078192     
 Abd=   4737964.    
 Catch=   495959.000100358     
 Abd=   1707783.    
 Catch=   61511606.3152133     
 Abd=  1.2106852E+08
 Catch=   2831220.14910391     
 Abd=  1.8370096E+07
 Catch=   4503709.30663837     
 Abd=  2.2600332E+07
 Catch=   524028.121933526     
 Abd=   1804380.    
 Catch=   423766.152513269     
 Abd=   3870862.    
 Catch=   795319.307521364     
 Abd=   752290.6    
 Catch=   927878.133052445     
 Abd=   719631.3    
 Catch=   125729.538051381     
 Abd=   153225.1    
 Catch=   40302.9024399373     
 Abd=   28163.05    
 Catch=   4996372.09577920     
 Abd=  1.0295515E+07
 Catch=   533251.069806142     
 Abd=   1166136.    
 Catch=   8636982.73658553     
 Abd=  3.2017476E+07
 Catch=   448272.829189318     
 Abd=   6187069.    
 Catch=   407682.105815519     
 Abd=   4339286.    
 Catch=   3928372.86537389     
 Abd=   1240782.    
 Catch=   3928372.86537389     
 Abd=   1240782.    
 Catch=   145067.493889539     
 Abd=   45819.19    
 Catch=   1228436.61926485     
 Abd=  1.6029858E+07
 Catch=   517903.809988179     
 Abd=   3703521.    
 Catch=   20288514.9731858     
 Abd=  3.3870400E+08
 Catch=   2980476.92130218     
 Abd=  3.0007742E+07
 Catch=   4954261.78080440     
 Abd=  3.6195944E+07
 Time step =         1893
 Catch=   10976876.0525322     
 Abd=  3.0053506E+07
 Catch=   291570.916019084     
 Abd=   1325114.    
 Catch=   769214.447899873     
 Abd=   937336.9    
 Catch=   492652.408706513     
 Abd=   3112653.    
 Catch=   183539.668950016     
 Abd=   359255.4    
 Catch=   212.145482057603     
 Abd=   2531.392    
 Catch=   15066.9903203677     
 Abd=   216887.9    
 Catch=   800927.148557676     
 Abd=   581068.9    
 Catch=   1325474.36538835     
 Abd=   952429.1    
 Catch=   89145.0312826856     
 Abd=   578418.0    
 Catch=   2765.05790251853     
 Abd=   46127.24    
 Catch=   4636709.36005876     
 Abd=  1.8399406E+07
 Catch=   2241385.23887840     
 Abd=   9740830.    
 Catch=   852546.968850341     
 Abd=   1560002.    
 Catch=   2066776.74465878     
 Abd=   4737971.    
 Catch=   495958.784522139     
 Abd=   1707783.    
 Catch=   61511616.5362263     
 Abd=  1.2106861E+08
 Catch=   2831216.88574716     
 Abd=  1.8370100E+07
 Catch=   4503708.80981769     
 Abd=  2.2600324E+07
 Catch=   524027.989768597     
 Abd=   1804380.    
 Catch=   423677.253707713     
 Abd=   3870059.    
 Catch=   795319.362087453     
 Abd=   752290.6    
 Catch=   927878.024828162     
 Abd=   719631.2    
 Catch=   125729.523075003     
 Abd=   153225.1    
 Catch=   40302.9024400195     
 Abd=   28163.05    
 Catch=   4996371.19528160     
 Abd=  1.0295512E+07
 Catch=   533250.853282711     
 Abd=   1166136.    
 Catch=   8636982.14195308     
 Abd=  3.2017468E+07
 Catch=   448272.733322999     
 Abd=   6187070.    
 Catch=   407676.841004571     
 Abd=   4339224.    
 Catch=   3928372.89927325     
 Abd=   1240782.    
 Catch=   3928372.89927325     
 Abd=   1240782.    
 Catch=   145067.493889361     
 Abd=   45819.19    
 Catch=   1228420.74577103     
 Abd=  1.6029656E+07
 Catch=   517897.322933393     
 Abd=   3703478.    
 Catch=   20288316.8478774     
 Abd=  3.3870029E+08
 Catch=   2980470.60190379     
 Abd=  3.0007680E+07
 Catch=   4954256.51445649     
 Abd=  3.6195856E+07
 Time step =         1894
 Catch=   10976872.0574044     
 Abd=  3.0053512E+07
 Catch=   291571.086419935     
 Abd=   1325113.    
 Catch=   769214.293579607     
 Abd=   937336.8    
 Catch=   492652.563958368     
 Abd=   3112655.    
 Catch=   183539.627134436     
 Abd=   359255.4    
 Catch=   212.139225171988     
 Abd=   2531.319    
 Catch=   15065.2884264347     
 Abd=   216863.7    
 Catch=   800926.931087830     
 Abd=   581068.8    
 Catch=   1325474.32476595     
 Abd=   952429.3    
 Catch=   89144.6317671273     
 Abd=   578415.5    
 Catch=   2760.81142739200     
 Abd=   46056.95    
 Catch=   4636706.58615575     
 Abd=  1.8399396E+07
 Catch=   2241383.42587360     
 Abd=   9740820.    
 Catch=   852547.244870215     
 Abd=   1560002.    
 Catch=   2066776.78206330     
 Abd=   4737968.    
 Catch=   495958.746294692     
 Abd=   1707783.    
 Catch=   61511634.6483911     
 Abd=  1.2106858E+08
 Catch=   2831216.27383705     
 Abd=  1.8370080E+07
 Catch=   4503709.78386271     
 Abd=  2.2600352E+07
 Catch=   524028.101312967     
 Abd=   1804381.    
 Catch=   423590.431512274     
 Abd=   3869274.    
 Catch=   795319.326339975     
 Abd=   752290.6    
 Catch=   927877.911304248     
 Abd=   719631.0    
 Catch=   125729.527555629     
 Abd=   153225.1    
 Catch=   40302.9024399921     
 Abd=   28163.05    
 Catch=   4996370.31035901     
 Abd=  1.0295514E+07
 Catch=   533250.977896252     
 Abd=   1166136.    
 Catch=   8636982.33305685     
 Abd=  3.2017472E+07
 Catch=   448272.834788406     
 Abd=   6187070.    
 Catch=   407670.791009214     
 Abd=   4339167.    
 Catch=   3928373.21461439     
 Abd=   1240782.    
 Catch=   3928373.21461439     
 Abd=   1240782.    
 Catch=   145067.493889598     
 Abd=   45819.19    
 Catch=   1228405.20660019     
 Abd=  1.6029460E+07
 Catch=   517891.642034954     
 Abd=   3703435.    
 Catch=   20288132.0474274     
 Abd=  3.3869840E+08
 Catch=   2980463.91497787     
 Abd=  3.0007616E+07
 Catch=   4954243.80982463     
 Abd=  3.6195792E+07
 Time step =         1895
 Catch=   10976873.9707586     
 Abd=  3.0053508E+07
 Catch=   291570.945854938     
 Abd=   1325112.    
 Catch=   769214.204289083     
 Abd=   937336.6    
 Catch=   492652.706109748     
 Abd=   3112655.    
 Catch=   183539.619568444     
 Abd=   359255.4    
 Catch=   212.133145486552     
 Abd=   2531.248    
 Catch=   15063.5082149207     
 Abd=   216838.2    
 Catch=   800926.789979443     
 Abd=   581068.8    
 Catch=   1325474.31442289     
 Abd=   952429.3    
 Catch=   89144.3013906316     
 Abd=   578413.4    
 Catch=   2756.63650425772     
 Abd=   45987.83    
 Catch=   4636704.87103234     
 Abd=  1.8399396E+07
 Catch=   2241381.79311822     
 Abd=   9740817.    
 Catch=   852547.298067036     
 Abd=   1560002.    
 Catch=   2066776.80181319     
 Abd=   4737970.    
 Catch=   495958.547773584     
 Abd=   1707782.    
 Catch=   61511631.0679493     
 Abd=  1.2106866E+08
 Catch=   2831214.63541817     
 Abd=  1.8370086E+07
 Catch=   4503710.81990196     
 Abd=  2.2600350E+07
 Catch=   524028.046531925     
 Abd=   1804380.    
 Catch=   423505.598628635     
 Abd=   3868508.    
 Catch=   795319.389975404     
 Abd=   752290.8    
 Catch=   927877.646330856     
 Abd=   719631.0    
 Catch=   125729.520993472     
 Abd=   153225.1    
 Catch=   40302.9024399784     
 Abd=   28163.05    
 Catch=   4996370.74428309     
 Abd=  1.0295512E+07
 Catch=   533251.171294441     
 Abd=   1166136.    
 Catch=   8636982.43955461     
 Abd=  3.2017476E+07
 Catch=   448272.630738616     
 Abd=   6187069.    
 Catch=   407665.543602401     
 Abd=   4339106.    
 Catch=   3928373.22792897     
 Abd=   1240782.    
 Catch=   3928373.22792897     
 Abd=   1240782.    
 Catch=   145067.493889421     
 Abd=   45819.19    
 Catch=   1228390.65209008     
 Abd=  1.6029279E+07
 Catch=   517885.660859433     
 Abd=   3703392.    
 Catch=   20288097.7333178     
 Abd=  3.3869856E+08
 Catch=   2980459.97663371     
 Abd=  3.0007580E+07
 Catch=   4954235.82034084     
 Abd=  3.6195704E+07
 Time step =         1896
 Catch=   10976873.3022784     
 Abd=  3.0053508E+07
 Catch=   291570.655147546     
 Abd=   1325111.    
 Catch=   769214.233793322     
 Abd=   937336.8    
 Catch=   492652.711736151     
 Abd=   3112655.    
 Catch=   183539.645470594     
 Abd=   359255.5    
 Catch=   212.127313472605     
 Abd=   2531.178    
 Catch=   15061.8124651178     
 Abd=   216813.6    
 Catch=   800926.810772167     
 Abd=   581068.9    
 Catch=   1325474.33293922     
 Abd=   952429.3    
 Catch=   89143.9960111918     
 Abd=   578411.1    
 Catch=   2752.52416439973     
 Abd=   45919.55    
 Catch=   4636704.65517012     
 Abd=  1.8399394E+07
 Catch=   2241380.32282137     
 Abd=   9740807.    
 Catch=   852547.437408969     
 Abd=   1560002.    
 Catch=   2066777.08271645     
 Abd=   4737971.    
 Catch=   495958.490106331     
 Abd=   1707782.    
 Catch=   61511643.0638280     
 Abd=  1.2106860E+08
 Catch=   2831214.70170481     
 Abd=  1.8370074E+07
 Catch=   4503710.08761920     
 Abd=  2.2600344E+07
 Catch=   524027.672976416     
 Abd=   1804379.    
 Catch=   423422.501874080     
 Abd=   3867757.    
 Catch=   795319.417494530     
 Abd=   752290.7    
 Catch=   927877.916511846     
 Abd=   719631.2    
 Catch=   125729.437853305     
 Abd=   153225.0    
 Catch=   40302.9024399647     
 Abd=   28163.05    
 Catch=   4996370.42164689     
 Abd=  1.0295516E+07
 Catch=   533250.851166090     
 Abd=   1166136.    
 Catch=   8636982.48774480     
 Abd=  3.2017476E+07
 Catch=   448272.625699724     
 Abd=   6187068.    
 Catch=   407659.488652860     
 Abd=   4339038.    
 Catch=   3928373.20967131     
 Abd=   1240782.    
 Catch=   3928373.20967131     
 Abd=   1240782.    
 Catch=   145067.493889716     
 Abd=   45819.19    
 Catch=   1228377.35536686     
 Abd=  1.6029102E+07
 Catch=   517879.512812790     
 Abd=   3703349.    
 Catch=   20288092.9896152     
 Abd=  3.3869789E+08
 Catch=   2980454.63474307     
 Abd=  3.0007522E+07
 Catch=   4954221.31761792     
 Abd=  3.6195584E+07
 Time step =         1897
 Catch=   10976872.1462276     
 Abd=  3.0053504E+07
 Catch=   291570.437589008     
 Abd=   1325111.    
 Catch=   769214.165447634     
 Abd=   937336.8    
 Catch=   492652.637938570     
 Abd=   3112654.    
 Catch=   183539.675473945     
 Abd=   359255.6    
 Catch=   212.121630390512     
 Abd=   2531.113    
 Catch=   15060.0834577456     
 Abd=   216789.0    
 Catch=   800926.977868517     
 Abd=   581068.8    
 Catch=   1325474.17650621     
 Abd=   952429.2    
 Catch=   89143.6577784501     
 Abd=   578409.1    
 Catch=   2748.45824796825     
 Abd=   45852.13    
 Catch=   4636707.16933584     
 Abd=  1.8399410E+07
 Catch=   2241378.30976807     
 Abd=   9740800.    
 Catch=   852547.535268609     
 Abd=   1560002.    
 Catch=   2066776.93081319     
 Abd=   4737971.    
 Catch=   495958.492879984     
 Abd=   1707782.    
 Catch=   61511622.0563112     
 Abd=  1.2106854E+08
 Catch=   2831211.78330691     
 Abd=  1.8370060E+07
 Catch=   4503709.97902089     
 Abd=  2.2600344E+07
 Catch=   524027.795773739     
 Abd=   1804380.    
 Catch=   423340.962905232     
 Abd=   3867018.    
 Catch=   795319.247459520     
 Abd=   752290.5    
 Catch=   927877.855391609     
 Abd=   719631.2    
 Catch=   125729.462369453     
 Abd=   153225.0    
 Catch=   40302.9024399373     
 Abd=   28163.05    
 Catch=   4996371.61141999     
 Abd=  1.0295512E+07
 Catch=   533250.784396093     
 Abd=   1166135.    
 Catch=   8636982.47370270     
 Abd=  3.2017472E+07
 Catch=   448272.562316098     
 Abd=   6187068.    
 Catch=   407653.481580944     
 Abd=   4338979.    
 Catch=   3928372.90577882     
 Abd=   1240782.    
 Catch=   3928372.90577882     
 Abd=   1240782.    
 Catch=   145067.493889539     
 Abd=   45819.19    
 Catch=   1228364.93111575     
 Abd=  1.6028947E+07
 Catch=   517873.721231488     
 Abd=   3703309.    
 Catch=   20288053.9911404     
 Abd=  3.3869741E+08
 Catch=   2980449.09269075     
 Abd=  3.0007468E+07
 Catch=   4954209.77074927     
 Abd=  3.6195516E+07
 Time step =         1898
 Catch=   10976873.8496630     
 Abd=  3.0053528E+07
 Catch=   291570.373835746     
 Abd=   1325110.    
 Catch=   769214.348763746     
 Abd=   937336.9    
 Catch=   492652.313437690     
 Abd=   3112652.    
 Catch=   183539.669478894     
 Abd=   359255.3    
 Catch=   212.116312084555     
 Abd=   2531.051    
 Catch=   15058.3994972224     
 Abd=   216765.2    
 Catch=   800926.872357491     
 Abd=   581068.9    
 Catch=   1325474.42252154     
 Abd=   952429.2    
 Catch=   89143.2945950615     
 Abd=   578406.5    
 Catch=   2744.45249806753     
 Abd=   45785.81    
 Catch=   4636708.30997133     
 Abd=  1.8399408E+07
 Catch=   2241376.99568601     
 Abd=   9740793.    
 Catch=   852547.351839432     
 Abd=   1560002.    
 Catch=   2066776.85651078     
 Abd=   4737968.    
 Catch=   495958.354292842     
 Abd=   1707781.    
 Catch=   61511620.1011345     
 Abd=  1.2106856E+08
 Catch=   2831211.17010400     
 Abd=  1.8370044E+07
 Catch=   4503709.09713358     
 Abd=  2.2600324E+07
 Catch=   524027.582044214     
 Abd=   1804379.    
 Catch=   423261.279640538     
 Abd=   3866299.    
 Catch=   795319.215075470     
 Abd=   752290.4    
 Catch=   927877.756095904     
 Abd=   719630.8    
 Catch=   125729.488064981     
 Abd=   153225.1    
 Catch=   40302.9024400195     
 Abd=   28163.05    
 Catch=   4996369.79081337     
 Abd=  1.0295516E+07
 Catch=   533250.380105137     
 Abd=   1166135.    
 Catch=   8636982.55868950     
 Abd=  3.2017476E+07
 Catch=   448272.624550701     
 Abd=   6187068.    
 Catch=   407648.294455466     
 Abd=   4338928.    
 Catch=   3928373.27089188     
 Abd=   1240782.    
 Catch=   3928373.27089188     
 Abd=   1240782.    
 Catch=   145067.493889361     
 Abd=   45819.19    
 Catch=   1228352.61561333     
 Abd=  1.6028789E+07
 Catch=   517868.165434391     
 Abd=   3703270.    
 Catch=   20288018.1539287     
 Abd=  3.3869722E+08
 Catch=   2980442.40876282     
 Abd=  3.0007398E+07
 Catch=   4954195.71072607     
 Abd=  3.6195424E+07
 Time step =         1899
 Catch=   10976880.4136451     
 Abd=  3.0053524E+07
 Catch=   291570.363320387     
 Abd=   1325110.    
 Catch=   769214.581412669     
 Abd=   937337.1    
 Catch=   492652.144756070     
 Abd=   3112651.    
 Catch=   183539.572141717     
 Abd=   359255.4    
 Catch=   212.107972129241     
 Abd=   2530.877    
 Catch=   15056.8320625231     
 Abd=   216743.1    
 Catch=   800926.871053562     
 Abd=   581068.9    
 Catch=   1325474.16079250     
 Abd=   952429.2    
 Catch=   89142.9033632776     
 Abd=   578403.9    
 Catch=   2740.49991376408     
 Abd=   45720.12    
 Catch=   4636708.65323436     
 Abd=  1.8399408E+07
 Catch=   2241376.19886333     
 Abd=   9740796.    
 Catch=   852547.288738881     
 Abd=   1560001.    
 Catch=   2066776.50145887     
 Abd=   4737970.    
 Catch=   495958.357508411     
 Abd=   1707781.    
 Catch=   61511602.5432613     
 Abd=  1.2106856E+08
 Catch=   2831209.61194266     
 Abd=  1.8370036E+07
 Catch=   4503709.01197309     
 Abd=  2.2600336E+07
 Catch=   524027.447307463     
 Abd=   1804378.    
 Catch=   423183.389763540     
 Abd=   3865595.    
 Catch=   795319.043453875     
 Abd=   752290.4    
 Catch=   927877.645902520     
 Abd=   719630.9    
 Catch=   125729.520535893     
 Abd=   153225.1    
 Catch=   40302.9024399921     
 Abd=   28163.05    
 Catch=   4996371.76436584     
 Abd=  1.0295518E+07
 Catch=   533250.672813160     
 Abd=   1166135.    
 Catch=   8636982.60206658     
 Abd=  3.2017476E+07
 Catch=   448272.506728711     
 Abd=   6187064.    
 Catch=   407643.444533777     
 Abd=   4338875.    
 Catch=   3928373.19592142     
 Abd=   1240782.    
 Catch=   3928373.19592142     
 Abd=   1240782.    
 Catch=   145067.493889598     
 Abd=   45819.19    
 Catch=   1228340.81433084     
 Abd=  1.6028637E+07
 Catch=   517862.688330999     
 Abd=   3703230.    
 Catch=   20288050.4434455     
 Abd=  3.3869827E+08
 Catch=   2980436.31144460     
 Abd=  3.0007336E+07
 Catch=   4954181.53943475     
 Abd=  3.6195336E+07
 Time step =         1900
 Catch=   10976877.8403946     
 Abd=  3.0053512E+07
 Catch=   291570.370451741     
 Abd=   1325110.    
 Catch=   769214.461756845     
 Abd=   937337.2    
 Catch=   492651.992218248     
 Abd=   3112649.    
 Catch=   183539.626208858     
 Abd=   359255.3    
 Catch=   212.089142744561     
 Abd=   2530.639    
 Catch=   15055.2773572492     
 Abd=   216720.7    
 Catch=   800926.889683735     
 Abd=   581068.8    
 Catch=   1325473.95763576     
 Abd=   952429.1    
 Catch=   89142.5528940256     
 Abd=   578401.8    
 Catch=   2736.58388083843     
 Abd=   45654.00    
 Catch=   4636710.13144350     
 Abd=  1.8399422E+07
 Catch=   2241376.25518656     
 Abd=   9740795.    
 Catch=   852547.112585020     
 Abd=   1560001.    
 Catch=   2066777.54156329     
 Abd=   4737974.    
 Catch=   495958.095937318     
 Abd=   1707780.    
 Catch=   61511606.9477146     
 Abd=  1.2106854E+08
 Catch=   2831205.52245781     
 Abd=  1.8369996E+07
 Catch=   4503709.48697056     
 Abd=  2.2600348E+07
 Catch=   524027.530235064     
 Abd=   1804379.    
 Catch=   423107.093173789     
 Abd=   3864904.    
 Catch=   795319.115346551     
 Abd=   752290.4    
 Catch=   927877.708269125     
 Abd=   719631.0    
 Catch=   125729.492993776     
 Abd=   153225.0    
 Catch=   40302.9024399784     
 Abd=   28163.05    
 Catch=   4996371.34378408     
 Abd=  1.0295514E+07
 Catch=   533250.771672851     
 Abd=   1166135.    
 Catch=   8636982.63117456     
 Abd=  3.2017476E+07
 Catch=   448272.451414372     
 Abd=   6187066.    
 Catch=   407638.018381274     
 Abd=   4338811.    
 Catch=   3928373.10741583     
 Abd=   1240782.    
 Catch=   3928373.10741583     
 Abd=   1240782.    
 Catch=   145067.493889421     
 Abd=   45819.19    
 Catch=   1228330.47447907     
 Abd=  1.6028513E+07
 Catch=   517857.389939058     
 Abd=   3703193.    
 Catch=   20288141.3060921     
 Abd=  3.3869971E+08
 Catch=   2980430.70711690     
 Abd=  3.0007280E+07
 Catch=   4954175.73417239     
 Abd=  3.6195308E+07
 Time step =         1861
 Abd=  3.0053512E+07
 Catch=   444054.695516877     
 Abd=   1325110.    
 Catch=   12110.5517835731     
 Abd=   937337.2    
 Catch=   32227.8693802056     
 Abd=   3112649.    
 Catch=   20399.0047892323     
 Abd=   359255.3    
 Catch=   7439.88525290198     
 Abd=   2530.639    
 Catch=   8.24245409034546     
 Abd=   216720.7    
 Catch=   623.156651634859     
 Abd=   581068.8    
 Catch=   33096.8255111990     
 Abd=   952429.1    
 Catch=   61268.3390314944     
 Abd=   578401.8    
 Catch=   3696.70659030607     
 Abd=   45654.00    
 Catch=   111.728076344695     
 Abd=  1.8399422E+07
 Catch=   193726.374892602     
 Abd=   9740795.    
 Catch=   92552.8946447474     
 Abd=   1560001.    
 Catch=   36071.2503541596     
 Abd=   4737974.    
 Catch=   86794.7523460626     
 Abd=   1707780.    
 Catch=   20098.5506150540     
 Abd=  1.2106854E+08
 Catch=   2569414.13775416     
 Abd=  1.8369996E+07
 Catch=   117793.374164833     
 Abd=  2.2600348E+07
 Catch=   189397.539569239     
 Abd=   1804379.    
 Catch=   21972.5462940588     
 Abd=   3864904.    
 Catch=   17260.7056420126     
 Abd=   752290.4    
 Catch=   33268.6825101768     
 Abd=   719631.0    
 Catch=   37933.1999229572     
 Abd=   153225.0    
 Catch=   5106.60275098983     
 Abd=   28163.05    
 Catch=   2044.38666353656     
 Abd=  1.0295514E+07
 Catch=   215159.906068386     
 Abd=   1166135.    
 Catch=   22067.1197543039     
 Abd=  3.2017476E+07
 Catch=   355249.538873504     
 Abd=   6187066.    
 Catch=   18694.2233805696     
 Abd=   4338811.    
 Catch=   16951.9671758925     
 Abd=   1240782.    
 Catch=   189727.851625239     
 Abd=   1240782.    
 Catch=   189727.851625239     
 Abd=   45819.19    
 Catch=   6040.88806047041     
 Abd=  1.6028513E+07
 Catch=   50656.2522956513     
 Abd=   3703193.    
 Catch=   20184.8818424669     
 Abd=  3.3869971E+08
 Catch=   842446.892315046     
 Abd=  3.0007280E+07
 Catch=   123427.963987373     
 Abd=  3.6195308E+07
 Catch=   205030.339565769     
 Time step =         1862
 Abd=  2.9165956E+07
 Catch=   435607.695680645     
 Abd=   1320896.    
 Catch=   12052.4863195610     
 Abd=   942653.8    
 Catch=   31630.2878469158     
 Abd=   3092896.    
 Catch=   20014.1088159721     
 Abd=   349368.0    
 Catch=   7350.14106936780     
 Abd=   2362.350    
 Catch=   7.65792643217882     
 Abd=   215268.3    
 Catch=   616.338083301800     
 Abd=   576282.0    
 Catch=   33878.3588430471     
 Abd=   1057771.    
 Catch=   55482.0401836440     
 Abd=   575629.1    
 Catch=   3599.30174530984     
 Abd=   44762.92    
 Catch=   109.523688426012     
 Abd=  1.8450776E+07
 Catch=   191929.296067018     
 Abd=   9650832.    
 Catch=   90962.3457356690     
 Abd=   1584576.    
 Catch=   36000.4587109189     
 Abd=   4776220.    
 Catch=   84590.6165147905     
 Abd=   1660250.    
 Catch=   19885.6730195349     
 Abd=  1.2137995E+08
 Catch=   2540814.02680321     
 Abd=  1.8342784E+07
 Catch=   117738.735994219     
 Abd=  2.2814094E+07
 Catch=   188301.763551270     
 Abd=   1816032.    
 Catch=   21602.4368214957     
 Abd=   3782988.    
 Catch=   17066.3627905713     
 Abd=   755404.4    
 Catch=   33353.8997735568     
 Abd=   706171.9    
 Catch=   37162.2326500791     
 Abd=   149330.4    
 Catch=   5186.55559986522     
 Abd=   34372.45    
 Catch=   1707.66033882350     
 Abd=  1.0646662E+07
 Catch=   210289.674554732     
 Abd=   1158093.    
 Catch=   21181.9863330990     
 Abd=  3.1599210E+07
 Catch=   352683.968287336     
 Abd=   6192490.    
 Catch=   18651.5241497572     
 Abd=   4330368.    
 Catch=   16913.1132111490     
 Abd=   1439479.    
 Catch=   198657.046664678     
 Abd=   1439479.    
 Catch=   198657.046664678     
 Abd=   45796.45    
 Catch=   6128.50362028653     
 Abd=  1.5861366E+07
 Catch=   50218.8239414365     
 Abd=   3459086.    
 Catch=   19416.0123935935     
 Abd=  3.3751706E+08
 Catch=   840897.387730972     
 Abd=  2.9820312E+07
 Catch=   123300.145965392     
 Abd=  3.5945240E+07
 Catch=   203921.472549070     
 Time step =         1863
 Abd=  2.8615172E+07
 Catch=   424207.692245648     
 Abd=   1314532.    
 Catch=   11970.8688365201     
 Abd=   925003.5    
 Catch=   32032.2366520716     
 Abd=   3033879.    
 Catch=   19981.5784598928     
 Abd=   345272.6    
 Catch=   5651.24211662239     
 Abd=   2194.783    
 Catch=   7.29003573627997     
 Abd=   212898.7    
 Catch=   608.869474882542     
 Abd=   590268.2    
 Catch=   30970.4125636469     
 Abd=   956245.9    
 Catch=   50666.0786282162     
 Abd=   560268.5    
 Catch=   3507.21285917267     
 Abd=   43875.14    
 Catch=   107.428829843200     
 Abd=  1.8275792E+07
 Catch=   190738.993145647     
 Abd=   9484898.    
 Catch=   90552.2143149209     
 Abd=   1581032.    
 Catch=   36567.2527134644     
 Abd=   4652469.    
 Catch=   84765.9385960587     
 Abd=   1643141.    
 Catch=   19830.8473372900     
 Abd=  1.2001366E+08
 Catch=   2480755.48638266     
 Abd=  1.8334644E+07
 Catch=   113920.479719598     
 Abd=  2.2676292E+07
 Catch=   186559.209175824     
 Abd=   1784762.    
 Catch=   21222.7017450765     
 Abd=   3741456.    
 Catch=   16896.1174148301     
 Abd=   757461.4    
 Catch=   32773.2565622219     
 Abd=   692072.0    
 Catch=   38016.0386375095     
 Abd=   151767.5    
 Catch=   5201.85099666394     
 Abd=   28833.95    
 Catch=   1208.55115967119     
 Abd=  1.0396472E+07
 Catch=   200450.010326587     
 Abd=   1111171.    
 Catch=   22846.5363893532     
 Abd=  3.1374792E+07
 Catch=   351511.749211784     
 Abd=   6178032.    
 Catch=   18624.9200014454     
 Abd=   4320329.    
 Catch=   16759.6644280288     
 Abd=   1507250.    
 Catch=   188344.958491849     
 Abd=   1507250.    
 Catch=   188344.958491849     
 Abd=   46464.12    
 Catch=   6126.24796133694     
 Abd=  1.5724974E+07
 Catch=   50291.6662817479     
 Abd=   3330364.    
 Catch=   18158.8010994447     
 Abd=  3.3690720E+08
 Catch=   837818.846693433     
 Abd=  2.9793354E+07
 Catch=   123182.731192131     
 Abd=  3.5752664E+07
 Catch=   202867.758895706     
 Time step =         1864
 Abd=  2.7865434E+07
 Catch=   419071.056107773     
 Abd=   1305592.    
 Catch=   11955.6026003976     
 Abd=   937225.2    
 Catch=   31640.3620020234     
 Abd=   3029970.    
 Catch=   20019.0746217165     
 Abd=   264649.8    
 Catch=   6521.64636564189     
 Abd=   2089.675    
 Catch=   6.89974812804158     
 Abd=   210321.7    
 Catch=   605.245775706613     
 Abd=   539206.6    
 Catch=   32733.6816450710     
 Abd=   873517.4    
 Catch=   53574.8090902423     
 Abd=   545977.7    
 Catch=   3457.54703678147     
 Abd=   43040.07    
 Catch=   106.494697799607     
 Abd=  1.8164722E+07
 Catch=   191372.627048073     
 Abd=   9443516.    
 Catch=   88897.0820147461     
 Abd=   1606380.    
 Catch=   36886.6320532935     
 Abd=   4664074.    
 Catch=   86017.2495036292     
 Abd=   1638883.    
 Catch=   19874.8729867016     
 Abd=  1.1716046E+08
 Catch=   2481959.31561516     
 Abd=  1.7729602E+07
 Catch=   113683.156364080     
 Abd=  2.2464992E+07
 Catch=   184609.927614833     
 Abd=   1753379.    
 Catch=   21236.4536773047     
 Abd=   3704491.    
 Catch=   16292.9306596786     
 Abd=   744188.6    
 Catch=   33001.0116958023     
 Abd=   708516.3    
 Catch=   38307.2751566458     
 Abd=   152193.9    
 Catch=   5196.45644332344     
 Abd=   20373.00    
 Catch=   1573.48732177648     
 Abd=   9906300.    
 Catch=   199499.570983950     
 Abd=   1200724.    
 Catch=   21987.8893782250     
 Abd=  3.1273336E+07
 Catch=   351235.952948994     
 Abd=   6169344.    
 Catch=   18596.2680074249     
 Abd=   4280566.    
 Catch=   16683.2504946507     
 Abd=   1428925.    
 Catch=   155447.204003255     
 Abd=   1428925.    
 Catch=   155447.204003255     
 Abd=   46445.90    
 Catch=   6390.25132979913     
 Abd=  1.5751180E+07
 Catch=   50239.7752778706     
 Abd=   3112852.    
 Catch=   17137.8210642879     
 Abd=  3.3566221E+08
 Catch=   836544.936699667     
 Abd=  2.9765688E+07
 Catch=   123385.734171126     
 Abd=  3.5568656E+07
 Catch=   200774.244098854     
 Time step =         1865
 Abd=  2.7533644E+07
 Catch=   421095.780944108     
 Abd=   1304052.    
 Catch=   11947.7455954827     
 Abd=   925338.9    
 Catch=   31411.7677998550     
 Abd=   3035830.    
 Catch=   19887.4556538770     
 Abd=   307318.9    
 Catch=   6626.38966396634     
 Abd=   1973.893    
 Catch=   6.45580175724880     
 Abd=   209087.7    
 Catch=   602.375587499977     
 Abd=   570400.8    
 Catch=   32430.2050443129     
 Abd=   924718.5    
 Catch=   55544.2159432669     
 Abd=   538331.2    
 Catch=   3456.00004784827     
 Abd=   42669.05    
 Catch=   106.469118102294     
 Abd=  1.8227008E+07
 Catch=   190474.198101625     
 Abd=   9270395.    
 Catch=   88383.7751362386     
 Abd=   1620190.    
 Catch=   37213.0655768897     
 Abd=   4734082.    
 Catch=   85586.7837450151     
 Abd=   1642643.    
 Catch=   19088.5935227622     
 Abd=  1.1725471E+08
 Catch=   2481727.13820425     
 Abd=  1.7702928E+07
 Catch=   113681.905494162     
 Abd=  2.2229926E+07
 Catch=   184491.357556788     
 Abd=   1755044.    
 Catch=   21273.5219771695     
 Abd=   3570412.    
 Catch=   16083.7108797773     
 Abd=   749474.2    
 Catch=   33294.3710216124     
 Abd=   713321.3    
 Catch=   38647.1268483980     
 Abd=   152034.9    
 Catch=   5025.36621166807     
 Abd=   26524.54    
 Catch=   1597.50758045126     
 Abd=   9865828.    
 Catch=   197399.740877657     
 Abd=   1153436.    
 Catch=   22668.0042727079     
 Abd=  3.1249964E+07
 Catch=   351251.515540109     
 Abd=   6159854.    
 Catch=   18546.9733933112     
 Abd=   4261450.    
 Catch=   16565.1378582648     
 Abd=   1178675.    
 Catch=   147771.576053563     
 Abd=   1178675.    
 Catch=   147771.576053563     
 Abd=   48450.34    
 Catch=   5883.29896955494     
 Abd=  1.5733700E+07
 Catch=   49490.4813586248     
 Abd=   2938970.    
 Catch=   16224.2373905624     
 Abd=  3.3516794E+08
 Catch=   836139.154673628     
 Abd=  2.9815428E+07
 Catch=   122727.918170742     
 Abd=  3.5198044E+07
 Catch=   199851.567465580     
 Time step =         1866
 Abd=  2.7674986E+07
 Catch=   426830.693097527     
 Abd=   1303197.    
 Catch=   11905.9125663765     
 Abd=   918700.8    
 Catch=   31864.0323092136     
 Abd=   3015346.    
 Catch=   19830.0465980258     
 Abd=   311423.0    
 Catch=   4692.48184574059     
 Abd=   1846.627    
 Catch=   5.90460638525828     
 Abd=   208098.0    
 Catch=   598.173988329284     
 Abd=   564740.8    
 Catch=   32570.8345138552     
 Abd=   958473.8    
 Catch=   53255.0750689985     
 Abd=   538247.4    
 Catch=   3480.98385296738     
 Abd=   42665.97    
 Catch=   105.442961489253     
 Abd=  1.8139268E+07
 Catch=   190794.267335431     
 Abd=   9218079.    
 Catch=   87396.1197485443     
 Abd=   1634609.    
 Catch=   36996.7161492985     
 Abd=   4708782.    
 Catch=   86048.2314342171     
 Abd=   1576503.    
 Catch=   19516.7337413710     
 Abd=  1.1723970E+08
 Catch=   2486523.18825259     
 Abd=  1.7703088E+07
 Catch=   110069.222410943     
 Abd=  2.2219640E+07
 Catch=   184873.669524961     
 Abd=   1758115.    
 Catch=   21194.0848025923     
 Abd=   3525681.    
 Catch=   15918.9394247306     
 Abd=   756119.9    
 Catch=   33215.2902213336     
 Abd=   719651.6    
 Catch=   39502.8629630604     
 Abd=   146955.9    
 Catch=   5170.10238102760     
 Abd=   26859.31    
 Catch=   1411.38758675752     
 Abd=   9761591.    
 Catch=   201229.067129950     
 Abd=   1190424.    
 Catch=   23669.1840355289     
 Abd=  3.1251150E+07
 Catch=   350337.027710883     
 Abd=   6143351.    
 Catch=   18508.4878917660     
 Abd=   4230992.    
 Catch=   16489.6552829316     
 Abd=   1120814.    
 Catch=   185821.926305135     
 Abd=   1120814.    
 Catch=   185821.926305135     
 Abd=   44595.30    
 Catch=   6339.99864213768     
 Abd=  1.5495564E+07
 Catch=   50006.0562118107     
 Abd=   2781767.    
 Catch=   15714.2877527293     
 Abd=  3.3500979E+08
 Catch=   831294.171474202     
 Abd=  2.9652852E+07
 Catch=   122785.554854071     
 Abd=  3.5040048E+07
 Catch=   199231.554690883     
 Time step =         1867
 Abd=  2.8054256E+07
 Catch=   431344.352228051     
 Abd=   1298583.    
 Catch=   11928.8244580204     
 Abd=   932188.2    
 Catch=   31668.9350949993     
 Abd=   3006792.    
 Catch=   19728.5770044344     
 Abd=   219671.4    
 Catch=   5810.40073092391     
 Abd=   1688.644    
 Catch=   5.44231146750187     
 Abd=   206640.8    
 Catch=   595.186442666795     
 Abd=   567254.4    
 Catch=   33040.8881268612     
 Abd=   918298.9    
 Catch=   54749.7698598670     
 Abd=   542175.9    
 Catch=   3390.21485245401     
 Abd=   42252.50    
 Catch=   103.535470163894     
 Abd=  1.8171134E+07
 Catch=   191130.202607606     
 Abd=   9114368.    
 Catch=   86483.4381640388     
 Abd=   1624635.    
 Catch=   35616.5849012528     
 Abd=   4734945.    
 Catch=   87586.5812816611     
 Abd=   1613623.    
 Catch=   19625.6426978541     
 Abd=  1.1747237E+08
 Catch=   2502941.70262499     
 Abd=  1.7131508E+07
 Catch=   110916.055415709     
 Abd=  2.2266396E+07
 Catch=   184606.021007072     
 Abd=   1751393.    
 Catch=   21281.2701992327     
 Abd=   3490162.    
 Catch=   14979.1067467582     
 Abd=   754224.0    
 Catch=   33530.1077384031     
 Abd=   735721.2    
 Catch=   39244.0243719089     
 Abd=   151309.6    
 Catch=   5292.21395765939     
 Abd=   23717.17    
 Catch=   1486.65356692990     
 Abd=   9955163.    
 Catch=   205739.388284700     
 Abd=   1243242.    
 Catch=   24063.3565481510     
 Abd=  3.1168924E+07
 Catch=   350280.178016026     
 Abd=   6130713.    
 Catch=   18492.2148864524     
 Abd=   4211818.    
 Catch=   16461.9369943365     
 Abd=   1410797.    
 Catch=   153686.818837453     
 Abd=   1410797.    
 Catch=   153686.818837453     
 Abd=   48071.88    
 Catch=   6374.87933503360     
 Abd=  1.5664039E+07
 Catch=   50268.7774190269     
 Abd=   2695562.    
 Catch=   15317.3986279305     
 Abd=  3.3303414E+08
 Catch=   833080.441362020     
 Abd=  2.9670596E+07
 Catch=   123035.434798169     
 Abd=  3.4932220E+07
 Catch=   198408.481231661     
 Time step =         1868
 Abd=  2.8352736E+07
 Catch=   439258.299398480     
 Abd=   1301204.    
 Catch=   11938.0147444255     
 Abd=   926225.2    
 Catch=   31822.2055642922     
 Abd=   2991340.    
 Catch=   19593.5517829023     
 Abd=   274188.1    
 Catch=   6157.65520253887     
 Abd=   1556.387    
 Catch=   5.30963873707775     
 Abd=   205616.8    
 Catch=   592.100227868464     
 Abd=   575451.8    
 Catch=   33956.7145024307     
 Abd=   944630.9    
 Catch=   55401.3845804376     
 Abd=   527822.7    
 Catch=   3454.63580805479     
 Abd=   41472.56    
 Catch=   103.283775897834     
 Abd=  1.8203844E+07
 Catch=   191220.588892467     
 Abd=   9018849.    
 Catch=   86870.5460452149     
 Abd=   1563332.    
 Catch=   36433.9332633197     
 Abd=   4820459.    
 Catch=   83606.2072808880     
 Abd=   1622116.    
 Catch=   19615.6492549631     
 Abd=  1.1826027E+08
 Catch=   2520868.94321365     
 Abd=  1.7275552E+07
 Catch=   112296.600316925     
 Abd=  2.2233354E+07
 Catch=   187055.790426640     
 Abd=   1758847.    
 Catch=   21245.5206422385     
 Abd=   3282793.    
 Catch=   15012.6605341592     
 Abd=   761536.2    
 Catch=   33884.7835974062     
 Abd=   730692.3    
 Catch=   37919.3756215176     
 Abd=   154878.8    
 Catch=   5317.40067051786     
 Abd=   25001.50    
 Catch=   1689.86282698872     
 Abd=  1.0178912E+07
 Catch=   209975.838118721     
 Abd=   1263306.    
 Catch=   22262.6365647408     
 Abd=  3.1164986E+07
 Catch=   349608.514710166     
 Abd=   6125470.    
 Catch=   18465.1437824009     
 Abd=   4205162.    
 Catch=   16383.4509862036     
 Abd=   1165460.    
 Catch=   170348.029733013     
 Abd=   1165460.    
 Catch=   170348.029733013     
 Abd=   48330.61    
 Catch=   5771.91225300451     
 Abd=  1.5744678E+07
 Catch=   50096.8542177632     
 Abd=   2628386.    
 Catch=   14805.1671996217     
 Abd=  3.3380454E+08
 Catch=   831004.228749070     
 Abd=  2.9730946E+07
 Catch=   122318.884657723     
 Abd=  3.4787464E+07
 Catch=   198330.634929951     
 Time step =         1869
 Abd=  2.8874720E+07
 Catch=   439960.904411331     
 Abd=   1302183.    
 Catch=   11934.9084920917     
 Abd=   930936.9    
 Catch=   31660.6861078212     
 Abd=   2970738.    
 Catch=   19572.3476320860     
 Abd=   289649.9    
 Catch=   6566.93515882571     
 Abd=   1523.828    
 Catch=   4.90843602884492     
 Abd=   204545.7    
 Catch=   587.830379272126     
 Abd=   591556.4    
 Catch=   32688.6147609135     
 Abd=   955777.9    
 Catch=   54764.0363041956     
 Abd=   538171.2    
 Catch=   3362.98169819444     
 Abd=   41382.25    
 Catch=   102.350694970903     
 Abd=  1.8211912E+07
 Catch=   188326.801944968     
 Abd=   9061232.    
 Catch=   86395.6648849772     
 Abd=   1600685.    
 Catch=   35803.3142863503     
 Abd=   4596639.    
 Catch=   84833.2656524011     
 Abd=   1621108.    
 Catch=   19607.8115068012     
 Abd=  1.1910741E+08
 Catch=   2518028.37348397     
 Abd=  1.7491688E+07
 Catch=   112233.882353170     
 Abd=  2.2534046E+07
 Catch=   185793.284066692     
 Abd=   1755761.    
 Catch=   21201.3847733613     
 Abd=   3291884.    
 Catch=   14846.2685629890     
 Abd=   769555.2    
 Catch=   33917.3217671906     
 Abd=   705974.2    
 Catch=   39395.4443813290     
 Abd=   155572.0    
 Catch=   5173.73424744031     
 Abd=   28472.27    
 Catch=   1403.20520950750     
 Abd=  1.0388006E+07
 Catch=   202908.690203879     
 Abd=   1167171.    
 Catch=   23924.7477038813     
 Abd=  3.1104126E+07
 Catch=   349041.279529064     
 Abd=   6116415.    
 Catch=   18430.5138928074     
 Abd=   4184820.    
 Catch=   16295.4778681520     
 Abd=   1292797.    
 Catch=   153836.778595928     
 Abd=   1292797.    
 Catch=   153836.778595928     
 Abd=   43749.20    
 Catch=   5862.90964297125     
 Abd=  1.5688654E+07
 Catch=   50021.1550764655     
 Abd=   2540228.    
 Catch=   14928.1382569951     
 Abd=  3.3294125E+08
 Catch=   828653.170696151     
 Abd=  2.9553280E+07
 Catch=   122029.964527544     
 Abd=  3.4775788E+07
 Catch=   198245.013556200     
 Time step =         1870
 Abd=  2.8913196E+07
 Catch=   443685.948914027     
 Abd=   1301804.    
 Catch=   11950.4066846020     
 Abd=   926060.6    
 Catch=   32001.1505116847     
 Abd=   2967885.    
 Catch=   19662.8869893080     
 Abd=   308858.5    
 Catch=   6510.10452116427     
 Abd=   1403.489    
 Catch=   4.72416759007936     
 Abd=   203064.6    
 Catch=   584.899693765076     
 Abd=   569125.9    
 Catch=   32623.7344575464     
 Abd=   944677.0    
 Catch=   54264.0243830633     
 Abd=   523533.6    
 Catch=   3328.31984150176     
 Abd=   41009.97    
 Catch=   101.451573520371     
 Abd=  1.7931218E+07
 Catch=   188800.353909631     
 Abd=   9010728.    
 Catch=   85304.9785706572     
 Abd=   1571981.    
 Catch=   34855.6643400004     
 Abd=   4668698.    
 Catch=   85145.9526131134     
 Abd=   1620518.    
 Catch=   19642.3105515930     
 Abd=  1.1895693E+08
 Catch=   2519283.51929038     
 Abd=  1.7477392E+07
 Catch=   112570.847458156     
 Abd=  2.2373800E+07
 Catch=   186886.890522642     
 Abd=   1752055.    
 Catch=   21263.1355051007     
 Abd=   3254954.    
 Catch=   14690.7862460018     
 Abd=   770206.1    
 Catch=   33487.4446224225     
 Abd=   733927.5    
 Catch=   39774.6524389631     
 Abd=   151317.1    
 Catch=   5203.01426036668     
 Abd=   23558.74    
 Catch=   1389.88022339196     
 Abd=  1.0029970E+07
 Catch=   205577.302136709     
 Abd=   1257328.    
 Catch=   24835.0228157005     
 Abd=  3.1053652E+07
 Catch=   348945.407566603     
 Abd=   6104897.    
 Catch=   18416.0726308591     
 Abd=   4162215.    
 Catch=   16207.7503220740     
 Abd=   1166493.    
 Catch=   168900.281010878     
 Abd=   1166493.    
 Catch=   168900.281010878     
 Abd=   44451.61    
 Catch=   6310.58995618093     
 Abd=  1.5665209E+07
 Catch=   49977.7066615745     
 Abd=   2562776.    
 Catch=   14942.0123819725     
 Abd=  3.3199488E+08
 Catch=   827297.355514995     
 Abd=  2.9486300E+07
 Catch=   121822.967109885     
 Abd=  3.4761360E+07
 Catch=   197622.815371281     
 Time step =         1871
 Abd=  2.9162708E+07
 Catch=   436835.838555225     
 Abd=   1303534.    
 Catch=   11983.3209878433     
 Abd=   936162.6    
 Catch=   31657.8315177805     
 Abd=   2981875.    
 Catch=   19643.4199883614     
 Abd=   305808.6    
 Catch=   6894.37661295035     
 Abd=   1351.869    
 Catch=   4.38223844631310     
 Abd=   202061.4    
 Catch=   581.664320703810     
 Abd=   568146.9    
 Catch=   32469.9848039416     
 Abd=   935908.9    
 Catch=   54970.2131763922     
 Abd=   518257.7    
 Catch=   3292.37629265847     
 Abd=   40643.88    
 Catch=   101.506599262734     
 Abd=  1.7981844E+07
 Catch=   188290.632712802     
 Abd=   8895534.    
 Catch=   84445.7692550920     
 Abd=   1530156.    
 Catch=   34492.7917238039     
 Abd=   4685063.    
 Catch=   85690.0743517563     
 Abd=   1623426.    
 Catch=   19963.1161670579     
 Abd=  1.1901906E+08
 Catch=   2533554.80641100     
 Abd=  1.7530998E+07
 Catch=   113924.188346618     
 Abd=  2.2510984E+07
 Catch=   187166.607936037     
 Abd=   1757304.    
 Catch=   21291.2004147411     
 Abd=   3220621.    
 Catch=   14897.3203910322     
 Abd=   760296.1    
 Catch=   33480.9966742002     
 Abd=   740776.4    
 Catch=   38997.2281226663     
 Abd=   152238.7    
 Catch=   5174.41688982089     
 Abd=   23363.18    
 Catch=   1560.44928204579     
 Abd=  1.0169122E+07
 Catch=   202180.015507017     
 Abd=   1304419.    
 Catch=   24507.2169492788     
 Abd=  3.1045768E+07
 Catch=   348974.217322389     
 Abd=   6100233.    
 Catch=   18364.3568635616     
 Abd=   4139775.    
 Catch=   16177.3885403668     
 Abd=   1281822.    
 Catch=   185691.334998345     
 Abd=   1281822.    
 Catch=   185691.334998345     
 Abd=   47853.68    
 Catch=   6181.54474735682     
 Abd=  1.5651637E+07
 Catch=   50223.0677312046     
 Abd=   2565206.    
 Catch=   15319.0172428025     
 Abd=  3.3145846E+08
 Catch=   826191.570054455     
 Abd=  2.9436148E+07
 Catch=   121871.271194884     
 Abd=  3.4650212E+07
 Catch=   197113.062875795     
 Time step =         1872
 Abd=  2.8698830E+07
 Catch=   430134.268048903     
 Abd=   1307155.    
 Catch=   11936.3282033621     
 Abd=   925843.1    
 Catch=   31186.0489287978     
 Abd=   2978700.    
 Catch=   19540.4060808565     
 Abd=   324214.3    
 Catch=   5956.49714424801     
 Abd=   1253.656    
 Catch=   4.18115509164950     
 Abd=   200940.0    
 Catch=   578.448700687077     
 Abd=   565415.4    
 Catch=   32097.1675159468     
 Abd=   948278.5    
 Catch=   53719.0940931295     
 Abd=   512645.0    
 Catch=   3207.28546238642     
 Abd=   40678.82    
 Catch=   101.397994821928     
 Abd=  1.7931774E+07
 Catch=   188750.688041630     
 Abd=   8806623.    
 Catch=   83861.6233560933     
 Abd=   1514588.    
 Catch=   34636.0909314503     
 Abd=   4715314.    
 Catch=   85655.3427661952     
 Abd=   1650292.    
 Catch=   19963.6286635226     
 Abd=  1.1969706E+08
 Catch=   2503809.50765992     
 Abd=  1.7744788E+07
 Catch=   111431.880918103     
 Abd=  2.2543182E+07
 Catch=   186030.563010342     
 Abd=   1759562.    
 Catch=   21223.8750777956     
 Abd=   3267482.    
 Catch=   14947.0875001863     
 Abd=   760233.2    
 Catch=   32740.8694037727     
 Abd=   725968.7    
 Catch=   38693.7921459705     
 Abd=   151362.5    
 Catch=   5053.30290098282     
 Abd=   26230.22    
 Catch=   1516.80968173545     
 Abd=   9996714.    
 Catch=   203251.664646835     
 Abd=   1286039.    
 Catch=   23775.8820137499     
 Abd=  3.1048430E+07
 Catch=   349060.297926959     
 Abd=   6082864.    
 Catch=   18289.2672243701     
 Abd=   4132348.    
 Catch=   16137.5060859371     
 Abd=   1408693.    
 Catch=   149902.652701975     
 Abd=   1408693.    
 Catch=   149902.652701975     
 Abd=   46861.78    
 Catch=   6336.52214834735     
 Abd=  1.5730484E+07
 Catch=   49797.1345267647     
 Abd=   2630568.    
 Catch=   15466.0182072776     
 Abd=  3.3101955E+08
 Catch=   823943.926538192     
 Abd=  2.9448244E+07
 Catch=   121203.636638382     
 Abd=  3.4561024E+07
 Catch=   196127.434673566     
 Time step =         1873
 Abd=  2.8258648E+07
 Catch=   423792.262770156     
 Abd=   1301867.    
 Catch=   11875.9405315889     
 Abd=   912030.9    
 Catch=   31158.3627123577     
 Abd=   2962822.    
 Catch=   19512.8263588950     
 Abd=   279297.6    
 Catch=   6111.47023411113     
 Abd=   1198.486    
 Catch=   3.94832463992864     
 Abd=   199830.2    
 Catch=   573.449133173585     
 Abd=   558872.7    
 Catch=   33107.1733044550     
 Abd=   926330.0    
 Catch=   50674.0627769114     
 Abd=   499265.9    
 Catch=   3163.63105501278     
 Abd=   40639.68    
 Catch=   99.2594610457855     
 Abd=  1.7977430E+07
 Catch=   190181.881607717     
 Abd=   8746342.    
 Catch=   84111.5162246336     
 Abd=   1521214.    
 Catch=   34676.7369275783     
 Abd=   4712739.    
 Catch=   86144.4837748066     
 Abd=   1649886.    
 Catch=   19908.6337762344     
 Abd=  1.1826221E+08
 Catch=   2466065.46246724     
 Abd=  1.7345398E+07
 Catch=   111310.556790630     
 Abd=  2.2402590E+07
 Catch=   184927.640572858     
 Abd=   1753860.    
 Catch=   20955.7088370987     
 Abd=   3277001.    
 Catch=   14060.8176290579     
 Abd=   743245.9    
 Catch=   32118.4281435202     
 Abd=   720412.7    
 Catch=   38287.5015073479     
 Abd=   147815.6    
 Catch=   5009.20842278197     
 Abd=   25507.05    
 Catch=   1157.26984331653     
 Abd=  1.0053374E+07
 Catch=   205361.744664486     
 Abd=   1247351.    
 Catch=   24301.0601678951     
 Abd=  3.1056316E+07
 Catch=   348020.212927172     
 Abd=   6057813.    
 Catch=   18256.9660308287     
 Abd=   4122240.    
 Catch=   16115.3640378125     
 Abd=   1136868.    
 Catch=   167177.747201949     
 Abd=   1136868.    
 Catch=   167177.747201949     
 Abd=   48042.66    
 Catch=   6063.56409848350     
 Abd=  1.5592892E+07
 Catch=   49584.6308643169     
 Abd=   2654682.    
 Catch=   15113.8414718727     
 Abd=  3.3010880E+08
 Catch=   821923.135988141     
 Abd=  2.9283216E+07
 Catch=   120464.529020805     
 Abd=  3.4387144E+07
 Catch=   195315.156399089     
 Time step =         1874
 Abd=  2.7842780E+07
 Catch=   420757.280139969     
 Abd=   1295270.    
 Catch=   11914.9282369393     
 Abd=   911380.1    
 Catch=   31298.6594464436     
 Abd=   2958834.    
 Catch=   19376.9719093170     
 Abd=   287283.8    
 Catch=   6917.73190502839     
 Abd=   1130.329    
 Catch=   3.78461760529069     
 Abd=   198093.4    
 Catch=   570.671443760268     
 Abd=   576750.2    
 Catch=   33160.9485381693     
 Abd=   873768.6    
 Catch=   54924.5849080269     
 Abd=   492579.4    
 Catch=   3108.91619173559     
 Abd=   39760.00    
 Catch=   98.2696856412615     
 Abd=  1.8115100E+07
 Catch=   191196.370908141     
 Abd=   8773291.    
 Catch=   84280.4449878248     
 Abd=   1522950.    
 Catch=   34716.0545367272     
 Abd=   4740275.    
 Catch=   86747.5127929965     
 Abd=   1645241.    
 Catch=   19845.6688503681     
 Abd=  1.1647662E+08
 Catch=   2492204.39527028     
 Abd=  1.7334088E+07
 Catch=   111436.435509781     
 Abd=  2.2269760E+07
 Catch=   184543.754231596     
 Abd=   1731451.    
 Catch=   21201.6359297333     
 Abd=   3080272.    
 Catch=   13741.0034245522     
 Abd=   729194.3    
 Catch=   32589.5213963921     
 Abd=   712978.0    
 Catch=   38538.0319684844     
 Abd=   146547.6    
 Catch=   4867.60975722308     
 Abd=   19445.20    
 Catch=   1522.63484057379     
 Abd=  1.0158589E+07
 Catch=   207682.693791378     
 Abd=   1276080.    
 Catch=   23305.8996715086     
 Abd=  3.0961892E+07
 Catch=   347578.149397778     
 Abd=   6047391.    
 Catch=   18239.7343566198     
 Abd=   4116553.    
 Catch=   16092.5445739917     
 Abd=   1268903.    
 Catch=   168482.486860543     
 Abd=   1268903.    
 Catch=   168482.486860543     
 Abd=   45964.26    
 Catch=   6142.94868448199     
 Abd=  1.5527603E+07
 Catch=   49537.5091253319     
 Abd=   2593215.    
 Catch=   14638.8272048180     
 Abd=  3.2930198E+08
 Catch=   821252.146641755     
 Abd=  2.9104802E+07
 Catch=   120023.351593247     
 Abd=  3.4244960E+07
 Catch=   194528.769540775     
 Time step =         1875
 Abd=  2.7646146E+07
 Catch=   425085.511239977     
 Abd=   1299713.    
 Catch=   11880.9734698588     
 Abd=   915504.6    
 Catch=   30815.9678941241     
 Abd=   2937880.    
 Catch=   19405.8264381956     
 Abd=   325800.4    
 Catch=   6192.05922295988     
 Abd=   1082.948    
 Catch=   3.58358888017788     
 Abd=   197147.6    
 Catch=   568.479041672117     
 Abd=   577472.2    
 Catch=   34273.9169270190     
 Abd=   948157.6    
 Catch=   56078.4492824650     
 Abd=   483975.2    
 Catch=   3106.00526735677     
 Abd=   39366.84    
 Catch=   97.4240315958506     
 Abd=  1.8210614E+07
 Catch=   190900.191987188     
 Abd=   8791267.    
 Catch=   83487.3783284026     
 Abd=   1524675.    
 Catch=   34470.5542507849     
 Abd=   4773458.    
 Catch=   83313.7019789985     
 Abd=   1640024.    
 Catch=   19739.3483215533     
 Abd=  1.1775509E+08
 Catch=   2507703.41821352     
 Abd=  1.7354064E+07
 Catch=   112661.860618611     
 Abd=  2.2225204E+07
 Catch=   185164.892380307     
 Abd=   1752511.    
 Catch=   21146.7836036678     
 Abd=   3011618.    
 Catch=   13434.9527245402     
 Abd=   740126.4    
 Catch=   32977.5351199071     
 Abd=   717575.5    
 Catch=   37251.4819580867     
 Abd=   142354.4    
 Catch=   4927.17007963133     
 Abd=   25666.94    
 Catch=   1685.33948019231     
 Abd=  1.0272868E+07
 Catch=   211746.729196190     
 Abd=   1222545.    
 Catch=   21366.8310986743     
 Abd=  3.0923836E+07
 Catch=   339332.941625178     
 Abd=   6041821.    
 Catch=   18148.2309675943     
 Abd=   4110894.    
 Catch=   16039.4022315443     
 Abd=   1278018.    
 Catch=   217497.830546813     
 Abd=   1278018.    
 Catch=   217497.830546813     
 Abd=   46572.00    
 Catch=   5910.60560591964     
 Abd=  1.5513879E+07
 Catch=   49422.3398318008     
 Abd=   2510976.    
 Catch=   14704.7705576633     
 Abd=  3.2904438E+08
 Catch=   817922.000788070     
 Abd=  2.8999712E+07
 Catch=   119560.924457761     
 Abd=  3.4107176E+07
 Catch=   195058.461696545     
 Time step =         1876
 Abd=  2.7942136E+07
 Catch=   423892.219236831     
 Abd=   1295879.    
 Catch=   11732.5590325645     
 Abd=   901299.9    
 Catch=   30353.8328624289     
 Abd=   2942772.    
 Catch=   19663.6364278725     
 Abd=   290550.8    
 Catch=   7090.36670949339     
 Abd=   1026.120    
 Catch=   3.37512647049306     
 Abd=   196390.7    
 Catch=   560.037402215477     
 Abd=   597148.3    
 Catch=   30612.2214651282     
 Abd=   967749.6    
 Catch=   47708.7822084545     
 Abd=   483707.3    
 Catch=   3052.12460071851     
 Abd=   39035.23    
 Catch=   95.3968590783019     
 Abd=  1.8181434E+07
 Catch=   187803.463602743     
 Abd=   8706792.    
 Catch=   84350.7218041846     
 Abd=   1513712.    
 Catch=   35850.0934503654     
 Abd=   4581030.    
 Catch=   83086.8949934537     
 Abd=   1631215.    
 Catch=   19807.3367253999     
 Abd=  1.1849163E+08
 Catch=   2368232.25331223     
 Abd=  1.7548368E+07
 Catch=   111631.929634497     
 Abd=  2.2302634E+07
 Catch=   183948.226886733     
 Abd=   1747557.    
 Catch=   20350.4925360801     
 Abd=   2944090.    
 Catch=   13376.4606988908     
 Abd=   749053.9    
 Catch=   31668.0838803624     
 Abd=   693738.6    
 Catch=   38767.6960126218     
 Abd=   144182.5    
 Catch=   4914.31302033054     
 Abd=   28541.00    
 Catch=   628.709519914541     
 Abd=  1.0475920E+07
 Catch=   202197.003253390     
 Abd=   1120108.    
 Catch=   22457.7311461629     
 Abd=  3.0178906E+07
 Catch=   340721.336286767     
 Abd=   6011001.    
 Catch=   18076.6728432675     
 Abd=   4097095.    
 Catch=   15969.1811923055     
 Abd=   1651631.    
 Catch=   154213.969620981     
 Abd=   1651631.    
 Catch=   154213.969620981     
 Abd=   44806.30    
 Catch=   5276.66077014657     
 Abd=  1.5477288E+07
 Catch=   49082.5386013270     
 Abd=   2524547.    
 Catch=   14817.8435561472     
 Abd=  3.2768883E+08
 Catch=   817591.058690704     
 Abd=  2.8888166E+07
 Catch=   118901.630035153     
 Abd=  3.4204532E+07
 Catch=   195431.824624528     
 Time step =         1877
 Abd=  2.7853732E+07
 Catch=   414592.285467591     
 Abd=   1279484.    
 Catch=   11820.7159203087     
 Abd=   887885.8    
 Catch=   31031.8490464919     
 Abd=   2982546.    
 Catch=   19538.3081153411     
 Abd=   333914.1    
 Catch=   6702.52333585495     
 Abd=   965.4901    
 Catch=   3.24107926042696     
 Abd=   193440.9    
 Catch=   558.750143035625     
 Abd=   532948.8    
 Catch=   33087.2421397174     
 Abd=   822277.6    
 Catch=   53924.6944315340     
 Abd=   475143.6    
 Catch=   3022.05011985893     
 Abd=   38210.07    
 Catch=   94.2066713560888     
 Abd=  1.7880612E+07
 Catch=   186840.275475188     
 Abd=   8799325.    
 Catch=   85118.3192061065     
 Abd=   1575494.    
 Catch=   36290.5415342907     
 Abd=   4571347.    
 Catch=   86559.3582399176     
 Abd=   1637080.    
 Catch=   19998.4477628733     
 Abd=  1.1179846E+08
 Catch=   2426827.60368933     
 Abd=  1.7381348E+07
 Catch=   109590.637821295     
 Abd=  2.2151272E+07
 Catch=   181342.861448596     
 Abd=   1680762.    
 Catch=   20726.2506754053     
 Abd=   2932706.    
 Catch=   13351.3995920273     
 Abd=   719049.4    
 Catch=   32838.6584273532     
 Abd=   722990.3    
 Catch=   40280.6638772203     
 Abd=   143772.9    
 Catch=   4916.26538697428     
 Abd=   11026.28    
 Catch=   908.715292805893     
 Abd=   9993322.    
 Catch=   196824.482363908     
 Abd=   1179696.    
 Catch=   18617.2327161960     
 Abd=  3.0318680E+07
 Catch=   344633.701796256     
 Abd=   5987440.    
 Catch=   18101.3941786896     
 Abd=   4078878.    
 Catch=   15978.6442384869     
 Abd=   1169357.    
 Catch=   140452.944688396     
 Abd=   1169357.    
 Catch=   140452.944688396     
 Abd=   39995.12    
 Catch=   6463.81322455328     
 Abd=  1.5369702E+07
 Catch=   49147.5187399863     
 Abd=   2543927.    
 Catch=   14466.5619777071     
 Abd=  3.2757936E+08
 Catch=   819010.028863832     
 Abd=  2.8728472E+07
 Catch=   119194.460145558     
 Abd=  3.4269408E+07
 Catch=   194163.069722478     
 Time step =         1878
 Abd=  2.7236002E+07
 Catch=   415919.597695256     
 Abd=   1289567.    
 Catch=   11923.0218568888     
 Abd=   908038.5    
 Catch=   31851.9897356010     
 Abd=   2962396.    
 Catch=   19317.6492753821     
 Abd=   314749.5    
 Catch=   6926.59891093090     
 Abd=   927.5289    
 Catch=   3.13692355077784     
 Abd=   193039.6    
 Catch=   557.801448636767     
 Abd=   576747.5    
 Catch=   34640.8225038696     
 Abd=   931441.4    
 Catch=   55983.4481193449     
 Abd=   470532.8    
 Catch=   3009.85013597476     
 Abd=   37739.57    
 Catch=   93.6472329996684     
 Abd=  1.7792436E+07
 Catch=   187040.334493812     
 Abd=   8879796.    
 Catch=   85087.0195945173     
 Abd=   1594145.    
 Catch=   35984.8208208862     
 Abd=   4766437.    
 Catch=   85828.2072566644     
 Abd=   1653102.    
 Catch=   19983.4330305567     
 Abd=  1.1470338E+08
 Catch=   2475739.86326384     
 Abd=  1.7060212E+07
 Catch=   108808.955167111     
 Abd=  2.1834692E+07
 Catch=   181720.922821272     
 Abd=   1713472.    
 Catch=   21101.0084399529     
 Abd=   2927317.    
 Catch=   13486.8027745136     
 Abd=   746153.8    
 Catch=   33244.8161006582     
 Abd=   750742.6    
 Catch=   39955.0073614085     
 Abd=   143838.2    
 Catch=   4939.16377482553     
 Abd=   15429.55    
 Catch=   1194.80420653074     
 Abd=   9729934.    
 Catch=   200750.695128185     
 Abd=   975007.4    
 Catch=   17969.3142695800     
 Abd=  3.0670168E+07
 Catch=   345700.451318444     
 Abd=   5996274.    
 Catch=   18098.1277850889     
 Abd=   4081786.    
 Catch=   15996.7684098588     
 Abd=   1065784.    
 Catch=   139306.651769722     
 Abd=   1065784.    
 Catch=   139306.651769722     
 Abd=   49032.46    
 Catch=   6121.27779033733     
 Abd=  1.5392726E+07
 Catch=   48992.6188988044     
 Abd=   2481398.    
 Catch=   14220.8103132301     
 Abd=  3.2816586E+08
 Catch=   818032.291927284     
 Abd=  2.8803098E+07
 Catch=   119437.283477022     
 Abd=  3.4041384E+07
 Catch=   193800.052471108     
 Time step =         1879
 Abd=  2.7333174E+07
 Catch=   415319.826249848     
 Abd=   1300725.    
 Catch=   11998.6019573077     
 Abd=   932024.1    
 Catch=   32373.9102517156     
 Abd=   2928710.    
 Catch=   19331.2797198542     
 Abd=   325630.5    
 Catch=   6868.60186217758     
 Abd=   897.8517    
 Catch=   3.09076044697964     
 Abd=   192712.2    
 Catch=   557.179837673788     
 Abd=   603515.5    
 Catch=   34063.1153564808     
 Abd=   965994.4    
 Catch=   58683.7580417917     
 Abd=   468716.7    
 Catch=   2982.12834241951     
 Abd=   37519.60    
 Catch=   92.4445819865332     
 Abd=  1.7814544E+07
 Catch=   184872.570658398     
 Abd=   8875428.    
 Catch=   85092.2203589609     
 Abd=   1580161.    
 Catch=   35841.5344817235     
 Abd=   4721964.    
 Catch=   83770.1213536178     
 Abd=   1651571.    
 Catch=   19747.3631243027     
 Abd=  1.1699522E+08
 Catch=   2524908.42547964     
 Abd=  1.6942184E+07
 Catch=   109409.248251822     
 Abd=  2.1887140E+07
 Catch=   181332.368299610     
 Abd=   1744382.    
 Catch=   21443.0730181480     
 Abd=   2957810.    
 Catch=   13549.3948199575     
 Abd=   755040.3    
 Catch=   33616.0527015230     
 Abd=   744044.8    
 Catch=   39768.2030962994     
 Abd=   144518.0    
 Catch=   4812.99814481454     
 Abd=   20191.37    
 Catch=   1527.45433611316     
 Abd=   9932316.    
 Catch=   193255.281710953     
 Abd=   942654.4    
 Catch=   18489.4450903911     
 Abd=  3.0759298E+07
 Catch=   347287.858516140     
 Abd=   5994983.    
 Catch=   18091.4708611125     
 Abd=   4086570.    
 Catch=   15966.6442411288     
 Abd=   1057093.    
 Catch=   194360.916629045     
 Abd=   1057093.    
 Catch=   194360.916629045     
 Abd=   46405.34    
 Catch=   5753.88555865610     
 Abd=  1.5342616E+07
 Catch=   48843.6066981093     
 Abd=   2440176.    
 Catch=   14140.0361946323     
 Abd=  3.2775075E+08
 Catch=   816621.103801740     
 Abd=  2.8861666E+07
 Catch=   119216.548110759     
 Abd=  3.3980984E+07
 Catch=   192973.794471511     
 Time step =         1880
 Abd=  2.7291700E+07
 Catch=   412948.068360970     
 Abd=   1308906.    
 Catch=   11984.7457033573     
 Abd=   947160.5    
 Catch=   32138.2807352077     
 Abd=   2931422.    
 Catch=   19333.7435841030     
 Abd=   322676.2    
 Catch=   6819.86281154936     
 Abd=   884.9490    
 Catch=   3.04970310009877     
 Abd=   192500.4    
 Catch=   556.148189675071     
 Abd=   593135.9    
 Catch=   33502.4773494917     
 Abd=   1012630.    
 Catch=   57919.9841815385     
 Abd=   464375.0    
 Catch=   3017.86298580907     
 Abd=   37033.74    
 Catch=   91.6519672839749     
 Abd=  1.7602574E+07
 Catch=   185109.047378306     
 Abd=   8875372.    
 Catch=   84983.5810124150     
 Abd=   1573985.    
 Catch=   35281.3496775338     
 Abd=   4607604.    
 Catch=   83694.6108014678     
 Abd=   1631665.    
 Catch=   19667.4669880928     
 Abd=  1.1932138E+08
 Catch=   2529278.07731668     
 Abd=  1.7039818E+07
 Catch=   110128.925256644     
 Abd=  2.1838656E+07
 Catch=   180582.522105882     
 Abd=   1772597.    
 Catch=   21463.6585506900     
 Abd=   2971398.    
 Catch=   13342.1500160728     
 Abd=   763433.4    
 Catch=   33351.3971905542     
 Abd=   740509.7    
 Catch=   38127.7509499741     
 Abd=   140749.8    
 Catch=   4864.09501789244     
 Abd=   25744.92    
 Catch=   1398.39474192999     
 Abd=   9551508.    
 Catch=   199030.564451030     
 Abd=   970956.2    
 Catch=   19323.5593197919     
 Abd=  3.0901164E+07
 Catch=   348272.051996643     
 Abd=   5992759.    
 Catch=   18070.3032614652     
 Abd=   4078577.    
 Catch=   15953.9017873460     
 Abd=   1476088.    
 Catch=   187299.753770165     
 Abd=   1476088.    
 Catch=   187299.753770165     
 Abd=   43620.16    
 Catch=   6336.49297895672     
 Abd=  1.5295820E+07
 Catch=   48681.7036294551     
 Abd=   2427383.    
 Catch=   13906.5601049866     
 Abd=  3.2718490E+08
 Catch=   815418.527158732     
 Abd=  2.8806058E+07
 Catch=   119130.616636362     
 Abd=  3.3834872E+07
 Catch=   192648.365120222     
 Time step =         1881
 Abd=  2.7134212E+07
 Catch=   418727.225154043     
 Abd=   1307216.    
 Catch=   11971.5583063228     
 Abd=   939954.8    
 Catch=   32062.9614692450     
 Abd=   2931711.    
 Catch=   19284.7926264471     
 Abd=   320360.6    
 Catch=   6861.07414806495     
 Abd=   873.1561    
 Catch=   3.00461275223961     
 Abd=   192140.5    
 Catch=   555.479779116551     
 Abd=   583330.0    
 Catch=   34479.8149325125     
 Abd=   999010.6    
 Catch=   57209.4158675272     
 Abd=   470098.1    
 Catch=   2985.56277667970     
 Abd=   36718.58    
 Catch=   91.5315094889709     
 Abd=  1.7630662E+07
 Catch=   181545.332521837     
 Abd=   8863799.    
 Catch=   84686.6350480617     
 Abd=   1549096.    
 Catch=   34167.3131644920     
 Abd=   4605046.    
 Catch=   83032.4097922722     
 Abd=   1625366.    
 Catch=   19669.3726743359     
 Abd=  1.1948968E+08
 Catch=   2540430.47839412     
 Abd=  1.7151960E+07
 Catch=   110020.934954304     
 Abd=  2.1747402E+07
 Catch=   180432.687848507     
 Abd=   1773838.    
 Catch=   21524.0049177691     
 Abd=   2925137.    
 Catch=   13515.8914993665     
 Abd=   757263.2    
 Catch=   33550.2038363631     
 Abd=   709762.9    
 Catch=   40277.3098148304     
 Abd=   142345.6    
 Catch=   4885.10258758047     
 Abd=   23476.86    
 Catch=   1407.63619534779     
 Abd=   9848501.    
 Catch=   187550.032178274     
 Abd=   1015072.    
 Catch=   20960.3565805328     
 Abd=  3.0987640E+07
 Catch=   349324.988913183     
 Abd=   5985642.    
 Catch=   18037.4852869943     
 Abd=   4075416.    
 Catch=   15920.8175649466     
 Abd=   1420717.    
 Catch=   185122.863850114     
 Abd=   1420717.    
 Catch=   185122.863850114     
 Abd=   48054.79    
 Catch=   5679.05979704441     
 Abd=  1.5245675E+07
 Catch=   48106.5369103304     
 Abd=   2385574.    
 Catch=   13955.2613771031     
 Abd=  3.2670253E+08
 Catch=   814949.750627544     
 Abd=  2.8786694E+07
 Catch=   118695.007813137     
 Abd=  3.3779256E+07
 Catch=   192402.412046445     
 Time step =         1882
 Abd=  2.7525986E+07
 Catch=   425607.851242026     
 Abd=   1305789.    
 Catch=   11954.3466363115     
 Abd=   937859.9    
 Catch=   32223.6268113437     
 Abd=   2924133.    
 Catch=   19537.1246804509     
 Abd=   322349.8    
 Catch=   7325.69367509261     
 Abd=   860.1164    
 Catch=   2.93773524618625     
 Abd=   191910.8    
 Catch=   552.876984168923     
 Abd=   600622.3    
 Catch=   33831.9625088757     
 Abd=   986681.1    
 Catch=   55016.9297775938     
 Abd=   464897.0    
 Catch=   3030.67996880563     
 Abd=   36676.48    
 Catch=   91.1688617580369     
 Abd=  1.7284696E+07
 Catch=   183685.424046487     
 Abd=   8832672.    
 Catch=   84831.5775781604     
 Abd=   1499782.    
 Catch=   34196.4147984415     
 Abd=   4568058.    
 Catch=   82496.5508260762     
 Abd=   1625599.    
 Catch=   20013.2520597152     
 Abd=  1.2002680E+08
 Catch=   2545796.38021095     
 Abd=  1.7132624E+07
 Catch=   111062.076981352     
 Abd=  2.1731596E+07
 Catch=   181449.958701707     
 Abd=   1778866.    
 Catch=   21395.6309374321     
 Abd=   2964331.    
 Catch=   13660.3499515902     
 Abd=   761904.7    
 Catch=   33744.3023303064     
 Abd=   750551.8    
 Catch=   41017.2634584249     
 Abd=   142926.5    
 Catch=   4951.77601748706     
 Abd=   23633.73    
 Catch=   1193.08735582937     
 Abd=   9267393.    
 Catch=   192896.230085924     
 Abd=   1101761.    
 Catch=   22349.8625422590     
 Abd=  3.1081704E+07
 Catch=   347162.836795060     
 Abd=   5974700.    
 Catch=   18006.3269471889     
 Abd=   4066942.    
 Catch=   15914.2832512697     
 Abd=   1405210.    
 Catch=   214615.401868118     
 Abd=   1405210.    
 Catch=   214615.401868118     
 Abd=   43053.20    
 Catch=   6285.06484010606     
 Abd=  1.5062885E+07
 Catch=   48417.2932520012     
 Abd=   2395634.    
 Catch=   14283.9291994925     
 Abd=  3.2652096E+08
 Catch=   815326.305404857     
 Abd=  2.8679754E+07
 Catch=   118857.835986052     
 Abd=  3.3736168E+07
 Catch=   192900.216790598     
 Time step =         1883
 Abd=  2.7977348E+07
 Catch=   417820.973851139     
 Abd=   1303900.    
 Catch=   11737.8314830539     
 Abd=   942581.6    
 Catch=   29785.8031716672     
 Abd=   2963410.    
 Catch=   19533.6260344674     
 Abd=   344544.7    
 Catch=   7341.13736817326     
 Abd=   840.9100    
 Catch=   2.81714045786663     
 Abd=   191000.5    
 Catch=   546.063192929924     
 Abd=   589054.1    
 Catch=   30867.6128180321     
 Abd=   948601.9    
 Catch=   47991.8075867284     
 Abd=   472120.9    
 Catch=   3002.46220637327     
 Abd=   36529.30    
 Catch=   90.0610381344344     
 Abd=  1.7497890E+07
 Catch=   182506.882451179     
 Abd=   8847941.    
 Catch=   83741.7722176960     
 Abd=   1501817.    
 Catch=   33626.9844979179     
 Abd=   4538954.    
 Catch=   83298.1911292960     
 Abd=   1654521.    
 Catch=   19522.6272603414     
 Abd=  1.2027194E+08
 Catch=   2395782.28646212     
 Abd=  1.7298176E+07
 Catch=   109351.179295507     
 Abd=  2.1855876E+07
 Catch=   178828.635018391     
 Abd=   1767973.    
 Catch=   20670.5389654818     
 Abd=   2995904.    
 Catch=   13850.8509016000     
 Abd=   766253.8    
 Catch=   31262.1110645607     
 Abd=   763888.1    
 Catch=   39799.4840666672     
 Abd=   144920.9    
 Catch=   4803.62709201779     
 Abd=   20013.22    
 Catch=   732.801601727840     
 Abd=   9544920.    
 Catch=   193799.656724247     
 Abd=   1174362.    
 Catch=   22842.2737173516     
 Abd=  3.0884176E+07
 Catch=   345989.307581644     
 Abd=   5964408.    
 Catch=   17965.1654516623     
 Abd=   4065336.    
 Catch=   15891.3595341490     
 Abd=   1629530.    
 Catch=   190109.093487450     
 Abd=   1629530.    
 Catch=   190109.093487450     
 Abd=   47667.00    
 Catch=   4857.45527125788     
 Abd=  1.5165420E+07
 Catch=   48852.7181657971     
 Abd=   2452987.    
 Catch=   14289.3394651772     
 Abd=  3.2667920E+08
 Catch=   815764.181136262     
 Abd=  2.8721080E+07
 Catch=   117527.321801059     
 Abd=  3.3825920E+07
 Catch=   192259.696706049     
 Time step =         1884
 Abd=  2.7449906E+07
 Catch=   412389.356095974     
 Abd=   1279912.    
 Catch=   11690.9239857758     
 Abd=   870480.8    
 Catch=   30265.7264108274     
 Abd=   2962083.    
 Catch=   19825.4295238210     
 Abd=   344914.3    
 Catch=   7507.32300198457     
 Abd=   806.1190    
 Catch=   2.70268454018657     
 Abd=   188623.1    
 Catch=   542.172787114355     
 Abd=   537323.1    
 Catch=   31277.5906948153     
 Abd=   827030.8    
 Catch=   51807.9564779787     
 Abd=   467533.9    
 Catch=   2978.32209251756     
 Abd=   36079.42    
 Catch=   89.6179918116523     
 Abd=  1.7379922E+07
 Catch=   181029.594912948     
 Abd=   8732266.    
 Catch=   84300.6236033558     
 Abd=   1476428.    
 Catch=   33161.1897032340     
 Abd=   4583974.    
 Catch=   86438.7752045959     
 Abd=   1612828.    
 Catch=   19551.9201932769     
 Abd=  1.1308806E+08
 Catch=   2386436.49854604     
 Abd=  1.7023854E+07
 Catch=   109021.650432587     
 Abd=  2.1531972E+07
 Catch=   178299.209897647     
 Abd=   1707286.    
 Catch=   20710.0038296648     
 Abd=   3037830.    
 Catch=   13850.4512411592     
 Abd=   709342.6    
 Catch=   31058.4146856735     
 Abd=   741317.3    
 Catch=   39727.3100797215     
 Abd=   140483.3    
 Catch=   4834.40086557528     
 Abd=   12334.64    
 Catch=   803.027992274219     
 Abd=   9585536.    
 Catch=   187696.433901700     
 Abd=   1199334.    
 Catch=   19789.0436599449     
 Abd=  3.0781998E+07
 Catch=   347523.272665909     
 Abd=   5950704.    
 Catch=   17961.4601613413     
 Abd=   4059295.    
 Catch=   15809.4934080364     
 Abd=   1441912.    
 Catch=   154368.107958442     
 Abd=   1441912.    
 Catch=   154368.107958442     
 Abd=   36815.07    
 Catch=   6959.50026578159     
 Abd=  1.5302649E+07
 Catch=   48734.1375989303     
 Abd=   2452524.    
 Catch=   14330.6102548334     
 Abd=  3.2685421E+08
 Catch=   814606.784663597     
 Abd=  2.8392836E+07
 Catch=   117165.732336277     
 Abd=  3.3709912E+07
 Catch=   191247.684286001     
 Time step =         1885
 Abd=  2.7094444E+07
 Catch=   407963.889349885     
 Abd=   1275126.    
 Catch=   11787.6951158640     
 Abd=   885524.7    
 Catch=   30863.4343839200     
 Abd=   3007227.    
 Catch=   19733.3741965549     
 Abd=   352843.3    
 Catch=   7243.46428945054     
 Abd=   773.4541    
 Catch=   2.64225707379080     
 Abd=   187298.2    
 Catch=   542.936394023744     
 Abd=   544805.4    
 Catch=   32287.7160837822     
 Abd=   894381.8    
 Catch=   54928.2596476752     
 Abd=   463783.3    
 Catch=   3018.55410471279     
 Abd=   35908.20    
 Catch=   89.1319200500369     
 Abd=  1.7238108E+07
 Catch=   181790.745998590     
 Abd=   8793918.    
 Catch=   84373.6553653270     
 Abd=   1456124.    
 Catch=   33647.6188742235     
 Abd=   4759490.    
 Catch=   83878.9356712875     
 Abd=   1616040.    
 Catch=   19467.4302145321     
 Abd=  1.1273589E+08
 Catch=   2446089.73041683     
 Abd=  1.6976480E+07
 Catch=   109491.539755913     
 Abd=  2.1473048E+07
 Catch=   178899.273009158     
 Abd=   1711602.    
 Catch=   21034.3917106301     
 Abd=   3036921.    
 Catch=   13918.5788074053     
 Abd=   705286.4    
 Catch=   32121.5694567013     
 Abd=   739988.4    
 Catch=   39847.3812988225     
 Abd=   141452.1    
 Catch=   4826.60779328046     
 Abd=   13665.49    
 Catch=   1362.92325005687     
 Abd=   9278010.    
 Catch=   192311.242087335     
 Abd=   1036838.    
 Catch=   19466.4102298516     
 Abd=  3.0922922E+07
 Catch=   348710.071108435     
 Abd=   5949711.    
 Catch=   17931.4332616023     
 Abd=   4038212.    
 Catch=   15932.7404692193     
 Abd=   1172093.    
 Catch=   174659.698062102     
 Abd=   1172093.    
 Catch=   174659.698062102     
 Abd=   52834.39    
 Catch=   6629.46612223771     
 Abd=  1.5261590E+07
 Catch=   48403.8486770700     
 Abd=   2460046.    
 Catch=   14060.2631780984     
 Abd=  3.2638022E+08
 Catch=   815538.003836623     
 Abd=  2.8310068E+07
 Catch=   116708.780434347     
 Abd=  3.3531094E+07
 Catch=   190357.889065742     
 Time step =         1886
 Abd=  2.6804352E+07
 Catch=   404865.499768215     
 Abd=   1285951.    
 Catch=   11826.2379718433     
 Abd=   902983.8    
 Catch=   31092.5228321105     
 Abd=   2992092.    
 Catch=   19765.5883417986     
 Abd=   340105.2    
 Catch=   7456.35196648097     
 Abd=   756.3218    
 Catch=   2.57625903512957     
 Abd=   187588.2    
 Catch=   541.571639516372     
 Abd=   562478.6    
 Catch=   32104.8744141614     
 Abd=   947942.8    
 Catch=   56545.8230361759     
 Abd=   470217.1    
 Catch=   2978.19241503421     
 Abd=   35712.01    
 Catch=   88.1351443962498     
 Abd=  1.7315218E+07
 Catch=   181766.914694310     
 Abd=   8800547.    
 Catch=   84362.2903944826     
 Abd=   1478060.    
 Catch=   33872.0524139289     
 Abd=   4612962.    
 Catch=   82879.1082970114     
 Abd=   1608754.    
 Catch=   19762.5219261906     
 Abd=  1.1560282E+08
 Catch=   2454611.16151659     
 Abd=  1.7051818E+07
 Catch=   111276.859646456     
 Abd=  2.1547876E+07
 Catch=   176972.270952604     
 Abd=   1738799.    
 Catch=   21123.4159056866     
 Abd=   3052106.    
 Catch=   14130.9936561433     
 Abd=   729661.5    
 Catch=   32337.2536469834     
 Abd=   742129.9    
 Catch=   38064.6796296382     
 Abd=   141204.2    
 Catch=   4866.97580109384     
 Abd=   23094.34    
 Catch=   1252.43530573890     
 Abd=   9515280.    
 Catch=   190482.141768998     
 Abd=   1021511.    
 Catch=   20429.8545552456     
 Abd=  3.1027424E+07
 Catch=   349899.370891481     
 Abd=   5939598.    
 Catch=   17906.7229776971     
 Abd=   4070667.    
 Catch=   15846.5488747535     
 Abd=   1325912.    
 Catch=   221042.659259170     
 Abd=   1325912.    
 Catch=   221042.659259170     
 Abd=   50266.41    
 Catch=   6485.87723014652     
 Abd=  1.5157270E+07
 Catch=   48637.0847279324     
 Abd=   2411962.    
 Catch=   14103.6476766509     
 Abd=  3.2676771E+08
 Catch=   816990.360969975     
 Abd=  2.8199094E+07
 Catch=   116825.304634845     
 Abd=  3.3375188E+07
 Catch=   190090.268461877     
 Time step =         1887
 Abd=  2.6601680E+07
 Catch=   410554.852381575     
 Abd=   1290023.    
 Catch=   11857.6225244368     
 Abd=   909495.9    
 Catch=   31388.2370597684     
 Abd=   2997325.    
 Catch=   19590.3612135635     
 Abd=   350483.1    
 Catch=   6971.78728967615     
 Abd=   737.3680    
 Catch=   2.46397272062435     
 Abd=   187099.4    
 Catch=   540.216654192469     
 Abd=   559046.0    
 Catch=   32485.0562150935     
 Abd=   975578.6    
 Catch=   55980.3238086552     
 Abd=   463695.0    
 Catch=   3005.49118761492     
 Abd=   35307.66    
 Catch=   88.2299897807362     
 Abd=  1.7311000E+07
 Catch=   182925.259702312     
 Abd=   8798690.    
 Catch=   84179.4711939995     
 Abd=   1487720.    
 Catch=   34094.1635860354     
 Abd=   4559481.    
 Catch=   82476.9389011033     
 Abd=   1633679.    
 Catch=   19822.2410854122     
 Abd=  1.1596506E+08
 Catch=   2462445.90169005     
 Abd=  1.7333880E+07
 Catch=   110922.420239085     
 Abd=  2.1310238E+07
 Catch=   179882.805682094     
 Abd=   1745785.    
 Catch=   21220.3318953149     
 Abd=   3099198.    
 Catch=   14293.9595980085     
 Abd=   734314.2    
 Catch=   32418.4780191700     
 Abd=   708419.9    
 Catch=   39281.8422678085     
 Abd=   142395.2    
 Catch=   4953.33239564564     
 Abd=   21016.74    
 Catch=   1230.47251866310     
 Abd=   9419463.    
 Catch=   196574.537969929     
 Abd=   1073280.    
 Catch=   21554.5001349604     
 Abd=  3.1132770E+07
 Catch=   350199.797853910     
 Abd=   5931444.    
 Catch=   17877.6244820105     
 Abd=   4047744.    
 Catch=   15776.9245055195     
 Abd=   1678719.    
 Catch=   182545.746273685     
 Abd=   1678719.    
 Catch=   182545.746273685     
 Abd=   49170.13    
 Catch=   6367.31714096856     
 Abd=  1.5233512E+07
 Catch=   48356.4246439098     
 Abd=   2420937.    
 Catch=   14287.5790269078     
 Abd=  3.2735571E+08
 Catch=   816320.149824697     
 Abd=  2.8229716E+07
 Catch=   116730.063817542     
 Abd=  3.3330284E+07
 Catch=   189467.548845888     
 Time step =         1888
 Abd=  2.6985324E+07
 Catch=   411867.457322755     
 Abd=   1293444.    
 Catch=   11860.4395723568     
 Abd=   918188.4    
 Catch=   31322.4783751664     
 Abd=   2970175.    
 Catch=   19752.9370934219     
 Abd=   327223.7    
 Catch=   7831.24865097166     
 Abd=   705.0565    
 Catch=   2.34556100070936     
 Abd=   186634.9    
 Catch=   538.881052450536     
 Abd=   565782.7    
 Catch=   34055.4036442823     
 Abd=   965522.8    
 Catch=   56107.8063719042     
 Abd=   468142.5    
 Catch=   2984.31602896078     
 Abd=   35353.57    
 Catch=   88.0305924614250     
 Abd=  1.7423092E+07
 Catch=   183086.580140707     
 Abd=   8780386.    
 Catch=   84038.7349194795     
 Abd=   1497466.    
 Catch=   34087.6495548113     
 Abd=   4537679.    
 Catch=   81751.2230547775     
 Abd=   1638318.    
 Catch=   19721.3311298434     
 Abd=  1.1633608E+08
 Catch=   2485687.23434916     
 Abd=  1.7272102E+07
 Catch=   111707.503939361     
 Abd=  2.1671496E+07
 Catch=   178915.521077528     
 Abd=   1753812.    
 Catch=   21268.1262651511     
 Abd=   3134810.    
 Catch=   14356.1121140945     
 Abd=   736124.4    
 Catch=   32923.4703235535     
 Abd=   731743.2    
 Catch=   39908.0130123241     
 Abd=   144931.9    
 Catch=   4897.27545929878     
 Abd=   20655.96    
 Catch=   1229.77696143459     
 Abd=   9727126.    
 Catch=   200874.139621225     
 Abd=   1132402.    
 Catch=   21110.8520093805     
 Abd=  3.1158086E+07
 Catch=   346668.014785958     
 Abd=   5921754.    
 Catch=   17846.5692555580     
 Abd=   4029929.    
 Catch=   15803.9152537703     
 Abd=   1384698.    
 Catch=   185263.932793834     
 Abd=   1384698.    
 Catch=   185263.932793834     
 Abd=   48276.49    
 Catch=   5893.74677873284     
 Abd=  1.5142496E+07
 Catch=   48586.8756305297     
 Abd=   2452990.    
 Catch=   14393.1386411512     
 Abd=  3.2706515E+08
 Catch=   815314.637025770     
 Abd=  2.8205588E+07
 Catch=   116068.966319994     
 Abd=  3.3220656E+07
 Catch=   190344.757452103     
 Time step =         1889
 Abd=  2.7065262E+07
 Catch=   404085.357440360     
 Abd=   1293695.    
 Catch=   11801.4240642398     
 Abd=   916154.9    
 Catch=   30836.1694729662     
 Abd=   2995796.    
 Catch=   19749.5188896021     
 Abd=   368672.4    
 Catch=   7926.16574549047     
 Abd=   671.0795    
 Catch=   2.25210006042103     
 Abd=   186171.2    
 Catch=   536.508338756231     
 Abd=   593322.4    
 Catch=   33396.6787486883     
 Abd=   967866.8    
 Catch=   52451.5998147427     
 Abd=   464689.4    
 Catch=   2910.69309430403     
 Abd=   35273.22    
 Catch=   86.1455246726566     
 Abd=  1.7437370E+07
 Catch=   182598.744850382     
 Abd=   8765632.    
 Catch=   83662.0249174352     
 Abd=   1497033.    
 Catch=   33679.3276674374     
 Abd=   4497616.    
 Catch=   83101.2712277574     
 Abd=   1629785.    
 Catch=   19471.1818343426     
 Abd=  1.1744739E+08
 Catch=   2470835.85821441     
 Abd=  1.7397772E+07
 Catch=   111709.126169229     
 Abd=  2.1545788E+07
 Catch=   175665.701943811     
 Abd=   1757698.    
 Catch=   21131.0428700042     
 Abd=   3147732.    
 Catch=   14037.5064561072     
 Abd=   747711.0    
 Catch=   32463.9388910942     
 Abd=   743291.6    
 Catch=   41344.7497781244     
 Abd=   143244.7    
 Catch=   4816.59131018295     
 Abd=   20666.74    
 Catch=   888.771831697026     
 Abd=   9937960.    
 Catch=   197681.567237522     
 Abd=   1107707.    
 Catch=   21387.4957862418     
 Abd=  3.0838032E+07
 Catch=   345056.761977616     
 Abd=   5911474.    
 Catch=   17795.9423166567     
 Abd=   4037260.    
 Catch=   15622.3755775576     
 Abd=   1405579.    
 Catch=   185725.497917472     
 Abd=   1405579.    
 Catch=   185725.497917472     
 Abd=   44677.00    
 Catch=   5688.44471199558     
 Abd=  1.5218094E+07
 Catch=   47928.9101773587     
 Abd=   2470907.    
 Catch=   14489.6682521650     
 Abd=  3.2666208E+08
 Catch=   815681.116645500     
 Abd=  2.8043602E+07
 Catch=   115954.576790051     
 Abd=  3.3379100E+07
 Catch=   191035.620902129     
 Time step =         1890
 Abd=  2.6545354E+07
 Catch=   405489.318525523     
 Abd=   1287126.    
 Catch=   11832.3126487535     
 Abd=   901754.2    
 Catch=   31635.6103669432     
 Abd=   2994883.    
 Catch=   20004.8512622026     
 Abd=   372444.6    
 Catch=   7960.37253995750     
 Abd=   644.4254    
 Catch=   2.17464227339210     
 Abd=   185345.1    
 Catch=   534.789092208747     
 Abd=   581589.7    
 Catch=   33215.4087708100     
 Abd=   904249.1    
 Catch=   53884.4674500120     
 Abd=   453067.8    
 Catch=   2866.51253714854     
 Abd=   34505.97    
 Catch=   86.1424041498386     
 Abd=  1.7390056E+07
 Catch=   182482.803484532     
 Abd=   8725554.    
 Catch=   83768.7554966952     
 Abd=   1478856.    
 Catch=   33882.5255745488     
 Abd=   4573650.    
 Catch=   85611.6424067059     
 Abd=   1608898.    
 Catch=   19545.7399075753     
 Abd=  1.1671786E+08
 Catch=   2481772.81619010     
 Abd=  1.7395814E+07
 Catch=   111160.575981264     
 Abd=  2.1150072E+07
 Catch=   175177.226526884     
 Abd=   1746090.    
 Catch=   21292.4158512491     
 Abd=   3076906.    
 Catch=   14027.8454693130     
 Abd=   737023.9    
 Catch=   32443.0035966626     
 Abd=   770426.4    
 Catch=   42767.8420489944     
 Abd=   140881.2    
 Catch=   4807.30981056419     
 Abd=   14919.38    
 Catch=   974.378333427396     
 Abd=   9774654.    
 Catch=   192629.212640930     
 Abd=   1122794.    
 Catch=   20852.9654331752     
 Abd=  3.0697666E+07
 Catch=   346801.519247912     
 Abd=   5894568.    
 Catch=   17794.2259769835     
 Abd=   3989634.    
 Catch=   15602.7067586317     
 Abd=   1409040.    
 Catch=   164890.272864881     
 Abd=   1409040.    
 Catch=   164890.272864881     
 Abd=   43123.93    
 Catch=   5890.51761618032     
 Abd=  1.5006773E+07
 Catch=   47907.4180516832     
 Abd=   2487206.    
 Catch=   14547.6549062418     
 Abd=  3.2682032E+08
 Catch=   814163.325037473     
 Abd=  2.8018404E+07
 Catch=   115787.330007485     
 Abd=  3.3499564E+07
 Catch=   190967.930855047     
 Time step =         1891
 Abd=  2.6646028E+07
 Catch=   405121.325391378     
 Abd=   1290687.    
 Catch=   11839.9430594511     
 Abd=   925640.6    
 Catch=   31240.1494804436     
 Abd=   3034440.    
 Catch=   19928.9135096093     
 Abd=   374005.6    
 Catch=   6718.17944414653     
 Abd=   622.3298    
 Catch=   2.11809440132499     
 Abd=   184759.6    
 Catch=   534.274247579229     
 Abd=   578493.5    
 Catch=   32234.2444086537     
 Abd=   929772.9    
 Catch=   55051.7325094746     
 Abd=   446285.2    
 Catch=   2873.63427011805     
 Abd=   34518.33    
 Catch=   85.7300300000689     
 Abd=  1.7379104E+07
 Catch=   183123.240141296     
 Abd=   8737564.    
 Catch=   83355.2419552035     
 Abd=   1488172.    
 Catch=   34045.6428785741     
 Abd=   4713042.    
 Catch=   88147.8461990501     
 Abd=   1615493.    
 Catch=   19798.8428520761     
 Abd=  1.1725402E+08
 Catch=   2473530.42159687     
 Abd=  1.7308824E+07
 Catch=   110513.191189793     
 Abd=  2.1096960E+07
 Catch=   176697.932151838     
 Abd=   1759910.    
 Catch=   21401.2687755080     
 Abd=   3075251.    
 Catch=   14078.3912329457     
 Abd=   736693.3    
 Catch=   32090.1708274574     
 Abd=   796932.6    
 Catch=   41462.2339933484     
 Abd=   140642.0    
 Catch=   4777.88320323946     
 Abd=   16475.24    
 Catch=   1209.73058131582     
 Abd=   9522950.    
 Catch=   190851.855848564     
 Abd=   1094216.    
 Catch=   19638.3757604935     
 Abd=  3.0858402E+07
 Catch=   347486.735573849     
 Abd=   5894323.    
 Catch=   17781.3924902600     
 Abd=   3985529.    
 Catch=   15591.2884790320     
 Abd=   1251347.    
 Catch=   145981.307898651     
 Abd=   1251347.    
 Catch=   145981.307898651     
 Abd=   44663.06    
 Catch=   4878.64761100725     
 Abd=  1.5003533E+07
 Catch=   48258.1759633321     
 Abd=   2497248.    
 Catch=   14154.9213016614     
 Abd=  3.2619856E+08
 Catch=   814094.693152331     
 Abd=  2.7977680E+07
 Catch=   115264.106107372     
 Abd=  3.3485212E+07
 Catch=   190492.482079975     
 Time step =         1892
 Abd=  2.6622502E+07
 Catch=   408438.433114463     
 Abd=   1291464.    
 Catch=   11871.0962087259     
 Abd=   913573.1    
 Catch=   31343.6750394115     
 Abd=   3021778.    
 Catch=   19978.6025120672     
 Abd=   314856.8    
 Catch=   7318.78598754235     
 Abd=   606.2841    
 Catch=   2.05737727229827     
 Abd=   184588.2    
 Catch=   532.854847984536     
 Abd=   561209.6    
 Catch=   32862.1496778319     
 Abd=   949808.0    
 Catch=   54942.9574173329     
 Abd=   447527.0    
 Catch=   2861.58155262040     
 Abd=   34352.06    
 Catch=   85.5504845791586     
 Abd=  1.7441464E+07
 Catch=   183252.744599260     
 Abd=   8694154.    
 Catch=   83537.0404329721     
 Abd=   1495272.    
 Catch=   34445.2177166144     
 Abd=   4852858.    
 Catch=   89991.8001756323     
 Abd=   1636607.    
 Catch=   19636.6784945756     
 Abd=  1.1684818E+08
 Catch=   2476380.53589415     
 Abd=  1.7207536E+07
 Catch=   111191.412378759     
 Abd=  2.1284296E+07
 Catch=   175286.622986876     
 Abd=   1768787.    
 Catch=   21430.6793713527     
 Abd=   3087240.    
 Catch=   14046.8488660840     
 Abd=   728547.6    
 Catch=   32134.1936086987     
 Abd=   771878.6    
 Catch=   40944.9291324695     
 Abd=   139757.1    
 Catch=   4817.61899768861     
 Abd=   20395.28    
 Catch=   1086.88073438650     
 Abd=   9438024.    
 Catch=   190123.360691794     
 Abd=   1029994.    
 Catch=   20143.7365075753     
 Abd=  3.0917316E+07
 Catch=   346877.724578673     
 Abd=   5890004.    
 Catch=   17748.0423776377     
 Abd=   3982715.    
 Catch=   15540.4764959327     
 Abd=   1107431.    
 Catch=   150421.138250609     
 Abd=   1107431.    
 Catch=   150421.138250609     
 Abd=   36973.95    
 Catch=   7521.87260698801     
 Abd=  1.5116000E+07
 Catch=   47855.1126096087     
 Abd=   2427947.    
 Catch=   14092.2103086024     
 Abd=  3.2618138E+08
 Catch=   815430.317926144     
 Abd=  2.7849244E+07
 Catch=   115265.554235478     
 Abd=  3.3400344E+07
 Catch=   189915.959448055     
 Time step =         1893
 Abd=  2.6843892E+07
 Catch=   418934.460478323     
 Abd=   1294910.    
 Catch=   11953.3490941332     
 Abd=   916829.6    
 Catch=   31859.6869520941     
 Abd=   3029725.    
 Catch=   19810.9122694832     
 Abd=   344368.2    
 Catch=   7940.73531443406     
 Abd=   588.8800    
 Catch=   2.02504959649707     
 Abd=   184091.3    
 Catch=   532.645074444524     
 Abd=   572392.3    
 Catch=   32987.9565705860     
 Abd=   947637.4    
 Catch=   58703.3191745073     
 Abd=   445618.9    
 Catch=   2924.61763360228     
 Abd=   34279.66    
 Catch=   85.1647489418316     
 Abd=  1.7452752E+07
 Catch=   187530.097988333     
 Abd=   8713564.    
 Catch=   83936.4825444855     
 Abd=   1513000.    
 Catch=   35404.0787581762     
 Abd=   4953398.    
 Catch=   83488.6247408715     
 Abd=   1622649.    
 Catch=   19643.9553368253     
 Abd=  1.1699068E+08
 Catch=   2508076.16680590     
 Abd=  1.7317352E+07
 Catch=   112727.876767799     
 Abd=  2.1107956E+07
 Catch=   177451.107737794     
 Abd=   1771091.    
 Catch=   21625.1635789336     
 Abd=   3080050.    
 Catch=   14269.8710320666     
 Abd=   729680.9    
 Catch=   33220.8761603567     
 Abd=   762325.8    
 Catch=   40221.6754905485     
 Abd=   140957.4    
 Catch=   4934.98606747319     
 Abd=   18238.41    
 Catch=   1289.62760858656     
 Abd=   9402580.    
 Catch=   200399.089375849     
 Abd=   1057746.    
 Catch=   20411.5730825888     
 Abd=  3.0861036E+07
 Catch=   347026.446005559     
 Abd=   5878814.    
 Catch=   17719.7035021376     
 Abd=   3969810.    
 Catch=   15579.7904508795     
 Abd=   1141514.    
 Catch=   199036.313987603     
 Abd=   1141514.    
 Catch=   199036.313987603     
 Abd=   57114.74    
 Catch=   6192.91685293168     
 Abd=  1.4984754E+07
 Catch=   47748.8231555855     
 Abd=   2418716.    
 Catch=   13954.9731304395     
 Abd=  3.2672787E+08
 Catch=   815547.866687697     
 Abd=  2.7852198E+07
 Catch=   115392.039971042     
 Abd=  3.3299260E+07
 Catch=   190531.592735305     
 Time step =         1894
 Abd=  2.7542460E+07
 Catch=   430579.103440432     
 Abd=   1303991.    
 Catch=   11905.5465276569     
 Abd=   932153.1    
 Catch=   31465.7157558876     
 Abd=   3003788.    
 Catch=   19834.0002740892     
 Abd=   373585.6    
 Catch=   7010.16329662614     
 Abd=   579.7621    
 Catch=   1.93149648725809     
 Abd=   184023.4    
 Catch=   529.686643289033     
 Abd=   574536.9    
 Catch=   34437.1769004741     
 Abd=   1013298.    
 Catch=   52228.2517426129     
 Abd=   455636.0    
 Catch=   2895.14063752687     
 Abd=   34122.39    
 Catch=   85.0218376638608     
 Abd=  1.7867916E+07
 Catch=   187009.109750039     
 Abd=   8755286.    
 Catch=   82993.5580627324     
 Abd=   1555546.    
 Catch=   35114.8305963849     
 Abd=   4588804.    
 Catch=   86341.4453815042     
 Abd=   1623472.    
 Catch=   19970.0012463899     
 Abd=  1.1851444E+08
 Catch=   2470121.02191629     
 Abd=  1.7559464E+07
 Catch=   111150.123781329     
 Abd=  2.1376826E+07
 Catch=   179795.174921717     
 Abd=   1787446.    
 Catch=   21469.5981218376     
 Abd=   3129993.    
 Catch=   14232.4990526832     
 Abd=   754692.6    
 Catch=   32137.5523460139     
 Abd=   749084.0    
 Catch=   40835.9093057552     
 Abd=   144421.6    
 Catch=   4965.07891252608     
 Abd=   21766.74    
 Catch=   866.340769736610     
 Abd=   9920584.    
 Catch=   200817.095854732     
 Abd=   1071763.    
 Catch=   21281.5312051014     
 Abd=  3.0875766E+07
 Catch=   347173.985708204     
 Abd=   5869482.    
 Catch=   17695.9881422170     
 Abd=   3980142.    
 Catch=   15546.6573191545     
 Abd=   1511668.    
 Catch=   158582.114267329     
 Abd=   1511668.    
 Catch=   158582.114267329     
 Abd=   46944.88    
 Catch=   6507.36769231857     
 Abd=  1.4953430E+07
 Catch=   47647.4036329266     
 Abd=   2395082.    
 Catch=   14185.0217486614     
 Abd=  3.2676512E+08
 Catch=   814770.449243285     
 Abd=  2.7883388E+07
 Catch=   115646.487811113     
 Abd=  3.3410928E+07
 Catch=   190421.085106290     
 Time step =         1895
 Abd=  2.8308702E+07
 Catch=   428179.607515960     
 Abd=   1298508.    
 Catch=   11946.8410034459     
 Abd=   920231.0    
 Catch=   31916.9898180717     
 Abd=   3007665.    
 Catch=   19659.3247139214     
 Abd=   328735.2    
 Catch=   7534.15772371742     
 Abd=   552.6655    
 Catch=   1.87432048957372     
 Abd=   182988.1    
 Catch=   527.417135047196     
 Abd=   600006.8    
 Catch=   33571.3813141791     
 Abd=   900080.6    
 Catch=   56120.6210935601     
 Abd=   450834.9    
 Catch=   2826.57539068911     
 Abd=   34066.88    
 Catch=   84.6374090743706     
 Abd=  1.7809716E+07
 Catch=   185094.656368898     
 Abd=   8655122.    
 Catch=   82274.4948489398     
 Abd=   1541945.    
 Catch=   34452.2350250623     
 Abd=   4753302.    
 Catch=   86501.4511865970     
 Abd=   1650882.    
 Catch=   20065.1023654598     
 Abd=  1.1666386E+08
 Catch=   2498298.13092273     
 Abd=  1.7304054E+07
 Catch=   111979.770008525     
 Abd=  2.1659576E+07
 Catch=   177681.262541633     
 Abd=   1774042.    
 Catch=   21642.3384394824     
 Abd=   3120277.    
 Catch=   14105.3471844281     
 Abd=   729501.4    
 Catch=   32511.9648641860     
 Abd=   760776.3    
 Catch=   42313.1288172030     
 Abd=   145265.8    
 Catch=   4908.12559793296     
 Abd=   14523.39    
 Catch=   1062.22466265508     
 Abd=   9932324.    
 Catch=   191179.900292733     
 Abd=   1117788.    
 Catch=   21636.8904903538     
 Abd=  3.0888698E+07
 Catch=   347914.765273402     
 Abd=   5861644.    
 Catch=   17691.8256272665     
 Abd=   3971212.    
 Catch=   15437.2420979070     
 Abd=   1202963.    
 Catch=   132094.971044334     
 Abd=   1202963.    
 Catch=   132094.971044334     
 Abd=   49345.35    
 Catch=   6117.28542938781     
 Abd=  1.4921729E+07
 Catch=   47703.2086404260     
 Abd=   2435290.    
 Catch=   14181.3321467807     
 Abd=  3.2644746E+08
 Catch=   815853.937817476     
 Abd=  2.7945616E+07
 Catch=   115237.606447129     
 Abd=  3.3389146E+07
 Catch=   190519.970564122     
 Time step =         1896
 Abd=  2.8133872E+07
 Catch=   420534.729647248     
 Abd=   1303191.    
 Catch=   12010.7368674849     
 Abd=   933727.8    
 Catch=   32395.1026334763     
 Abd=   2980622.    
 Catch=   19524.9733326482     
 Abd=   354417.2    
 Catch=   7218.95537244481     
 Abd=   536.4475    
 Catch=   1.83046152592357     
 Abd=   182206.3    
 Catch=   527.670424643153     
 Abd=   584445.9    
 Catch=   33135.9702638072     
 Abd=   968633.5    
 Catch=   57319.5693695681     
 Abd=   440002.2    
 Catch=   2829.95261777035     
 Abd=   33912.49    
 Catch=   83.8184375654674     
 Abd=  1.7624600E+07
 Catch=   186289.535191638     
 Abd=   8580640.    
 Catch=   83566.2427685281     
 Abd=   1512650.    
 Catch=   35441.2296668067     
 Abd=   4759646.    
 Catch=   84946.0580967439     
 Abd=   1658416.    
 Catch=   20056.6338078668     
 Abd=  1.1804358E+08
 Catch=   2513870.45056241     
 Abd=  1.7440532E+07
 Catch=   111949.737213429     
 Abd=  2.1394912E+07
 Catch=   179025.365919582     
 Abd=   1788800.    
 Catch=   21797.1672699255     
 Abd=   3091776.    
 Catch=   13905.0670444212     
 Abd=   738321.8    
 Catch=   32899.4175487543     
 Abd=   788209.8    
 Catch=   40313.2460613689     
 Abd=   143567.8    
 Catch=   5030.24337091465     
 Abd=   17875.12    
 Catch=   1222.05931563099     
 Abd=   9447901.    
 Catch=   190768.859724194     
 Abd=   1135944.    
 Catch=   21172.0977414287     
 Abd=  3.0955338E+07
 Catch=   348897.915513546     
 Abd=   5860400.    
 Catch=   17703.5926257224     
 Abd=   3942792.    
 Catch=   15453.6606434391     
 Abd=   1001887.    
 Catch=   148627.686894520     
 Abd=   1001887.    
 Catch=   148627.686894520     
 Abd=   46377.29    
 Catch=   5306.16921271331     
 Abd=  1.4940431E+07
 Catch=   47801.8189683748     
 Abd=   2434360.    
 Catch=   14266.7397585338     
 Abd=  3.2689514E+08
 Catch=   816971.728677024     
 Abd=  2.7844276E+07
 Catch=   114798.968385161     
 Abd=  3.3407212E+07
 Catch=   190457.597810239     
 Time step =         1897
 Abd=  2.7628820E+07
 Catch=   415468.131866218     
 Abd=   1310204.    
 Catch=   11969.3226379480     
 Abd=   947706.1    
 Catch=   31653.4841758982     
 Abd=   2960410.    
 Catch=   19592.8673758698     
 Abd=   338938.2    
 Catch=   7766.71719357167     
 Abd=   523.9897    
 Catch=   1.78054589728543     
 Abd=   182311.9    
 Catch=   526.370125509192     
 Abd=   576953.8    
 Catch=   31966.2544189449     
 Abd=   988815.9    
 Catch=   55813.1517118887     
 Abd=   440732.7    
 Catch=   2843.41731363022     
 Abd=   33581.79    
 Catch=   83.4669163237715     
 Abd=  1.7744276E+07
 Catch=   186645.751385950     
 Abd=   8718875.    
 Catch=   83799.0872608846     
 Abd=   1557229.    
 Catch=   35256.3973449646     
 Abd=   4672666.    
 Catch=   85613.4855191867     
 Abd=   1657562.    
 Catch=   20117.9480845664     
 Abd=  1.1876832E+08
 Catch=   2502121.91288976     
 Abd=  1.7433160E+07
 Catch=   111886.032611869     
 Abd=  2.1564784E+07
 Catch=   178611.769182815     
 Abd=   1801567.    
 Catch=   21705.7917039657     
 Abd=   3048323.    
 Catch=   13491.6728922596     
 Abd=   747121.4    
 Catch=   32555.6941258714     
 Abd=   750361.6    
 Catch=   38970.8377827167     
 Abd=   147214.8    
 Catch=   5044.24803160226     
 Abd=   20538.10    
 Catch=   1168.53741055576     
 Abd=   9435428.    
 Catch=   191387.248191577     
 Abd=   1110886.    
 Catch=   21503.4731778204     
 Abd=  3.1043152E+07
 Catch=   348035.040537204     
 Abd=   5864381.    
 Catch=   17670.7948696835     
 Abd=   3947777.    
 Catch=   15433.5452947585     
 Abd=   1127694.    
 Catch=   206599.995117069     
 Abd=   1127694.    
 Catch=   206599.995117069     
 Abd=   40218.97    
 Catch=   6050.95713645839     
 Abd=  1.4971118E+07
 Catch=   47731.3611100626     
 Abd=   2448812.    
 Catch=   14056.4353759044     
 Abd=  3.2734387E+08
 Catch=   817356.355729384     
 Abd=  2.7737184E+07
 Catch=   115014.326663881     
 Abd=  3.3395828E+07
 Catch=   190465.461092156     
 Time step =         1898
 Abd=  2.7295736E+07
 Catch=   406990.850867085     
 Abd=   1305473.    
 Catch=   11956.2638185269     
 Abd=   925530.5    
 Catch=   31445.2649443775     
 Abd=   2971224.    
 Catch=   19299.8588465977     
 Abd=   365323.9    
 Catch=   8164.04187290719     
 Abd=   509.6227    
 Catch=   1.75562674652561     
 Abd=   181849.1    
 Catch=   525.499847114758     
 Abd=   556495.8    
 Catch=   33426.7076443175     
 Abd=   962462.1    
 Catch=   56254.4368854899     
 Abd=   442858.0    
 Catch=   2825.43497247759     
 Abd=   33445.96    
 Catch=   83.1474789371667     
 Abd=  1.7776154E+07
 Catch=   187174.708000493     
 Abd=   8741674.    
 Catch=   84407.8355116497     
 Abd=   1548219.    
 Catch=   35275.0834652234     
 Abd=   4711318.    
 Catch=   81956.5978225678     
 Abd=   1662724.    
 Catch=   20109.8625541133     
 Abd=  1.1819425E+08
 Catch=   2505263.83192331     
 Abd=  1.7423332E+07
 Catch=   112228.073216876     
 Abd=  2.1510168E+07
 Catch=   178013.277176855     
 Abd=   1793651.    
 Catch=   21661.2560323457     
 Abd=   2956673.    
 Catch=   13641.0780990357     
 Abd=   739124.4    
 Catch=   32934.1595215352     
 Abd=   725535.1    
 Catch=   40332.6774553742     
 Abd=   147579.1    
 Catch=   5038.30665717684     
 Abd=   19632.82    
 Catch=   1144.58009159758     
 Abd=   9465844.    
 Catch=   189444.007759725     
 Abd=   1128905.    
 Catch=   21173.5123789566     
 Abd=  3.0963578E+07
 Catch=   346612.659733815     
 Abd=   5853225.    
 Catch=   17646.1661505089     
 Abd=   3942280.    
 Catch=   15528.3529348956     
 Abd=   1568456.    
 Catch=   194355.219146967     
 Abd=   1568456.    
 Catch=   194355.219146967     
 Abd=   45887.87    
 Catch=   7181.61091636148     
 Abd=  1.4948429E+07
 Catch=   47419.6567207357     
 Abd=   2411578.    
 Catch=   13827.7112983236     
 Abd=  3.2748992E+08
 Catch=   817702.926082299     
 Abd=  2.7793052E+07
 Catch=   115412.750519022     
 Abd=  3.3397376E+07
 Catch=   190708.190703825     
 Time step =         1899
 Abd=  2.6733268E+07
 Catch=   404285.593747148     
 Abd=   1304123.    
 Catch=   11924.5401942846     
 Abd=   919761.8    
 Catch=   31626.2473204253     
 Abd=   2925821.    
 Catch=   19255.3278948989     
 Abd=   383850.9    
 Catch=   8452.71418396166     
 Abd=   502.6374    
 Catch=   1.70492560143388     
 Abd=   181552.8    
 Catch=   523.310823635362     
 Abd=   582424.4    
 Catch=   33836.5367587665     
 Abd=   970536.6    
 Catch=   54354.3054680260     
 Abd=   439929.2    
 Catch=   2826.29048157917     
 Abd=   33317.94    
 Catch=   83.0820623633887     
 Abd=  1.7827412E+07
 Catch=   185298.793447158     
 Abd=   8805457.    
 Catch=   84293.1027302785     
 Abd=   1549207.    
 Catch=   34945.8477104915     
 Abd=   4506258.    
 Catch=   84022.5065884677     
 Abd=   1661968.    
 Catch=   20112.3986905776     
 Abd=  1.1836061E+08
 Catch=   2519699.64738820     
 Abd=  1.7477948E+07
 Catch=   112410.712282079     
 Abd=  2.1438148E+07
 Catch=   177344.836474366     
 Abd=   1790068.    
 Catch=   21566.9957980016     
 Abd=   2991564.    
 Catch=   13535.8189682240     
 Abd=   747965.4    
 Catch=   33076.6476854542     
 Abd=   751698.5    
 Catch=   42402.8166946837     
 Abd=   147391.5    
 Catch=   5020.14840424547     
 Abd=   19217.27    
 Catch=   898.069479354619     
 Abd=   9367763.    
 Catch=   187944.794972993     
 Abd=   1111126.    
 Catch=   22552.5211031426     
 Abd=  3.0836334E+07
 Catch=   344632.637804181     
 Abd=   5845139.    
 Catch=   17614.1980812541     
 Abd=   3967297.    
 Catch=   15443.3627199622     
 Abd=   1474481.    
 Catch=   168103.330078452     
 Abd=   1474481.    
 Catch=   168103.330078452     
 Abd=   54471.53    
 Catch=   5821.62234455192     
 Abd=  1.4849096E+07
 Catch=   46945.6766376240     
 Abd=   2372711.    
 Catch=   13799.3161815555     
 Abd=  3.2763046E+08
 Catch=   817945.795798852     
 Abd=  2.7889926E+07
 Catch=   115385.755810837     
 Abd=  3.3440784E+07
 Catch=   190951.885849212     
 Time step =         1900
 Abd=  2.6563976E+07
 Catch=   403912.615293644     
 Abd=   1300615.    
 Catch=   11869.9816957964     
 Abd=   925155.9    
 Catch=   30862.0802911687     
 Abd=   2919700.    
 Catch=   19267.1837039929     
 Abd=   397325.0    
 Catch=   8199.42803312066     
 Abd=   488.0073    
 Catch=   1.67126750169362     
 Abd=   180789.0    
 Catch=   521.058122496672     
 Abd=   589389.8    
 Catch=   33069.2165573808     
 Abd=   937343.2    
 Catch=   52715.0323907479     
 Abd=   440163.2    
 Catch=   2829.62652017032     
 Abd=   33291.37    
 Catch=   83.2935459952513     
 Abd=  1.7644356E+07
 Catch=   188139.215672505     
 Abd=   8791200.    
 Catch=   85395.0262490661     
 Abd=   1534566.    
 Catch=   34998.0810138743     
 Abd=   4625162.    
 Catch=   80799.8518625700     
 Abd=   1662161.    
 Catch=   20168.6335063523     
 Abd=  1.1904835E+08
 Catch=   2466388.84776152     
 Abd=  1.7505750E+07
 Catch=   111550.483473506     
 Abd=  2.1357552E+07
 Catch=   177083.366513265     
 Abd=   1782198.    
 Catch=   21346.8184543139     
 Abd=   2966973.    
 Catch=   13516.8024479721     
 Abd=   751092.8    
 Catch=   32212.4823793164     
 Abd=   790242.7    
 Catch=   41403.0899956111     
 Abd=   146861.1    
 Catch=   5158.14011775891     
 Abd=   15062.64    
 Catch=   792.153068032067     
 Abd=   9293590.    
 Catch=   196072.761444429     
 Abd=   1185053.    
 Catch=   21877.0308991737     
 Abd=  3.0659468E+07
 Catch=   342788.530292084     
 Abd=   5834510.    
 Catch=   17613.1919812342     
 Abd=   3944555.    
 Catch=   15509.5700749281     
 Abd=   1275007.    
 Catch=   166225.417476579     
 Abd=   1275007.    
 Catch=   166225.417476579     
 Abd=   44126.38    
 Catch=   6833.03312085727     
 Abd=  1.4699869E+07
 Catch=   47589.9938617263     
 Abd=   2368643.    
 Catch=   13929.0926084697     
 Abd=  3.2772605E+08
 Catch=   818462.399708447     
 Abd=  2.7881308E+07
 Catch=   115450.825333684     
 Abd=  3.3483428E+07
 Catch=   191325.135106769     
 Time step =         1901
 Abd=  2.6540088E+07
 Catch=   407452.717142747     
 Abd=   1294618.    
 Catch=   11847.4713245119     
 Abd=   902392.8    
 Catch=   30991.3580920011     
 Abd=   2921723.    
 Catch=   19419.6552314078     
 Abd=   385031.9    
 Catch=   8049.13861828977     
 Abd=   478.4546    
 Catch=   1.65349392434163     
 Abd=   180009.8    
 Catch=   516.306582517127     
 Abd=   575822.9    
 Catch=   32263.3451518581     
 Abd=   909018.6    
 Catch=   52647.0071022193     
 Abd=   440684.1    
 Catch=   2818.74322917496     
 Abd=   33379.10    
 Catch=   83.1422709810359     
 Abd=  1.7923212E+07
 Catch=   186550.650569389     
 Abd=   8909336.    
 Catch=   86638.0980941473     
 Abd=   1537047.    
 Catch=   35050.1165825423     
 Abd=   4443386.    
 Catch=   81987.9366164909     
 Abd=   1666949.    
 Catch=   20247.7853921010     
 Abd=  1.1648061E+08
 Catch=   2428119.45576315     
 Abd=  1.7368642E+07
 Catch=   110813.644418343     
 Abd=  2.1326990E+07
 Catch=   175053.624470285     
 Abd=   1763810.    
 Catch=   21205.4817239414     
 Abd=   2963554.    
 Catch=   13705.5498333199     
 Abd=   731181.5    
 Catch=   32007.6046655438     
 Abd=   770842.5    
 Catch=   43233.4816253332     
 Abd=   150950.5    
 Catch=   5064.70507187270     
 Abd=   13316.82    
 Catch=   766.495755778966     
 Abd=   9703979.    
 Catch=   190555.332009319     
 Abd=   1147735.    
 Catch=   22249.0580590710     
 Abd=  3.0495354E+07
 Catch=   344361.573229651     
 Abd=   5834376.    
 Catch=   17611.8517649734     
 Abd=   3962292.    
 Catch=   15599.7913475125     
 Abd=   1261546.    
 Catch=   174157.029131376     
 Abd=   1261546.    
 Catch=   174157.029131376     
 Abd=   51839.66    
 Catch=   5823.76543459469     
 Abd=  1.4908354E+07
 Catch=   47641.3294554896     
 Abd=   2391406.    
 Catch=   13849.2844079606     
 Abd=  3.2793658E+08
 Catch=   819400.546635831     
 Abd=  2.7897634E+07
 Catch=   115396.692499933     
 Abd=  3.3549674E+07
 Catch=   191096.484196023     
 Time step =         1902
 Abd=  2.6779256E+07
 Catch=   413962.026719465     
 Abd=   1292230.    
 Catch=   11874.2515624309     
 Abd=   906566.8    
 Catch=   30581.1351752901     
 Abd=   2945250.    
 Catch=   19668.6564256830     
 Abd=   378055.6    
 Catch=   8592.61364404357     
 Abd=   473.4406    
 Catch=   1.63743235062063     
 Abd=   178356.4    
 Catch=   515.871424795874     
 Abd=   561741.7    
 Catch=   32457.8475934886     
 Abd=   908099.1    
 Catch=   54794.3034878520     
 Abd=   438927.1    
 Catch=   2862.16540436718     
 Abd=   33315.81    
 Catch=   83.0993202937851     
 Abd=  1.7764028E+07
 Catch=   186666.944879973     
 Abd=   9039768.    
 Catch=   86364.3923729862     
 Abd=   1539354.    
 Catch=   34465.6724205813     
 Abd=   4512200.    
 Catch=   85322.4131912668     
 Abd=   1673469.    
 Catch=   20089.6478631599     
 Abd=  1.1468104E+08
 Catch=   2468970.95109607     
 Abd=  1.7254444E+07
 Catch=   110704.198569363     
 Abd=  2.1078868E+07
 Catch=   175232.851787530     
 Abd=   1752260.    
 Catch=   21366.3681931911     
 Abd=   3006102.    
 Catch=   13988.0290983769     
 Abd=   726726.8    
 Catch=   32196.1405577518     
 Abd=   805492.4    
 Catch=   42771.1869491797     
 Abd=   148134.1    
 Catch=   5079.14416954285     
 Abd=   12874.36    
 Catch=   1201.71436867723     
 Abd=   9420200.    
 Catch=   193503.309252508     
 Abd=   1168098.    
 Catch=   20466.5182062514     
 Abd=  3.0641064E+07
 Catch=   344201.173713977     
 Abd=   5833915.    
 Catch=   17603.3619699051     
 Abd=   3985426.    
 Catch=   15631.5896213361     
 Abd=   1321609.    
 Catch=   155128.933708067     
 Abd=   1321609.    
 Catch=   155128.933708067     
 Abd=   44154.79    
 Catch=   5676.40724412870     
 Abd=  1.4920504E+07
 Catch=   47645.2860510547     
 Abd=   2377253.    
 Catch=   13740.3953495660     
 Abd=  3.2831533E+08
 Catch=   822254.574820328     
 Abd=  2.7883510E+07
 Catch=   114950.316644223     
 Abd=  3.3507642E+07
 Catch=   190536.118221532     
 Time step =         1903
 Abd=  2.7211824E+07
 Catch=   419630.711434480     
 Abd=   1295250.    
 Catch=   11905.8132972103     
 Abd=   894363.9    
 Catch=   31193.5419180494     
 Abd=   2983382.    
 Catch=   19455.5935682930     
 Abd=   404199.9    
 Catch=   8614.54874970053     
 Abd=   468.8322    
 Catch=   1.61374118339594     
 Abd=   178231.5    
 Catch=   516.123476568974     
 Abd=   565331.9    
 Catch=   33277.8584909270     
 Abd=   945565.5    
 Catch=   58108.6899642773     
 Abd=   445864.6    
 Catch=   2901.49119057982     
 Abd=   33297.61    
 Catch=   82.8962608217050     
 Abd=  1.7778356E+07
 Catch=   187410.307548340     
 Abd=   9008318.    
 Catch=   86693.9699715848     
 Abd=   1513309.    
 Catch=   34229.6500439919     
 Abd=   4698167.    
 Catch=   82349.9471747964     
 Abd=   1660097.    
 Catch=   19806.4183620696     
 Abd=  1.1667139E+08
 Catch=   2493847.64986835     
 Abd=  1.7239130E+07
 Catch=   112306.805297844     
 Abd=  2.1105360E+07
 Catch=   177155.865262863     
 Abd=   1765997.    
 Catch=   21451.7871768217     
 Abd=   3068141.    
 Catch=   14020.5506431830     
 Abd=   731128.4    
 Catch=   32697.5504936189     
 Abd=   796512.2    
 Catch=   42154.0556574334     
 Abd=   148594.3    
 Catch=   5050.27760955591     
 Abd=   20407.38    
 Catch=   1269.15853660775     
 Abd=   9572136.    
 Catch=   196724.671723474     
 Abd=   1073114.    
 Catch=   20523.0328995493     
 Abd=  3.0623882E+07
 Catch=   341291.147253487     
 Abd=   5831040.    
 Catch=   17571.8636484544     
 Abd=   3993249.    
 Catch=   15624.6290835514     
 Abd=   1177589.    
 Catch=   249211.327174999     
 Abd=   1177589.    
 Catch=   249211.327174999     
 Abd=   43049.91    
 Catch=   5110.27090240350     
 Abd=  1.4921971E+07
 Catch=   47559.8063991384     
 Abd=   2357676.    
 Catch=   13364.6736726368     
 Abd=  3.2947446E+08
 Catch=   822990.545460139     
 Abd=  2.7773580E+07
 Catch=   113802.420508752     
 Abd=  3.3407968E+07
 Catch=   190949.976968891     
 Time step =         1904
 Abd=  2.7585524E+07
 Catch=   427928.207046031     
 Abd=   1298700.    
 Catch=   11896.0454475146     
 Abd=   912735.5    
 Catch=   31298.3612824032     
 Abd=   2949604.    
 Catch=   19431.4178474587     
 Abd=   404770.5    
 Catch=   7954.42542746859     
 Abd=   461.9899    
 Catch=   1.57838885110177     
 Abd=   178320.5    
 Catch=   513.577512343473     
 Abd=   579694.2    
 Catch=   32452.9019940907     
 Abd=   1003054.    
 Catch=   53487.1492133115     
 Abd=   451977.0    
 Catch=   2872.82284584541     
 Abd=   33214.58    
 Catch=   82.6360954787085     
 Abd=  1.7850508E+07
 Catch=   187439.298804243     
 Abd=   9043795.    
 Catch=   87722.1384905243     
 Abd=   1503151.    
 Catch=   34606.6442205036     
 Abd=   4528564.    
 Catch=   80940.5734961772     
 Abd=   1636534.    
 Catch=   19901.5502734309     
 Abd=  1.1783582E+08
 Catch=   2485285.48322515     
 Abd=  1.7493984E+07
 Catch=   110523.222790406     
 Abd=  2.1340408E+07
 Catch=   178135.956488617     
 Abd=   1772926.    
 Catch=   21370.2310264679     
 Abd=   3074974.    
 Catch=   13881.4927653848     
 Abd=   742637.9    
 Catch=   32610.1983461291     
 Abd=   784988.0    
 Catch=   42722.1145017529     
 Abd=   147754.1    
 Catch=   5213.08015756258     
 Abd=   21424.30    
 Catch=   937.500930040534     
 Abd=   9733001.    
 Catch=   196604.667458594     
 Abd=   1077329.    
 Catch=   20915.8845170703     
 Abd=  3.0360828E+07
 Catch=   342134.002564150     
 Abd=   5820492.    
 Catch=   17557.5548472298     
 Abd=   3991338.    
 Catch=   15553.4289002547     
 Abd=   1897102.    
 Catch=   176246.109902628     
 Abd=   1897102.    
 Catch=   176246.109902628     
 Abd=   38736.61    
 Catch=   6379.13614274436     
 Abd=  1.4894232E+07
 Catch=   47033.7512701200     
 Abd=   2293362.    
 Catch=   13483.8297699885     
 Abd=  3.2975344E+08
 Catch=   824727.463990091     
 Abd=  2.7493892E+07
 Catch=   113666.042540944     
 Abd=  3.3483824E+07
 Catch=   191144.036160157     
 Time step =         1905
 Abd=  2.8132912E+07
 Catch=   423816.812865654     
 Abd=   1297541.    
 Catch=   11919.0396182368     
 Abd=   915483.8    
 Catch=   31744.4674142446     
 Abd=   2946515.    
 Catch=   19712.6228600552     
 Abd=   373342.8    
 Catch=   8664.05946675210     
 Abd=   451.8123    
 Catch=   1.56399202170777     
 Abd=   177422.4    
 Catch=   512.860295494551     
 Abd=   565053.3    
 Catch=   33623.9066310943     
 Abd=   921935.7    
 Catch=   54152.7836862232     
 Abd=   447345.9    
 Catch=   2847.95052585894     
 Abd=   33108.08    
 Catch=   82.0631026625254     
 Abd=  1.7852030E+07
 Catch=   186498.008143173     
 Abd=   9151946.    
 Catch=   88608.9936458584     
 Abd=   1520112.    
 Catch=   34923.8486407473     
 Abd=   4452436.    
 Catch=   84151.3264728756     
 Abd=   1644929.    
 Catch=   20046.7918998579     
 Abd=  1.1740598E+08
 Catch=   2505543.29619575     
 Abd=  1.7205892E+07
 Catch=   110530.815302597     
 Abd=  2.1456742E+07
 Catch=   175674.066204359     
 Abd=   1765932.    
 Catch=   21490.2752892046     
 Abd=   3043419.    
 Catch=   14108.7747548870     
 Abd=   740432.7    
 Catch=   32826.7802216593     
 Abd=   795694.2    
 Catch=   45063.4995201730     
 Abd=   152581.2    
 Catch=   5094.91968114698     
 Abd=   15826.54    
 Catch=   942.342470292716     
 Abd=   9723956.    
 Catch=   196951.053254970     
 Abd=   1098164.    
 Catch=   22413.3072364898     
 Abd=  3.0441862E+07
 Catch=   343378.403681201     
 Abd=   5815858.    
 Catch=   17556.2434534441     
 Abd=   3972910.    
 Catch=   15592.8772752059     
 Abd=   1336603.    
 Catch=   168976.592002781     
 Abd=   1336603.    
 Catch=   168976.592002781     
 Abd=   48385.93    
 Catch=   6078.88492991848     
 Abd=  1.4727005E+07
 Catch=   47725.1795607602     
 Abd=   2314686.    
 Catch=   13586.9100023980     
 Abd=  3.3045622E+08
 Catch=   825968.546228918     
 Abd=  2.7465676E+07
 Catch=   113535.325510746     
 Abd=  3.3517548E+07
 Catch=   191187.082391212     
 Time step =         1906
 Abd=  2.7846220E+07
 Catch=   430793.988221867     
 Abd=   1300124.    
 Catch=   11886.8098647131     
 Abd=   928724.9    
 Catch=   30994.4017724869     
 Abd=   2990100.    
 Catch=   19699.8497254004     
 Abd=   407614.5    
 Catch=   8703.15841514721     
 Abd=   447.8093    
 Catch=   1.54468702121300     
 Abd=   177188.7    
 Catch=   511.448760891723     
 Abd=   585811.4    
 Catch=   32432.9115269029     
 Abd=   934214.6    
 Catch=   54720.2889230869     
 Abd=   443460.7    
 Catch=   2869.32640399049     
 Abd=   32879.98    
 Catch=   81.4146911516158     
 Abd=  1.7760490E+07
 Catch=   186159.169752233     
 Abd=   9244238.    
 Catch=   88975.5971723030     
 Abd=   1533973.    
 Catch=   34921.9093552371     
 Abd=   4633231.    
 Catch=   84045.6429410639     
 Abd=   1657003.    
 Catch=   19922.6322959401     
 Abd=  1.1838362E+08
 Catch=   2484083.85760485     
 Abd=  1.7212820E+07
 Catch=   110497.316893167     
 Abd=  2.1152040E+07
 Catch=   175964.504270966     
 Abd=   1776175.    
 Catch=   21453.9129266093     
 Abd=   3094860.    
 Catch=   14477.9285900814     
 Abd=   745456.5    
 Catch=   32175.1347509062     
 Abd=   839687.8    
 Catch=   41886.7005150255     
 Abd=   149013.0    
 Catch=   5059.05616520956     
 Abd=   15847.13    
 Catch=   994.584437825436     
 Abd=   9741412.    
 Catch=   199246.030877719     
 Abd=   1177780.    
 Catch=   21219.1809719638     
 Abd=  3.0552902E+07
 Catch=   342683.434824393     
 Abd=   5815499.    
 Catch=   17554.5114220833     
 Abd=   3983388.    
 Catch=   15590.5528734715     
 Abd=   1282455.    
 Catch=   165335.681984779     
 Abd=   1282455.    
 Catch=   165335.681984779     
 Abd=   46085.65    
 Catch=   6189.89937302940     
 Abd=  1.4951116E+07
 Catch=   47797.6531405413     
 Abd=   2332152.    
 Catch=   13327.9698551822     
 Abd=  3.3094918E+08
 Catch=   825192.151955839     
 Abd=  2.7433592E+07
 Catch=   113236.411053957     
 Abd=  3.3524256E+07
 Catch=   191438.485338972     
 Time step =         1907
 Abd=  2.8316468E+07
 Catch=   432898.556434380     
 Abd=   1296488.    
 Catch=   11812.4664981478     
 Abd=   906337.5    
 Catch=   31050.4165179251     
 Abd=   2987281.    
 Catch=   19336.5375863990     
 Abd=   408903.0    
 Catch=   8530.34739373257     
 Abd=   442.2427    
 Catch=   1.52061144973208     
 Abd=   176697.1    
 Catch=   508.137195373627     
 Abd=   564650.2    
 Catch=   32602.3418651711     
 Abd=   943941.7    
 Catch=   53404.8747079776     
 Abd=   446904.4    
 Catch=   2909.36415776194     
 Abd=   32616.13    
 Catch=   80.9704076173309     
 Abd=  1.7729180E+07
 Catch=   185189.504435472     
 Abd=   9281807.    
 Catch=   90039.3646794890     
 Abd=   1533720.    
 Catch=   35552.2838015565     
 Abd=   4624350.    
 Catch=   85354.3428887077     
 Abd=   1646305.    
 Catch=   19794.2081687326     
 Abd=  1.1733662E+08
 Catch=   2408744.25483001     
 Abd=  1.7207140E+07
 Catch=   111114.913073519     
 Abd=  2.1193250E+07
 Catch=   176092.272798269     
 Abd=   1772916.    
 Catch=   21159.9789175303     
 Abd=   3176144.    
 Catch=   14823.7748154668     
 Abd=   730428.9    
 Catch=   31506.4228402151     
 Abd=   779581.2    
 Catch=   43654.2867304073     
 Abd=   147998.7    
 Catch=   4906.96673927076     
 Abd=   16728.46    
 Catch=   651.276848802976     
 Abd=   9855974.    
 Catch=   199965.822867307     
 Abd=   1112823.    
 Catch=   21097.1239683535     
 Abd=  3.0487604E+07
 Catch=   341969.606264875     
 Abd=   5814944.    
 Catch=   17534.5008465777     
 Abd=   3982456.    
 Catch=   15604.6110275842     
 Abd=   1254765.    
 Catch=   219981.989412136     
 Abd=   1254765.    
 Catch=   219981.989412136     
 Abd=   46929.98    
 Catch=   5252.49185510434     
 Abd=  1.4969574E+07
 Catch=   47765.5134156400     
 Abd=   2287094.    
 Catch=   13327.4212797895     
 Abd=  3.3062198E+08
 Catch=   826267.368351907     
 Abd=  2.7360784E+07
 Catch=   112234.940654828     
 Abd=  3.3568936E+07
 Catch=   191791.876164672     
 Time step =         1908
 Abd=  2.8450574E+07
 Catch=   426837.927303556     
 Abd=   1288313.    
 Catch=   11819.9247855943     
 Abd=   908326.1    
 Catch=   32224.0189798102     
 Abd=   2931207.    
 Catch=   19524.4605509296     
 Abd=   400672.6    
 Catch=   5626.02017662994     
 Abd=   435.3399    
 Catch=   1.50545054385284     
 Abd=   175542.8    
 Catch=   504.436014736169     
 Abd=   567844.0    
 Catch=   32726.0198324590     
 Abd=   921015.6    
 Catch=   55067.1794313359     
 Abd=   453196.6    
 Catch=   2899.22932787061     
 Abd=   32440.86    
 Catch=   80.7984078001177     
 Abd=  1.7635346E+07
 Catch=   183230.912065255     
 Abd=   9394322.    
 Catch=   92174.5837088608     
 Abd=   1561979.    
 Catch=   36314.5031590076     
 Abd=   4697580.    
 Catch=   87934.6432821517     
 Abd=   1635740.    
 Catch=   19549.4637898218     
 Abd=  1.1374515E+08
 Catch=   2419122.58552124     
 Abd=  1.7305452E+07
 Catch=   106257.878467782     
 Abd=  2.1208344E+07
 Catch=   176758.469440699     
 Abd=   1748277.    
 Catch=   21229.3417885268     
 Abd=   3251838.    
 Catch=   15037.6572720802     
 Abd=   715308.9    
 Catch=   31633.0698015506     
 Abd=   813502.5    
 Catch=   45467.3781770509     
 Abd=   143496.8    
 Catch=   5126.79628136719     
 Abd=   11002.14    
 Catch=   719.896655276326     
 Abd=   9890124.    
 Catch=   194768.252272848     
 Abd=   1107248.    
 Catch=   20583.4707759982     
 Abd=  3.0424436E+07
 Catch=   344558.259790563     
 Abd=   5808145.    
 Catch=   17564.9320546328     
 Abd=   3986201.    
 Catch=   15648.8791799657     
 Abd=   1671193.    
 Catch=   166489.394795521     
 Abd=   1671193.    
 Catch=   166489.394795521     
 Abd=   39808.75    
 Catch=   6292.13851128957     
 Abd=  1.4959186E+07
 Catch=   47382.9737287920     
 Abd=   2287815.    
 Catch=   13435.0727957904     
 Abd=  3.3106746E+08
 Catch=   824715.641411495     
 Abd=  2.7115828E+07
 Catch=   111823.938217981     
 Abd=  3.3631296E+07
 Catch=   191613.465092955     
 Time step =         1909
 Abd=  2.8047098E+07
 Catch=   422509.708826867     
 Abd=   1289310.    
 Catch=   11928.5342331184     
 Abd=   943093.4    
 Catch=   32254.5409201187     
 Abd=   2961316.    
 Catch=   19781.1754600973     
 Abd=   263453.7    
 Catch=   6981.78274664306     
 Abd=   431.0326    
 Catch=   1.48655753371421     
 Abd=   174261.7    
 Catch=   505.783147804666     
 Abd=   570011.8    
 Catch=   33636.4010310683     
 Abd=   950203.0    
 Catch=   56031.3115582975     
 Abd=   451469.2    
 Catch=   2851.19043052314     
 Abd=   32374.43    
 Catch=   80.5541439019460     
 Abd=  1.7447298E+07
 Catch=   179928.344439269     
 Abd=   9618822.    
 Catch=   91435.4359537456     
 Abd=   1595398.    
 Catch=   36172.8517853478     
 Abd=   4840930.    
 Catch=   88775.3900594452     
 Abd=   1615367.    
 Catch=   19924.4931608318     
 Abd=  1.1429850E+08
 Catch=   2507154.19918012     
 Abd=  1.6535673E+07
 Catch=   108419.833162691     
 Abd=  2.1290060E+07
 Catch=   174938.599573147     
 Abd=   1754573.    
 Catch=   21654.4725336351     
 Abd=   3298245.    
 Catch=   15298.4737259335     
 Abd=   718415.9    
 Catch=   33145.3242838178     
 Abd=   847296.2    
 Catch=   43460.4651660576     
 Abd=   150076.8    
 Catch=   4986.22073002331     
 Abd=   12240.29    
 Catch=   1286.79161862663     
 Abd=   9629350.    
 Catch=   184875.261072475     
 Abd=   1080098.    
 Catch=   20771.9585148093     
 Abd=  3.0661566E+07
 Catch=   345506.811707609     
 Abd=   5818593.    
 Catch=   17575.4982697355     
 Abd=   3997707.    
 Catch=   15705.2794035255     
 Abd=   1263544.    
 Catch=   169614.658054380     
 Abd=   1263544.    
 Catch=   169614.658054380     
 Abd=   47724.21    
 Catch=   5138.30582619433     
 Abd=  1.4836942E+07
 Catch=   47463.4190233335     
 Abd=   2306123.    
 Catch=   13366.9174679416     
 Abd=  3.3043258E+08
 Catch=   827853.325052085     
 Abd=  2.7018814E+07
 Catch=   111299.008452607     
 Abd=  3.3598128E+07
 Catch=   190906.657289282     
 Time step =         1910
 Abd=  2.7759648E+07
 Catch=   417143.614591696     
 Abd=   1301337.    
 Catch=   11880.4720867161     
 Abd=   943534.8    
 Catch=   31328.3948587918     
 Abd=   3000333.    
 Catch=   19581.9375768488     
 Abd=   329462.2    
 Catch=   6826.90710143888     
 Abd=   425.6280    
 Catch=   1.45643187612490     
 Abd=   174758.2    
 Catch=   505.823320046792     
 Abd=   586027.8    
 Catch=   33122.0118511446     
 Abd=   966691.8    
 Catch=   56507.6016337383     
 Abd=   443880.2    
 Catch=   2841.46025741464     
 Abd=   32276.10    
 Catch=   80.1822439564191     
 Abd=  1.7130696E+07
 Catch=   177996.201089253     
 Abd=   9537070.    
 Catch=   91345.7452001129     
 Abd=   1588549.    
 Catch=   35896.0577615375     
 Abd=   4885511.    
 Catch=   84153.1030882398     
 Abd=   1647234.    
 Catch=   19696.7821799704     
 Abd=  1.1851659E+08
 Catch=   2462050.91027087     
 Abd=  1.6890940E+07
 Catch=   108123.602778352     
 Abd=  2.1065134E+07
 Catch=   174851.963189703     
 Abd=   1790192.    
 Catch=   21533.3744111192     
 Abd=   3355404.    
 Catch=   15323.3992973763     
 Abd=   753254.7    
 Catch=   32178.5628801030     
 Abd=   809445.9    
 Catch=   40460.8427040203     
 Abd=   145816.6    
 Catch=   4913.87793574358     
 Abd=   21894.45    
 Catch=   996.570591777363     
 Abd=   9135796.    
 Catch=   183236.642425910     
 Abd=   1090493.    
 Catch=   20211.9109189262     
 Abd=  3.0742212E+07
 Catch=   348030.415224257     
 Abd=   5821974.    
 Catch=   17572.4798549366     
 Abd=   4012206.    
 Catch=   15700.7847913789     
 Abd=   1287242.    
 Catch=   184605.582095649     
 Abd=   1287242.    
 Catch=   184605.582095649     
 Abd=   38943.05    
 Catch=   5300.65906024333     
 Abd=  1.4865337E+07
 Catch=   47669.6413227052     
 Abd=   2294115.    
 Catch=   13418.3061115383     
 Abd=  3.3172147E+08
 Catch=   828442.786953632     
 Abd=  2.6891860E+07
 Catch=   110771.863818364     
 Abd=  3.3472668E+07
 Catch=   191800.364215564     
 Time step =         1911
 Abd=  2.7404694E+07
 Catch=   409147.984948040     
 Abd=   1295774.    
 Catch=   11880.6788995508     
 Abd=   916083.5    
 Catch=   31837.9392471297     
 Abd=   2968830.    
 Catch=   19693.7989960237     
 Abd=   320729.5    
 Catch=   6019.72526061984     
 Abd=   416.9337    
 Catch=   1.45144882269037     
 Abd=   174758.9    
 Catch=   505.094215552645     
 Abd=   576827.1    
 Catch=   33791.9269013939     
 Abd=   974897.8    
 Catch=   54126.3158590481     
 Abd=   442502.3    
 Catch=   2851.19732898486     
 Abd=   32127.60    
 Catch=   80.1673255130924     
 Abd=  1.6948672E+07
 Catch=   180289.264484676     
 Abd=   9528304.    
 Catch=   91879.8958516306     
 Abd=   1576266.    
 Catch=   35861.7428168709     
 Abd=   4626522.    
 Catch=   88395.9726841344     
 Abd=   1627561.    
 Catch=   19936.7251733705     
 Abd=  1.1628394E+08
 Catch=   2464528.93785274     
 Abd=  1.6836848E+07
 Catch=   106711.477641922     
 Abd=  2.1058446E+07
 Catch=   175605.798396030     
 Abd=   1779396.    
 Catch=   21550.3091974057     
 Abd=   3360620.    
 Catch=   15743.1496311785     
 Abd=   730475.4    
 Catch=   32186.6523723140     
 Abd=   753277.0    
 Catch=   41324.9140243673     
 Abd=   143733.3    
 Catch=   5055.51673070348     
 Abd=   16749.13    
 Catch=   886.898268337326     
 Abd=   9060952.    
 Catch=   185089.427806008     
 Abd=   1060496.    
 Catch=   22275.5030187831     
 Abd=  3.0969008E+07
 Catch=   351390.425322530     
 Abd=   5820858.    
 Catch=   17594.8117178922     
 Abd=   4010779.    
 Catch=   15731.9269197351     
 Abd=   1401683.    
 Catch=   153956.176906024     
 Abd=   1401683.    
 Catch=   153956.176906024     
 Abd=   40188.54    
 Catch=   6732.74643197157     
 Abd=  1.4930354E+07
 Catch=   47826.0014351923     
 Abd=   2303378.    
 Catch=   13583.3736304729     
 Abd=  3.3193587E+08
 Catch=   826413.637985633     
 Abd=  2.6764398E+07
 Catch=   111337.296699230     
 Abd=  3.3634428E+07
 Catch=   191897.390920659     
 Time step =         1912
 Abd=  2.6880356E+07
 Catch=   408346.641270042     
 Abd=   1295909.    
 Catch=   11891.4666640484     
 Abd=   931605.9    
 Catch=   31620.2720464288     
 Abd=   2986726.    
 Catch=   19815.1261330166     
 Abd=   282449.1    
 Catch=   7050.47035094523     
 Abd=   415.6470    
 Catch=   1.44047764755705     
 Abd=   174506.5    
 Catch=   504.152830936954     
 Abd=   588845.6    
 Catch=   33047.0196770493     
 Abd=   933502.8    
 Catch=   54231.8290449375     
 Abd=   444090.0    
 Catch=   2891.39192772108     
 Abd=   32123.13    
 Catch=   79.9380259650422     
 Abd=  1.7174948E+07
 Catch=   181877.580523058     
 Abd=   9585029.    
 Catch=   91443.9021431368     
 Abd=   1574976.    
 Catch=   35417.2292559816     
 Abd=   4867874.    
 Catch=   88046.8436743352     
 Abd=   1647997.    
 Catch=   20161.9658128025     
 Abd=  1.1643878E+08
 Catch=   2447444.47832629     
 Abd=  1.6614170E+07
 Catch=   108206.112247660     
 Abd=  2.1151146E+07
 Catch=   176154.848812425     
 Abd=   1780998.    
 Catch=   21482.0780482734     
 Abd=   3453842.    
 Catch=   16107.6849999435     
 Abd=   730999.4    
 Catch=   31847.5167996174     
 Abd=   770292.0    
 Catch=   39858.1142828937     
 Abd=   147976.4    
 Catch=   5239.27436999740     
 Abd=   14931.69    
 Catch=   853.347376301540     
 Abd=   9155774.    
 Catch=   188552.738005512     
 Abd=   1171161.    
 Catch=   21103.4921428658     
 Abd=  3.1269684E+07
 Catch=   353339.874084222     
 Abd=   5828433.    
 Catch=   17635.6779501244     
 Abd=   4018886.    
 Catch=   15850.7667792314     
 Abd=   1168878.    
 Catch=   186395.017504984     
 Abd=   1168878.    
 Catch=   186395.017504984     
 Abd=   51074.69    
 Catch=   6409.64716913053     
 Abd=  1.4979086E+07
 Catch=   47844.4111140488     
 Abd=   2331745.    
 Catch=   13210.5078728609     
 Abd=  3.3110426E+08
 Catch=   828524.654972760     
 Abd=  2.6905952E+07
 Catch=   111688.552033466     
 Abd=  3.3648996E+07
 Catch=   191394.372815500     
 Time step =         1913
 Abd=  2.6833040E+07
 Catch=   402258.224283067     
 Abd=   1297097.    
 Catch=   11943.1708569094     
 Abd=   924801.4    
 Catch=   32590.2698196823     
 Abd=   3005149.    
 Catch=   19783.7604260926     
 Abd=   332316.4    
 Catch=   7669.74611436677     
 Abd=   412.4564    
 Catch=   1.43742544984215     
 Abd=   174178.1    
 Catch=   503.357054918496     
 Abd=   575344.4    
 Catch=   33973.2060620891     
 Abd=   935396.8    
 Catch=   56498.8524606871     
 Abd=   450391.9    
 Catch=   2900.78487613325     
 Abd=   32028.88    
 Catch=   78.7297465961157     
 Abd=  1.7324436E+07
 Catch=   180153.220693866     
 Abd=   9538534.    
 Catch=   92032.9182698382     
 Abd=   1555134.    
 Catch=   35312.3217820598     
 Abd=   4844225.    
 Catch=   89660.8490216971     
 Abd=   1666636.    
 Catch=   20193.5646625585     
 Abd=  1.1561138E+08
 Catch=   2498911.46607981     
 Abd=  1.6855250E+07
 Catch=   109326.393373647     
 Abd=  2.1216962E+07
 Catch=   171294.493299970     
 Abd=   1775208.    
 Catch=   21662.2226398551     
 Abd=   3533275.    
 Catch=   15894.5411388791     
 Abd=   723116.4    
 Catch=   33015.5650460142     
 Abd=   741915.2    
 Catch=   42029.6689364142     
 Abd=   153347.9    
 Catch=   5126.94703179670     
 Abd=   14324.57    
 Catch=   1071.45470484172     
 Abd=   9327734.    
 Catch=   187234.561783582     
 Abd=   1106746.    
 Catch=   21891.6866340336     
 Abd=  3.1440324E+07
 Catch=   352524.953700120     
 Abd=   5842116.    
 Catch=   17662.8281583229     
 Abd=   4049768.    
 Catch=   15872.4632469041     
 Abd=   1415471.    
 Catch=   175825.935280229     
 Abd=   1415471.    
 Catch=   175825.935280229     
 Abd=   48599.45    
 Catch=   6312.35546096344     
 Abd=  1.4983972E+07
 Catch=   47919.5443065229     
 Abd=   2266657.    
 Catch=   13391.4889202456     
 Abd=  3.3198221E+08
 Catch=   831109.072698483     
 Abd=  2.6989442E+07
 Catch=   111514.004352308     
 Abd=  3.3558824E+07
 Catch=   192046.069384916     
 Time step =         1914
 Abd=  2.6428414E+07
 Catch=   403557.658349897     
 Abd=   1302818.    
 Catch=   12006.8720692831     
 Abd=   953635.6    
 Catch=   32415.1145108511     
 Abd=   2999913.    
 Catch=   19791.3574390707     
 Abd=   360842.5    
 Catch=   8072.60026916819     
 Abd=   411.6460    
 Catch=   1.41685397765381     
 Abd=   173906.1    
 Catch=   503.681273883793     
 Abd=   591769.4    
 Catch=   35328.4529648325     
 Abd=   974864.2    
 Catch=   59954.6768203795     
 Abd=   451781.6    
 Catch=   2930.33226810785     
 Abd=   31540.44    
 Catch=   79.0707330329772     
 Abd=  1.7155036E+07
 Catch=   179288.172098817     
 Abd=   9600542.    
 Catch=   91214.3101793475     
 Abd=   1550755.    
 Catch=   34594.6753125383     
 Abd=   4935089.    
 Catch=   87723.4376343615     
 Abd=   1668958.    
 Catch=   20395.2120639856     
 Abd=  1.1809518E+08
 Catch=   2550813.38989759     
 Abd=  1.7028482E+07
 Catch=   109843.216908768     
 Abd=  2.0620168E+07
 Catch=   171901.938271104     
 Abd=   1790463.    
 Catch=   21844.7956942742     
 Abd=   3484369.    
 Catch=   16172.5168017837     
 Abd=   749975.4    
 Catch=   33531.3487338124     
 Abd=   783028.8    
 Catch=   42737.2401890116     
 Abd=   149960.7    
 Catch=   5152.87766641153     
 Abd=   18063.41    
 Catch=   1198.85040131763     
 Abd=   9259404.    
 Catch=   185796.472977049     
 Abd=   1149826.    
 Catch=   21682.5179865067     
 Abd=  3.1363128E+07
 Catch=   349007.453064733     
 Abd=   5851011.    
 Catch=   17630.2213460488     
 Abd=   4054724.    
 Catch=   16007.9702332477     
 Abd=   1334794.    
 Catch=   162282.649009849     
 Abd=   1334794.    
 Catch=   162282.649009849     
 Abd=   47855.29    
 Catch=   6065.66616451103     
 Abd=  1.5007876E+07
 Catch=   48010.1506785772     
 Abd=   2298981.    
 Catch=   13316.1219027613     
 Abd=  3.3301990E+08
 Catch=   832469.735574920     
 Abd=  2.6945338E+07
 Catch=   111577.609125953     
 Abd=  3.3676984E+07
 Catch=   193420.081441624     
 Time step =         1915
 Abd=  2.6523066E+07
 Catch=   411339.076441056     
 Abd=   1309788.    
 Catch=   11842.3877498184     
 Abd=   948105.8    
 Catch=   30548.8944847798     
 Abd=   3001167.    
 Catch=   19670.5998802762     
 Abd=   379599.3    
 Catch=   8519.76110856271     
 Abd=   405.6420    
 Catch=   1.39408323861737     
 Abd=   174022.1    
 Catch=   500.675644336322     
 Abd=   615487.4    
 Catch=   32264.4450452060     
 Abd=   1034842.    
 Catch=   51985.3551764833     
 Abd=   456453.9    
 Catch=   2963.14171347357     
 Abd=   31686.60    
 Catch=   78.7952405521950     
 Abd=  1.7074056E+07
 Catch=   181342.122629465     
 Abd=   9513370.    
 Catch=   91663.2544119360     
 Abd=   1518889.    
 Catch=   35021.7588701867     
 Abd=   4825193.    
 Catch=   82728.2889790285     
 Abd=   1685846.    
 Catch=   19946.7909099589     
 Abd=  1.2054839E+08
 Catch=   2415017.89524028     
 Abd=  1.7107056E+07
 Catch=   108577.298919186     
 Abd=  2.0705614E+07
 Catch=   174034.263705886     
 Abd=   1805579.    
 Catch=   21217.9564512271     
 Abd=   3547209.    
 Catch=   16350.6661563696     
 Abd=   761530.1    
 Catch=   31491.0521978324     
 Abd=   796136.1    
 Catch=   42430.8131347586     
 Abd=   150753.6    
 Catch=   5339.63948293173     
 Abd=   20172.38    
 Catch=   517.302373700219     
 Abd=   9187901.    
 Catch=   190453.059185861     
 Abd=   1137930.    
 Catch=   20896.8668858275     
 Abd=  3.1046366E+07
 Catch=   348701.581184753     
 Abd=   5839796.    
 Catch=   17616.6266518927     
 Abd=   4089941.    
 Catch=   15958.9791486291     
 Abd=   1231445.    
 Catch=   165598.129403928     
 Abd=   1231445.    
 Catch=   165598.129403928     
 Abd=   45985.18    
 Catch=   7099.34209347430     
 Abd=  1.5036310E+07
 Catch=   47532.6337117447     
 Abd=   2285421.    
 Catch=   13236.2666812085     
 Abd=  3.3355424E+08
 Catch=   833395.095481890     
 Abd=  2.6961468E+07
 Catch=   112102.055300335     
 Abd=  3.3920036E+07
 Catch=   193917.047863136     
 Time step =         1916
 Abd=  2.7039850E+07
 Catch=   415170.785978495     
 Abd=   1291402.    
 Catch=   11827.4870907008     
 Abd=   893023.4    
 Catch=   30959.8829619077     
 Abd=   2982512.    
 Catch=   19964.9782258799     
 Abd=   400614.4    
 Catch=   7732.49089096860     
 Abd=   399.1072    
 Catch=   1.39174311448539     
 Abd=   172962.2    
 Catch=   497.849514313082     
 Abd=   561523.6    
 Catch=   32274.0539176468     
 Abd=   895676.5    
 Catch=   52839.8243460362     
 Abd=   461592.2    
 Catch=   2975.18756003899     
 Abd=   31569.69    
 Catch=   77.5189079810905     
 Abd=  1.7274428E+07
 Catch=   182406.543941544     
 Abd=   9562286.    
 Catch=   92784.9012740161     
 Abd=   1538450.    
 Catch=   34965.7734169603     
 Abd=   4548208.    
 Catch=   89216.1317148162     
 Abd=   1648050.    
 Catch=   20384.1425627695     
 Abd=  1.1400768E+08
 Catch=   2407892.56139797     
 Abd=  1.6904792E+07
 Catch=   107616.052860690     
 Abd=  2.0965248E+07
 Catch=   172319.323640130     
 Abd=   1752609.    
 Catch=   21132.2636886304     
 Abd=   3585600.    
 Catch=   16506.8650605278     
 Abd=   714653.6    
 Catch=   31516.3963360015     
 Abd=   790354.4    
 Catch=   44219.5465278220     
 Abd=   156279.2    
 Catch=   5404.94031770490     
 Abd=   8707.115    
 Catch=   579.091699794260     
 Abd=   9423210.    
 Catch=   191163.565077946     
 Abd=   1096177.    
 Catch=   20197.6734697637     
 Abd=  3.1024670E+07
 Catch=   351409.181904245     
 Abd=   5835426.    
 Catch=   17620.3699079814     
 Abd=   4076497.    
 Catch=   15962.2460787624     
 Abd=   1256751.    
 Catch=   215330.641646628     
 Abd=   1256751.    
 Catch=   215330.641646628     
 Abd=   53846.60    
 Catch=   7471.95831031018     
 Abd=  1.4883730E+07
 Catch=   48152.3848963752     
 Abd=   2272236.    
 Catch=   13116.1067444901     
 Abd=  3.3392102E+08
 Catch=   832577.605173734     
 Abd=  2.7090464E+07
 Catch=   112937.463706142     
 Abd=  3.4004400E+07
 Catch=   193272.898702761     
 Time step =         1917
 Abd=  2.7288000E+07
 Catch=   427191.156675182     
 Abd=   1290082.    
 Catch=   11926.0332244973     
 Abd=   905938.2    
 Catch=   30955.4410483742     
 Abd=   3028378.    
 Catch=   20042.2264385868     
 Abd=   362790.3    
 Catch=   8557.59044263860     
 Abd=   398.5399    
 Catch=   1.38003971725876     
 Abd=   171990.5    
 Catch=   498.202702135084     
 Abd=   562219.8    
 Catch=   33948.6296711911     
 Abd=   911868.2    
 Catch=   54552.9342050034     
 Abd=   463367.4    
 Catch=   3004.93437434694     
 Abd=   31052.06    
 Catch=   77.1819115283363     
 Abd=  1.7374316E+07
 Catch=   182390.749147841     
 Abd=   9680724.    
 Catch=   92900.6586073652     
 Abd=   1535610.    
 Catch=   34423.3665908836     
 Abd=   4915750.    
 Catch=   88574.9152434242     
 Abd=   1685404.    
 Catch=   20654.5976142684     
 Abd=  1.1375680E+08
 Catch=   2464170.12061403     
 Abd=  1.6756094E+07
 Catch=   107310.268475526     
 Abd=  2.0750230E+07
 Catch=   174400.852575490     
 Abd=   1746333.    
 Catch=   21465.5951786417     
 Abd=   3619966.    
 Catch=   16736.9064682182     
 Abd=   715769.4    
 Catch=   32576.9514920101     
 Abd=   824313.5    
 Catch=   43953.6496445537     
 Abd=   158150.7    
 Catch=   5664.71579019895     
 Abd=   9813.221    
 Catch=   1025.58228364452     
 Abd=   9455378.    
 Catch=   189754.656913341     
 Abd=   1059858.    
 Catch=   19951.6104612584     
 Abd=  3.1270556E+07
 Catch=   351010.737954587     
 Abd=   5836792.    
 Catch=   17607.7865041089     
 Abd=   4077600.    
 Catch=   16021.8328058165     
 Abd=   1636726.    
 Catch=   166733.223231222     
 Abd=   1636726.    
 Catch=   166733.223231222     
 Abd=   56663.39    
 Catch=   6352.35676320152     
 Abd=  1.5084288E+07
 Catch=   48031.2991193335     
 Abd=   2250824.    
 Catch=   13292.1918867179     
 Abd=  3.3358643E+08
 Catch=   834052.850869250     
 Abd=  2.7293908E+07
 Catch=   113363.734752812     
 Abd=  3.3887960E+07
 Catch=   192799.509186265     
 Time step =         1918
 Abd=  2.8087444E+07
 Catch=   431852.113477708     
 Abd=   1301048.    
 Catch=   11944.4259985392     
 Abd=   905481.2    
 Catch=   31493.1022946098     
 Abd=   3039430.    
 Catch=   20232.0191559505     
 Abd=   402783.2    
 Catch=   8247.36967983746     
 Abd=   395.1555    
 Catch=   1.36809292737519     
 Abd=   172133.9    
 Catch=   497.631090101742     
 Abd=   591512.1    
 Catch=   32736.4051440437     
 Abd=   941203.4    
 Catch=   55749.9090936199     
 Abd=   468070.8    
 Catch=   2996.10280464084     
 Abd=   30926.90    
 Catch=   77.1153571297702     
 Abd=  1.7370770E+07
 Catch=   183726.974453211     
 Abd=   9690648.    
 Catch=   93070.5981354415     
 Abd=   1511523.    
 Catch=   33931.0565259608     
 Abd=   4872979.    
 Catch=   86129.5036607647     
 Abd=   1707434.    
 Catch=   20410.2498227503     
 Abd=  1.1645952E+08
 Catch=   2492275.12029928     
 Abd=  1.6710459E+07
 Catch=   108532.657788448     
 Abd=  2.1009536E+07
 Catch=   175242.626123600     
 Abd=   1774442.    
 Catch=   21457.6055990947     
 Abd=   3670874.    
 Catch=   16944.1103293654     
 Abd=   740067.2    
 Catch=   32545.1340923255     
 Abd=   818651.4    
 Catch=   40451.2670388778     
 Abd=   165808.4    
 Catch=   5744.96432660408     
 Abd=   17434.84    
 Catch=   1215.21162405656     
 Abd=   9383254.    
 Catch=   190673.080122545     
 Abd=   1047001.    
 Catch=   20163.1683148125     
 Abd=  3.1229350E+07
 Catch=   351211.062755043     
 Abd=   5832512.    
 Catch=   17609.7564326800     
 Abd=   4093110.    
 Catch=   16036.0559114093     
 Abd=   1264712.    
 Catch=   193311.501123490     
 Abd=   1264712.    
 Catch=   193311.501123490     
 Abd=   48152.97    
 Catch=   7056.88360182085     
 Abd=  1.5042158E+07
 Catch=   48137.4037661189     
 Abd=   2281969.    
 Catch=   13305.0653731665     
 Abd=  3.3419027E+08
 Catch=   835076.491283865     
 Abd=  2.7394688E+07
 Catch=   113801.707561859     
 Abd=  3.3804792E+07
 Catch=   193402.678409410     
 Time step =         1919
 Abd=  2.8383148E+07
 Catch=   438540.914824642     
 Abd=   1302877.    
 Catch=   12047.0344734216     
 Abd=   921481.1    
 Catch=   32645.9531677554     
 Abd=   3068522.    
 Catch=   20149.4366638190     
 Abd=   387234.8    
 Catch=   8758.91113842681     
 Abd=   391.7416    
 Catch=   1.34152964764790     
 Abd=   171928.2    
 Catch=   500.039179826206     
 Abd=   569995.8    
 Catch=   33931.8933731352     
 Abd=   961824.9    
 Catch=   59048.3933709748     
 Abd=   466567.0    
 Catch=   2930.44019346183     
 Abd=   30900.18    
 Catch=   76.7792385385379     
 Abd=  1.7500284E+07
 Catch=   184438.580049660     
 Abd=   9708880.    
 Catch=   93435.9443128284     
 Abd=   1489848.    
 Catch=   34073.2719309190     
 Abd=   4737122.    
 Catch=   86653.6746168465     
 Abd=   1686476.    
 Catch=   20490.0804506245     
 Abd=  1.1776515E+08
 Catch=   2570695.59194817     
 Abd=  1.6905124E+07
 Catch=   109186.699696275     
 Abd=  2.1107852E+07
 Catch=   173557.988276842     
 Abd=   1773319.    
 Catch=   21791.0123428958     
 Abd=   3716078.    
 Catch=   17359.5434224011     
 Abd=   739060.8    
 Catch=   34065.0816662485     
 Abd=   752957.5    
 Catch=   43594.8752862299     
 Abd=   168080.6    
 Catch=   5652.83714141769     
 Abd=   20471.45    
 Catch=   1251.04748872268     
 Abd=   9431445.    
 Catch=   189117.178584502     
 Abd=   1058650.    
 Catch=   22042.8326167493     
 Abd=  3.1248002E+07
 Catch=   350762.534496273     
 Abd=   5833256.    
 Catch=   17600.9407016825     
 Abd=   4096456.    
 Catch=   15968.4139980795     
 Abd=   1467331.    
 Catch=   173842.186244008     
 Abd=   1467331.    
 Catch=   173842.186244008     
 Abd=   53523.15    
 Catch=   7318.92229059751     
 Abd=  1.5076252E+07
 Catch=   48047.5177151310     
 Abd=   2283550.    
 Catch=   13461.4333029134     
 Abd=  3.3459667E+08
 Catch=   834947.611366031     
 Abd=  2.7500466E+07
 Catch=   114555.124528640     
 Abd=  3.3914464E+07
 Catch=   194257.503439547     
 Time step =         1920
 Abd=  2.8826574E+07
 Catch=   444830.014006165     
 Abd=   1314249.    
 Catch=   11956.6173708301     
 Abd=   955431.6    
 Catch=   31630.7353362870     
 Abd=   3055438.    
 Catch=   19871.5670224770     
 Abd=   411876.5    
 Catch=   8654.62016886003     
 Abd=   384.0302    
 Catch=   1.33458175548262     
 Abd=   172779.2    
 Catch=   498.587029347212     
 Abd=   591342.1    
 Catch=   33595.8404827176     
 Abd=   1019175.    
 Catch=   54307.0650869739     
 Abd=   456141.7    
 Catch=   2913.30962654188     
 Abd=   30761.86    
 Catch=   76.4277994827924     
 Abd=  1.7566962E+07
 Catch=   185656.356810350     
 Abd=   9747614.    
 Catch=   94266.2782304346     
 Abd=   1496518.    
 Catch=   34350.7692410596     
 Abd=   4768432.    
 Catch=   87131.8030213675     
 Abd=   1693579.    
 Catch=   20381.0936960494     
 Abd=  1.2151239E+08
 Catch=   2496211.41596485     
 Abd=  1.7005082E+07
 Catch=   109244.141652958     
 Abd=  2.0899032E+07
 Catch=   172741.884618420     
 Abd=   1801356.    
 Catch=   21497.6776471877     
 Abd=   3808318.    
 Catch=   17788.0429086198     
 Abd=   774013.8    
 Catch=   32543.0068737367     
 Abd=   812787.8    
 Catch=   43627.0357065390     
 Abd=   165340.0    
 Catch=   5513.73417078441     
 Abd=   21010.65    
 Catch=   625.565180387951     
 Abd=   9351482.    
 Catch=   184686.109913182     
 Abd=   1158905.    
 Catch=   21489.0955218482     
 Abd=  3.1207260E+07
 Catch=   347410.808775962     
 Abd=   5830252.    
 Catch=   17566.2628545643     
 Abd=   4078837.    
 Catch=   15985.3969326329     
 Abd=   1318428.    
 Catch=   180595.949295408     
 Abd=   1318428.    
 Catch=   180595.949295408     
 Abd=   55496.68    
 Catch=   6272.47136641100     
 Abd=  1.5047256E+07
 Catch=   47736.2987736177     
 Abd=   2311006.    
 Catch=   13517.5679780144     
 Abd=  3.3453683E+08
 Catch=   835097.385059879     
 Abd=  2.7684376E+07
 Catch=   114830.800327144     
 Abd=  3.4065336E+07
 Catch=   195424.956963924     
 Time step =         1921
 Abd=  2.9239040E+07
 Catch=   455577.978046588     
 Abd=   1303993.    
 Catch=   11911.5525678991     
 Abd=   924819.6    
 Catch=   31097.6316770575     
 Abd=   3012639.    
 Catch=   19956.2466497414     
 Abd=   406585.3    
 Catch=   7486.08892231980     
 Abd=   382.1537    
 Catch=   1.31991714068104     
 Abd=   172250.7    
 Catch=   495.688319971050     
 Abd=   585054.9    
 Catch=   31698.8274616046     
 Abd=   936037.4    
 Catch=   52523.1382768112     
 Abd=   453650.8    
 Catch=   2952.38400368427     
 Abd=   30622.03    
 Catch=   76.4648739792850     
 Abd=  1.7683748E+07
 Catch=   188462.578875266     
 Abd=   9834372.    
 Catch=   94317.0872042854     
 Abd=   1508855.    
 Catch=   34319.8691851396     
 Abd=   4794734.    
 Catch=   88080.9809990905     
 Abd=   1684353.    
 Catch=   20569.6598905059     
 Abd=  1.1787447E+08
 Catch=   2440688.92980361     
 Abd=  1.7012390E+07
 Catch=   108112.925767127     
 Abd=  2.0802892E+07
 Catch=   175066.604473605     
 Abd=   1776168.    
 Catch=   21311.7474710688     
 Abd=   3902186.    
 Catch=   18154.8552759211     
 Abd=   738548.4    
 Catch=   31800.8775134045     
 Abd=   812549.1    
 Catch=   44208.1790310964     
 Abd=   161264.2    
 Catch=   5705.24613465859     
 Abd=   10484.50    
 Catch=   634.719508291233     
 Abd=   9130608.    
 Catch=   189609.809645038     
 Abd=   1127443.    
 Catch=   20958.9766597221     
 Abd=  3.0904288E+07
 Catch=   348220.005485950     
 Abd=   5818604.    
 Catch=   17570.3746475092     
 Abd=   4083563.    
 Catch=   16046.2955307235     
 Abd=   1370405.    
 Catch=   210212.941567130     
 Abd=   1370405.    
 Catch=   210212.941567130     
 Abd=   47543.95    
 Catch=   6895.58982720222     
 Abd=  1.4948148E+07
 Catch=   47571.8113960358     
 Abd=   2320710.    
 Catch=   13623.2941870721     
 Abd=  3.3459827E+08
 Catch=   834162.533998613     
 Abd=  2.7748984E+07
 Catch=   115729.568687839     
 Abd=  3.4270996E+07
 Catch=   194227.019772810     
 Time step =         1922
 Abd=  2.9948936E+07
 Catch=   430954.400799110     
 Abd=   1299180.    
 Catch=   11879.6258977912     
 Abd=   909461.2    
 Catch=   30475.3371957828     
 Abd=   3026412.    
 Catch=   20129.9094834884     
 Abd=   351129.8    
 Catch=   7888.93138507957     
 Abd=   377.9043    
 Catch=   1.29995345789420     
 Abd=   171241.3    
 Catch=   493.316138446333     
 Abd=   551775.1    
 Catch=   31602.4000749973     
 Abd=   905760.2    
 Catch=   53492.3240526080     
 Abd=   459891.4    
 Catch=   2964.51922083294     
 Abd=   30640.37    
 Catch=   76.5732482564956     
 Abd=  1.7953924E+07
 Catch=   189751.022856821     
 Abd=   9838150.    
 Catch=   94260.4784263743     
 Abd=   1507245.    
 Catch=   34386.7882914178     
 Abd=   4847383.    
 Catch=   87892.9297814627     
 Abd=   1700278.    
 Catch=   20800.7818697595     
 Abd=  1.1527294E+08
 Catch=   2414035.20859241     
 Abd=  1.6832844E+07
 Catch=   107806.270690506     
 Abd=  2.1089836E+07
 Catch=   176802.880013684     
 Abd=   1760992.    
 Catch=   21218.4392473889     
 Abd=   3982134.    
 Catch=   17156.1071384522     
 Abd=   721973.3    
 Catch=   31139.5368756339     
 Abd=   823359.4    
 Catch=   43180.1381077737     
 Abd=   166997.1    
 Catch=   5469.96616053584     
 Abd=   10708.63    
 Catch=   818.219791204225     
 Abd=   9381177.    
 Catch=   191374.332503762     
 Abd=   1099729.    
 Catch=   19300.9107870261     
 Abd=  3.0983592E+07
 Catch=   349018.673998391     
 Abd=   5820218.    
 Catch=   17584.0597139487     
 Abd=   4099356.    
 Catch=   16153.7034222088     
 Abd=   1596108.    
 Catch=   203017.927243842     
 Abd=   1596108.    
 Catch=   203017.927243842     
 Abd=   52298.68    
 Catch=   6162.25139050755     
 Abd=  1.4897864E+07
 Catch=   48188.3805561748     
 Abd=   2338854.    
 Catch=   13805.5072013022     
 Abd=  3.3421619E+08
 Catch=   834756.145300334     
 Abd=  2.7969148E+07
 Catch=   115565.866252840     
 Abd=  3.4053396E+07
 Catch=   193112.474984228     
 Time step =         1923
 Abd=  2.8311344E+07
 Catch=   431140.165178922     
 Abd=   1295719.    
 Catch=   11972.6760803368     
 Abd=   891174.8    
 Catch=   31673.6397736095     
 Abd=   3053016.    
 Catch=   20204.9613222426     
 Abd=   370980.6    
 Catch=   8580.94785408250     
 Abd=   372.1688    
 Catch=   1.27920965898587     
 Abd=   170426.4    
 Catch=   494.248759502838     
 Abd=   550346.1    
 Catch=   32408.6592274587     
 Abd=   922826.4    
 Catch=   55907.3475806091     
 Abd=   461740.2    
 Catch=   2938.33258066857     
 Abd=   30685.23    
 Catch=   76.4336105509428     
 Abd=  1.8074048E+07
 Catch=   187845.648174275     
 Abd=   9832338.    
 Catch=   94602.3741472194     
 Abd=   1510271.    
 Catch=   35092.1554852066     
 Abd=   4835964.    
 Catch=   87543.9696475999     
 Abd=   1719450.    
 Catch=   20417.9382740446     
 Abd=  1.1402397E+08
 Catch=   2502204.38420502     
 Abd=  1.6787602E+07
 Catch=   109534.294870245     
 Abd=  2.1297504E+07
 Catch=   176798.905185532     
 Abd=   1753382.    
 Catch=   21493.9022897173     
 Abd=   3759792.    
 Catch=   17349.7114803962     
 Abd=   706884.7    
 Catch=   32696.2288594335     
 Abd=   803777.6    
 Catch=   41683.3071820919     
 Abd=   159951.8    
 Catch=   5375.86004856980     
 Abd=   13781.04    
 Catch=   1414.05609208419     
 Abd=   9466237.    
 Catch=   186190.413255857     
 Abd=   1011867.    
 Catch=   20025.6908659082     
 Abd=  3.1053928E+07
 Catch=   349669.289889373     
 Abd=   5824827.    
 Catch=   17597.5077669731     
 Abd=   4127078.    
 Catch=   16164.9320436877     
 Abd=   1540285.    
 Catch=   174503.377138996     
 Abd=   1540285.    
 Catch=   174503.377138996     
 Abd=   46713.45    
 Catch=   6940.21498299405     
 Abd=  1.5095674E+07
 Catch=   48305.1978654212     
 Abd=   2370110.    
 Catch=   14006.7483807079     
 Abd=  3.3446656E+08
 Catch=   836472.223788551     
 Abd=  2.7924658E+07
 Catch=   115442.253605985     
 Abd=  3.3858136E+07
 Catch=   193261.852243946     
 Time step =         1924
 Abd=  2.8331580E+07
 Catch=   421184.045491904     
 Abd=   1306105.    
 Catch=   11901.7651347474     
 Abd=   926982.8    
 Catch=   30320.3276837908     
 Abd=   3064108.    
 Catch=   20127.5582868575     
 Abd=   403715.4    
 Catch=   8818.19022346379     
 Abd=   366.2286    
 Catch=   1.24865852869810     
 Abd=   170768.3    
 Catch=   493.305784390344     
 Abd=   564557.4    
 Catch=   33218.7313090643     
 Abd=   964696.8    
 Catch=   55590.2782773855     
 Abd=   457524.2    
 Catch=   2954.90543596433     
 Abd=   30627.29    
 Catch=   75.8333107399045     
 Abd=  1.7886676E+07
 Catch=   190843.257414834     
 Abd=   9868238.    
 Catch=   94133.9002770474     
 Abd=   1541622.    
 Catch=   34792.3916662815     
 Abd=   4816736.    
 Catch=   86580.6488293989     
 Abd=   1686963.    
 Catch=   20332.8013746408     
 Abd=  1.1827437E+08
 Catch=   2467214.03627659     
 Abd=  1.7062592E+07
 Catch=   109032.728443412     
 Abd=  2.1293228E+07
 Catch=   176562.496429719     
 Abd=   1776688.    
 Catch=   21314.6752368287     
 Abd=   3804773.    
 Catch=   17112.5369880186     
 Abd=   742861.4    
 Catch=   32221.5212551109     
 Abd=   776202.5    
 Catch=   42487.7998154775     
 Abd=   157250.0    
 Catch=   5476.78896431506     
 Abd=   23907.44    
 Catch=   788.920524262739     
 Abd=   9204168.    
 Catch=   190074.077342888     
 Abd=   1051784.    
 Catch=   19466.4701286913     
 Abd=  3.1111588E+07
 Catch=   348023.485420420     
 Abd=   5829254.    
 Catch=   17588.5862371155     
 Abd=   4129398.    
 Catch=   16080.8039966276     
 Abd=   1323304.    
 Catch=   177859.177305799     
 Abd=   1323304.    
 Catch=   177859.177305799     
 Abd=   52631.36    
 Catch=   6415.15922532280     
 Abd=  1.5128932E+07
 Catch=   47737.0697226439     
 Abd=   2404642.    
 Catch=   13902.3463103803     
 Abd=  3.3516147E+08
 Catch=   837182.895213593     
 Abd=  2.7894544E+07
 Catch=   115736.549922653     
 Abd=  3.3887868E+07
 Catch=   194397.676152218     
 Time step =         1925
 Abd=  2.7666084E+07
 Catch=   420402.042881788     
 Abd=   1298055.    
 Catch=   11792.7710739678     
 Abd=   886420.5    
 Catch=   30939.8590154175     
 Abd=   3051924.    
 Catch=   20165.2925683231     
 Abd=   414497.7    
 Catch=   5676.89600336555     
 Abd=   357.4345    
 Catch=   1.22849449787189     
 Abd=   170428.1    
 Catch=   490.398460947568     
 Abd=   578709.2    
 Catch=   32456.7974122634     
 Abd=   958875.8    
 Catch=   52770.8097379012     
 Abd=   460229.7    
 Catch=   2966.65999714108     
 Abd=   30382.38    
 Catch=   75.5358297660283     
 Abd=  1.8180812E+07
 Catch=   189715.995691425     
 Abd=   9817999.    
 Catch=   95499.0656704046     
 Abd=   1527790.    
 Catch=   35132.4137919129     
 Abd=   4763130.    
 Catch=   86532.1919041375     
 Abd=   1680332.    
 Catch=   20524.4505645102     
 Abd=  1.1653766E+08
 Catch=   2392395.62255209     
 Abd=  1.6977844E+07
 Catch=   104227.574529221     
 Abd=  2.1264010E+07
 Catch=   175414.079626033     
 Abd=   1761232.    
 Catch=   21089.3104139492     
 Abd=   3751176.    
 Catch=   16908.3594492606     
 Abd=   731552.4    
 Catch=   31066.8968434016     
 Abd=   791592.3    
 Catch=   44708.0236108013     
 Abd=   160255.5    
 Catch=   5673.87317678230     
 Abd=   13242.37    
 Catch=   536.652491945384     
 Abd=   9403432.    
 Catch=   190829.057780591     
 Abd=   1021404.    
 Catch=   21246.3952882248     
 Abd=  3.0961480E+07
 Catch=   349386.654661466     
 Abd=   5826179.    
 Catch=   17602.2813491774     
 Abd=   4107534.    
 Catch=   15960.4407850013     
 Abd=   1349539.    
 Catch=   144724.901895613     
 Abd=   1349539.    
 Catch=   144724.901895613     
 Abd=   48635.22    
 Catch=   7052.10272234831     
 Abd=  1.4946972E+07
 Catch=   48488.8684468735     
 Abd=   2386238.    
 Catch=   13787.0595591762     
 Abd=  3.3544083E+08
 Catch=   834546.829261677     
 Abd=  2.7967718E+07
 Catch=   116448.072330106     
 Abd=  3.4090740E+07
 Catch=   194250.729623715     
 Time step =         1926
 Abd=  2.7624992E+07
 Catch=   419864.211299347     
 Abd=   1286119.    
 Catch=   11917.6074767563     
 Abd=   905420.8    
 Catch=   31667.0338259736     
 Abd=   3058011.    
 Catch=   20212.2973873293     
 Abd=   265634.8    
 Catch=   7279.86505944075     
 Abd=   351.7180    
 Catch=   1.21683409349190     
 Abd=   169416.6    
 Catch=   492.022034912837     
 Abd=   565538.5    
 Catch=   33471.9592271730     
 Abd=   910256.5    
 Catch=   55399.3080109469     
 Abd=   462043.9    
 Catch=   2992.87275710582     
 Abd=   30266.30    
 Catch=   75.5657726330938     
 Abd=  1.8066896E+07
 Catch=   188348.514504342     
 Abd=   9963723.    
 Catch=   95707.4833567875     
 Abd=   1543182.    
 Catch=   35585.6032610619     
 Abd=   4761042.    
 Catch=   87589.4980364439     
 Abd=   1696536.    
 Catch=   20604.0407444596     
 Abd=  1.1297987E+08
 Catch=   2479533.89383928     
 Abd=  1.6218856E+07
 Catch=   106004.074966781     
 Abd=  2.1124060E+07
 Catch=   174604.002054706     
 Abd=   1742594.    
 Catch=   21458.8248028535     
 Abd=   3706615.    
 Catch=   16946.5730153451     
 Abd=   705365.0    
 Catch=   32838.6339186056     
 Abd=   833671.3    
 Catch=   44498.7187282238     
 Abd=   166068.4    
 Catch=   5624.33162255606     
 Abd=   9033.537    
 Catch=   1018.53801312929     
 Abd=   9438444.    
 Catch=   188563.629969939     
 Abd=   1116904.    
 Catch=   19891.7862767960     
 Abd=  3.1089410E+07
 Catch=   351297.468159936     
 Abd=   5830843.    
 Catch=   17601.1402274737     
 Abd=   4076525.    
 Catch=   15931.4413963710     
 Abd=   1097650.    
 Catch=   165676.840341076     
 Abd=   1097650.    
 Catch=   165676.840341076     
 Abd=   53484.86    
 Catch=   6010.65750159204     
 Abd=  1.5190561E+07
 Catch=   48592.4132543959     
 Abd=   2366360.    
 Catch=   14074.7673043517     
 Abd=  3.3436208E+08
 Catch=   836067.508286203     
 Abd=  2.8141796E+07
 Catch=   116315.189368930     
 Abd=  3.4060772E+07
 Catch=   193536.767446354     
 Time step =         1927
 Abd=  2.7590324E+07
 Catch=   421943.778522994     
 Abd=   1300185.    
 Catch=   11899.1005071894     
 Abd=   926583.5    
 Catch=   31789.8962358407     
 Abd=   3065141.    
 Catch=   19980.3413988046     
 Abd=   343755.9    
 Catch=   7867.34060678131     
 Abd=   348.3986    
 Catch=   1.20407439361352     
 Abd=   170004.8    
 Catch=   491.188513145822     
 Abd=   583171.2    
 Catch=   33569.1499509552     
 Abd=   956056.0    
 Catch=   56795.1897224622     
 Abd=   466162.2    
 Catch=   3041.87662729351     
 Abd=   30279.67    
 Catch=   75.6628319981908     
 Abd=  1.7935916E+07
 Catch=   189304.363217437     
 Abd=   9984218.    
 Catch=   96382.5745333529     
 Abd=   1563142.    
 Catch=   35447.0048082513     
 Abd=   4820821.    
 Catch=   88019.6769090810     
 Abd=   1702977.    
 Catch=   20961.5624821730     
 Abd=  1.1721095E+08
 Catch=   2461361.70127404     
 Abd=  1.6513911E+07
 Catch=   108027.399885689     
 Abd=  2.1027202E+07
 Catch=   175398.887026779     
 Abd=   1773949.    
 Catch=   21385.4413513558     
 Abd=   3715814.    
 Catch=   16241.8682859211     
 Abd=   746288.4    
 Catch=   32608.9504013939     
 Abd=   829042.2    
 Catch=   43195.8299628998     
 Abd=   164511.7    
 Catch=   5742.34684984147     
 Abd=   17337.18    
 Catch=   850.026924573750     
 Abd=   9324168.    
 Catch=   189198.634808560     
 Abd=   1043095.    
 Catch=   19467.5274755333     
 Abd=  3.1259156E+07
 Catch=   345262.966377910     
 Abd=   5830382.    
 Catch=   17582.9303695602     
 Abd=   4069691.    
 Catch=   16011.8391027953     
 Abd=   1257333.    
 Catch=   210137.927009195     
 Abd=   1257333.    
 Catch=   210137.927009195     
 Abd=   45561.20    
 Catch=   6341.96996368767     
 Abd=  1.5218898E+07
 Catch=   48684.1494783815     
 Abd=   2416516.    
 Catch=   13760.3126032790     
 Abd=  3.3500019E+08
 Catch=   837643.802433058     
 Abd=  2.8105648E+07
 Catch=   116606.938528076     
 Abd=  3.3933736E+07
 Catch=   194800.460540484     
 Time step =         1928
 Abd=  2.7730358E+07
 Catch=   424993.289217333     
 Abd=   1297884.    
 Catch=   11907.1999858803     
 Abd=   930013.5    
 Catch=   31739.4746940181     
 Abd=   3029140.    
 Catch=   19870.6791173471     
 Abd=   370170.0    
 Catch=   7882.41443578604     
 Abd=   344.7485    
 Catch=   1.18607708083848     
 Abd=   169698.0    
 Catch=   490.489315427285     
 Abd=   584781.1    
 Catch=   33487.4105542679     
 Abd=   980117.6    
 Catch=   54800.6461304676     
 Abd=   473865.7    
 Catch=   3013.76939831396     
 Abd=   30319.46    
 Catch=   75.6370330123086     
 Abd=  1.8030648E+07
 Catch=   189517.467914897     
 Abd=  1.0054643E+07
 Catch=   97958.4056432061     
 Abd=   1556684.    
 Catch=   35624.9008199040     
 Abd=   4843420.    
 Catch=   85347.9960576453     
 Abd=   1732926.    
 Catch=   20936.8943061100     
 Abd=  1.1628253E+08
 Catch=   2452907.64571766     
 Abd=  1.6828952E+07
 Catch=   109242.947640946     
 Abd=  2.1126340E+07
 Catch=   175692.121431755     
 Abd=   1767257.    
 Catch=   21309.5303663101     
 Abd=   3559363.    
 Catch=   16513.1018337768     
 Abd=   740490.2    
 Catch=   32467.5829182583     
 Abd=   804423.6    
 Catch=   44040.0260056429     
 Abd=   168039.2    
 Catch=   5657.06672599542     
 Abd=   14348.32    
 Catch=   509.031180177365     
 Abd=   9357864.    
 Catch=   186541.993984827     
 Abd=   1021586.    
 Catch=   20785.2803281868     
 Abd=  3.0710668E+07
 Catch=   345980.347910132     
 Abd=   5824261.    
 Catch=   17599.2609465373     
 Abd=   4090574.    
 Catch=   16130.1904084544     
 Abd=   1595422.    
 Catch=   247676.719157232     
 Abd=   1595422.    
 Catch=   247676.719157232     
 Abd=   48088.62    
 Catch=   6496.56298819166     
 Abd=  1.5247630E+07
 Catch=   48722.4170244896     
 Abd=   2361394.    
 Catch=   13662.2293172175     
 Abd=  3.3563075E+08
 Catch=   838883.792919916     
 Abd=  2.8178262E+07
 Catch=   116367.384378641     
 Abd=  3.4161732E+07
 Catch=   195788.728633222     
 Time step =         1929
 Abd=  2.7932750E+07
 Catch=   424204.064597403     
 Abd=   1298810.    
 Catch=   12023.2659378578     
 Abd=   928446.6    
 Catch=   32259.6229883175     
 Abd=   3012908.    
 Catch=   19952.7213065971     
 Abd=   370376.7    
 Catch=   8618.57438702826     
 Abd=   339.5699    
 Catch=   1.17862014191728     
 Abd=   169459.0    
 Catch=   491.693830936235     
 Abd=   583452.9    
 Catch=   35441.8661072945     
 Abd=   945080.6    
 Catch=   57156.9122501216     
 Abd=   469289.6    
 Catch=   3033.59578734021     
 Abd=   30308.01    
 Catch=   75.0492234583508     
 Abd=  1.8049710E+07
 Catch=   192691.781989115     
 Abd=  1.0220441E+07
 Catch=   97072.6758859926     
 Abd=   1564715.    
 Catch=   34190.0977745308     
 Abd=   4693576.    
 Catch=   87956.7705795890     
 Abd=   1730256.    
 Catch=   21272.9341532274     
 Abd=  1.1588288E+08
 Catch=   2559925.29124822     
 Abd=  1.7015664E+07
 Catch=   109335.831918621     
 Abd=  2.1160628E+07
 Catch=   173912.228488693     
 Abd=   1760966.    
 Catch=   21833.4400960586     
 Abd=   3622045.    
 Catch=   16624.0113202743     
 Abd=   737293.4    
 Catch=   33881.6075851943     
 Abd=   820683.5    
 Catch=   46221.3099885211     
 Abd=   165469.7    
 Catch=   5804.92282236744     
 Abd=   8538.032    
 Catch=   1011.70102818949     
 Abd=   9224076.    
 Catch=   194145.113159437     
 Abd=   1092237.    
 Catch=   20451.4606759222     
 Abd=  3.0784524E+07
 Catch=   348538.460061182     
 Abd=   5829873.    
 Catch=   17630.7775118977     
 Abd=   4121010.    
 Catch=   16205.4544680306     
 Abd=   1879854.    
 Catch=   164846.563309117     
 Abd=   1879854.    
 Catch=   164846.563309117     
 Abd=   49260.80    
 Catch=   8289.53420146543     
 Abd=  1.5259018E+07
 Catch=   48728.5486193567     
 Abd=   2344530.    
 Catch=   13340.2227233429     
 Abd=  3.3612544E+08
 Catch=   842000.358730493     
 Abd=  2.8117838E+07
 Catch=   117125.647986843     
 Abd=  3.4334068E+07
 Catch=   196064.899544374     
 Time step =         1930
 Abd=  2.7877396E+07
 Catch=   432280.486574186     
 Abd=   1311690.    
 Catch=   12019.2876594441     
 Abd=   943897.2    
 Catch=   31819.8801510540     
 Abd=   3025891.    
 Catch=   19976.2149707225     
 Abd=   405553.8    
 Catch=   8761.11850338285     
 Abd=   337.4773    
 Catch=   1.17112572952899     
 Abd=   169889.8    
 Catch=   492.324149921856     
 Abd=   617611.5    
 Catch=   33413.7123635130     
 Abd=   986334.6    
 Catch=   57032.6697724246     
 Abd=   472498.4    
 Catch=   3069.44911953288     
 Abd=   30068.10    
 Catch=   75.1103653132416     
 Abd=  1.8357864E+07
 Catch=   191076.819618130     
 Abd=  1.0124426E+07
 Catch=   98426.0858089538     
 Abd=   1500630.    
 Catch=   34822.0420293000     
 Abd=   4842260.    
 Catch=   85735.1745621277     
 Abd=   1758753.    
 Catch=   21079.3373751176     
 Abd=  1.2102302E+08
 Catch=   2536124.92571754     
 Abd=  1.7026764E+07
 Catch=   109414.309851883     
 Abd=  2.0941998E+07
 Catch=   173723.620956506     
 Abd=   1805156.    
 Catch=   21774.2702813868     
 Abd=   3645920.    
 Catch=   17167.5539519141     
 Abd=   769766.7    
 Catch=   33247.6791369845     
 Abd=   861332.4    
 Catch=   42893.4704199240     
 Abd=   169903.7    
 Catch=   5645.33506481838     
 Abd=   17221.71    
 Catch=   900.555349513090     
 Abd=   9608739.    
 Catch=   194949.893925244     
 Abd=   1073230.    
 Catch=   19670.9011313657     
 Abd=  3.1014444E+07
 Catch=   346646.091177809     
 Abd=   5840418.    
 Catch=   17608.9584537298     
 Abd=   4140043.    
 Catch=   16366.1353944385     
 Abd=   1250665.    
 Catch=   189758.889343985     
 Abd=   1250665.    
 Catch=   189758.889343985     
 Abd=   62894.59    
 Catch=   6164.08408380534     
 Abd=  1.5261054E+07
 Catch=   48860.8942501504     
 Abd=   2289074.    
 Catch=   13370.9027562087     
 Abd=  3.3738867E+08
 Catch=   842235.515323463     
 Abd=  2.8305774E+07
 Catch=   116703.965492035     
 Abd=  3.4380404E+07
 Catch=   197395.645907032     
 Time step =         1931
 Abd=  2.8420060E+07
 Catch=   442864.009445736     
 Abd=   1310998.    
 Catch=   11981.6870136396     
 Abd=   930598.4    
 Catch=   31389.9266558768     
 Abd=   3029222.    
 Catch=   19994.9020603245     
 Abd=   411708.2    
 Catch=   8613.49915873874     
 Abd=   335.3364    
 Catch=   1.16148495743377     
 Abd=   170099.8    
 Catch=   491.500895511452     
 Abd=   581631.0    
 Catch=   33400.1031285803     
 Abd=   983850.2    
 Catch=   53959.0678456292     
 Abd=   478111.3    
 Catch=   3112.55128705657     
 Abd=   30097.71    
 Catch=   75.1552602520323     
 Abd=  1.8195258E+07
 Catch=   191688.150217622     
 Abd=  1.0268904E+07
 Catch=   98665.9894201349     
 Abd=   1529753.    
 Catch=   34926.4507970528     
 Abd=   4715354.    
 Catch=   84989.7196416280     
 Abd=   1741879.    
 Catch=   20722.9752582400     
 Abd=  1.1979687E+08
 Catch=   2495117.47473249     
 Abd=  1.7038892E+07
 Catch=   108982.112638375     
 Abd=  2.0922566E+07
 Catch=   174613.790732346     
 Abd=   1799359.    
 Catch=   21526.4370999055     
 Abd=   3766636.    
 Catch=   17825.3173385299     
 Abd=   754808.8    
 Catch=   32677.6771423137     
 Abd=   798397.7    
 Catch=   46109.9237976432     
 Abd=   165093.0    
 Catch=   5597.44374765461     
 Abd=   15138.30    
 Catch=   609.430100554757     
 Abd=   9642296.    
 Catch=   197454.082852876     
 Abd=   1031877.    
 Catch=   19968.3994678542     
 Abd=  3.0838630E+07
 Catch=   347523.613277797     
 Abd=   5832809.    
 Catch=   17582.4432303976     
 Abd=   4181537.    
 Catch=   16466.6820228011     
 Abd=   1440398.    
 Catch=   182434.435931216     
 Abd=   1440398.    
 Catch=   182434.435931216     
 Abd=   46715.61    
 Catch=   6173.45088174803     
 Abd=  1.5303123E+07
 Catch=   48059.7988350027     
 Abd=   2294842.    
 Catch=   13587.0232424646     
 Abd=  3.3745802E+08
 Catch=   842282.505038389     
 Abd=  2.8198076E+07
 Catch=   116308.789220502     
 Abd=  3.4617060E+07
 Catch=   197859.900867925     
 Time step =         1932
 Abd=  2.9117248E+07
 Catch=   457757.922017251     
 Abd=   1306826.    
 Catch=   11834.5430326070     
 Abd=   917991.5    
 Catch=   31015.6949324478     
 Abd=   3032098.    
 Catch=   20030.0327934669     
 Abd=   404589.8    
 Catch=   5753.46964727688     
 Abd=   332.5793    
 Catch=   1.13844452514669     
 Abd=   169807.2    
 Catch=   485.187594164960     
 Abd=   581734.1    
 Catch=   31957.5701698583     
 Abd=   930286.0    
 Catch=   53664.2326082165     
 Abd=   484842.0    
 Catch=   3147.24499318775     
 Abd=   30115.39    
 Catch=   75.4615364572361     
 Abd=  1.8257220E+07
 Catch=   191703.826851082     
 Abd=  1.0291900E+07
 Catch=   99206.0355177510     
 Abd=   1533955.    
 Catch=   34614.4085767718     
 Abd=   4675882.    
 Catch=   87923.5590682130     
 Abd=   1712181.    
 Catch=   20632.2543553416     
 Abd=  1.1784926E+08
 Catch=   2373784.96703504     
 Abd=  1.6970142E+07
 Catch=   104245.915825201     
 Abd=  2.1031860E+07
 Catch=   175687.086196131     
 Abd=   1778610.    
 Catch=   21100.2116570103     
 Abd=   3911380.    
 Catch=   18449.4045074267     
 Abd=   741847.0    
 Catch=   30266.7816628935     
 Abd=   859362.3    
 Catch=   45367.4643666796     
 Abd=   163730.2    
 Catch=   5529.12427740823     
 Abd=   10237.25    
 Catch=   352.362039797079     
 Abd=   9767248.    
 Catch=   195204.636420909     
 Abd=   1048382.    
 Catch=   19796.0245547678     
 Abd=  3.0921304E+07
 Catch=   348882.583590635     
 Abd=   5824004.    
 Catch=   17585.2834256304     
 Abd=   4206958.    
 Catch=   16456.0725533963     
 Abd=   1384019.    
 Catch=   163075.035969476     
 Abd=   1384019.    
 Catch=   163075.035969476     
 Abd=   46807.92    
 Catch=   6605.13686439261     
 Abd=  1.5046633E+07
 Catch=   48247.4222858274     
 Abd=   2332734.    
 Catch=   13575.9989587606     
 Abd=  3.3747738E+08
 Catch=   839235.393738917     
 Abd=  2.8102748E+07
 Catch=   116265.128451717     
 Abd=  3.4695636E+07
 Catch=   197019.755236301     
 Time step =         1933
 Abd=  3.0100796E+07
 Catch=   456627.733968520     
 Abd=   1290599.    
 Catch=   11960.5132639111     
 Abd=   907183.9    
 Catch=   31955.6602327323     
 Abd=   3037678.    
 Catch=   19952.9848816763     
 Abd=   269319.1    
 Catch=   7365.04122015010     
 Abd=   325.8972    
 Catch=   1.12909497818437     
 Abd=   167597.9    
 Catch=   486.631234776181     
 Abd=   556530.2    
 Catch=   34067.7373839883     
 Abd=   925810.0    
 Catch=   55954.4456831310     
 Abd=   490227.1    
 Catch=   3132.05506038019     
 Abd=   30240.97    
 Catch=   75.4314970614145     
 Abd=  1.8257716E+07
 Catch=   191523.717286788     
 Abd=  1.0349421E+07
 Catch=   99980.2884065968     
 Abd=   1520070.    
 Catch=   34904.6859025016     
 Abd=   4840536.    
 Catch=   92216.6734771199     
 Abd=   1705101.    
 Catch=   20551.5112243624     
 Abd=  1.1206466E+08
 Catch=   2463569.96618908     
 Abd=  1.6221416E+07
 Catch=   106353.157958187     
 Abd=  2.1161974E+07
 Catch=   175666.302711390     
 Abd=   1743195.    
 Catch=   21584.6008468002     
 Abd=   4047965.    
 Catch=   18418.6750095777     
 Abd=   686814.2    
 Catch=   33076.1031445548     
 Abd=   845324.8    
 Catch=   45286.8478879897     
 Abd=   161732.3    
 Catch=   5554.12359300519     
 Abd=   6011.018    
 Catch=   853.128433526052     
 Abd=   9652564.    
 Catch=   196012.102532890     
 Abd=   1039006.    
 Catch=   18115.3951611251     
 Abd=  3.1044466E+07
 Catch=   350764.159011298     
 Abd=   5825158.    
 Catch=   17560.2194164612     
 Abd=   4203663.    
 Catch=   16434.6206482170     
 Abd=   1237129.    
 Catch=   177807.398121511     
 Abd=   1237129.    
 Catch=   177807.398121511     
 Abd=   50085.80    
 Catch=   6349.50993089154     
 Abd=  1.5111525E+07
 Catch=   48348.5180693898     
 Abd=   2330002.    
 Catch=   13665.9330025131     
 Abd=  3.3624077E+08
 Catch=   838865.935164642     
 Abd=  2.8093880E+07
 Catch=   116252.972001544     
 Abd=  3.4544380E+07
 Catch=   196156.587113303     
 Time step =         1934
 Abd=  3.0006540E+07
 Catch=   457765.074873019     
 Abd=   1304872.    
 Catch=   11972.0369567424     
 Abd=   935083.8    
 Catch=   31568.9227328490     
 Abd=   3025477.    
 Catch=   19849.2099207357     
 Abd=   347717.1    
 Catch=   7933.56375487608     
 Abd=   323.2840    
 Catch=   1.11213485006621     
 Abd=   168143.8    
 Catch=   486.768163324725     
 Abd=   593701.6    
 Catch=   34440.2229251900     
 Abd=   965516.2    
 Catch=   56263.2324926942     
 Abd=   487729.7    
 Catch=   3101.41188697722     
 Abd=   30225.37    
 Catch=   75.3248366711524     
 Abd=  1.8240372E+07
 Catch=   192205.129762217     
 Abd=  1.0430248E+07
 Catch=   98369.6088208966     
 Abd=   1533154.    
 Catch=   34266.3255008676     
 Abd=   5078180.    
 Catch=   93692.0384702132     
 Abd=   1698399.    
 Catch=   20654.1309018989     
 Abd=  1.1645977E+08
 Catch=   2481230.14629502     
 Abd=  1.6569006E+07
 Catch=   106377.885151899     
 Abd=  2.1156560E+07
 Catch=   175063.835597603     
 Abd=   1784548.    
 Catch=   21745.1203701617     
 Abd=   4038889.    
 Catch=   18883.7676783477     
 Abd=   751961.1    
 Catch=   32762.8827833562     
 Abd=   843409.6    
 Catch=   45557.4495083658     
 Abd=   162482.5    
 Catch=   5513.89403733764     
 Abd=   14573.24    
 Catch=   823.398922943706     
 Abd=   9694362.    
 Catch=   198237.098267529     
 Abd=   949758.2    
 Catch=   18910.9282677511     
 Abd=  3.1211684E+07
 Catch=   347137.376320439     
 Abd=   5816659.    
 Catch=   17561.6809813047     
 Abd=   4198134.    
 Catch=   16577.7723938646     
 Abd=   1349634.    
 Catch=   182944.187726074     
 Abd=   1349634.    
 Catch=   182944.187726074     
 Abd=   48134.16    
 Catch=   7131.18858756440     
 Abd=  1.5142625E+07
 Catch=   48339.9860619163     
 Abd=   2345916.    
 Catch=   13839.7708455217     
 Abd=  3.3610394E+08
 Catch=   841038.511808420     
 Abd=  2.8090896E+07
 Catch=   116172.293288677     
 Abd=  3.4392728E+07
 Catch=   196363.031877941     
 Time step =         1935
 Abd=  3.0083670E+07
 Catch=   461746.129952113     
 Abd=   1305881.    
 Catch=   12006.4412634457     
 Abd=   923294.7    
 Catch=   32331.8972232770     
 Abd=   3009592.    
 Catch=   19804.3319067632     
 Abd=   373248.3    
 Catch=   8444.17405236457     
 Abd=   318.4012    
 Catch=   1.09141612372905     
 Abd=   168178.8    
 Catch=   486.376475219771     
 Abd=   599850.5    
 Catch=   34048.5792219308     
 Abd=   970536.9    
 Catch=   55738.7429644426     
 Abd=   482930.3    
 Catch=   3083.43179557672     
 Abd=   30182.07    
 Catch=   75.6463040636840     
 Abd=  1.8307124E+07
 Catch=   189480.612116284     
 Abd=  1.0258720E+07
 Catch=   99261.8003526330     
 Abd=   1504528.    
 Catch=   34560.5962295892     
 Abd=   5156679.    
 Catch=   92609.1178980797     
 Abd=   1707100.    
 Catch=   20161.8024560510     
 Abd=  1.1723813E+08
 Catch=   2536644.98492449     
 Abd=  1.6566214E+07
 Catch=   107581.224918296     
 Abd=  2.1082852E+07
 Catch=   174545.916082862     
 Abd=   1797280.    
 Catch=   21824.0745091507     
 Abd=   4142513.    
 Catch=   19392.2919046165     
 Abd=   743960.9    
 Catch=   33383.2883710816     
 Abd=   848638.2    
 Catch=   44321.8311220979     
 Abd=   161290.2    
 Catch=   5261.88810416903     
 Abd=   13887.07    
 Catch=   1072.21344219741     
 Abd=   9806411.    
 Catch=   191995.853657514     
 Abd=   993340.7    
 Catch=   18940.9992618778     
 Abd=  3.0879992E+07
 Catch=   347472.909278403     
 Abd=   5817328.    
 Catch=   17563.2665311483     
 Abd=   4235544.    
 Catch=   16433.7480716387     
 Abd=   1388258.    
 Catch=   191834.477756390     
 Abd=   1388258.    
 Catch=   191834.477756390     
 Abd=   54076.08    
 Catch=   5703.52235540433     
 Abd=  1.5139348E+07
 Catch=   48117.6151285295     
 Abd=   2376012.    
 Catch=   14161.2943135029     
 Abd=  3.3699616E+08
 Catch=   842035.700655870     
 Abd=  2.8071250E+07
 Catch=   115368.406768291     
 Abd=  3.4432472E+07
 Catch=   197001.979445618     
 Time step =         1936
 Abd=  3.0348964E+07
 Catch=   465910.421158574     
 Abd=   1309676.    
 Catch=   11994.5008692923     
 Abd=   946027.8    
 Catch=   31858.4235660519     
 Abd=   3003020.    
 Catch=   19909.8269019980     
 Abd=   397098.9    
 Catch=   8375.75516357242     
 Abd=   312.4473    
 Catch=   1.07894107996488     
 Abd=   168038.3    
 Catch=   485.608143613708     
 Abd=   592963.8    
 Catch=   33137.3535136938     
 Abd=   961316.0    
 Catch=   54415.5505735809     
 Abd=   480157.7    
 Catch=   3098.51594365380     
 Abd=   30313.48    
 Catch=   75.5289429178103     
 Abd=  1.8041454E+07
 Catch=   192455.047681875     
 Abd=  1.0355120E+07
 Catch=   100888.246875960     
 Abd=   1518037.    
 Catch=   35359.2927502053     
 Abd=   5094837.    
 Catch=   91168.6603685613     
 Abd=   1665698.    
 Catch=   20828.0904496162     
 Abd=  1.1988219E+08
 Catch=   2482853.26381039     
 Abd=  1.6756832E+07
 Catch=   107775.530701910     
 Abd=  2.1020572E+07
 Catch=   177323.553728472     
 Abd=   1803704.    
 Catch=   21673.7702584316     
 Abd=   4254048.    
 Catch=   19703.3872390559     
 Abd=   758199.1    
 Catch=   32661.1027901691     
 Abd=   825446.6    
 Catch=   44895.0496166559     
 Abd=   153852.4    
 Catch=   5498.22744248897     
 Abd=   18107.20    
 Catch=   610.635920890917     
 Abd=   9491015.    
 Catch=   195466.119960837     
 Abd=   994245.9    
 Catch=   19637.8820233292     
 Abd=  3.0915900E+07
 Catch=   349458.462411317     
 Abd=   5817855.    
 Catch=   17548.1603051628     
 Abd=   4197360.    
 Catch=   16477.7996143578     
 Abd=   1455504.    
 Catch=   246611.912061459     
 Abd=   1455504.    
 Catch=   246611.912061459     
 Abd=   43225.23    
 Catch=   6627.54009695722     
 Abd=  1.5068435E+07
 Catch=   48531.6019521709     
 Abd=   2431618.    
 Catch=   14386.8025999577     
 Abd=  3.3738419E+08
 Catch=   840567.040722578     
 Abd=  2.7873550E+07
 Catch=   115878.706884372     
 Abd=  3.4545956E+07
 Catch=   197238.055777228     
 Time step =         1937
 Abd=  3.0620910E+07
 Catch=   458383.830151897     
 Abd=   1308282.    
 Catch=   12047.6541765160     
 Abd=   931742.4    
 Catch=   33163.3915182124     
 Abd=   3019402.    
 Catch=   20056.5119362149     
 Abd=   393450.1    
 Catch=   7166.40394693088     
 Abd=   308.9100    
 Catch=   1.07822031387426     
 Abd=   167773.3    
 Catch=   483.596750735564     
 Abd=   577059.9    
 Catch=   34797.9758134779     
 Abd=   938361.4    
 Catch=   56937.6293514328     
 Abd=   482569.6    
 Catch=   3008.96863203678     
 Abd=   30264.04    
 Catch=   75.1516292959778     
 Abd=  1.8334756E+07
 Catch=   189214.456355415     
 Abd=  1.0526548E+07
 Catch=   101184.984861865     
 Abd=   1553456.    
 Catch=   35425.6227822963     
 Abd=   5015072.    
 Catch=   93062.4322500269     
 Abd=   1722382.    
 Catch=   21119.6110038777     
 Abd=  1.1725891E+08
 Catch=   2510954.00127488     
 Abd=  1.6784078E+07
 Catch=   107027.885046836     
 Abd=  2.1362842E+07
 Catch=   174968.802443853     
 Abd=   1790923.    
 Catch=   21830.7958878227     
 Abd=   4321741.    
 Catch=   19767.2295050332     
 Abd=   741464.4    
 Catch=   32721.7657990710     
 Abd=   836369.5    
 Catch=   47659.6939273095     
 Abd=   160946.0    
 Catch=   5584.20727289345     
 Abd=   10227.15    
 Catch=   807.383878346708     
 Abd=   9670940.    
 Catch=   188591.922692619     
 Abd=   1031423.    
 Catch=   21393.5178109854     
 Abd=  3.1095056E+07
 Catch=   350453.926869688     
 Abd=   5812752.    
 Catch=   17536.8551846847     
 Abd=   4209488.    
 Catch=   16597.4199249559     
 Abd=   1872493.    
 Catch=   235488.224367451     
 Abd=   1872493.    
 Catch=   235488.224367451     
 Abd=   50264.23    
 Catch=   6822.10896146861     
 Abd=  1.5201879E+07
 Catch=   48617.5502958493     
 Abd=   2470119.    
 Catch=   14606.7776747804     
 Abd=  3.3677773E+08
 Catch=   835559.514277031     
 Abd=  2.8003008E+07
 Catch=   116519.781563074     
 Abd=  3.4585892E+07
 Catch=   197051.959588753     
 Time step =         1938
 Abd=  3.0112624E+07
 Catch=   451999.058319562     
 Abd=   1314222.    
 Catch=   12019.9910467525     
 Abd=   970585.2    
 Catch=   32127.9471397187     
 Abd=   3041774.    
 Catch=   20186.0584051488     
 Abd=   336077.8    
 Catch=   8557.78827770395     
 Abd=   308.7724    
 Catch=   1.06017150935249     
 Abd=   167070.9    
 Catch=   482.825125847361     
 Abd=   606299.8    
 Catch=   33992.6010148533     
 Abd=   982530.1    
 Catch=   55958.7801412936     
 Abd=   468345.5    
 Catch=   3004.65014861169     
 Abd=   30111.56    
 Catch=   74.7391340623455     
 Abd=  1.8015260E+07
 Catch=   189526.970217472     
 Abd=  1.0554820E+07
 Catch=   98963.6631183602     
 Abd=   1555864.    
 Catch=   33595.2847242868     
 Abd=   5122423.    
 Catch=   92949.1532997564     
 Abd=   1745866.    
 Catch=   21353.5136870706     
 Abd=  1.1865477E+08
 Catch=   2533846.44902411     
 Abd=  1.6665543E+07
 Catch=   108508.879491240     
 Abd=  2.1067816E+07
 Catch=   173711.519300369     
 Abd=   1804376.    
 Catch=   21849.2822410888     
 Abd=   4334439.    
 Catch=   20130.1725639019     
 Abd=   743085.9    
 Catch=   32550.2773070797     
 Abd=   888234.5    
 Catch=   45571.9949437704     
 Abd=   163402.4    
 Catch=   5615.18774016018     
 Abd=   13655.70    
 Catch=   966.559092469236     
 Abd=   9322436.    
 Catch=   188224.319368829     
 Abd=   1124560.    
 Catch=   21373.9230176616     
 Abd=  3.1182220E+07
 Catch=   349240.716932620     
 Abd=   5809022.    
 Catch=   17525.9503383338     
 Abd=   4240427.    
 Catch=   16613.5515994243     
 Abd=   1786646.    
 Catch=   227177.412196152     
 Abd=   1786646.    
 Catch=   227177.412196152     
 Abd=   51725.57    
 Catch=   6358.81360625359     
 Abd=  1.5226550E+07
 Catch=   48525.9112635474     
 Abd=   2507860.    
 Catch=   14690.7097846619     
 Abd=  3.3474682E+08
 Catch=   837017.396159389     
 Abd=  2.8158452E+07
 Catch=   116328.040673075     
 Abd=  3.4551812E+07
 Catch=   197041.453510050     
 Time step =         1939
 Abd=  2.9694956E+07
 Catch=   450362.632405780     
 Abd=   1311038.    
 Catch=   11921.2809698909     
 Abd=   939421.5    
 Catch=   31036.8603958886     
 Abd=   3061424.    
 Catch=   20017.7021117239     
 Abd=   403424.7    
 Catch=   8498.38766410966     
 Abd=   303.4993    
 Catch=   1.03620632837885     
 Abd=   166811.0    
 Catch=   481.841096039122     
 Abd=   591912.6    
 Catch=   33433.9547101636     
 Abd=   965133.0    
 Catch=   56626.6953691559     
 Abd=   467905.9    
 Catch=   3043.06896306535     
 Abd=   29945.00    
 Catch=   75.0278258801931     
 Abd=  1.8050874E+07
 Catch=   190336.957193680     
 Abd=  1.0319792E+07
 Catch=   98255.7793687994     
 Abd=   1474249.    
 Catch=   32567.7881568441     
 Abd=   5114308.    
 Catch=   88366.9537702776     
 Abd=   1765167.    
 Catch=   20852.6222727219     
 Abd=  1.1972915E+08
 Catch=   2506759.30206071     
 Abd=  1.6902794E+07
 Catch=   109585.903903687     
 Abd=  2.0918484E+07
 Catch=   174338.582355139     
 Abd=   1805691.    
 Catch=   21581.0425256398     
 Abd=   4415213.    
 Catch=   20146.4882356112     
 Abd=   739211.8    
 Catch=   32090.4054849549     
 Abd=   848630.4    
 Catch=   46708.4040647983     
 Abd=   164284.2    
 Catch=   5514.34563931295     
 Abd=   16290.70    
 Catch=   692.807402876523     
 Abd=   9308445.    
 Catch=   191836.622178767     
 Abd=   1121916.    
 Catch=   19914.3464236609     
 Abd=  3.1070748E+07
 Catch=   343611.337176334     
 Abd=   5805414.    
 Catch=   17504.5044272316     
 Abd=   4244014.    
 Catch=   16484.8712994602     
 Abd=   1723832.    
 Catch=   216822.192032247     
 Abd=   1723832.    
 Catch=   216822.192032247     
 Abd=   48203.79    
 Catch=   5704.18951808269     
 Abd=  1.5197181E+07
 Catch=   48190.1059819742     
 Abd=   2521942.    
 Catch=   14896.2152131526     
 Abd=  3.3537946E+08
 Catch=   838221.104814452     
 Abd=  2.8108362E+07
 Catch=   115370.590686935     
 Abd=  3.4550368E+07
 Catch=   198108.057328989     
 Time step =         1940
 Abd=  2.9593810E+07
 Catch=   432254.349937187     
 Abd=   1300137.    
 Catch=   11760.5666206639     
 Abd=   907508.1    
 Catch=   30415.4765084096     
 Abd=   3035011.    
 Catch=   20097.0067426789     
 Abd=   399259.6    
 Catch=   8023.25492724154     
 Abd=   296.6191    
 Catch=   1.00666484018802     
 Abd=   166469.9    
 Catch=   477.694129111370     
 Abd=   582267.8    
 Catch=   32141.4764478732     
 Abd=   976915.8    
 Catch=   51756.2279878446     
 Abd=   474024.9    
 Catch=   3067.67581489490     
 Abd=   30066.54    
 Catch=   74.9212649280758     
 Abd=  1.8128750E+07
 Catch=   193373.647145919     
 Abd=  1.0247526E+07
 Catch=   98833.1886150648     
 Abd=   1429649.    
 Catch=   32628.9202249227     
 Abd=   4858516.    
 Catch=   87579.4084703632     
 Abd=   1722672.    
 Catch=   20985.7025349424     
 Abd=  1.1841670E+08
 Catch=   2398539.37333816     
 Abd=  1.7068790E+07
 Catch=   108364.520815463     
 Abd=  2.0998312E+07
 Catch=   174336.418045548     
 Abd=   1783138.    
 Catch=   21006.8506073635     
 Abd=   4417619.    
 Catch=   19567.7984276199     
 Abd=   728647.9    
 Catch=   30202.9959237574     
 Abd=   870519.0    
 Catch=   47847.9670139921     
 Abd=   161283.8    
 Catch=   5719.43516519191     
 Abd=   11649.94    
 Catch=   235.706459757128     
 Abd=   9490731.    
 Catch=   197668.875469046     
 Abd=   1044218.    
 Catch=   21151.4399148106     
 Abd=  3.0563630E+07
 Catch=   344840.818386132     
 Abd=   5798230.    
 Catch=   17499.5210985772     
 Abd=   4210741.    
 Catch=   16408.5719237594     
 Abd=   1645213.    
 Catch=   224713.857322760     
 Abd=   1645213.    
 Catch=   224713.857322760     
 Abd=   43235.55    
 Catch=   7649.68537604015     
 Abd=  1.5090286E+07
 Catch=   47089.2542434421     
 Abd=   2557496.    
 Catch=   15206.5650507778     
 Abd=  3.3585811E+08
 Catch=   838191.015788388     
 Abd=  2.7873360E+07
 Catch=   114895.034337441     
 Abd=  3.4741760E+07
 Catch=   197719.072225907     
 Time step =         1941
 Abd=  2.8393164E+07
 Catch=   420452.745968725     
 Abd=   1282510.    
 Catch=   11911.3121445338     
 Abd=   889652.5    
 Catch=   32035.5648174777     
 Abd=   3047777.    
 Catch=   20424.8769050610     
 Abd=   376726.2    
 Catch=   8904.82495966393     
 Abd=   288.1282    
 Catch=  0.981309707951757     
 Abd=   165017.6    
 Catch=   478.279222856731     
 Abd=   559969.4    
 Catch=   35357.9518933096     
 Abd=   892476.1    
 Catch=   57756.2161292289     
 Abd=   477804.5    
 Catch=   3108.55851985747     
 Abd=   30020.44    
 Catch=   74.7339232923728     
 Abd=  1.8422816E+07
 Catch=   192839.633082995     
 Abd=  1.0309814E+07
 Catch=   100650.849132714     
 Abd=   1433087.    
 Catch=   33777.9364312247     
 Abd=   4818419.    
 Catch=   95458.0431166697     
 Abd=   1734758.    
 Catch=   20918.6067951290     
 Abd=  1.1324972E+08
 Catch=   2492334.20235523     
 Abd=  1.6871706E+07
 Catch=   108541.301025473     
 Abd=  2.0996946E+07
 Catch=   173288.933280231     
 Abd=   1735316.    
 Catch=   21564.5186322935     
 Abd=   4288136.    
 Catch=   18309.9051525705     
 Abd=   685584.5    
 Catch=   33047.8746227593     
 Abd=   891955.4    
 Catch=   53924.2664760912     
 Abd=   167440.1    
 Catch=   5701.31881753887     
 Abd=   4073.621    
 Catch=   481.194563949198     
 Abd=   9781112.    
 Catch=   196825.148794910     
 Abd=   1111352.    
 Catch=   20799.0205015502     
 Abd=  3.0684174E+07
 Catch=   349348.259932689     
 Abd=   5796702.    
 Catch=   17490.5192334712     
 Abd=   4191205.    
 Catch=   16377.6633557146     
 Abd=   1704865.    
 Catch=   205392.612622540     
 Abd=   1704865.    
 Catch=   205392.612622540     
 Abd=   58048.62    
 Catch=   6906.86288767094     
 Abd=  1.4741120E+07
 Catch=   46243.8123093758     
 Abd=   2611102.    
 Catch=   15118.8764846937     
 Abd=  3.3583661E+08
 Catch=   838542.594548664     
 Abd=  2.7760992E+07
 Catch=   115063.892040924     
 Abd=  3.4668300E+07
 Catch=   197377.040771422     
 Time step =         1942
 Abd=  2.7616742E+07
 Catch=   417619.379417292     
 Abd=   1299557.    
 Catch=   11997.3054015686     
 Abd=   937726.0    
 Catch=   32126.7642323132     
 Abd=   3098242.    
 Catch=   20321.4781917801     
 Abd=   419191.5    
 Catch=   9145.84843230541     
 Abd=   280.8867    
 Catch=  0.972035849465218     
 Abd=   165252.0    
 Catch=   478.999346700117     
 Abd=   616421.8    
 Catch=   35044.1991409321     
 Abd=   997413.9    
 Catch=   55467.5012368448     
 Abd=   484216.4    
 Catch=   3101.86635805202     
 Abd=   29945.82    
 Catch=   74.5391718118894     
 Abd=  1.8365174E+07
 Catch=   190066.556640394     
 Abd=  1.0501880E+07
 Catch=   101286.124831123     
 Abd=   1484299.    
 Catch=   33818.7228336789     
 Abd=   5260270.    
 Catch=   93185.0732662826     
 Abd=   1728725.    
 Catch=   21286.3253396599     
 Abd=  1.1782666E+08
 Catch=   2540189.59133820     
 Abd=  1.6903682E+07
 Catch=   109829.214198015     
 Abd=  2.0868172E+07
 Catch=   172607.752822529     
 Abd=   1783011.    
 Catch=   21851.8024416612     
 Abd=   4010422.    
 Catch=   17837.5491286066     
 Abd=   751339.1    
 Catch=   33756.8731688328     
 Abd=   1005653.    
 Catch=   49506.4470504016     
 Abd=   166784.0    
 Catch=   5567.11552457504     
 Abd=   8237.875    
 Catch=   807.318112488390     
 Abd=   9733633.    
 Catch=   187540.647344387     
 Abd=   1091597.    
 Catch=   20334.0379419802     
 Abd=  3.1089978E+07
 Catch=   350850.743108360     
 Abd=   5793694.    
 Catch=   17479.6548250704     
 Abd=   4183550.    
 Catch=   16532.0341168198     
 Abd=   1558650.    
 Catch=   207190.877767198     
 Abd=   1558650.    
 Catch=   207190.877767198     
 Abd=   52360.81    
 Catch=   6714.72342017649     
 Abd=  1.4478178E+07
 Catch=   46127.2571445041     
 Abd=   2595123.    
 Catch=   14990.7705931947     
 Abd=  3.3598074E+08
 Catch=   838581.036887146     
 Abd=  2.7804534E+07
 Catch=   115117.308108012     
 Abd=  3.4608488E+07
 Catch=   197833.268528887     
 Time step =         1943
 Abd=  2.7441046E+07
 Catch=   418031.847778923     
 Abd=   1308786.    
 Catch=   12047.5706930792     
 Abd=   939800.4    
 Catch=   32102.6889640712     
 Abd=   3081473.    
 Catch=   20179.5616597562     
 Abd=   429836.3    
 Catch=   8494.88091167384     
 Abd=   278.3259    
 Catch=  0.968004203721216     
 Abd=   165496.8    
 Catch=   479.951001640155     
 Abd=   610298.9    
 Catch=   34658.0003147599     
 Abd=   956413.5    
 Catch=   56490.7761499183     
 Abd=   483045.4    
 Catch=   3115.01089709425     
 Abd=   29867.77    
 Catch=   74.7810608635025     
 Abd=  1.8097080E+07
 Catch=   192199.642820151     
 Abd=  1.0566174E+07
 Catch=   101679.605157810     
 Abd=   1485296.    
 Catch=   34256.7687204604     
 Abd=   5125566.    
 Catch=   91740.8957594644     
 Abd=   1759768.    
 Catch=   21298.8521492039     
 Abd=  1.2004194E+08
 Catch=   2541737.37243623     
 Abd=  1.7107410E+07
 Catch=   109783.794982294     
 Abd=  2.0787136E+07
 Catch=   174515.584460969     
 Abd=   1806282.    
 Catch=   21950.1869423733     
 Abd=   3909687.    
 Catch=   17519.2479623787     
 Abd=   766747.9    
 Catch=   33163.8078976281     
 Abd=   921408.0    
 Catch=   49493.9451385513     
 Abd=   162821.5    
 Catch=   5646.18192951814     
 Abd=   13659.41    
 Catch=   811.378267020283     
 Abd=   9268812.    
 Catch=   192995.291732451     
 Abd=   1066946.    
 Catch=   20255.2098745795     
 Abd=  3.1217996E+07
 Catch=   351479.369421314     
 Abd=   5790074.    
 Catch=   17498.1227334052     
 Abd=   4223870.    
 Catch=   16570.2423627470     
 Abd=   1571919.    
 Catch=   194303.739327589     
 Abd=   1571919.    
 Catch=   194303.739327589     
 Abd=   50905.07    
 Catch=   7363.24108871775     
 Abd=  1.4445698E+07
 Catch=   45826.4385470758     
 Abd=   2572723.    
 Catch=   15133.2983794288     
 Abd=  3.3599542E+08
 Catch=   837508.852619418     
 Abd=  2.7817224E+07
 Catch=   115456.057702690     
 Abd=  3.4691016E+07
 Catch=   198601.836323552     
 Time step =         1944
 Abd=  2.7472114E+07
 Catch=   415502.727109918     
 Abd=   1314186.    
 Catch=   12063.3958201063     
 Abd=   938985.1    
 Catch=   32085.4345803181     
 Abd=   3059626.    
 Catch=   20595.4350943218     
 Abd=   398619.9    
 Catch=   8855.33087772445     
 Abd=   277.1983    
 Catch=  0.965860451127327     
 Abd=   165827.7    
 Catch=   479.449777950891     
 Abd=   603483.6    
 Catch=   34894.6396562752     
 Abd=   974460.8    
 Catch=   57336.8153751592     
 Abd=   485201.8    
 Catch=   3133.15648906764     
 Abd=   29968.46    
 Catch=   74.3582805065061     
 Abd=  1.8308608E+07
 Catch=   193508.538470964     
 Abd=  1.0606679E+07
 Catch=   101674.995796875     
 Abd=   1504795.    
 Catch=   33884.1777105768     
 Abd=   5046444.    
 Catch=   94010.9712959653     
 Abd=   1760271.    
 Catch=   21420.1958646735     
 Abd=  1.2007859E+08
 Catch=   2536240.19965350     
 Abd=  1.7096152E+07
 Catch=   109693.604711588     
 Abd=  2.1022516E+07
 Catch=   174312.231887109     
 Abd=   1814128.    
 Catch=   22010.5458338601     
 Abd=   3840578.    
 Catch=   17369.3886432540     
 Abd=   752843.0    
 Catch=   32726.6352606967     
 Abd=   921682.1    
 Catch=   50950.0911802469     
 Abd=   165225.2    
 Catch=   5733.42508773677     
 Abd=   13633.60    
 Catch=   672.361265820388     
 Abd=   9549866.    
 Catch=   198262.566286238     
 Abd=   1063086.    
 Catch=   21554.9526145176     
 Abd=  3.1272546E+07
 Catch=   352415.354796218     
 Abd=   5796376.    
 Catch=   17484.5688158375     
 Abd=   4233084.    
 Catch=   16556.5088114068     
 Abd=   1473509.    
 Catch=   207196.277446632     
 Abd=   1473509.    
 Catch=   207196.277446632     
 Abd=   55837.57    
 Catch=   6467.20948635235     
 Abd=  1.4350054E+07
 Catch=   45479.3080512675     
 Abd=   2597737.    
 Catch=   15417.6846975369     
 Abd=  3.3555408E+08
 Catch=   836005.217052603     
 Abd=  2.7900132E+07
 Catch=   115250.429326144     
 Abd=  3.4826904E+07
 Catch=   198653.879922115     
 Time step =         1945
 Abd=  2.7301348E+07
 Catch=   420329.335047368     
 Abd=   1315846.    
 Catch=   12157.7658864949     
 Abd=   938503.9    
 Catch=   32769.3449910272     
 Abd=   3124337.    
 Catch=   20599.6053615485     
 Abd=   416292.8    
 Catch=   9674.20803406809     
 Abd=   276.5926    
 Catch=  0.972104123602054     
 Abd=   165645.5    
 Catch=   481.108082728873     
 Abd=   607787.1    
 Catch=   34232.5752019714     
 Abd=   989089.1    
 Catch=   59164.9362361212     
 Abd=   487993.4    
 Catch=   3098.24971654760     
 Abd=   29793.32    
 Catch=   74.6867891275700     
 Abd=  1.8431832E+07
 Catch=   191656.561235177     
 Abd=  1.0605994E+07
 Catch=   101308.502062652     
 Abd=   1487849.    
 Catch=   33513.5390767029     
 Abd=   5174841.    
 Catch=   96669.4298065999     
 Abd=   1770458.    
 Catch=   21126.8566137267     
 Abd=  1.1981584E+08
 Catch=   2640705.95798215     
 Abd=  1.7082028E+07
 Catch=   111983.906999514     
 Abd=  2.0993276E+07
 Catch=   174388.974082226     
 Abd=   1819069.    
 Catch=   22305.8910206881     
 Abd=   3807643.    
 Catch=   17745.3851155170     
 Abd=   743019.1    
 Catch=   34137.4384828242     
 Abd=   949149.2    
 Catch=   47052.1778055037     
 Abd=   167769.2    
 Catch=   5736.55734451074     
 Abd=   11276.23    
 Catch=   1284.91462374930     
 Abd=   9810723.    
 Catch=   195229.052481309     
 Abd=   1132565.    
 Catch=   21452.6248745626     
 Abd=  3.1356198E+07
 Catch=   351663.356935469     
 Abd=   5791692.    
 Catch=   17479.1783632927     
 Abd=   4229326.    
 Catch=   16601.9461009721     
 Abd=   1572490.    
 Catch=   219177.553200255     
 Abd=   1572490.    
 Catch=   219177.553200255     
 Abd=   49023.36    
 Catch=   6271.17793945306     
 Abd=  1.4241090E+07
 Catch=   44944.7398242905     
 Abd=   2647065.    
 Catch=   15727.8967926325     
 Abd=  3.3494915E+08
 Catch=   837028.768941199     
 Abd=  2.7847636E+07
 Catch=   115142.072041802     
 Abd=  3.4833656E+07
 Catch=   199338.739182367     
 Time step =         1946
 Abd=  2.7627060E+07
 Catch=   414519.677620699     
 Abd=   1326306.    
 Catch=   11867.4801999794     
 Abd=   958805.5    
 Catch=   30526.8362889706     
 Abd=   3123685.    
 Catch=   20602.2489520710     
 Abd=   455161.6    
 Catch=   7901.68602832699     
 Abd=   278.4162    
 Catch=  0.961093909141849     
 Abd=   166233.2    
 Catch=   478.391832760376     
 Abd=   596188.6    
 Catch=   32093.1411967562     
 Abd=   1020877.    
 Catch=   52740.7108193205     
 Abd=   482409.1    
 Catch=   3067.39134105376     
 Abd=   29930.11    
 Catch=   74.1640765881294     
 Abd=  1.8249938E+07
 Catch=   191387.691313851     
 Abd=  1.0566894E+07
 Catch=   100733.268582961     
 Abd=   1471576.    
 Catch=   32910.4396180996     
 Abd=   5321754.    
 Catch=   89099.4320963085     
 Abd=   1745616.    
 Catch=   20522.1341176506     
 Abd=  1.2483998E+08
 Catch=   2444786.79481179     
 Abd=  1.7445808E+07
 Catch=   111026.676057720     
 Abd=  2.1003220E+07
 Catch=   172335.520321686     
 Abd=   1843845.    
 Catch=   21426.8524658864     
 Abd=   3892516.    
 Catch=   17794.2041516331     
 Abd=   775555.4    
 Catch=   30099.0336462550     
 Abd=   876342.7    
 Catch=   46813.4900842135     
 Abd=   167805.6    
 Catch=   5794.77076162915     
 Abd=   21800.28    
 Catch=   213.333139063126     
 Abd=   9652840.    
 Catch=   195367.195304769     
 Abd=   1126018.    
 Catch=   20759.2842010526     
 Abd=  3.1287320E+07
 Catch=   349391.571780263     
 Abd=   5789950.    
 Catch=   17457.7877723067     
 Abd=   4241186.    
 Catch=   16529.6096124123     
 Abd=   1664021.    
 Catch=   170997.859904636     
 Abd=   1664021.    
 Catch=   170997.859904636     
 Abd=   47540.32    
 Catch=   6386.70899144090     
 Abd=  1.4073001E+07
 Catch=   44240.9688287416     
 Abd=   2700301.    
 Catch=   15985.1909453645     
 Abd=  3.3538029E+08
 Catch=   838103.243713060     
 Abd=  2.7822132E+07
 Catch=   114987.006924526     
 Abd=  3.4955816E+07
 Catch=   200065.545446659     
 Time step =         1947
 Abd=  2.7232558E+07
 Catch=   417333.100387229     
 Abd=   1293904.    
 Catch=   11969.6819139879     
 Abd=   892216.0    
 Catch=   31939.6245904779     
 Abd=   3124235.    
 Catch=   20803.3619896529     
 Abd=   370187.3    
 Catch=   8319.31198882836     
 Abd=   275.1803    
 Catch=  0.950321535133538     
 Abd=   165265.2    
 Catch=   478.388615055289     
 Abd=   558813.2    
 Catch=   34005.5315470277     
 Abd=   908900.9    
 Catch=   57197.3252207600     
 Abd=   477600.8    
 Catch=   3104.87831143276     
 Abd=   29714.73    
 Catch=   74.2085798378250     
 Abd=  1.8227046E+07
 Catch=   191083.177705747     
 Abd=  1.0506364E+07
 Catch=   101183.843063808     
 Abd=   1445002.    
 Catch=   33177.3646035973     
 Abd=   4896960.    
 Catch=   92682.4518276679     
 Abd=   1695292.    
 Catch=   20677.0092164750     
 Abd=  1.1537488E+08
 Catch=   2500884.84029487     
 Abd=  1.7287092E+07
 Catch=   111813.240549694     
 Abd=  2.0751262E+07
 Catch=   172373.982967352     
 Abd=   1769562.    
 Catch=   21818.1628668748     
 Abd=   3901892.    
 Catch=   18134.8149116772     
 Abd=   682671.9    
 Catch=   32447.4529720040     
 Abd=   872566.5    
 Catch=   51757.2919256467     
 Abd=   169529.5    
 Catch=   5881.42769149940     
 Abd=   3898.600    
 Catch=   352.464453107180     
 Abd=   9662081.    
 Catch=   193557.229442208     
 Abd=   1089067.    
 Catch=   20479.0192699621     
 Abd=  3.1083236E+07
 Catch=   352935.786625037     
 Abd=   5782754.    
 Catch=   17486.3278200676     
 Abd=   4222134.    
 Catch=   16613.2197729660     
 Abd=   1296689.    
 Catch=   185614.810652890     
 Abd=   1296689.    
 Catch=   185614.810652890     
 Abd=   48422.24    
 Catch=   6853.75232095263     
 Abd=  1.3851322E+07
 Catch=   44938.2691328610     
 Abd=   2744388.    
 Catch=   15823.7011218873     
 Abd=  3.3581030E+08
 Catch=   839563.904737766     
 Abd=  2.7784448E+07
 Catch=   115286.395896976     
 Abd=  3.5083552E+07
 Catch=   199085.061301540     
 Time step =         1948
 Abd=  2.7427984E+07
 Catch=   421307.624027687     
 Abd=   1305830.    
 Catch=   12071.2767614816     
 Abd=   934922.0    
 Catch=   32608.6700618390     
 Abd=   3155358.    
 Catch=   20481.0806250263     
 Abd=   391169.3    
 Catch=   8147.53997634249     
 Abd=   272.0891    
 Catch=  0.940794486732917     
 Abd=   165283.1    
 Catch=   480.519738809707     
 Abd=   592724.6    
 Catch=   35975.2768168866     
 Abd=   987616.2    
 Catch=   57144.1437436570     
 Abd=   483630.5    
 Catch=   3094.73246584962     
 Abd=   29736.21    
 Catch=   73.6991213564528     
 Abd=  1.8197836E+07
 Catch=   190541.110443692     
 Abd=  1.0555716E+07
 Catch=   102662.045417370     
 Abd=   1457389.    
 Catch=   33788.7970280132     
 Abd=   5103162.    
 Catch=   93084.8248960050     
 Abd=   1709166.    
 Catch=   20839.0174241563     
 Abd=  1.1820663E+08
 Catch=   2568928.47373415     
 Abd=  1.7414514E+07
 Catch=   110559.382661308     
 Abd=  2.0760180E+07
 Catch=   171208.757283024     
 Abd=   1803727.    
 Catch=   22237.0655582804     
 Abd=   3977843.    
 Catch=   18451.9861855524     
 Abd=   737597.4    
 Catch=   33754.6745413835     
 Abd=   965230.5    
 Catch=   50722.8004532600     
 Abd=   172086.4    
 Catch=   5930.15310149749     
 Abd=   5997.017    
 Catch=   617.746967726195     
 Abd=   9571138.    
 Catch=   189731.725197939     
 Abd=   1074835.    
 Catch=   20146.8566484033     
 Abd=  3.1407660E+07
 Catch=   354825.605822012     
 Abd=   5792546.    
 Catch=   17506.2199649934     
 Abd=   4244288.    
 Catch=   16599.3747866579     
 Abd=   1408580.    
 Catch=   167028.670922571     
 Abd=   1408580.    
 Catch=   167028.670922571     
 Abd=   51970.55    
 Catch=   6559.76587445465     
 Abd=  1.4078288E+07
 Catch=   44837.1692514405     
 Abd=   2715497.    
 Catch=   15491.7066707142     
 Abd=  3.3639818E+08
 Catch=   841136.020438643     
 Abd=  2.7859184E+07
 Catch=   115468.482046039     
 Abd=  3.4906460E+07
 Catch=   199364.137804182     
 Time step =         1949
 Abd=  2.7691436E+07
 Catch=   432056.442687260     
 Abd=   1316886.    
 Catch=   12046.5149381722     
 Abd=   954055.9    
 Catch=   32344.6879021383     
 Abd=   3104862.    
 Catch=   20342.9253307050     
 Abd=   382697.1    
 Catch=   8105.10198085423     
 Abd=   269.3651    
 Catch=  0.934561307719127     
 Abd=   166032.7    
 Catch=   479.497638239936     
 Abd=   626861.4    
 Catch=   34116.7860363631     
 Abd=   985642.9    
 Catch=   56936.6295397070     
 Abd=   481919.1    
 Catch=   3144.01304635497     
 Abd=   29528.06    
 Catch=   73.7596560024892     
 Abd=  1.8145948E+07
 Catch=   190673.596538271     
 Abd=  1.0711080E+07
 Catch=   104138.446895650     
 Abd=   1484371.    
 Catch=   34203.3146633592     
 Abd=   5122299.    
 Catch=   94406.1996666972     
 Abd=   1722492.    
 Catch=   20565.9487527666     
 Abd=  1.2141648E+08
 Catch=   2522222.44546368     
 Abd=  1.7213530E+07
 Catch=   110663.549996622     
 Abd=  2.0617364E+07
 Catch=   171619.499529345     
 Abd=   1838323.    
 Catch=   22138.0269182029     
 Abd=   4047436.    
 Catch=   18898.8891920183     
 Abd=   766832.9    
 Catch=   32549.0485911547     
 Abd=   944549.5    
 Catch=   48910.8165821893     
 Abd=   173486.1    
 Catch=   5977.35419375658     
 Abd=   10474.14    
 Catch=   427.969360633699     
 Abd=   9380288.    
 Catch=   192046.885847063     
 Abd=   1057214.    
 Catch=   19637.8077356130     
 Abd=  3.1572198E+07
 Catch=   357210.163890411     
 Abd=   5799084.    
 Catch=   17526.1766423415     
 Abd=   4240350.    
 Catch=   16580.0520389001     
 Abd=   1267697.    
 Catch=   180267.261106897     
 Abd=   1267697.    
 Catch=   180267.261106897     
 Abd=   49732.02    
 Catch=   5915.72190873541     
 Abd=  1.4041443E+07
 Catch=   44636.6378173864     
 Abd=   2657760.    
 Catch=   15364.9264005591     
 Abd=  3.3703030E+08
 Catch=   839425.760844857     
 Abd=  2.7902222E+07
 Catch=   114840.145892184     
 Abd=  3.4959008E+07
 Catch=   198980.609950006     
 Time step =         1950
 Abd=  2.8405756E+07
 Catch=   443778.694206662     
 Abd=   1313925.    
 Catch=   12137.1230920382     
 Abd=   945937.9    
 Catch=   32764.8389717044     
 Abd=   3084664.    
 Catch=   20320.9907978665     
 Abd=   380742.1    
 Catch=   9222.99989318695     
 Abd=   267.6058    
 Catch=  0.932189017053230     
 Abd=   165659.0    
 Catch=   480.760857253663     
 Abd=   593817.6    
 Catch=   34526.7815978218     
 Abd=   981966.1    
 Catch=   57221.3717067334     
 Abd=   489763.2    
 Catch=   3160.99514448674     
 Abd=   29557.00    
 Catch=   73.8673857615315     
 Abd=  1.8160024E+07
 Catch=   191785.978148437     
 Abd=  1.0864690E+07
 Catch=   104036.136314698     
 Abd=   1502452.    
 Catch=   33567.6845730085     
 Abd=   5195775.    
 Catch=   97432.9169620473     
 Abd=   1699346.    
 Catch=   20771.8435283866     
 Abd=  1.1912338E+08
 Catch=   2612373.96560575     
 Abd=  1.7233872E+07
 Catch=   112960.261821300     
 Abd=  2.0670464E+07
 Catch=   173021.553988157     
 Abd=   1829353.    
 Catch=   22407.1613998932     
 Abd=   4145811.    
 Catch=   19559.3709630520     
 Abd=   738803.9    
 Catch=   33945.4571211565     
 Abd=   910355.5    
 Catch=   47996.2468090815     
 Abd=   174897.1    
 Catch=   5815.23846384124     
 Abd=   7175.351    
 Catch=   740.177702749269     
 Abd=   9499898.    
 Catch=   192020.570631302     
 Abd=   1030324.    
 Catch=   20393.5595906053     
 Abd=  3.1785288E+07
 Catch=   357443.665157235     
 Abd=   5805686.    
 Catch=   17560.9779791162     
 Abd=   4235251.    
 Catch=   16591.8410049979     
 Abd=   1368110.    
 Catch=   220775.747606556     
 Abd=   1368110.    
 Catch=   220775.747606556     
 Abd=   44842.90    
 Catch=   6785.84670986981     
 Abd=  1.3978466E+07
 Catch=   44659.9422471523     
 Abd=   2636993.    
 Catch=   15596.9022087434     
 Abd=  3.3632429E+08
 Catch=   842362.011322310     
 Abd=  2.7746880E+07
 Catch=   115093.265287968     
 Abd=  3.4889944E+07
 Catch=   199330.991081841     
 Time step =         1951
 Abd=  2.9176776E+07
 Catch=   453622.123346052     
 Abd=   1324047.    
 Catch=   12006.2868195131     
 Abd=   958510.5    
 Catch=   31262.2272583434     
 Abd=   3081392.    
 Catch=   20211.1363540522     
 Abd=   434288.7    
 Catch=   9239.45161714143     
 Abd=   266.9434    
 Catch=  0.927757405309507     
 Abd=   166110.8    
 Catch=   480.325748634655     
 Abd=   601337.8    
 Catch=   33100.4359618065     
 Abd=   986965.2    
 Catch=   56286.2703503050     
 Abd=   492310.7    
 Catch=   3124.06726914705     
 Abd=   29599.85    
 Catch=   74.6115942164727     
 Abd=  1.8267740E+07
 Catch=   191667.474225823     
 Abd=  1.0852271E+07
 Catch=   104536.565738626     
 Abd=   1473799.    
 Catch=   34387.0397257256     
 Abd=   5363780.    
 Catch=   90091.4047652642     
 Abd=   1717043.    
 Catch=   20173.4767634336     
 Abd=  1.2348410E+08
 Catch=   2518256.54004407     
 Abd=  1.7597850E+07
 Catch=   112494.760555484     
 Abd=  2.0841724E+07
 Catch=   175990.224400942     
 Abd=   1852147.    
 Catch=   21884.5641171234     
 Abd=   4291664.    
 Catch=   19939.3876355231     
 Abd=   771193.7    
 Catch=   32044.2548915785     
 Abd=   893831.9    
 Catch=   47063.1286875896     
 Abd=   170086.8    
 Catch=   5792.82096832066     
 Abd=   12540.24    
 Catch=   451.348884479662     
 Abd=   9497726.    
 Catch=   194784.787698697     
 Abd=   1071064.    
 Catch=   18956.9698245182     
 Abd=  3.1802738E+07
 Catch=   354789.004662803     
 Abd=   5817320.    
 Catch=   17570.3171415754     
 Abd=   4238456.    
 Catch=   16569.6900685741     
 Abd=   1676578.    
 Catch=   179327.946888248     
 Abd=   1676578.    
 Catch=   179327.946888248     
 Abd=   51467.24    
 Catch=   6222.70474607075     
 Abd=  1.3986983E+07
 Catch=   43857.3884834474     
 Abd=   2677560.    
 Catch=   15955.0263278726     
 Abd=  3.3753338E+08
 Catch=   843243.638892563     
 Abd=  2.7812020E+07
 Catch=   114912.973024575     
 Abd=  3.4953104E+07
 Catch=   200233.288693963     
 Time step =         1952
 Abd=  2.9820988E+07
 Catch=   449592.377528836     
 Abd=   1309353.    
 Catch=   12003.3782703822     
 Abd=   914087.9    
 Catch=   32092.7101999364     
 Abd=   3064551.    
 Catch=   20358.1959014503     
 Abd=   434052.1    
 Catch=   8273.10591398662     
 Abd=   265.6704    
 Catch=  0.921987967111883     
 Abd=   165948.0    
 Catch=   478.891231591132     
 Abd=   576399.1    
 Catch=   33687.0816575127     
 Abd=   970865.9    
 Catch=   54612.8016256036     
 Abd=   486523.0    
 Catch=   3053.26875452647     
 Abd=   29904.25    
 Catch=   74.4544916637938     
 Abd=  1.8253972E+07
 Catch=   188573.661260321     
 Abd=  1.0905006E+07
 Catch=   105818.937970903     
 Abd=   1510834.    
 Catch=   35394.0365464575     
 Abd=   4951378.    
 Catch=   93349.4437662855     
 Abd=   1666470.    
 Catch=   20351.6904787051     
 Abd=  1.1891442E+08
 Catch=   2499559.79223664     
 Abd=  1.7517220E+07
 Catch=   111812.970771194     
 Abd=  2.1202812E+07
 Catch=   173385.918242374     
 Abd=   1807886.    
 Catch=   21750.5370123741     
 Abd=   4374045.    
 Catch=   20530.1548537484     
 Abd=   727340.1    
 Catch=   32632.5201683603     
 Abd=   877056.8    
 Catch=   49857.7737222148     
 Abd=   169453.2    
 Catch=   5639.54290741103     
 Abd=   7590.318    
 Catch=   336.403648442424     
 Abd=   9636612.    
 Catch=   188741.622257192     
 Abd=   994086.4    
 Catch=   21182.5231677314     
 Abd=  3.1562156E+07
 Catch=   356473.737077128     
 Abd=   5820233.    
 Catch=   17601.2059979015     
 Abd=   4232629.    
 Catch=   16572.4782667224     
 Abd=   1360443.    
 Catch=   200674.380704199     
 Abd=   1360443.    
 Catch=   200674.380704199     
 Abd=   47169.12    
 Catch=   7001.83354437609     
 Abd=  1.3730686E+07
 Catch=   43693.9053366434     
 Abd=   2739676.    
 Catch=   16226.4033854499     
 Abd=  3.3786797E+08
 Catch=   842542.600347652     
 Abd=  2.7766598E+07
 Catch=   115210.293565238     
 Abd=  3.5113464E+07
 Catch=   199825.657043842     
 Time step =         1953
 Abd=  2.9539198E+07
 Catch=   441934.848755826     
 Abd=   1309293.    
 Catch=   12111.4169418438     
 Abd=   939270.5    
 Catch=   32514.4629802819     
 Abd=   3087641.    
 Catch=   20501.5875823803     
 Abd=   388059.7    
 Catch=   9555.88157392500     
 Abd=   264.0093    
 Catch=  0.902650670374883     
 Abd=   165447.1    
 Catch=   480.586890746314     
 Abd=   587338.1    
 Catch=   35558.2881340773     
 Abd=   942324.1    
 Catch=   57685.2370867475     
 Abd=   475290.2    
 Catch=   3049.83057684111     
 Abd=   29833.88    
 Catch=   74.1044467478258     
 Abd=  1.7954346E+07
 Catch=   186811.446318676     
 Abd=  1.1040027E+07
 Catch=   106145.679964320     
 Abd=   1555178.    
 Catch=   35357.7468521997     
 Abd=   5139508.    
 Catch=   94665.9256766144     
 Abd=   1682278.    
 Catch=   20879.8006967115     
 Abd=  1.1808790E+08
 Catch=   2608378.58980416     
 Abd=  1.7410588E+07
 Catch=   112478.917264759     
 Abd=  2.0876312E+07
 Catch=   171083.661514347     
 Abd=   1797383.    
 Catch=   22181.1191889116     
 Abd=   4504011.    
 Catch=   21100.7696597523     
 Abd=   741377.1    
 Catch=   34213.9266027332     
 Abd=   930005.9    
 Catch=   50640.3436724558     
 Abd=   164953.6    
 Catch=   5566.15357280258     
 Abd=   5689.977    
 Catch=   570.218254870904     
 Abd=   9329711.    
 Catch=   183986.564583036     
 Abd=   1114103.    
 Catch=   20825.3062249425     
 Abd=  3.1719612E+07
 Catch=   355813.240210968     
 Abd=   5830618.    
 Catch=   17619.6614929390     
 Abd=   4233432.    
 Catch=   16519.1805704050     
 Abd=   1523645.    
 Catch=   191361.081044690     
 Abd=   1523645.    
 Catch=   191361.081044690     
 Abd=   53101.24    
 Catch=   6247.96324598064     
 Abd=  1.3683328E+07
 Catch=   44421.9969534980     
 Abd=   2785985.    
 Catch=   16410.6274399669     
 Abd=  3.3757549E+08
 Catch=   846382.176407380     
 Abd=  2.7841058E+07
 Catch=   115344.395090009     
 Abd=  3.5037464E+07
 Catch=   200042.061271966     
 Time step =         1954
 Abd=  2.9032816E+07
 Catch=   439096.644518458     
 Abd=   1321282.    
 Catch=   11965.5033265845     
 Abd=   951277.9    
 Catch=   31111.7601060898     
 Abd=   3109248.    
 Catch=   20386.7181533051     
 Abd=   450086.8    
 Catch=   8264.60433855304     
 Abd=   258.3922    
 Catch=  0.877726202044998     
 Abd=   166054.8    
 Catch=   480.137588980185     
 Abd=   619620.0    
 Catch=   33409.4476351513     
 Abd=   995625.1    
 Catch=   55679.3296117487     
 Abd=   474939.6    
 Catch=   3023.60758161167     
 Abd=   29691.21    
 Catch=   74.1298281527029     
 Abd=  1.7789016E+07
 Catch=   185534.512951651     
 Abd=  1.1072806E+07
 Catch=   105468.194285521     
 Abd=   1552852.    
 Catch=   34323.2679176227     
 Abd=   5209946.    
 Catch=   93772.4473917970     
 Abd=   1726457.    
 Catch=   20720.7252332196     
 Abd=  1.2331606E+08
 Catch=   2523566.56415479     
 Abd=  1.7518618E+07
 Catch=   112408.617817008     
 Abd=  2.0599644E+07
 Catch=   170498.509243180     
 Abd=   1833730.    
 Catch=   21722.2518183369     
 Abd=   4629025.    
 Catch=   21544.9376262214     
 Abd=   777374.6    
 Catch=   31749.8293883010     
 Abd=   943448.6    
 Catch=   49583.8099545399     
 Abd=   162811.5    
 Catch=   5632.78777993264     
 Abd=   9676.627    
 Catch=   352.422822582255     
 Abd=   9096057.    
 Catch=   177870.985129476     
 Abd=   1092788.    
 Catch=   18911.1027689836     
 Abd=  3.1656734E+07
 Catch=   353027.900692803     
 Abd=   5836640.    
 Catch=   17576.7972904744     
 Abd=   4219707.    
 Catch=   16344.1848014907     
 Abd=   1452272.    
 Catch=   208467.828968239     
 Abd=   1452272.    
 Catch=   208467.828968239     
 Abd=   47359.00    
 Catch=   6364.62845851764     
 Abd=  1.3916874E+07
 Catch=   43653.6133663376     
 Abd=   2817396.    
 Catch=   16189.9342541257     
 Abd=  3.3915066E+08
 Catch=   846965.518792129     
 Abd=  2.7872266E+07
 Catch=   115233.563494744     
 Abd=  3.5077896E+07
 Catch=   201098.718033837     
 Time step =         1955
 Abd=  2.8852904E+07
 Catch=   435058.862554693     
 Abd=   1304864.    
 Catch=   11923.8190332106     
 Abd=   909596.9    
 Catch=   30925.3092879056     
 Abd=   3091200.    
 Catch=   20489.4724633532     
 Abd=   387440.9    
 Catch=   7392.33929848402     
 Abd=   251.2350    
 Catch=  0.862222974873453     
 Abd=   165882.9    
 Catch=   479.215719065069     
 Abd=   581594.8    
 Catch=   32570.1726665819     
 Abd=   960142.1    
 Catch=   56250.8082116428     
 Abd=   470789.9    
 Catch=   3004.25512968783     
 Abd=   29704.40    
 Catch=   74.0513261469444     
 Abd=  1.7668560E+07
 Catch=   184560.730931337     
 Abd=  1.1000371E+07
 Catch=   105941.473014770     
 Abd=   1506756.    
 Catch=   33626.3377222091     
 Abd=   5158982.    
 Catch=   93622.1135454288     
 Abd=   1712342.    
 Catch=   20952.1777071817     
 Abd=  1.1916699E+08
 Catch=   2492846.22940206     
 Abd=  1.7505066E+07
 Catch=   110625.789371402     
 Abd=  2.0533192E+07
 Catch=   168805.246178948     
 Abd=   1794524.    
 Catch=   21774.8476462242     
 Abd=   4725976.    
 Catch=   21628.9205264836     
 Abd=   720447.0    
 Catch=   31608.7661131971     
 Abd=   923434.6    
 Catch=   50696.2679159492     
 Abd=   164828.6    
 Catch=   5614.94030878686     
 Abd=   5928.189    
 Catch=   534.704177798922     
 Abd=   8792020.    
 Catch=   177151.100086605     
 Abd=   991353.0    
 Catch=   19103.3308047774     
 Abd=  3.1405476E+07
 Catch=   355207.896522518     
 Abd=   5822038.    
 Catch=   17618.4375559092     
 Abd=   4174342.    
 Catch=   16374.2498782490     
 Abd=   1582371.    
 Catch=   185838.493127974     
 Abd=   1582371.    
 Catch=   185838.493127974     
 Abd=   48256.67    
 Catch=   5877.39684497125     
 Abd=  1.3667010E+07
 Catch=   44064.6918689913     
 Abd=   2778348.    
 Catch=   16375.8536965580     
 Abd=  3.3935699E+08
 Catch=   848381.724499903     
 Abd=  2.7844538E+07
 Catch=   114532.941694719     
 Abd=  3.5265760E+07
 Catch=   199954.899322280     
 Time step =         1956
 Abd=  2.8584500E+07
 Catch=   435993.011515848     
 Abd=   1300530.    
 Catch=   12020.5631051283     
 Abd=   904634.8    
 Catch=   31802.1734228047     
 Abd=   3107463.    
 Catch=   20333.5514210537     
 Abd=   346848.9    
 Catch=   8459.24983278666     
 Abd=   246.8481    
 Catch=  0.863672648828732     
 Abd=   165565.2    
 Catch=   479.121289576511     
 Abd=   567323.2    
 Catch=   34905.8697607599     
 Abd=   970758.8    
 Catch=   56211.5150641458     
 Abd=   467816.4    
 Catch=   3028.16819840964     
 Abd=   29672.05    
 Catch=   74.4621649799739     
 Abd=  1.7575456E+07
 Catch=   186236.266387343     
 Abd=  1.1051872E+07
 Catch=   106144.373278207     
 Abd=   1476428.    
 Catch=   33546.9312536583     
 Abd=   5151948.    
 Catch=   94656.7583630042     
 Abd=   1732092.    
 Catch=   21262.8780814387     
 Abd=  1.1776292E+08
 Catch=   2539837.70986385     
 Abd=  1.7222064E+07
 Catch=   111896.374103727     
 Abd=  2.0326652E+07
 Catch=   170778.486081176     
 Abd=   1799649.    
 Catch=   22094.0512958597     
 Abd=   4743088.    
 Catch=   21421.3379183514     
 Abd=   717850.8    
 Catch=   32948.5464426792     
 Abd=   944839.2    
 Catch=   50145.2264193977     
 Abd=   164284.7    
 Catch=   5668.77083766278     
 Abd=   9125.136    
 Catch=   654.795923066181     
 Abd=   8760687.    
 Catch=   181756.393654894     
 Abd=   1002981.    
 Catch=   19656.4069037297     
 Abd=  3.1607920E+07
 Catch=   356508.684928094     
 Abd=   5836389.    
 Catch=   17621.7169405817     
 Abd=   4182958.    
 Catch=   16492.0416678549     
 Abd=   1409923.    
 Catch=   182076.946508478     
 Abd=   1409923.    
 Catch=   182076.946508478     
 Abd=   44549.54    
 Catch=   6910.08854284599     
 Abd=  1.3802868E+07
 Catch=   43269.4769080424     
 Abd=   2811290.    
 Catch=   16511.3520786844     
 Abd=  3.3993277E+08
 Catch=   849921.037901076     
 Abd=  2.7672400E+07
 Catch=   114497.827122187     
 Abd=  3.5058300E+07
 Catch=   198811.466416856     
 Time step =         1957
 Abd=  2.8653148E+07
 Catch=   417941.672880657     
 Abd=   1311351.    
 Catch=   11974.0703581750     
 Abd=   930575.1    
 Catch=   31024.2758906737     
 Abd=   3082843.    
 Catch=   20209.1741997876     
 Abd=   398373.6    
 Catch=   9264.77360044707     
 Abd=   247.3519    
 Catch=  0.866058027043779     
 Abd=   165537.9    
 Catch=   478.560211895554     
 Abd=   608285.7    
 Catch=   33256.6360619144     
 Abd=   969617.8    
 Catch=   54562.1908546496     
 Abd=   471683.6    
 Catch=   3000.45415075423     
 Abd=   29840.61    
 Catch=   74.1898914689229     
 Abd=  1.7739780E+07
 Catch=   183413.671722885     
 Abd=  1.1072371E+07
 Catch=   106550.100200040     
 Abd=   1473355.    
 Catch=   33511.7776408778     
 Abd=   5209634.    
 Catch=   93666.8979645700     
 Abd=   1757868.    
 Catch=   21604.9610108578     
 Abd=  1.2003077E+08
 Catch=   2528686.71681797     
 Abd=  1.7429112E+07
 Catch=   112409.025048961     
 Abd=  2.0572596E+07
 Catch=   168973.788998623     
 Abd=   1826367.    
 Catch=   21907.3091173034     
 Abd=   4696795.    
 Catch=   20349.1462701803     
 Abd=   748607.9    
 Catch=   32390.5627183174     
 Abd=   933852.1    
 Catch=   46514.4028495266     
 Abd=   165880.1    
 Catch=   5671.29866766348     
 Abd=   11088.32    
 Catch=   626.388538111678     
 Abd=   8993636.    
 Catch=   177609.662979302     
 Abd=   1032264.    
 Catch=   19106.7471755435     
 Abd=  3.1721422E+07
 Catch=   356249.944323794     
 Abd=   5837216.    
 Catch=   17627.5255239614     
 Abd=   4213466.    
 Catch=   16490.8726709658     
 Abd=   1380949.    
 Catch=   213824.583089692     
 Abd=   1380949.    
 Catch=   213824.583089692     
 Abd=   52405.47    
 Catch=   5945.57062257354     
 Abd=  1.3546510E+07
 Catch=   43321.6968121190     
 Abd=   2834159.    
 Catch=   16801.2801181863     
 Abd=  3.4055030E+08
 Catch=   852413.977477286     
 Abd=  2.7666656E+07
 Catch=   114229.922543531     
 Abd=  3.4858156E+07
 Catch=   199042.769484898     
 Time step =         1958
 Abd=  2.7453600E+07
 Catch=   399468.900918450     
 Abd=   1305983.    
 Catch=   11986.5118319965     
 Abd=   907208.9    
 Catch=   32389.8640515514     
 Abd=   3064200.    
 Catch=   20327.3995085259     
 Abd=   435951.0    
 Catch=   8735.39472399685     
 Abd=   248.0318    
 Catch=  0.863691248968459     
 Abd=   165336.0    
 Catch=   478.502526261643     
 Abd=   578990.6    
 Catch=   35193.4455107025     
 Abd=   940892.8    
 Catch=   56660.4083167618     
 Abd=   467178.1    
 Catch=   2956.81795212344     
 Abd=   29725.97    
 Catch=   73.4879776633130     
 Abd=  1.7463144E+07
 Catch=   180803.654433540     
 Abd=  1.1114630E+07
 Catch=   108213.080735516     
 Abd=   1471767.    
 Catch=   34727.5601966339     
 Abd=   5153031.    
 Catch=   94917.1708562419     
 Abd=   1786045.    
 Catch=   21691.0659123645     
 Abd=  1.1946054E+08
 Catch=   2533449.65004464     
 Abd=  1.7506772E+07
 Catch=   112390.826325026     
 Abd=  2.0346758E+07
 Catch=   164838.428299518     
 Abd=   1810196.    
 Catch=   21966.6892818030     
 Abd=   4458607.    
 Catch=   19100.1388433103     
 Abd=   735440.8    
 Catch=   32661.7336194414     
 Abd=   865908.5    
 Catch=   51381.9299233230     
 Abd=   165910.4    
 Catch=   5723.77932960557     
 Abd=   10536.39    
 Catch=   406.323279977719     
 Abd=   8780682.    
 Catch=   171304.972468079     
 Abd=   1002483.    
 Catch=   20477.5567129861     
 Abd=  3.1695640E+07
 Catch=   356630.462719279     
 Abd=   5839156.    
 Catch=   17646.5723108586     
 Abd=   4212586.    
 Catch=   16501.4206207166     
 Abd=   1622858.    
 Catch=   221983.242280149     
 Abd=   1622858.    
 Catch=   221983.242280149     
 Abd=   45063.05    
 Catch=   7336.03344307716     
 Abd=  1.3568025E+07
 Catch=   43292.9965943516     
 Abd=   2884544.    
 Catch=   16766.9755850976     
 Abd=  3.4155507E+08
 Catch=   851869.223382058     
 Abd=  2.7600998E+07
 Catch=   114524.306502668     
 Abd=  3.4902432E+07
 Catch=   200030.938230708     
 Time step =         1959
 Abd=  2.6231796E+07
 Catch=   386194.504672470     
 Abd=   1307472.    
 Catch=   11992.1444495890     
 Abd=   947947.0    
 Catch=   31617.2149863295     
 Abd=   3082775.    
 Catch=   20282.1018616162     
 Abd=   410004.8    
 Catch=   9645.84274690157     
 Abd=   247.3338    
 Catch=  0.864792234496778     
 Abd=   165321.6    
 Catch=   476.820182143406     
 Abd=   613424.4    
 Catch=   33607.2993772984     
 Abd=   977713.8    
 Catch=   55785.4315876144     
 Abd=   460338.8    
 Catch=   2942.09065190308     
 Abd=   29442.69    
 Catch=   73.0484733917742     
 Abd=  1.7215344E+07
 Catch=   177991.605530335     
 Abd=  1.1290482E+07
 Catch=   108281.019514526     
 Abd=   1526098.    
 Catch=   34985.0797242277     
 Abd=   5223829.    
 Catch=   93551.5128699243     
 Abd=   1792876.    
 Catch=   21817.1621049376     
 Abd=  1.1969458E+08
 Catch=   2535170.30739525     
 Abd=  1.7502194E+07
 Catch=   113252.874773856     
 Abd=  1.9843796E+07
 Catch=   163130.868533394     
 Abd=   1815472.    
 Catch=   21890.0924563286     
 Abd=   4184070.    
 Catch=   18231.1546898989     
 Abd=   741779.4    
 Catch=   32700.5601656796     
 Abd=   958172.9    
 Catch=   49281.8887219613     
 Abd=   167476.5    
 Catch=   5753.43609158459     
 Abd=   6828.554    
 Catch=   417.097098765701     
 Abd=   8467258.    
 Catch=   166106.838552066     
 Abd=   1076129.    
 Catch=   19889.6103447530     
 Abd=  3.1730560E+07
 Catch=   356205.683264794     
 Abd=   5845563.    
 Catch=   17644.3522924861     
 Abd=   4215362.    
 Catch=   16590.5399111880     
 Abd=   1683725.    
 Catch=   276135.181171444     
 Abd=   1683725.    
 Catch=   276135.181171444     
 Abd=   55648.61    
 Catch=   6429.59878648538     
 Abd=  1.3558615E+07
 Catch=   43290.3232045065     
 Abd=   2877924.    
 Catch=   16966.8253402892     
 Abd=  3.4131190E+08
 Catch=   853544.958525185     
 Abd=  2.7674698E+07
 Catch=   114194.551892966     
 Abd=  3.5077880E+07
 Catch=   200758.243989639     
 Time step =         1960
 Abd=  2.5364250E+07
 Catch=   386179.861868603     
 Abd=   1308060.    
 Catch=   11956.5863262201     
 Abd=   924527.3    
 Catch=   31894.6625148995     
 Abd=   3075423.    
 Catch=   20163.1380762531     
 Abd=   453941.1    
 Catch=   7906.70868179879     
 Abd=   247.6706    
 Catch=  0.869447728130154     
 Abd=   164730.2    
 Catch=   476.852896135993     
 Abd=   585057.2    
 Catch=   33634.4331908884     
 Abd=   962124.9    
 Catch=   55808.9935548839     
 Abd=   458131.6    
 Catch=   2969.99678969971     
 Abd=   29267.42    
 Catch=   73.0549720296262     
 Abd=  1.6946888E+07
 Catch=   180317.905056230     
 Abd=  1.1294840E+07
 Catch=   109981.728955253     
 Abd=   1536630.    
 Catch=   35965.4030409488     
 Abd=   5146481.    
 Catch=   95621.2789725300     
 Abd=   1803257.    
 Catch=   21967.7649332960     
 Abd=  1.1977139E+08
 Catch=   2490484.61434519     
 Abd=  1.7639140E+07
 Catch=   111597.387125003     
 Abd=  1.9643362E+07
 Catch=   163729.072754838     
 Abd=   1808926.    
 Catch=   21789.1217750690     
 Abd=   3994812.    
 Catch=   17942.1798715515     
 Abd=   742577.4    
 Catch=   31951.0676705974     
 Abd=   917628.7    
 Catch=   52292.9031122009     
 Abd=   168303.4    
 Catch=   5851.69252374245     
 Abd=   7018.432    
 Catch=   425.641948720344     
 Abd=   8211244.    
 Catch=   170942.993843856     
 Abd=   1043489.    
 Catch=   21201.6777156210     
 Abd=  3.1691632E+07
 Catch=   356089.569810934     
 Abd=   5844678.    
 Catch=   17631.2364269959     
 Abd=   4238489.    
 Catch=   16579.0574441547     
 Abd=   2096857.    
 Catch=   207740.148018361     
 Abd=   2096857.    
 Catch=   207740.148018361     
 Abd=   48735.93    
 Catch=   7646.79668524583     
 Abd=  1.3557680E+07
 Catch=   42845.9977933630     
 Abd=   2912563.    
 Catch=   16961.0656771947     
 Abd=  3.4200179E+08
 Catch=   852162.929654979     
 Abd=  2.7591940E+07
 Catch=   114384.815952647     
 Abd=  3.5204824E+07
 Catch=   200401.160043540     
 Time step =         1961
 Abd=  2.5378674E+07
 Catch=   390582.129815843     
 Abd=   1304111.    
 Catch=   12104.7492223643     
 Abd=   933057.8    
 Catch=   32688.1938258938     
 Abd=   3057188.    
 Catch=   20280.7819562338     
 Abd=   370530.6    
 Catch=   9348.36337760181     
 Abd=   249.0211    
 Catch=  0.869079004287846     
 Abd=   164753.0    
 Catch=   477.918500429805     
 Abd=   585980.1    
 Catch=   35684.3506247180     
 Abd=   962782.1    
 Catch=   57656.8600250730     
 Abd=   462604.9    
 Catch=   3007.16780183382     
 Abd=   29273.86    
 Catch=   72.9840178622113     
 Abd=  1.7177368E+07
 Catch=   182763.655159137     
 Abd=  1.1474835E+07
 Catch=   109786.357190110     
 Abd=   1580226.    
 Catch=   35287.8063194381     
 Abd=   5263406.    
 Catch=   98835.3902730520     
 Abd=   1815824.    
 Catch=   22033.7974946981     
 Abd=  1.1763421E+08
 Catch=   2596375.94948177     
 Abd=  1.7374010E+07
 Catch=   113913.035239697     
 Abd=  1.9720536E+07
 Catch=   164704.790469861     
 Abd=   1800583.    
 Catch=   22222.0467685060     
 Abd=   3932867.    
 Catch=   18027.5088348980     
 Abd=   725420.8    
 Catch=   34339.1978022860     
 Abd=   974638.1    
 Catch=   53491.5585027525     
 Abd=   171219.3    
 Catch=   5881.66909010950     
 Abd=   7187.273    
 Catch=   681.018907740518     
 Abd=   8458082.    
 Catch=   176774.059516743     
 Abd=   1114052.    
 Catch=   21662.2988727147     
 Abd=  3.1682092E+07
 Catch=   356944.508132698     
 Abd=   5840274.    
 Catch=   17607.0185040476     
 Abd=   4235070.    
 Catch=   16650.8287485403     
 Abd=   1575756.    
 Catch=   240238.872147542     
 Abd=   1575756.    
 Catch=   240238.872147542     
 Abd=   57998.84    
 Catch=   7589.90274954125     
 Abd=  1.3415947E+07
 Catch=   42593.7849872916     
 Abd=   2911151.    
 Catch=   17043.5810729281     
 Abd=  3.4142374E+08
 Catch=   853401.431580927     
 Abd=  2.7640522E+07
 Catch=   114791.374575860     
 Abd=  3.5139008E+07
 Catch=   200296.825738057     
 Time step =         1962
 Abd=  2.5671452E+07
 Catch=   399198.305143157     
 Abd=   1320638.    
 Catch=   11998.4786950091     
 Abd=   956462.8    
 Catch=   31668.0477996267     
 Abd=   3075713.    
 Catch=   20540.5754263123     
 Abd=   440603.6    
 Catch=   8390.15006322049     
 Abd=   248.8827    
 Catch=  0.867586374046947     
 Abd=   165128.5    
 Catch=   477.353973268249     
 Abd=   621831.0    
 Catch=   33422.0807065719     
 Abd=   994826.6    
 Catch=   54706.2045988757     
 Abd=   468423.9    
 Catch=   3011.61972432282     
 Abd=   29245.18    
 Catch=   73.0057528724372     
 Abd=  1.7410454E+07
 Catch=   182534.888772289     
 Abd=  1.1451122E+07
 Catch=   111273.847049760     
 Abd=   1549343.    
 Catch=   35757.8162951203     
 Abd=   5441150.    
 Catch=   92492.7193398885     
 Abd=   1821104.    
 Catch=   21656.0353937845     
 Abd=  1.2274345E+08
 Catch=   2504004.66822803     
 Abd=  1.7746720E+07
 Catch=   112330.690821805     
 Abd=  1.9838790E+07
 Catch=   165315.605176021     
 Abd=   1837111.    
 Catch=   21766.5297909389     
 Abd=   3953163.    
 Catch=   18221.3440691575     
 Abd=   780469.9    
 Catch=   31525.4150599061     
 Abd=   996573.8    
 Catch=   49291.5250107184     
 Abd=   172083.1    
 Catch=   5722.92679328966     
 Abd=   11544.68    
 Catch=   316.313424582598     
 Abd=   8747454.    
 Catch=   177350.106071768     
 Abd=   1137454.    
 Catch=   19411.0445990540     
 Abd=  3.1759540E+07
 Catch=   356558.056157616     
 Abd=   5832166.    
 Catch=   17607.9732654730     
 Abd=   4253843.    
 Catch=   16671.7125588555     
 Abd=   1823250.    
 Catch=   257071.037580269     
 Abd=   1823250.    
 Catch=   257071.037580269     
 Abd=   57551.19    
 Catch=   6819.46819042187     
 Abd=  1.3338330E+07
 Catch=   42278.4947805926     
 Abd=   2925377.    
 Catch=   17092.9826322945     
 Abd=  3.4194150E+08
 Catch=   854901.170954891     
 Abd=  2.7739752E+07
 Catch=   114670.380324835     
 Abd=  3.5121164E+07
 Catch=   200968.744956805     
 Time step =         1963
 Abd=  2.6242020E+07
 Catch=   409107.402938902     
 Abd=   1308531.    
 Catch=   12149.1809139192     
 Abd=   925943.3    
 Catch=   33640.4054037440     
 Abd=   3115522.    
 Catch=   20671.0819462001     
 Abd=   393638.8    
 Catch=   8642.98157766661     
 Abd=   248.4455    
 Catch=  0.863342697889386     
 Abd=   164919.8    
 Catch=   477.542011366904     
 Abd=   581732.1    
 Catch=   36246.2577181669     
 Abd=   943246.1    
 Catch=   59612.7937871733     
 Abd=   469014.8    
 Catch=   3042.87117586288     
 Abd=   29253.77    
 Catch=   73.0105240131437     
 Abd=  1.7384088E+07
 Catch=   184316.669493251     
 Abd=  1.1609268E+07
 Catch=   113224.653470242     
 Abd=   1570740.    
 Catch=   36392.0084087038     
 Abd=   5084123.    
 Catch=   99451.0169561720     
 Abd=   1789275.    
 Catch=   21921.0850204668     
 Abd=  1.1823298E+08
 Catch=   2590517.29130626     
 Abd=  1.7488512E+07
 Catch=   113267.555240810     
 Abd=  1.9911616E+07
 Catch=   166374.534534935     
 Abd=   1798172.    
 Catch=   22269.0064221001     
 Abd=   3996238.    
 Catch=   18353.6466459622     
 Abd=   715236.1    
 Catch=   33895.5147736024     
 Abd=   917407.1    
 Catch=   54376.5590834415     
 Abd=   167357.2    
 Catch=   5906.05672582295     
 Abd=   5321.279    
 Catch=   539.780072763058     
 Abd=   8772221.    
 Catch=   184792.340686177     
 Abd=   1017222.    
 Catch=   20689.5429626187     
 Abd=  3.1723096E+07
 Catch=   356902.239804863     
 Abd=   5832658.    
 Catch=   17613.5861674695     
 Abd=   4258971.    
 Catch=   16676.3415995472     
 Abd=   1951565.    
 Catch=   234454.719381201     
 Abd=   1951565.    
 Catch=   234454.719381201     
 Abd=   51691.87    
 Catch=   7094.99565649353     
 Abd=  1.3238972E+07
 Catch=   42407.6047415219     
 Abd=   2934058.    
 Catch=   17290.3144924226     
 Abd=  3.4254355E+08
 Catch=   853565.981135113     
 Abd=  2.7708110E+07
 Catch=   115535.437325373     
 Abd=  3.5241712E+07
 Catch=   200782.501622927     
 Time step =         1964
 Abd=  2.6896212E+07
 Catch=   411546.245322881     
 Abd=   1325493.    
 Catch=   12151.4479304851     
 Abd=   984805.9    
 Catch=   32261.8017703289     
 Abd=   3135008.    
 Catch=   20495.9412477053     
 Abd=   406496.5    
 Catch=   9526.35549163647     
 Abd=   247.2272    
 Catch=  0.849658328092097     
 Abd=   164993.9    
 Catch=   478.088600557519     
 Abd=   631747.9    
 Catch=   34819.0584431918     
 Abd=   1029210.    
 Catch=   56554.1145074711     
 Abd=   473958.1    
 Catch=   3014.11934375705     
 Abd=   29256.15    
 Catch=   72.6594236194540     
 Abd=  1.7557080E+07
 Catch=   181339.135942393     
 Abd=  1.1813503E+07
 Catch=   113753.964245440     
 Abd=   1598725.    
 Catch=   36114.1558543792     
 Abd=   5478902.    
 Catch=   97811.3492299794     
 Abd=   1812087.    
 Catch=   21603.0760695786     
 Abd=  1.2245715E+08
 Catch=   2611234.16236631     
 Abd=  1.7642046E+07
 Catch=   114488.481730547     
 Abd=  2.0039948E+07
 Catch=   164657.354928445     
 Abd=   1841121.    
 Catch=   22332.8570781409     
 Abd=   4025416.    
 Catch=   18649.4870818144     
 Abd=   770412.5    
 Catch=   33978.9255846152     
 Abd=   1013772.    
 Catch=   51103.4829434422     
 Abd=   172858.3    
 Catch=   5682.27268076213     
 Abd=   9179.092    
 Catch=   597.346710854081     
 Abd=   9146459.    
 Catch=   178973.149407211     
 Abd=   1087156.    
 Catch=   19790.9938709791     
 Abd=  3.1755116E+07
 Catch=   352329.405413971     
 Abd=   5834558.    
 Catch=   17606.1755913283     
 Abd=   4259993.    
 Catch=   16734.2391322486     
 Abd=   1779939.    
 Catch=   244361.074556445     
 Abd=   1779939.    
 Catch=   244361.074556445     
 Abd=   53797.73    
 Catch=   6223.30659757736     
 Abd=  1.3282464E+07
 Catch=   42225.6933763289     
 Abd=   2968207.    
 Catch=   17233.4608181930     
 Abd=  3.4198605E+08
 Catch=   857008.922095409     
 Abd=  2.7921572E+07
 Catch=   115335.198401516     
 Abd=  3.5206552E+07
 Catch=   201668.775737881     
 Time step =         1965
 Abd=  2.7047348E+07
 Catch=   424076.675608131     
 Abd=   1325431.    
 Catch=   11915.1262569603     
 Abd=   943201.3    
 Catch=   30865.7697889148     
 Abd=   3107517.    
 Catch=   20369.1574594136     
 Abd=   448394.4    
 Catch=   8387.52894695997     
 Abd=   243.2557    
 Catch=  0.838471929931324     
 Abd=   165181.9    
 Catch=   475.662875093963     
 Abd=   606174.9    
 Catch=   31633.5490932144     
 Abd=   975050.5    
 Catch=   52666.1381397336     
 Abd=   469302.0    
 Catch=   3012.65730136035     
 Abd=   29112.21    
 Catch=   72.9020939128807     
 Abd=  1.7265390E+07
 Catch=   182692.490714003     
 Abd=  1.1866457E+07
 Catch=   112549.628497026     
 Abd=   1585870.    
 Catch=   34917.1859572869     
 Abd=   5380370.    
 Catch=   92509.5470879692     
 Abd=   1784958.    
 Catch=   21665.9853170635     
 Abd=  1.2338826E+08
 Catch=   2462270.05485510     
 Abd=  1.7833364E+07
 Catch=   114647.534910298     
 Abd=  1.9827052E+07
 Catch=   165466.334990097     
 Abd=   1845710.    
 Catch=   21519.2281912212     
 Abd=   4090668.    
 Catch=   19218.6264264732     
 Abd=   771717.4    
 Catch=   30656.1426848076     
 Abd=   951562.6    
 Catch=   50053.5051718555     
 Abd=   166153.7    
 Catch=   5828.55165668517     
 Abd=   10090.77    
 Catch=   215.800746343764     
 Abd=   8847184.    
 Catch=   181510.093073861     
 Abd=   1038097.    
 Catch=   18972.4962489292     
 Abd=  3.1340658E+07
 Catch=   351389.568987271     
 Abd=   5832010.    
 Catch=   17558.7838761576     
 Abd=   4275090.    
 Catch=   16684.0561097126     
 Abd=   1855028.    
 Catch=   200303.547679738     
 Abd=   1855028.    
 Catch=   200303.547679738     
 Abd=   47170.00    
 Catch=   7557.73857175402     
 Abd=  1.3223297E+07
 Catch=   41918.3522831352     
 Abd=   2957833.    
 Catch=   16682.1597263952     
 Abd=  3.4340502E+08
 Catch=   858293.400934993     
 Abd=  2.7868192E+07
 Catch=   116077.479858871     
 Abd=  3.5365412E+07
 Catch=   201929.245496418     
 Time step =         1966
 Abd=  2.7882898E+07
 Catch=   434598.197616021     
 Abd=   1299199.    
 Catch=   11951.0788934190     
 Abd=   902374.0    
 Catch=   32163.7220927308     
 Abd=   3088682.    
 Catch=   20389.6435076457     
 Abd=   393335.8    
 Catch=   6180.27808322174     
 Abd=   240.0653    
 Catch=  0.834905002568580     
 Abd=   164324.2    
 Catch=   472.097004392888     
 Abd=   550514.2    
 Catch=   33539.3480907562     
 Abd=   907979.8    
 Catch=   55851.2747024946     
 Abd=   469163.2    
 Catch=   3040.45485027692     
 Abd=   29214.23    
 Catch=   72.9409769586793     
 Abd=  1.7401378E+07
 Catch=   182581.927702717     
 Abd=  1.1737980E+07
 Catch=   114163.531587380     
 Abd=   1532714.    
 Catch=   35753.9081253648     
 Abd=   5085618.    
 Catch=   96539.6790166223     
 Abd=   1790668.    
 Catch=   21317.0085718362     
 Abd=  1.1622944E+08
 Catch=   2466851.48914445     
 Abd=  1.7854202E+07
 Catch=   110932.178719887     
 Abd=  1.9930044E+07
 Catch=   167103.982537984     
 Abd=   1777281.    
 Catch=   21638.2888400749     
 Abd=   4216566.    
 Catch=   19557.5411631544     
 Abd=   695424.2    
 Catch=   31267.7174051664     
 Abd=   932114.4    
 Catch=   53756.3607129589     
 Abd=   170557.5    
 Catch=   5716.42016956885     
 Abd=   3681.757    
 Catch=   240.267749757117     
 Abd=   8978672.    
 Catch=   183764.374059520     
 Abd=   995189.8    
 Catch=   19304.8588962700     
 Abd=  3.1262930E+07
 Catch=   353458.608348915     
 Abd=   5816036.    
 Catch=   17599.8027441353     
 Abd=   4261662.    
 Catch=   16876.9840627719     
 Abd=   1518988.    
 Catch=   210870.092193816     
 Abd=   1518988.    
 Catch=   210870.092193816     
 Abd=   57342.86    
 Catch=   5663.68417057165     
 Abd=  1.3126285E+07
 Catch=   41208.1945561897     
 Abd=   2862138.    
 Catch=   16921.0339967582     
 Abd=  3.4390122E+08
 Catch=   855057.317114216     
 Abd=  2.8052084E+07
 Catch=   113994.383462894     
 Abd=  3.5408696E+07
 Catch=   201499.290020115     
 Time step =         1967
 Abd=  2.8573284E+07
 Catch=   432296.916189568     
 Abd=   1303674.    
 Catch=   12072.7315641171     
 Abd=   941445.6    
 Catch=   32423.8730585691     
 Abd=   3091996.    
 Catch=   20280.2997884393     
 Abd=   289503.5    
 Catch=   7587.65479680940     
 Abd=   239.0867    
 Catch=  0.849198464951635     
 Abd=   163091.0    
 Catch=   473.401843068989     
 Abd=   584618.8    
 Catch=   35316.2595357909     
 Abd=   964171.6    
 Catch=   58089.5575460506     
 Abd=   473572.7    
 Catch=   3028.06801575383     
 Abd=   29228.16    
 Catch=   72.4874801160557     
 Abd=  1.7388944E+07
 Catch=   182924.671737858     
 Abd=  1.1911010E+07
 Catch=   114863.176603398     
 Abd=   1570946.    
 Catch=   36138.5411987352     
 Abd=   5316077.    
 Catch=   100663.877051689     
 Abd=   1761385.    
 Catch=   21607.3384450461     
 Abd=  1.1656087E+08
 Catch=   2527904.48028872     
 Abd=  1.7265926E+07
 Catch=   110728.824416299     
 Abd=  2.0129308E+07
 Catch=   165810.899620481     
 Abd=   1788471.    
 Catch=   22040.4771367602     
 Abd=   4290248.    
 Catch=   19933.2147749152     
 Abd=   710350.1    
 Catch=   33273.3800446821     
 Abd=   1002223.    
 Catch=   54046.6557409557     
 Abd=   167216.1    
 Catch=   5818.36674078888     
 Abd=   4073.330    
 Catch=   530.344195707706     
 Abd=   9090590.    
 Catch=   180099.084638794     
 Abd=   1013763.    
 Catch=   18165.1240061253     
 Abd=  3.1452876E+07
 Catch=   356204.054998695     
 Abd=   5830233.    
 Catch=   17610.7857634155     
 Abd=   4312224.    
 Catch=   16957.8885807806     
 Abd=   1600024.    
 Catch=   210893.023889771     
 Abd=   1600024.    
 Catch=   210893.023889771     
 Abd=   42923.90    
 Catch=   6779.05878009472     
 Abd=  1.2901700E+07
 Catch=   40520.9044109902     
 Abd=   2904849.    
 Catch=   17428.8097184295     
 Abd=  3.4258253E+08
 Catch=   854810.097594325     
 Abd=  2.7535808E+07
 Catch=   114133.639495068     
 Abd=  3.5331448E+07
 Catch=   201630.635581646     
 Time step =         1968
 Abd=  2.8406136E+07
 Catch=   431617.522350689     
 Abd=   1317095.    
 Catch=   12186.5374397325     
 Abd=   948508.8    
 Catch=   32684.8168879678     
 Abd=   3074970.    
 Catch=   20379.2698189667     
 Abd=   357902.0    
 Catch=   8600.68786154705     
 Abd=   243.2791    
 Catch=  0.853008831142589     
 Abd=   163570.6    
 Catch=   475.098572054011     
 Abd=   615368.4    
 Catch=   36206.4950069038     
 Abd=   1002373.    
 Catch=   58295.9288582048     
 Abd=   471519.2    
 Catch=   3052.31250234451     
 Abd=   29042.61    
 Catch=   72.4689682831953     
 Abd=  1.7422308E+07
 Catch=   182758.917770726     
 Abd=  1.1982252E+07
 Catch=   115399.034916365     
 Abd=   1587440.    
 Catch=   35763.7715928109     
 Abd=   5542764.    
 Catch=   100232.730883374     
 Abd=   1786234.    
 Catch=   21559.7387133721     
 Abd=  1.1947315E+08
 Catch=   2586598.44177772     
 Abd=  1.7244128E+07
 Catch=   111680.631113605     
 Abd=  1.9967090E+07
 Catch=   167192.925629982     
 Abd=   1822074.    
 Catch=   22490.2612729879     
 Abd=   4372645.    
 Catch=   20218.1627925877     
 Abd=   756175.5    
 Catch=   34257.3886223943     
 Abd=   1006579.    
 Catch=   52145.2401696850     
 Abd=   170256.6    
 Catch=   5933.45823450249     
 Abd=   9032.168    
 Catch=   810.766601338372     
 Abd=   8904442.    
 Catch=   181939.781165858     
 Abd=   952685.1    
 Catch=   19067.5300281267     
 Abd=  3.1697078E+07
 Catch=   358034.369169417     
 Abd=   5833636.    
 Catch=   17613.3221738323     
 Abd=   4332310.    
 Catch=   17053.0208764732     
 Abd=   1599755.    
 Catch=   194202.146667756     
 Abd=   1599755.    
 Catch=   194202.146667756     
 Abd=   51418.49    
 Catch=   6821.67330614478     
 Abd=  1.2686419E+07
 Catch=   40056.6438085305     
 Abd=   2992886.    
 Catch=   17801.6945648720     
 Abd=  3.4249514E+08
 Catch=   856579.607595038     
 Abd=  2.7579880E+07
 Catch=   114184.711991202     
 Abd=  3.5355640E+07
 Catch=   201750.770491455     
 Time step =         1969
 Abd=  2.8363318E+07
 Catch=   424722.773033671     
 Abd=   1329478.    
 Catch=   12207.4618512592     
 Abd=   956154.9    
 Catch=   33170.6892808486     
 Abd=   3090558.    
 Catch=   20341.6691429973     
 Abd=   404956.4    
 Catch=   7432.39173010837     
 Abd=   244.3068    
 Catch=  0.843068875675969     
 Abd=   164157.8    
 Catch=   476.687379197331     
 Abd=   630699.2    
 Catch=   37099.1509787927     
 Abd=   1005566.    
 Catch=   59868.1657672050     
 Abd=   475404.9    
 Catch=   3115.81610137309     
 Abd=   29038.64    
 Catch=   72.8254661251796     
 Abd=  1.7405748E+07
 Catch=   185172.161303115     
 Abd=  1.2037956E+07
 Catch=   116535.001131895     
 Abd=   1570434.    
 Catch=   36251.0577267204     
 Abd=   5514874.    
 Catch=   94475.1692696656     
 Abd=   1781840.    
 Catch=   21717.5179985153     
 Abd=  1.2224540E+08
 Catch=   2609546.79310454     
 Abd=  1.7394970E+07
 Catch=   112197.307679007     
 Abd=  2.0139412E+07
 Catch=   170269.269005750     
 Abd=   1859290.    
 Catch=   22460.9377561352     
 Abd=   4434460.    
 Catch=   19825.1227169705     
 Abd=   778211.4    
 Catch=   34092.2583937753     
 Abd=   970951.6    
 Catch=   52552.7347922318     
 Abd=   173625.2    
 Catch=   5903.77007737791     
 Abd=   13692.18    
 Catch=   629.961248883954     
 Abd=   8999524.    
 Catch=   185807.551730317     
 Abd=   1001702.    
 Catch=   17995.0370276191     
 Abd=  3.1857838E+07
 Catch=   351885.022749330     
 Abd=   5834442.    
 Catch=   17588.9784220278     
 Abd=   4356706.    
 Catch=   17133.0684641752     
 Abd=   1472634.    
 Catch=   205623.940938016     
 Abd=   1472634.    
 Catch=   205623.940938016     
 Abd=   51722.90    
 Catch=   8101.78895942201     
 Abd=  1.2542219E+07
 Catch=   39444.2946579249     
 Abd=   3056600.    
 Catch=   17854.4722907538     
 Abd=  3.4322192E+08
 Catch=   859330.644933984     
 Abd=  2.7591612E+07
 Catch=   114990.960978277     
 Abd=  3.5376984E+07
 Catch=   203623.978433804     
 Time step =         1970
 Abd=  2.7906192E+07
 Catch=   415589.062878361     
 Abd=   1331600.    
 Catch=   12075.0507303247     
 Abd=   970616.8    
 Catch=   31815.0691334824     
 Abd=   3084440.    
 Catch=   20235.9266131053     
 Abd=   348419.4    
 Catch=   7651.77455381912     
 Abd=   241.3764    
 Catch=  0.839801349293439     
 Abd=   164705.3    
 Catch=   475.790109675958     
 Abd=   646434.1    
 Catch=   32929.1806986997     
 Abd=   1033104.    
 Catch=   53864.2797392341     
 Abd=   485421.6    
 Catch=   3050.78483500581     
 Abd=   29184.46    
 Catch=   73.1934998294997     
 Abd=  1.7639968E+07
 Catch=   184236.704775131     
 Abd=  1.2157332E+07
 Catch=   116043.088847523     
 Abd=   1592468.    
 Catch=   36261.9361701568     
 Abd=   5193684.    
 Catch=   94487.2568212040     
 Abd=   1795326.    
 Catch=   21324.4759458327     
 Abd=  1.2331678E+08
 Catch=   2509142.51754709     
 Abd=  1.7474102E+07
 Catch=   111995.365023883     
 Abd=  2.0513838E+07
 Catch=   171637.072471944     
 Abd=   1856240.    
 Catch=   21874.7680862177     
 Abd=   4346326.    
 Catch=   19341.9166185742     
 Abd=   774315.0    
 Catch=   31553.4952517278     
 Abd=   979432.9    
 Catch=   52336.2685139136     
 Abd=   172733.0    
 Catch=   6103.83311226851     
 Abd=   10572.96    
 Catch=   197.833988359808     
 Abd=   9192913.    
 Catch=   187260.751397855     
 Abd=   943786.8    
 Catch=   19075.4326707396     
 Abd=  3.1300318E+07
 Catch=   353395.477037970     
 Abd=   5826186.    
 Catch=   17597.3523647267     
 Abd=   4377024.    
 Catch=   17118.0308834717     
 Abd=   1559778.    
 Catch=   203929.137471676     
 Abd=   1559778.    
 Catch=   203929.137471676     
 Abd=   61454.73    
 Catch=   6362.93531655878     
 Abd=  1.2349529E+07
 Catch=   38356.7710052915     
 Abd=   3064796.    
 Catch=   18014.4787048498     
 Abd=  3.4432954E+08
 Catch=   860329.850231383     
 Abd=  2.7790284E+07
 Catch=   114837.757285595     
 Abd=  3.5711236E+07
 Catch=   204371.768899864     
 Time step =         1971
 Abd=  2.7302446E+07
 Catch=   390538.818694978     
 Abd=   1316851.    
 Catch=   12127.9207687212     
 Abd=   930277.6    
 Catch=   32754.0878024723     
 Abd=   3068268.    
 Catch=   20587.4726718447     
 Abd=   359675.7    
 Catch=   8162.69186392096     
 Abd=   240.4865    
 Catch=  0.834774983136307     
 Abd=   164378.9    
 Catch=   475.701238779100     
 Abd=   573168.5    
 Catch=   34158.3191741744     
 Abd=   928677.9    
 Catch=   57465.8143946518     
 Abd=   475012.5    
 Catch=   3033.10649965850     
 Abd=   29331.83    
 Catch=   72.2476737414209     
 Abd=  1.7545348E+07
 Catch=   184087.816777602     
 Abd=  1.2103371E+07
 Catch=   116783.373055738     
 Abd=   1592546.    
 Catch=   36659.2855773408     
 Abd=   5199103.    
 Catch=   101590.754974573     
 Abd=   1761936.    
 Catch=   21567.3115982898     
 Abd=  1.1847698E+08
 Catch=   2538911.34681370     
 Abd=  1.7440152E+07
 Catch=   112004.557070395     
 Abd=  2.0674948E+07
 Catch=   169825.375448902     
 Abd=   1806992.    
 Catch=   22088.6929686445     
 Abd=   4239513.    
 Catch=   18480.0532242597     
 Abd=   716056.0    
 Catch=   32780.7382937631     
 Abd=   975319.8    
 Catch=   54900.6043669311     
 Abd=   178650.6    
 Catch=   5982.79686544837     
 Abd=   3339.237    
 Catch=   333.951093459108     
 Abd=   9262824.    
 Catch=   188742.424808142     
 Abd=   1002235.    
 Catch=   18652.8545419606     
 Abd=  3.1446080E+07
 Catch=   357092.630732806     
 Abd=   5829181.    
 Catch=   17624.5986090064     
 Abd=   4372726.    
 Catch=   17077.6074817461     
 Abd=   1546668.    
 Catch=   210719.151536612     
 Abd=   1546668.    
 Catch=   210719.151536612     
 Abd=   48229.54    
 Catch=   6602.52783416594     
 Abd=  1.2006516E+07
 Catch=   38208.3768425217     
 Abd=   3092454.    
 Catch=   18375.8718365600     
 Abd=  3.4471450E+08
 Catch=   859654.103827411     
 Abd=  2.7748472E+07
 Catch=   114355.138426535     
 Abd=  3.5838692E+07
 Catch=   203822.390405457     
 Time step =         1972
 Abd=  2.5639354E+07
 Catch=   380243.949229922     
 Abd=   1322992.    
 Catch=   12321.7593620310     
 Abd=   958541.4    
 Catch=   33972.5039856856     
 Abd=   3122878.    
 Catch=   20659.2018448341     
 Abd=   384100.1    
 Catch=   9173.84730986976     
 Abd=   239.0293    
 Catch=  0.833496308369814     
 Abd=   164355.5    
 Catch=   479.284118498190     
 Abd=   595202.0    
 Catch=   38083.7274601499     
 Abd=   991978.6    
 Catch=   60437.7963768045     
 Abd=   472296.2    
 Catch=   2977.67303548451     
 Abd=   28940.73    
 Catch=   71.7891249282726     
 Abd=  1.7532078E+07
 Catch=   181949.935137553     
 Abd=  1.2182786E+07
 Catch=   115780.064751676     
 Abd=   1610336.    
 Catch=   36246.0988463652     
 Abd=   5597046.    
 Catch=   104933.887020165     
 Abd=   1782931.    
 Catch=   21963.5091485415     
 Abd=  1.1998224E+08
 Catch=   2692097.42127390     
 Abd=  1.7442828E+07
 Catch=   112727.697919960     
 Abd=  2.0449712E+07
 Catch=   167446.265022744     
 Abd=   1825825.    
 Catch=   22861.9040564332     
 Abd=   4048946.    
 Catch=   17780.5257756700     
 Abd=   744885.4    
 Catch=   35657.5176348265     
 Abd=   1023100.    
 Catch=   55159.8334703251     
 Abd=   174991.2    
 Catch=   6004.83428653171     
 Abd=   5687.877    
 Catch=   845.603309908090     
 Abd=   9336038.    
 Catch=   179215.215434492     
 Abd=   978905.0    
 Catch=   19642.7099533197     
 Abd=  3.1778348E+07
 Catch=   358409.999073708     
 Abd=   5838328.    
 Catch=   17640.9955832871     
 Abd=   4362306.    
 Catch=   17179.9292987724     
 Abd=   1599457.    
 Catch=   232823.746726100     
 Abd=   1599457.    
 Catch=   232823.746726100     
 Abd=   50062.81    
 Catch=   6758.93054810612     
 Abd=  1.1965651E+07
 Catch=   37923.0111153778     
 Abd=   3154979.    
 Catch=   18782.9187896457     
 Abd=  3.4443206E+08
 Catch=   862847.851731198     
 Abd=  2.7630198E+07
 Catch=   114235.143834539     
 Abd=  3.5738068E+07
 Catch=   204212.006152670     
 Time step =         1973
 Abd=  2.4975372E+07
 Catch=   380756.130804184     
 Abd=   1344403.    
 Catch=   12120.6737305340     
 Abd=   994334.3    
 Catch=   31577.6938836053     
 Abd=   3132938.    
 Catch=   20344.3683079986     
 Abd=   431864.0    
 Catch=   8804.20641304278     
 Abd=   238.6891    
 Catch=  0.835000574632863     
 Abd=   165617.8    
 Catch=   478.315517954983     
 Abd=   664098.5    
 Catch=   32388.1107912719     
 Abd=   1043137.    
 Catch=   54347.6237056082     
 Abd=   463574.4    
 Catch=   2973.93687037422     
 Abd=   28762.81    
 Catch=   71.8284283985475     
 Abd=  1.7325162E+07
 Catch=   182757.389337557     
 Abd=  1.2075441E+07
 Catch=   116183.315566910     
 Abd=   1591562.    
 Catch=   36192.0992398171     
 Abd=   5777188.    
 Catch=   99857.0607914505     
 Abd=   1815802.    
 Catch=   22034.4992446112     
 Abd=  1.2731214E+08
 Catch=   2520327.55106797     
 Abd=  1.7557788E+07
 Catch=   113128.305887069     
 Abd=  2.0161700E+07
 Catch=   167686.261383576     
 Abd=   1890549.    
 Catch=   22008.6434029474     
 Abd=   3896125.    
 Catch=   17444.8348878111     
 Abd=   810656.4    
 Catch=   31655.2764738764     
 Abd=   1027711.    
 Catch=   50436.4521561507     
 Abd=   175678.1    
 Catch=   6218.12171071924     
 Abd=   14435.16    
 Catch=   155.813077611864     
 Abd=   8856584.    
 Catch=   175817.679804341     
 Abd=   1031968.    
 Catch=   18602.9767640537     
 Abd=  3.1891204E+07
 Catch=   358547.563615664     
 Abd=   5843695.    
 Catch=   17645.4411081314     
 Abd=   4389165.    
 Catch=   17198.3360295438     
 Abd=   1767240.    
 Catch=   235606.277345083     
 Abd=   1767240.    
 Catch=   235606.277345083     
 Abd=   51245.42    
 Catch=   6942.50827708770     
 Abd=  1.1875096E+07
 Catch=   37921.1786556390     
 Abd=   3225041.    
 Catch=   18477.3519910534     
 Abd=  3.4574352E+08
 Catch=   863818.765355462     
 Abd=  2.7603304E+07
 Catch=   114438.633125702     
 Abd=  3.5809896E+07
 Catch=   205225.250989630     
 Time step =         1974
 Abd=  2.5022362E+07
 Catch=   383010.646863582     
 Abd=   1321674.    
 Catch=   12127.2481148421     
 Abd=   922907.8    
 Catch=   32263.8737380596     
 Abd=   3084287.    
 Catch=   20493.3574300899     
 Abd=   413330.0    
 Catch=   7904.71543745730     
 Abd=   239.1410    
 Catch=  0.839640994077884     
 Abd=   165249.1    
 Catch=   476.625048101020     
 Abd=   563311.4    
 Catch=   34477.8269704761     
 Abd=   936609.0    
 Catch=   57288.2081280116     
 Abd=   463120.9    
 Catch=   2964.24976575710     
 Abd=   28782.35    
 Catch=   71.5526231592230     
 Abd=  1.7407300E+07
 Catch=   183937.462901765     
 Abd=  1.2119462E+07
 Catch=   115238.907644395     
 Abd=   1589466.    
 Catch=   35910.8866534612     
 Abd=   5490246.    
 Catch=   107604.926012511     
 Abd=   1821158.    
 Catch=   21720.0937405709     
 Abd=  1.1895550E+08
 Catch=   2518803.46973193     
 Abd=  1.7618514E+07
 Catch=   109574.937507800     
 Abd=  2.0196242E+07
 Catch=   167601.753287379     
 Abd=   1817629.    
 Catch=   22122.8253916974     
 Abd=   3824236.    
 Catch=   17366.9894747183     
 Abd=   718023.5    
 Catch=   32006.9339936590     
 Abd=   938590.4    
 Catch=   54089.8387199465     
 Abd=   181982.3    
 Catch=   6161.76260128733     
 Abd=   2762.783    
 Catch=   249.039657190881     
 Abd=   8692768.    
 Catch=   180005.213428939     
 Abd=   975641.1    
 Catch=   18466.5118562799     
 Abd=  3.1901368E+07
 Catch=   362793.675138602     
 Abd=   5845088.    
 Catch=   17694.9482621990     
 Abd=   4393375.    
 Catch=   17127.1611882538     
 Abd=   1787675.    
 Catch=   198081.157691123     
 Abd=   1787675.    
 Catch=   198081.157691123     
 Abd=   52638.95    
 Catch=   6773.01928463330     
 Abd=  1.1876076E+07
 Catch=   37268.7713280062     
 Abd=   3170796.    
 Catch=   18686.5649954131     
 Abd=  3.4611299E+08
 Catch=   864394.673005316     
 Abd=  2.7653660E+07
 Catch=   114435.855576305     
 Abd=  3.5989260E+07
 Catch=   204730.644448579     
 Time step =         1975
 Abd=  2.5173390E+07
 Catch=   394116.459664536     
 Abd=   1322822.    
 Catch=   12317.1965244401     
 Abd=   944142.2    
 Catch=   33187.2184546399     
 Abd=   3108096.    
 Catch=   20479.2761613077     
 Abd=   370799.3    
 Catch=   9238.02230808486     
 Abd=   240.4778    
 Catch=  0.841204205257488     
 Abd=   164664.7    
 Catch=   478.692724021536     
 Abd=   600947.6    
 Catch=   37438.4644434075     
 Abd=   988845.2    
 Catch=   60590.4905481205     
 Abd=   461606.4    
 Catch=   2982.10944952609     
 Abd=   28669.32    
 Catch=   71.9210931241372     
 Abd=  1.7520030E+07
 Catch=   186408.954090156     
 Abd=  1.2018488E+07
 Catch=   114738.882473292     
 Abd=   1577032.    
 Catch=   36005.5318337376     
 Abd=   5928237.    
 Catch=   105559.313586647     
 Abd=   1794642.    
 Catch=   21859.9664875594     
 Abd=  1.1901086E+08
 Catch=   2631513.90789681     
 Abd=  1.7053806E+07
 Catch=   111175.812688401     
 Abd=  2.0185286E+07
 Catch=   170130.512156624     
 Abd=   1828488.    
 Catch=   22819.2009513190     
 Abd=   3807902.    
 Catch=   17652.3635461914     
 Abd=   727046.3    
 Catch=   35076.3058216174     
 Abd=   1008444.    
 Catch=   55085.3889966620     
 Abd=   180234.2    
 Catch=   6326.77817536657     
 Abd=   4221.662    
 Catch=   479.910767263637     
 Abd=   8905992.    
 Catch=   188396.660988281     
 Abd=   969303.0    
 Catch=   19124.0734776698     
 Abd=  3.2285928E+07
 Catch=   362674.815215840     
 Abd=   5861807.    
 Catch=   17687.1107709618     
 Abd=   4374818.    
 Catch=   17278.5058496119     
 Abd=   1503734.    
 Catch=   210242.119489259     
 Abd=   1503734.    
 Catch=   210242.119489259     
 Abd=   51344.30    
 Catch=   7285.41595673741     
 Abd=  1.1668168E+07
 Catch=   37043.8755679225     
 Abd=   3207677.    
 Catch=   18996.5649095649     
 Abd=  3.4634294E+08
 Catch=   865445.601641810     
 Abd=  2.7652226E+07
 Catch=   114948.363890144     
 Abd=  3.5897820E+07
 Catch=   204938.040970370     
 Time step =         1976
 Abd=  2.5912224E+07
 Catch=   402760.141640167     
 Abd=   1343890.    
 Catch=   12314.4101815901     
 Abd=   971107.1    
 Catch=   32758.1065825045     
 Abd=   3105406.    
 Catch=   20475.7959000938     
 Abd=   435171.5    
 Catch=   9444.04953773684     
 Abd=   240.9162    
 Catch=  0.842855125192503     
 Abd=   165402.5    
 Catch=   479.482535756986     
 Abd=   652550.0    
 Catch=   35263.1761890685     
 Abd=   1045666.    
 Catch=   57152.8091946168     
 Abd=   464524.5    
 Catch=   2987.95744798033     
 Abd=   28822.89    
 Catch=   71.8219327133622     
 Abd=  1.7757532E+07
 Catch=   186722.563964882     
 Abd=  1.1967278E+07
 Catch=   116015.921617202     
 Abd=   1581361.    
 Catch=   36597.0355665036     
 Abd=   5806668.    
 Catch=   104974.110691127     
 Abd=   1806863.    
 Catch=   21842.9697149053     
 Abd=  1.2441240E+08
 Catch=   2624061.71823687     
 Abd=  1.7318492E+07
 Catch=   111683.341636629     
 Abd=  2.0495754E+07
 Catch=   170683.106528118     
 Abd=   1886872.    
 Catch=   22687.7524770631     
 Abd=   3871844.    
 Catch=   18140.8063666324     
 Abd=   797409.6    
 Catch=   34098.2466543541     
 Abd=   1026157.    
 Catch=   52650.4076534726     
 Abd=   185132.6    
 Catch=   6192.16019062922     
 Abd=   8182.712    
 Catch=   404.915117326993     
 Abd=   9324863.    
 Catch=   191986.749521698     
 Abd=   1004408.    
 Catch=   18885.4792785335     
 Abd=  3.2267810E+07
 Catch=   361501.094878632     
 Abd=   5858794.    
 Catch=   17697.5425148320     
 Abd=   4414593.    
 Catch=   17382.3853456549     
 Abd=   1595858.    
 Catch=   243835.997373790     
 Abd=   1595858.    
 Catch=   243835.997373790     
 Abd=   55240.16    
 Catch=   7086.91761492248     
 Abd=  1.1600414E+07
 Catch=   36972.8780599698     
 Abd=   3261452.    
 Catch=   19070.5738242372     
 Abd=  3.4676605E+08
 Catch=   865901.016658163     
 Abd=  2.7778250E+07
 Catch=   115296.659531941     
 Abd=  3.5935952E+07
 Catch=   205581.485432463     
 Time step =         1977
 Abd=  2.6476520E+07
 Catch=   414587.243628770     
 Abd=   1343182.    
 Catch=   12331.2398925269     
 Abd=   957977.6    
 Catch=   32623.3329610396     
 Abd=   3104917.    
 Catch=   20330.4852463111     
 Abd=   443790.6    
 Catch=   9400.00874922906     
 Abd=   241.3866    
 Catch=  0.839519011029558     
 Abd=   165664.1    
 Catch=   479.697037899404     
 Abd=   613751.5    
 Catch=   35205.6925910074     
 Abd=   985224.6    
 Catch=   57167.7218838128     
 Abd=   465318.3    
 Catch=   2975.45485715414     
 Abd=   28780.00    
 Catch=   71.9827688081651     
 Abd=  1.7783780E+07
 Catch=   186673.672968560     
 Abd=  1.2103167E+07
 Catch=   116426.308033280     
 Abd=   1607670.    
 Catch=   36620.7481636383     
 Abd=   5775412.    
 Catch=   103488.393593985     
 Abd=   1805206.    
 Catch=   21656.2978050487     
 Abd=  1.2396250E+08
 Catch=   2634483.73483569     
 Abd=  1.7393776E+07
 Catch=   111677.101495207     
 Abd=  2.0557766E+07
 Catch=   171314.175884739     
 Abd=   1874737.    
 Catch=   22680.5479732115     
 Abd=   3979921.    
 Catch=   18616.4910662577     
 Abd=   774016.9    
 Catch=   33746.2151788940     
 Abd=   979983.9    
 Catch=   51787.6411285396     
 Abd=   181088.4    
 Catch=   6178.60824566670     
 Abd=   6793.607    
 Catch=   512.476290095004     
 Abd=   9497874.    
 Catch=   196387.420361434     
 Abd=   991047.7    
 Catch=   19094.1636429961     
 Abd=  3.2161228E+07
 Catch=   361538.616598386     
 Abd=   5862386.    
 Catch=   17700.9595918019     
 Abd=   4440856.    
 Catch=   17412.0705573540     
 Abd=   1850906.    
 Catch=   231662.464474283     
 Abd=   1850906.    
 Catch=   231662.464474283     
 Abd=   53724.34    
 Catch=   6176.46818173058     
 Abd=  1.1578918E+07
 Catch=   36922.7781896659     
 Abd=   3273409.    
 Catch=   19408.5300809239     
 Abd=  3.4694291E+08
 Catch=   865039.059059052     
 Abd=  2.7861602E+07
 Catch=   115203.834395433     
 Abd=  3.6050336E+07
 Catch=   205923.568983964     
 Time step =         1978
 Abd=  2.7258670E+07
 Catch=   416584.540331169     
 Abd=   1345062.    
 Catch=   12318.0392920158     
 Abd=   954120.7    
 Catch=   32717.9028922208     
 Abd=   3082592.    
 Catch=   20203.7017164634     
 Abd=   441538.5    
 Catch=   9527.48684594525     
 Abd=   240.3992    
 Catch=  0.832377121631797     
 Abd=   165735.2    
 Catch=   479.835940810623     
 Abd=   613054.8    
 Catch=   35140.4979812283     
 Abd=   985997.2    
 Catch=   57478.0486896334     
 Abd=   463345.5    
 Catch=   2953.57872754783     
 Abd=   28845.33    
 Catch=   70.9013086318387     
 Abd=  1.7778410E+07
 Catch=   186776.176804979     
 Abd=  1.2144434E+07
 Catch=   117769.212244380     
 Abd=   1608272.    
 Catch=   36972.5269903942     
 Abd=   5692863.    
 Catch=   103605.028482269     
 Abd=   1789535.    
 Catch=   21792.2125457683     
 Abd=  1.2446725E+08
 Catch=   2631851.82393545     
 Abd=  1.7391208E+07
 Catch=   111165.422146626     
 Abd=  2.0633860E+07
 Catch=   170258.034224129     
 Abd=   1874348.    
 Catch=   22638.7458117274     
 Abd=   4084052.    
 Catch=   18998.8253423224     
 Abd=   766147.8    
 Catch=   33892.7714064194     
 Abd=   964183.4    
 Catch=   52769.2561255729     
 Abd=   180734.9    
 Catch=   6234.23721281350     
 Abd=   8653.998    
 Catch=   379.810318361956     
 Abd=   9716465.    
 Catch=   198622.415725643     
 Abd=   1002387.    
 Catch=   19781.0754665049     
 Abd=  3.2166624E+07
 Catch=   362424.143110665     
 Abd=   5863463.    
 Catch=   17706.4992137844     
 Abd=   4448066.    
 Catch=   17357.7707286021     
 Abd=   1756740.    
 Catch=   231756.331170053     
 Abd=   1756740.    
 Catch=   231756.331170053     
 Abd=   46816.26    
 Catch=   6498.07534644164     
 Abd=  1.1563402E+07
 Catch=   36705.7763461620     
 Abd=   3332012.    
 Catch=   19655.7057870596     
 Abd=  3.4658688E+08
 Catch=   864715.076460032     
 Abd=  2.7836742E+07
 Catch=   115481.626984718     
 Abd=  3.6109088E+07
 Catch=   206359.239318169     
 Time step =         1979
 Abd=  2.7379508E+07
 Catch=   418881.850997735     
 Abd=   1343564.    
 Catch=   12319.2892060762     
 Abd=   957023.2    
 Catch=   32878.9582682879     
 Abd=   3063482.    
 Catch=   20214.4602087996     
 Abd=   447638.9    
 Catch=   8154.73047861069     
 Abd=   238.3409    
 Catch=  0.827854989620994     
 Abd=   165782.8    
 Catch=   480.408649966374     
 Abd=   611973.0    
 Catch=   35193.0921391855     
 Abd=   991403.1    
 Catch=   58277.6504944263     
 Abd=   459891.2    
 Catch=   2928.15466399485     
 Abd=   28400.72    
 Catch=   70.8501389317818     
 Abd=  1.7788444E+07
 Catch=   182087.276076023     
 Abd=  1.2286388E+07
 Catch=   117697.679462494     
 Abd=   1623988.    
 Catch=   37629.4814670507     
 Abd=   5701051.    
 Catch=   102999.604715684     
 Abd=   1801272.    
 Catch=   21199.9348911835     
 Abd=  1.2433258E+08
 Catch=   2624921.08866539     
 Abd=  1.7310158E+07
 Catch=   110729.979999270     
 Abd=  2.0503296E+07
 Catch=   167776.235988081     
 Abd=   1870828.    
 Catch=   22642.7927173320     
 Abd=   4167542.    
 Catch=   19205.5010076017     
 Abd=   769635.4    
 Catch=   33808.6292430409     
 Abd=   982906.3    
 Catch=   55723.2382906948     
 Abd=   182377.2    
 Catch=   5886.87644095656     
 Abd=   6382.629    
 Catch=   359.658315456431     
 Abd=   9825315.    
 Catch=   188333.051886452     
 Abd=   1038871.    
 Catch=   21016.1827244941     
 Abd=  3.2246706E+07
 Catch=   362938.839249047     
 Abd=   5865327.    
 Catch=   17704.2886492429     
 Abd=   4433868.    
 Catch=   17279.4437076183     
 Abd=   1757957.    
 Catch=   200749.390127696     
 Abd=   1757957.    
 Catch=   200749.390127696     
 Abd=   49269.09    
 Catch=   5984.62524092548     
 Abd=  1.1494500E+07
 Catch=   35226.6923721431     
 Abd=   3374346.    
 Catch=   19792.0736985019     
 Abd=  3.4646230E+08
 Catch=   863647.535441973     
 Abd=  2.7905924E+07
 Catch=   114772.065561576     
 Abd=  3.6185984E+07
 Catch=   206671.164999898     
 Time step =         1980
 Abd=  2.7531280E+07
 Catch=   421548.751757644     
 Abd=   1343736.    
 Catch=   12354.6182438979     
 Abd=   961804.6    
 Catch=   33319.6082420770     
 Abd=   3065344.    
 Catch=   20490.4778097990     
 Abd=   382284.7    
 Catch=   8069.20358627671     
 Abd=   237.0494    
 Catch=  0.812412228173954     
 Abd=   165983.2    
 Catch=   480.920689224633     
 Abd=   612888.4    
 Catch=   35195.4605817809     
 Abd=   1005310.    
 Catch=   58655.0994349141     
 Abd=   455945.4    
 Catch=   2906.22978845422     
 Abd=   28389.86    
 Catch=   70.4938983662163     
 Abd=  1.7333840E+07
 Catch=   181884.168360145     
 Abd=  1.2276713E+07
 Catch=   118753.224855383     
 Abd=   1653044.    
 Catch=   37880.7359258721     
 Abd=   5666688.    
 Catch=   103745.116646691     
 Abd=   1751455.    
 Catch=   21968.2566118293     
 Abd=  1.2400614E+08
 Catch=   2631308.37514065     
 Abd=  1.7242818E+07
 Catch=   110789.466753065     
 Abd=  2.0200972E+07
 Catch=   166232.299484376     
 Abd=   1871244.    
 Catch=   22696.5503867473     
 Abd=   4212530.    
 Catch=   19455.2623045804     
 Abd=   767703.8    
 Catch=   33886.5385941917     
 Abd=   1038250.    
 Catch=   53666.0266101325     
 Abd=   172085.2    
 Catch=   5953.77345782530     
 Abd=   6040.218    
 Catch=   419.712212198482     
 Abd=   9306813.    
 Catch=   184134.285648627     
 Abd=   1104288.    
 Catch=   21184.2629924931     
 Abd=  3.2292240E+07
 Catch=   363798.080073983     
 Abd=   5864551.    
 Catch=   17711.2781372731     
 Abd=   4413652.    
 Catch=   17168.2197111414     
 Abd=   1522934.    
 Catch=   224752.683746258     
 Abd=   1522934.    
 Catch=   224752.683746258     
 Abd=   45362.97    
 Catch=   7857.18095976013     
 Abd=  1.1023979E+07
 Catch=   35955.4855089804     
 Abd=   3397381.    
 Catch=   20075.4205321231     
 Abd=  3.4603002E+08
 Catch=   863301.328491487     
 Abd=  2.7729780E+07
 Catch=   115438.565838600     
 Abd=  3.6240224E+07
 Catch=   206026.437475623     
 Time step =         1981
 Abd=  2.7705980E+07
 Catch=   414621.036610502     
 Abd=   1347658.    
 Catch=   12355.9003733622     
 Abd=   974806.2    
 Catch=   33303.5513101706     
 Abd=   3107961.    
 Catch=   20557.8932720657     
 Abd=   379114.3    
 Catch=   9788.48066234715     
 Abd=   232.5758    
 Catch=  0.794714852758834     
 Abd=   166161.7    
 Catch=   480.664843101719     
 Abd=   612907.4    
 Catch=   34799.9176648783     
 Abd=   1011746.    
 Catch=   56003.2708572407     
 Abd=   452531.3    
 Catch=   2922.57179265662     
 Abd=   28244.54    
 Catch=   70.1122880619380     
 Abd=  1.7322468E+07
 Catch=   182843.608121025     
 Abd=  1.2389093E+07
 Catch=   118589.421581457     
 Abd=   1663821.    
 Catch=   37087.2291640184     
 Abd=   5709075.    
 Catch=   102923.462747523     
 Abd=   1816813.    
 Catch=   21699.4141326210     
 Abd=  1.2431570E+08
 Catch=   2664091.15180520     
 Abd=  1.7253596E+07
 Catch=   112473.104222940     
 Abd=  2.0017340E+07
 Catch=   165783.735812478     
 Abd=   1875745.    
 Catch=   22653.4397849681     
 Abd=   4267777.    
 Catch=   19573.7283324822     
 Abd=   769506.0    
 Catch=   33797.3681648540     
 Abd=   999015.9    
 Catch=   50162.0484306229     
 Abd=   174214.7    
 Catch=   5895.03483385558     
 Abd=   7064.725    
 Catch=   485.301002696003     
 Abd=   9103449.    
 Catch=   184672.356015621     
 Abd=   1112078.    
 Catch=   20992.7327913615     
 Abd=  3.2369136E+07
 Catch=   362717.693983455     
 Abd=   5866914.    
 Catch=   17708.9088758212     
 Abd=   4385202.    
 Catch=   17263.4174450873     
 Abd=   1705166.    
 Catch=   224460.261062248     
 Abd=   1705166.    
 Catch=   224460.261062248     
 Abd=   59618.98    
 Catch=   5960.14014398702     
 Abd=  1.1265805E+07
 Catch=   35565.5543866531     
 Abd=   3446502.    
 Catch=   20305.7845980159     
 Abd=  3.4589482E+08
 Catch=   867707.421823225     
 Abd=  2.7897762E+07
 Catch=   114861.048470731     
 Abd=  3.6125000E+07
 Catch=   205716.795549684     
 Time step =         1982
 Abd=  2.7239484E+07
 Catch=   412878.787711703     
 Abd=   1347723.    
 Catch=   12171.2214804246     
 Abd=   974107.2    
 Catch=   31536.9249011706     
 Abd=   3117714.    
 Catch=   20235.9972525747     
 Abd=   461559.7    
 Catch=   9450.85302866889     
 Abd=   227.5025    
 Catch=  0.783296041877313     
 Abd=   166067.6    
 Catch=   479.574847068891     
 Abd=   605967.1    
 Catch=   33340.0901165734     
 Abd=   965555.8    
 Catch=   55622.1025047451     
 Abd=   455183.4    
 Catch=   2937.23866706673     
 Abd=   28091.65    
 Catch=   70.2235056118906     
 Abd=  1.7415518E+07
 Catch=   183713.477518173     
 Abd=  1.2369706E+07
 Catch=   116867.087792049     
 Abd=   1628260.    
 Catch=   36394.3487895872     
 Abd=   5662339.    
 Catch=   98697.7550635939     
 Abd=   1793040.    
 Catch=   21587.6869736654     
 Abd=  1.2588755E+08
 Catch=   2549932.63128883     
 Abd=  1.7520864E+07
 Catch=   111189.351202320     
 Abd=  1.9965608E+07
 Catch=   167547.168092920     
 Abd=   1872028.    
 Catch=   22103.6618537637     
 Abd=   4292602.    
 Catch=   19333.3729625012     
 Abd=   767500.1    
 Catch=   31688.0560971162     
 Abd=   933577.2    
 Catch=   49679.6597197152     
 Abd=   172448.0    
 Catch=   6070.94411550979     
 Abd=   8160.524    
 Catch=   254.610701976925     
 Abd=   9134477.    
 Catch=   186810.300345408     
 Abd=   1101736.    
 Catch=   19515.4215014023     
 Abd=  3.2270082E+07
 Catch=   359383.456095208     
 Abd=   5866084.    
 Catch=   17727.3807824877     
 Abd=   4410423.    
 Catch=   17315.1734996511     
 Abd=   1703284.    
 Catch=   195184.274216478     
 Abd=   1703284.    
 Catch=   195184.274216478     
 Abd=   45171.57    
 Catch=   6878.97041784836     
 Abd=  1.1136118E+07
 Catch=   35300.7334594082     
 Abd=   3485964.    
 Catch=   20310.3133838059     
 Abd=  3.4769914E+08
 Catch=   870187.706546196     
 Abd=  2.7752086E+07
 Catch=   115281.469556526     
 Abd=  3.6070904E+07
 Catch=   206553.211638888     
 Time step =         1983
 Abd=  2.7133584E+07
 Catch=   401588.538507903     
 Abd=   1327235.    
 Catch=   12350.6872206348     
 Abd=   921942.0    
 Catch=   33792.2018281793     
 Abd=   3067707.    
 Catch=   20311.4841679528     
 Abd=   443727.2    
 Catch=   8809.12802810649     
 Abd=   224.2668    
 Catch=  0.776873960168217     
 Abd=   165684.3    
 Catch=   481.042770441067     
 Abd=   580491.6    
 Catch=   36944.8490816362     
 Abd=   959476.8    
 Catch=   58404.2672197202     
 Abd=   457466.4    
 Catch=   2964.46069899240     
 Abd=   28138.96    
 Catch=   70.0760761999965     
 Abd=  1.7498174E+07
 Catch=   185066.610705679     
 Abd=  1.2187454E+07
 Catch=   119343.733160112     
 Abd=   1598072.    
 Catch=   37847.1647212570     
 Abd=   5427450.    
 Catch=   95423.8680601061     
 Abd=   1784000.    
 Catch=   21692.8109150012     
 Abd=  1.2039370E+08
 Catch=   2676583.93040438     
 Abd=  1.7312016E+07
 Catch=   111675.560187835     
 Abd=  2.0183100E+07
 Catch=   169215.021468644     
 Abd=   1825945.    
 Catch=   22601.0931876970     
 Abd=   4238611.    
 Catch=   19247.0735195159     
 Abd=   719112.5    
 Catch=   34951.8029856715     
 Abd=   925424.7    
 Catch=   55717.0380939002     
 Abd=   177659.3    
 Catch=   6260.02903763267     
 Abd=   4269.927    
 Catch=   344.502417964758     
 Abd=   9240932.    
 Catch=   186489.138975653     
 Abd=   1023259.    
 Catch=   20580.8604109573     
 Abd=  3.1969840E+07
 Catch=   361196.769948751     
 Abd=   5872330.    
 Catch=   17745.1202460239     
 Abd=   4423426.    
 Catch=   17327.1293687235     
 Abd=   1480172.    
 Catch=   197408.238869806     
 Abd=   1480172.    
 Catch=   197408.238869806     
 Abd=   52171.50    
 Catch=   6542.52021288602     
 Abd=  1.1054304E+07
 Catch=   35732.4678367725     
 Abd=   3485795.    
 Catch=   20528.4944083945     
 Abd=  3.4867571E+08
 Catch=   871652.439581880     
 Abd=  2.7858178E+07
 Catch=   115551.073932350     
 Abd=  3.6221400E+07
 Catch=   207796.239643451     
 Time step =         1984
 Abd=  2.6380192E+07
 Catch=   384354.165305467     
 Abd=   1347538.    
 Catch=   12471.3548653241     
 Abd=   989399.0    
 Catch=   34421.2614232329     
 Abd=   3080260.    
 Catch=   20545.0534939449     
 Abd=   413485.6    
 Catch=   9420.25049432424     
 Abd=   222.4479    
 Catch=  0.773541035110841     
 Abd=   166210.6    
 Catch=   483.276683860302     
 Abd=   644194.6    
 Catch=   36637.7202488703     
 Abd=   1008029.    
 Catch=   61228.6382692840     
 Abd=   461745.4    
 Catch=   2922.85185861986     
 Abd=   28078.79    
 Catch=   69.3977346179997     
 Abd=  1.7627904E+07
 Catch=   183680.609419367     
 Abd=  1.2452830E+07
 Catch=   119432.257080325     
 Abd=   1663238.    
 Catch=   38029.6600558908     
 Abd=   5247928.    
 Catch=   96573.4515439723     
 Abd=   1793045.    
 Catch=   21307.2188015361     
 Abd=  1.2655327E+08
 Catch=   2771374.70229890     
 Abd=  1.7392740E+07
 Catch=   113226.641586311     
 Abd=  2.0383590E+07
 Catch=   167595.732983006     
 Abd=   1868571.    
 Catch=   22950.8728423467     
 Abd=   4219996.    
 Catch=   18813.7295633741     
 Abd=   794631.6    
 Catch=   35911.1231140992     
 Abd=   1039190.    
 Catch=   55970.5293528330     
 Abd=   183186.8    
 Catch=   6047.89081106424     
 Abd=   5843.044    
 Catch=   601.047953110026     
 Abd=   9223092.    
 Catch=   181609.916794541     
 Abd=   1081409.    
 Catch=   20595.3978457474     
 Abd=  3.2139284E+07
 Catch=   363223.453923745     
 Abd=   5878196.    
 Catch=   17781.0137264084     
 Abd=   4426292.    
 Catch=   17447.0849174322     
 Abd=   1497502.    
 Catch=   188818.216822864     
 Abd=   1497502.    
 Catch=   188818.216822864     
 Abd=   49594.71    
 Catch=   6307.35320876548     
 Abd=  1.1193651E+07
 Catch=   35189.1678515501     
 Abd=   3523702.    
 Catch=   20465.2485840389     
 Abd=  3.4925421E+08
 Catch=   874016.508826334     
 Abd=  2.7922500E+07
 Catch=   115354.075968770     
 Abd=  3.6440536E+07
 Catch=   209332.667322386     
 Time step =         1985
 Abd=  2.5239178E+07
 Catch=   381863.423227311     
 Abd=   1360550.    
 Catch=   12386.4393703225     
 Abd=   1007070.    
 Catch=   32621.6985157134     
 Abd=   3116188.    
 Catch=   20561.3891523338     
 Abd=   443035.9    
 Catch=   9496.89338492517     
 Abd=   221.5142    
 Catch=  0.767423079090191     
 Abd=   166987.1    
 Catch=   483.184206202318     
 Abd=   638073.8    
 Catch=   34732.1876542225     
 Abd=   1056638.    
 Catch=   56356.7648039177     
 Abd=   455053.5    
 Catch=   2916.38240039153     
 Abd=   27802.70    
 Catch=   69.2004129008003     
 Abd=  1.7491000E+07
 Catch=   183406.547900004     
 Abd=  1.2458183E+07
 Catch=   119627.750415737     
 Abd=   1670288.    
 Catch=   37811.2474434890     
 Abd=   5314939.    
 Catch=   96268.1206206009     
 Abd=   1760415.    
 Catch=   21324.6612776706     
 Abd=  1.3100191E+08
 Catch=   2667494.81821084     
 Abd=  1.7637206E+07
 Catch=   113005.918423403     
 Abd=  2.0181150E+07
 Catch=   167308.122284871     
 Abd=   1897197.    
 Catch=   22643.2156318739     
 Abd=   4123508.    
 Catch=   17826.4953487670     
 Abd=   815666.4    
 Catch=   33700.0506985092     
 Abd=   1042938.    
 Catch=   53548.5679267318     
 Abd=   176836.8    
 Catch=   6047.72394670211     
 Abd=   10164.88    
 Catch=   266.023346458839     
 Abd=   8978009.    
 Catch=   179629.977627164     
 Abd=   1081003.    
 Catch=   21024.4339264819     
 Abd=  3.2319538E+07
 Catch=   363977.139877148     
 Abd=   5890200.    
 Catch=   17816.7950954113     
 Abd=   4457499.    
 Catch=   17418.5782294577     
 Abd=   1431968.    
 Catch=   210699.883814400     
 Abd=   1431968.    
 Catch=   210699.883814400     
 Abd=   47812.83    
 Catch=   6891.79270219462     
 Abd=  1.1017377E+07
 Catch=   35127.7343004599     
 Abd=   3512634.    
 Catch=   20327.0209946362     
 Abd=  3.5021018E+08
 Catch=   874735.698595973     
 Abd=  2.7872852E+07
 Catch=   115226.203286212     
 Abd=  3.6711216E+07
 Catch=   209502.351277300     
 Time step =         1986
 Abd=  2.5090768E+07
 Catch=   382530.640646332     
 Abd=   1350881.    
 Catch=   12265.9367848306     
 Abd=   953552.6    
 Catch=   32028.7711543900     
 Abd=   3117961.    
 Catch=   20537.2962069153     
 Abd=   446171.1    
 Catch=   9575.27366465076     
 Abd=   219.7424    
 Catch=  0.767973486157572     
 Abd=   166939.6    
 Catch=   480.626242591081     
 Abd=   604575.0    
 Catch=   33136.1447746801     
 Abd=   971402.6    
 Catch=   56536.1693545053     
 Abd=   454157.7    
 Catch=   2948.08484921415     
 Abd=   27727.53    
 Catch=   69.2700440324765     
 Abd=  1.7466656E+07
 Catch=   184516.190566379     
 Abd=  1.2478526E+07
 Catch=   120413.094637962     
 Abd=   1660398.    
 Catch=   37647.5914088549     
 Abd=   5296750.    
 Catch=   100136.123047429     
 Abd=   1762433.    
 Catch=   21480.0214937635     
 Abd=  1.2594600E+08
 Catch=   2573911.19003495     
 Abd=  1.7597364E+07
 Catch=   112324.693843826     
 Abd=  2.0149646E+07
 Catch=   167578.776497760     
 Abd=   1870825.    
 Catch=   22292.5134454730     
 Abd=   3905699.    
 Catch=   17498.2712068943     
 Abd=   764707.1    
 Catch=   31535.0064313306     
 Abd=   996802.2    
 Catch=   51843.3245527173     
 Abd=   176917.3    
 Catch=   6006.93820153293     
 Abd=   4450.696    
 Catch=   264.692465918429     
 Abd=   8882368.    
 Catch=   185945.862523009     
 Abd=   1103911.    
 Catch=   20221.2270210968     
 Abd=  3.2384620E+07
 Catch=   363250.262189283     
 Abd=   5902064.    
 Catch=   17833.7321219389     
 Abd=   4449434.    
 Catch=   17430.9577776083     
 Abd=   1598834.    
 Catch=   211400.286674656     
 Abd=   1598834.    
 Catch=   211400.286674656     
 Abd=   52257.68    
 Catch=   6840.25604800436     
 Abd=  1.1001344E+07
 Catch=   35492.0276654478     
 Abd=   3488515.    
 Catch=   20360.7576937442     
 Abd=  3.5048352E+08
 Catch=   874535.612128524     
 Abd=  2.7842218E+07
 Catch=   114964.718508791     
 Abd=  3.6736528E+07
 Catch=   207609.442334740     
 Time step =         1987
 Abd=  2.5138660E+07
 Catch=   389756.533353938     
 Abd=   1337681.    
 Catch=   12262.6193950880     
 Abd=   936616.0    
 Catch=   32238.5113098708     
 Abd=   3114240.    
 Catch=   20544.3282308364     
 Abd=   449867.7    
 Catch=   10165.5707008785     
 Abd=   219.9411    
 Catch=  0.767432485092846     
 Abd=   166041.3    
 Catch=   479.448822721910     
 Abd=   576822.9    
 Catch=   33678.8671774655     
 Abd=   975199.7    
 Catch=   55081.6302569486     
 Abd=   459199.8    
 Catch=   2939.99333972281     
 Abd=   27757.54    
 Catch=   69.3957859213835     
 Abd=  1.7575298E+07
 Catch=   185913.116101732     
 Abd=  1.2561464E+07
 Catch=   121381.619015859     
 Abd=   1653300.    
 Catch=   38000.8218265065     
 Abd=   5513262.    
 Catch=   100203.696903290     
 Abd=   1775608.    
 Catch=   21788.5260912780     
 Abd=  1.2153544E+08
 Catch=   2586537.57586751     
 Abd=  1.7490254E+07
 Catch=   113330.398233488     
 Abd=  2.0183388E+07
 Catch=   167443.199775601     
 Abd=   1841788.    
 Catch=   22360.7302296059     
 Abd=   3836138.    
 Catch=   17358.4710589369     
 Abd=   715601.2    
 Catch=   32942.9577236373     
 Abd=   965213.9    
 Catch=   49371.1478647007     
 Abd=   175713.8    
 Catch=   6270.78762776268     
 Abd=   4451.613    
 Catch=   394.194574597379     
 Abd=   9201576.    
 Catch=   186143.105024877     
 Abd=   1060876.    
 Catch=   20257.1354039684     
 Abd=  3.2317470E+07
 Catch=   360529.071704640     
 Abd=   5907553.    
 Catch=   17836.9003738543     
 Abd=   4452816.    
 Catch=   17334.1489507326     
 Abd=   1603456.    
 Catch=   240837.771264870     
 Abd=   1603456.    
 Catch=   240837.771264870     
 Abd=   51859.10    
 Catch=   6769.93774512774     
 Abd=  1.1118015E+07
 Catch=   35690.6603114829     
 Abd=   3494688.    
 Catch=   20410.8136302595     
 Abd=  3.5039731E+08
 Catch=   875816.003569532     
 Abd=  2.7778524E+07
 Catch=   115102.287127211     
 Abd=  3.6398784E+07
 Catch=   206499.999116836     
 Time step =         1988
 Abd=  2.5621190E+07
 Catch=   393988.741862429     
 Abd=   1337544.    
 Catch=   12125.7154953041     
 Abd=   943038.1    
 Catch=   31578.5475857163     
 Abd=   3115528.    
 Catch=   20151.5953958365     
 Abd=   478067.7    
 Catch=   9475.22918914453     
 Abd=   219.7831    
 Catch=  0.773666398169381     
 Abd=   165640.5    
 Catch=   477.354723033086     
 Abd=   586584.2    
 Catch=   32309.1692695933     
 Abd=   949804.4    
 Catch=   53887.4322455112     
 Abd=   457831.2    
 Catch=   2905.82429221780     
 Abd=   27809.42    
 Catch=   69.1289551904284     
 Abd=  1.7708606E+07
 Catch=   184807.936675779     
 Abd=  1.2662516E+07
 Catch=   120051.661268082     
 Abd=   1669121.    
 Catch=   37533.7539970022     
 Abd=   5513703.    
 Catch=   95607.4199661939     
 Abd=   1801161.    
 Catch=   21572.5577564777     
 Abd=  1.2220592E+08
 Catch=   2513847.43421873     
 Abd=  1.7651752E+07
 Catch=   114990.793630283     
 Abd=  2.0166240E+07
 Catch=   166140.728821241     
 Abd=   1848022.    
 Catch=   21789.2268404497     
 Abd=   3805778.    
 Catch=   17303.2613837892     
 Abd=   748424.9    
 Catch=   31280.8472601807     
 Abd=   919134.1    
 Catch=   49369.0206762749     
 Abd=   183546.1    
 Catch=   6225.75436864674     
 Abd=   6669.409    
 Catch=   246.582256079246     
 Abd=   9206350.    
 Catch=   180577.891370047     
 Abd=   1063310.    
 Catch=   18967.6562168751     
 Abd=  3.2072264E+07
 Catch=   359327.448972031     
 Abd=   5908503.    
 Catch=   17829.0111561137     
 Abd=   4427641.    
 Catch=   17336.6965188384     
 Abd=   1828031.    
 Catch=   259487.350439215     
 Abd=   1828031.    
 Catch=   259487.350439215     
 Abd=   51328.28    
 Catch=   6762.44218863329     
 Abd=  1.1179002E+07
 Catch=   35264.6952698647     
 Abd=   3503330.    
 Catch=   20093.7830958157     
 Abd=  3.5092294E+08
 Catch=   876649.361475643     
 Abd=  2.7813736E+07
 Catch=   115215.607321734     
 Abd=  3.6205728E+07
 Catch=   206389.660177301     
 Time step =         1989
 Abd=  2.5896020E+07
 Catch=   401544.263111177     
 Abd=   1322352.    
 Catch=   12222.2568835633     
 Abd=   923480.0    
 Catch=   32978.3441220311     
 Abd=   3054709.    
 Catch=   20274.0063186567     
 Abd=   444605.2    
 Catch=   8474.38069250751     
 Abd=   221.6023    
 Catch=  0.779113830899735     
 Abd=   164910.3    
 Catch=   478.080542816360     
 Abd=   562570.8    
 Catch=   35258.1262304205     
 Abd=   929442.9    
 Catch=   58655.4420009541     
 Abd=   452424.3    
 Catch=   2937.34716321914     
 Abd=   27698.61    
 Catch=   68.8766085106719     
 Abd=  1.7598820E+07
 Catch=   184430.819932332     
 Abd=  1.2519810E+07
 Catch=   120768.186670082     
 Abd=   1648092.    
 Catch=   37756.5274586321     
 Abd=   5257322.    
 Catch=   101146.244549819     
 Abd=   1782618.    
 Catch=   21894.4385718863     
 Abd=  1.1871702E+08
 Catch=   2546335.82688569     
 Abd=  1.7912244E+07
 Catch=   112991.784084809     
 Abd=  2.0006528E+07
 Catch=   166181.761665354     
 Abd=   1799901.    
 Catch=   22180.9076071191     
 Abd=   3794246.    
 Catch=   17634.5725089574     
 Abd=   709949.8    
 Catch=   32925.8555494912     
 Abd=   919740.0    
 Catch=   53938.5168229268     
 Abd=   182101.9    
 Catch=   6271.98133483507     
 Abd=   4137.751    
 Catch=   361.359330796971     
 Abd=   8926408.    
 Catch=   181768.518521646     
 Abd=   994586.1    
 Catch=   19600.6335373527     
 Abd=  3.1968282E+07
 Catch=   362983.714408734     
 Abd=   5905809.    
 Catch=   17832.9074767641     
 Abd=   4428708.    
 Catch=   17335.7625608241     
 Abd=   1969214.    
 Catch=   205830.561540804     
 Abd=   1969214.    
 Catch=   205830.561540804     
 Abd=   51269.45    
 Catch=   6836.71573164927     
 Abd=  1.1041799E+07
 Catch=   35673.4934355252     
 Abd=   3447988.    
 Catch=   19688.1987497406     
 Abd=  3.5125421E+08
 Catch=   877469.667769956     
 Abd=  2.7840820E+07
 Catch=   115395.017973223     
 Abd=  3.6189904E+07
 Catch=   206004.597387522     
 Time step =         1990
 Abd=  2.6396366E+07
 Catch=   412411.480524294     
 Abd=   1333352.    
 Catch=   12325.8094904345     
 Abd=   965244.9    
 Catch=   33567.4545027610     
 Abd=   3074810.    
 Catch=   20114.4877246028     
 Abd=   397637.8    
 Catch=   9218.95558126369     
 Abd=   223.1473    
 Catch=  0.783296814888036     
 Abd=   165181.0    
 Catch=   479.261236164715     
 Abd=   614682.1    
 Catch=   36491.9534785322     
 Abd=   1012763.    
 Catch=   57014.8985343913     
 Abd=   457524.1    
 Catch=   2951.91969922541     
 Abd=   27597.62    
 Catch=   68.8926801105962     
 Abd=  1.7564270E+07
 Catch=   185820.724419896     
 Abd=  1.2598326E+07
 Catch=   121059.100111378     
 Abd=   1658375.    
 Catch=   37500.6319388173     
 Abd=   5570788.    
 Catch=   100476.861225457     
 Abd=   1810026.    
 Catch=   22083.9660577618     
 Abd=  1.2033407E+08
 Catch=   2614034.61251123     
 Abd=  1.7590388E+07
 Catch=   115117.797284023     
 Abd=  2.0014460E+07
 Catch=   167398.205768531     
 Abd=   1833698.    
 Catch=   22531.7357070102     
 Abd=   3868170.    
 Catch=   18051.7590773892     
 Abd=   748197.3    
 Catch=   34431.3274546691     
 Abd=   1005664.    
 Catch=   51647.8323435397     
 Abd=   183502.9    
 Catch=   6326.43221625472     
 Abd=   6123.289    
 Catch=   626.352315492382     
 Abd=   8991586.    
 Catch=   184203.468579580     
 Abd=   1029473.    
 Catch=   19739.9801465359     
 Abd=  3.2301740E+07
 Catch=   364381.617032894     
 Abd=   5907186.    
 Catch=   17830.1187215293     
 Abd=   4428453.    
 Catch=   17418.5763552771     
 Abd=   1561944.    
 Catch=   219971.762066134     
 Abd=   1561944.    
 Catch=   219971.762066134     
 Abd=   51835.40    
 Catch=   7151.84694175625     
 Abd=  1.1175151E+07
 Catch=   35873.6636623577     
 Abd=   3377777.    
 Catch=   19705.2734685054     
 Abd=  3.5158112E+08
 Catch=   878846.478765834     
 Abd=  2.7884352E+07
 Catch=   115669.592172829     
 Abd=  3.6121336E+07
 Catch=   206421.918436438     
 Time step =         1991
 Abd=  2.7114492E+07
 Catch=   425710.235743951     
 Abd=   1344647.    
 Catch=   12344.2545632688     
 Abd=   982054.8    
 Catch=   33034.1983769028     
 Abd=   3049604.    
 Catch=   20093.6465009156     
 Abd=   433786.9    
 Catch=   9931.20955696767     
 Abd=   224.3414    
 Catch=  0.784416743226406     
 Abd=   165591.2    
 Catch=   479.046580347661     
 Abd=   635732.1    
 Catch=   36045.7866821780     
 Abd=   983185.2    
 Catch=   58654.8772551660     
 Abd=   459751.6    
 Catch=   2938.86194022687     
 Abd=   27606.08    
 Catch=   68.9131826360700     
 Abd=  1.7699746E+07
 Catch=   185314.316914694     
 Abd=  1.2627622E+07
 Catch=   118579.527564448     
 Abd=   1646755.    
 Catch=   36355.6456642734     
 Abd=   5528086.    
 Catch=   98379.7668474724     
 Abd=   1825441.    
 Catch=   22113.7680553014     
 Abd=  1.2354588E+08
 Catch=   2674540.09033341     
 Abd=  1.7933476E+07
 Catch=   115872.732329098     
 Abd=  2.0163768E+07
 Catch=   167525.162091082     
 Abd=   1862573.    
 Catch=   22631.3009771785     
 Abd=   3960068.    
 Catch=   18605.0890671466     
 Abd=   782240.1    
 Catch=   34492.4660928566     
 Abd=   961584.3    
 Catch=   52127.9792393556     
 Abd=   185080.0    
 Catch=   6359.31712098784     
 Abd=   10603.74    
 Catch=   566.468565540661     
 Abd=   9112724.    
 Catch=   181700.813283716     
 Abd=   1036268.    
 Catch=   19381.9647699482     
 Abd=  3.2421724E+07
 Catch=   364481.239413002     
 Abd=   5906210.    
 Catch=   17874.2249473769     
 Abd=   4450011.    
 Catch=   17316.0005138880     
 Abd=   1669030.    
 Catch=   193423.875425563     
 Abd=   1669030.    
 Catch=   193423.875425563     
 Abd=   54227.38    
 Catch=   7381.10057133853     
 Abd=  1.1236244E+07
 Catch=   35996.3167563785     
 Abd=   3382172.    
 Catch=   19753.3330208849     
 Abd=  3.5213850E+08
 Catch=   881854.277112744     
 Abd=  2.7951278E+07
 Catch=   116255.360266670     
 Abd=  3.6196760E+07
 Catch=   207505.766804439     
 Time step =         1992
 Abd=  2.7990516E+07
 Catch=   432343.750937768     
 Abd=   1346495.    
 Catch=   12379.2796875016     
 Abd=   966113.4    
 Catch=   33894.3097477725     
 Abd=   3046927.    
 Catch=   20101.8511279685     
 Abd=   467157.0    
 Catch=   9864.09600770693     
 Abd=   224.6472    
 Catch=  0.772728299899557     
 Abd=   165507.5    
 Catch=   480.502460709619     
 Abd=   627709.8    
 Catch=   37015.7261258939     
 Abd=   1012025.    
 Catch=   59670.6878720704     
 Abd=   457630.1    
 Catch=   2949.30574604532     
 Abd=   27614.18    
 Catch=   69.1431009315181     
 Abd=  1.7648126E+07
 Catch=   185417.423268867     
 Abd=  1.2364962E+07
 Catch=   118658.516255818     
 Abd=   1595966.    
 Catch=   36567.3776679262     
 Abd=   5411218.    
 Catch=   99554.5576660254     
 Abd=   1827656.    
 Catch=   21597.5760849263     
 Abd=  1.2640314E+08
 Catch=   2698443.16069140     
 Abd=  1.8047068E+07
 Catch=   118308.018895121     
 Abd=  2.0176526E+07
 Catch=   167722.115464621     
 Abd=   1870454.    
 Catch=   22756.8585718819     
 Abd=   4081950.    
 Catch=   19312.2298580040     
 Abd=   783266.4    
 Catch=   34871.3525557703     
 Abd=   971448.7    
 Catch=   56421.3075374212     
 Abd=   186031.9    
 Catch=   6145.22760473597     
 Abd=   9525.320    
 Catch=   382.471954547932     
 Abd=   8984519.    
 Catch=   184971.094396854     
 Abd=   1017085.    
 Catch=   21219.1938585318     
 Abd=  3.2428764E+07
 Catch=   364364.554631610     
 Abd=   5921126.    
 Catch=   17870.1511276433     
 Abd=   4422982.    
 Catch=   17130.7507146420     
 Abd=   1466661.    
 Catch=   196888.800244307     
 Abd=   1466661.    
 Catch=   196888.800244307     
 Abd=   55962.83    
 Catch=   6259.44597897386     
 Abd=  1.1274018E+07
 Catch=   35855.2962496387     
 Abd=   3390508.    
 Catch=   19523.6995287350     
 Abd=  3.5335494E+08
 Catch=   883268.643885690     
 Abd=  2.8094132E+07
 Catch=   115719.648834065     
 Abd=  3.6389796E+07
 Catch=   208686.645516144     
 Time step =         1993
 Abd=  2.8420720E+07
 Catch=   440233.030449061     
 Abd=   1350351.    
 Catch=   12212.8090119898     
 Abd=   991834.4    
 Catch=   32931.2278104155     
 Abd=   3048238.    
 Catch=   20305.2639250411     
 Abd=   463343.1    
 Catch=   8747.76911003717     
 Abd=   221.2341    
 Catch=  0.767262293710101     
 Abd=   166023.0    
 Catch=   475.832115619483     
 Abd=   644975.7    
 Catch=   33672.4007726008     
 Abd=   1029468.    
 Catch=   56781.7075320714     
 Abd=   459348.0    
 Catch=   2941.79980511578     
 Abd=   27708.00    
 Catch=   69.4963003169324     
 Abd=  1.7659382E+07
 Catch=   183753.693368605     
 Abd=  1.2377038E+07
 Catch=   119396.698147884     
 Abd=   1606126.    
 Catch=   36472.7654837221     
 Abd=   5479134.    
 Catch=   99436.4929335029     
 Abd=   1784266.    
 Catch=   22032.5793692062     
 Abd=  1.2750658E+08
 Catch=   2554618.10897783     
 Abd=  1.8431168E+07
 Catch=   117817.253144991     
 Abd=  2.0200390E+07
 Catch=   168233.904875909     
 Abd=   1880858.    
 Catch=   22172.1876042467     
 Abd=   4237661.    
 Catch=   19940.6042801920     
 Abd=   792020.9    
 Catch=   32005.7286676182     
 Abd=   1051968.    
 Catch=   54005.9934235382     
 Abd=   179705.5    
 Catch=   6215.64772545456     
 Abd=   6418.659    
 Catch=   184.743603476849     
 Abd=   9151820.    
 Catch=   184657.371616918     
 Abd=   1115558.    
 Catch=   21865.2984175032     
 Abd=  3.2417742E+07
 Catch=   364636.144417066     
 Abd=   5919471.    
 Catch=   17878.9977138383     
 Abd=   4375261.    
 Catch=   17002.0830617830     
 Abd=   1493524.    
 Catch=   201539.624055472     
 Abd=   1493524.    
 Catch=   201539.624055472     
 Abd=   47444.92    
 Catch=   6827.95327058034     
 Abd=  1.1228721E+07
 Catch=   35965.6716953166     
 Abd=   3350407.    
 Catch=   19536.2084770600     
 Abd=  3.5391318E+08
 Catch=   883791.194786221     
 Abd=  2.7959696E+07
 Catch=   115894.421216943     
 Abd=  3.6596800E+07
 Catch=   208581.203607713     
 Time step =         1994
 Abd=  2.8938896E+07
 Catch=   420914.776638734     
 Abd=   1331798.    
 Catch=   12386.4300911991     
 Abd=   962959.4    
 Catch=   33646.6179274032     
 Abd=   3079675.    
 Catch=   20297.3960966254     
 Abd=   410259.4    
 Catch=   9831.18154543306     
 Abd=   219.6965    
 Catch=  0.764415308715765     
 Abd=   164375.3    
 Catch=   478.525824874226     
 Abd=   586026.0    
 Catch=   36751.8414637872     
 Abd=   979123.4    
 Catch=   58100.5417854025     
 Abd=   458144.6    
 Catch=   2924.25707946250     
 Abd=   27851.52    
 Catch=   68.9286839320841     
 Abd=  1.7497854E+07
 Catch=   184523.163702518     
 Abd=  1.2454882E+07
 Catch=   120386.537870984     
 Abd=   1601763.    
 Catch=   37154.2289822269     
 Abd=   5471262.    
 Catch=   99321.6168728013     
 Abd=   1821570.    
 Catch=   22121.1288412903     
 Abd=  1.2059266E+08
 Catch=   2677932.14683350     
 Abd=  1.8345678E+07
 Catch=   119650.490732569     
 Abd=  2.0262700E+07
 Catch=   167730.039894948     
 Abd=   1831545.    
 Catch=   22759.7850251020     
 Abd=   4375016.    
 Catch=   19998.0713876130     
 Abd=   726129.6    
 Catch=   35150.0750443699     
 Abd=   1005803.    
 Catch=   53737.8810469317     
 Abd=   181871.5    
 Catch=   6241.49378317185     
 Abd=   3123.497    
 Catch=   352.488359040999     
 Abd=   9132204.    
 Catch=   187826.382031265     
 Abd=   1148286.    
 Catch=   20883.3157089027     
 Abd=  3.2443110E+07
 Catch=   362852.804030996     
 Abd=   5922473.    
 Catch=   17902.1565632342     
 Abd=   4342591.    
 Catch=   16994.5012584707     
 Abd=   1528842.    
 Catch=   255532.629530172     
 Abd=   1528842.    
 Catch=   255532.629530172     
 Abd=   51775.72    
 Catch=   6619.49739001189     
 Abd=  1.1264736E+07
 Catch=   36026.9895122102     
 Abd=   3353190.    
 Catch=   19865.8869376128     
 Abd=  3.5411286E+08
 Catch=   886388.570253209     
 Abd=  2.8005684E+07
 Catch=   115937.756578707     
 Abd=  3.6573984E+07
 Catch=   208218.597826373     
 Time step =         1995
 Abd=  2.7643018E+07
 Catch=   406057.788879606     
 Abd=   1351416.    
 Catch=   12246.2806725478     
 Abd=   984476.9    
 Catch=   32337.7752882892     
 Abd=   3078030.    
 Catch=   19971.6098984934     
 Abd=   462808.4    
 Catch=   8746.54383958885     
 Abd=   218.8985    
 Catch=  0.759374674242003     
 Abd=   165349.4    
 Catch=   478.661241630464     
 Abd=   640597.8    
 Catch=   32500.1632969074     
 Abd=   1002397.    
 Catch=   55749.6256058451     
 Abd=   455341.1    
 Catch=   2907.77706920864     
 Abd=   27616.82    
 Catch=   68.5359576290613     
 Abd=  1.7575204E+07
 Catch=   183220.369589756     
 Abd=  1.2558814E+07
 Catch=   121731.077986029     
 Abd=   1632225.    
 Catch=   38126.7667019609     
 Abd=   5464767.    
 Catch=   97447.8475251623     
 Abd=   1828416.    
 Catch=   22085.2659645329     
 Abd=  1.2661371E+08
 Catch=   2582750.55951089     
 Abd=  1.8638592E+07
 Catch=   119353.481787847     
 Abd=  2.0200112E+07
 Catch=   167152.393371787     
 Abd=   1881807.    
 Catch=   22148.0234643674     
 Abd=   4385380.    
 Catch=   19408.3140884438     
 Abd=   799111.1    
 Catch=   32655.6965292678     
 Abd=   1000915.    
 Catch=   49974.3133964769     
 Abd=   182608.0    
 Catch=   6133.66361181807     
 Abd=   6000.176    
 Catch=   397.065079333856     
 Abd=   9292684.    
 Catch=   183235.021779132     
 Abd=   1095379.    
 Catch=   19101.1265334222     
 Abd=  3.2281164E+07
 Catch=   360817.407403272     
 Abd=   5930250.    
 Catch=   17879.4336617728     
 Abd=   4341410.    
 Catch=   16977.7253236850     
 Abd=   1940307.    
 Catch=   245162.276300953     
 Abd=   1940307.    
 Catch=   245162.276300953     
 Abd=   50183.26    
 Catch=   6731.10989857506     
 Abd=  1.1283466E+07
 Catch=   35873.0931683972     
 Abd=   3410570.    
 Catch=   19976.4582485955     
 Abd=  3.5516934E+08
 Catch=   887250.640607935     
 Abd=  2.8014818E+07
 Catch=   115815.585550729     
 Abd=  3.6509648E+07
 Catch=   209138.818112940     
 Time step =         1996
 Abd=  2.6671660E+07
 Catch=   396756.229091599     
 Abd=   1335498.    
 Catch=   12204.4975102483     
 Abd=   945487.5    
 Catch=   32947.7230345087     
 Abd=   3027608.    
 Catch=   20293.3058480702     
 Abd=   410155.1    
 Catch=   8278.96759787195     
 Abd=   217.4417    
 Catch=  0.753023507524339     
 Abd=   165377.0    
 Catch=   475.966983168457     
 Abd=   565463.1    
 Catch=   34033.5366751961     
 Abd=   961325.5    
 Catch=   55658.6185882825     
 Abd=   452791.9    
 Catch=   2870.02435211208     
 Abd=   27459.91    
 Catch=   68.3596350698464     
 Abd=  1.7447426E+07
 Catch=   179790.354747028     
 Abd=  1.2700002E+07
 Catch=   122398.562361097     
 Abd=   1675184.    
 Catch=   37939.4946870202     
 Abd=   5360594.    
 Catch=   101710.359156238     
 Abd=   1825255.    
 Catch=   21979.1598535560     
 Abd=  1.2195442E+08
 Catch=   2528203.85828815     
 Abd=  1.8585676E+07
 Catch=   116589.099536404     
 Abd=  2.0130278E+07
 Catch=   166825.820863976     
 Abd=   1829479.    
 Catch=   21980.0596110476     
 Abd=   4253700.    
 Catch=   19070.9830889571     
 Abd=   741003.2    
 Catch=   31974.2813136630     
 Abd=   930328.5    
 Catch=   53954.8827377335     
 Abd=   179403.3    
 Catch=   6055.58955466700     
 Abd=   6695.188    
 Catch=   179.984206292067     
 Abd=   9058598.    
 Catch=   170055.772259078     
 Abd=   1001376.    
 Catch=   20005.7000800162     
 Abd=  3.2099700E+07
 Catch=   363358.703535043     
 Abd=   5922418.    
 Catch=   17926.7927535799     
 Abd=   4336915.    
 Catch=   17064.7287867623     
 Abd=   1859820.    
 Catch=   205457.123311022     
 Abd=   1859820.    
 Catch=   205457.123311022     
 Abd=   51035.27    
 Catch=   5917.84599101615     
 Abd=  1.1233834E+07
 Catch=   36208.1123813468     
 Abd=   3428658.    
 Catch=   19708.0343622618     
 Abd=  3.5550003E+08
 Catch=   888025.658216579     
 Abd=  2.7985024E+07
 Catch=   115369.491991996     
 Abd=  3.6674900E+07
 Catch=   208367.997155247     
 Time step =         1997
 Abd=  2.6062620E+07
 Catch=   390461.228173040     
 Abd=   1331154.    
 Catch=   12360.7856244255     
 Abd=   964096.5    
 Catch=   33758.3994274641     
 Abd=   3078330.    
 Catch=   20210.2578622944     
 Abd=   388730.9    
 Catch=   9136.74967010490     
 Abd=   215.6205    
 Catch=  0.757734881939365     
 Abd=   164429.5    
 Catch=   478.220200459267     
 Abd=   593130.4    
 Catch=   36992.0917668444     
 Abd=   960395.9    
 Catch=   58513.3096385483     
 Abd=   446858.7    
 Catch=   2894.83010812502     
 Abd=   27391.00    
 Catch=   68.1158074581766     
 Abd=  1.7117024E+07
 Catch=   182899.338438411     
 Abd=  1.2768569E+07
 Catch=   122975.826865744     
 Abd=   1666143.    
 Catch=   37413.9935669125     
 Abd=   5600409.    
 Catch=   102295.242521134     
 Abd=   1816383.    
 Catch=   22487.3204573282     
 Abd=  1.1941634E+08
 Catch=   2626383.75749602     
 Abd=  1.8148016E+07
 Catch=   118287.371341086     
 Abd=  2.0091376E+07
 Catch=   167104.291883911     
 Abd=   1816277.    
 Catch=   22552.8196880626     
 Abd=   4180568.    
 Catch=   18936.2987980078     
 Abd=   726060.1    
 Catch=   34979.2010842037     
 Abd=   1006120.    
 Catch=   55494.2360758312     
 Abd=   177131.3    
 Catch=   6292.97525161894     
 Abd=   3037.938    
 Catch=   349.554152552269     
 Abd=   8401246.    
 Catch=   176119.736814038     
 Abd=   1050925.    
 Catch=   19964.4242198327     
 Abd=  3.2333686E+07
 Catch=   365593.046163317     
 Abd=   5938584.    
 Catch=   17941.4924671192     
 Abd=   4359668.    
 Catch=   17075.2899854015     
 Abd=   1559286.    
 Catch=   203530.799774825     
 Abd=   1559286.    
 Catch=   203530.799774825     
 Abd=   44854.36    
 Catch=   6718.34282079000     
 Abd=  1.1342121E+07
 Catch=   36175.5988214750     
 Abd=   3381906.    
 Catch=   19404.5856994129     
 Abd=  3.5580954E+08
 Catch=   889015.881828083     
 Abd=  2.7875856E+07
 Catch=   115799.851328033     
 Abd=  3.6535392E+07
 Catch=   208361.049279132     
 Time step =         1998
 Abd=  2.5650972E+07
 Catch=   394266.082872593     
 Abd=   1348578.    
 Catch=   12498.9263988205     
 Abd=   987771.5    
 Catch=   35152.3128584217     
 Abd=   3064386.    
 Catch=   19947.9078384488     
 Abd=   430067.7    
 Catch=   9676.07827748987     
 Abd=   217.0313    
 Catch=  0.763464059510754     
 Abd=   165240.2    
 Catch=   480.701889565491     
 Abd=   644769.5    
 Catch=   37497.5243244722     
 Abd=   1009752.    
 Catch=   61633.9756799245     
 Abd=   450893.5    
 Catch=   2917.25980653828     
 Abd=   27292.71    
 Catch=   68.2327493194510     
 Abd=  1.7424620E+07
 Catch=   184577.301343392     
 Abd=  1.2828384E+07
 Catch=   123932.631109984     
 Abd=   1642758.    
 Catch=   37611.3990161027     
 Abd=   5629109.    
 Catch=   101736.976869066     
 Abd=   1859262.    
 Catch=   22843.0745758749     
 Abd=  1.2415646E+08
 Catch=   2747335.80143564     
 Abd=  1.8425828E+07
 Catch=   120045.533428361     
 Abd=  2.0126192E+07
 Catch=   168878.614935126     
 Abd=   1864673.    
 Catch=   22903.1935198334     
 Abd=   4151619.    
 Catch=   19269.3803631866     
 Abd=   795186.5    
 Catch=   36348.5601278190     
 Abd=   1033867.    
 Catch=   55700.1680249588     
 Abd=   184178.5    
 Catch=   6424.02739964616     
 Abd=   5956.082    
 Catch=   615.475177651323     
 Abd=   8715586.    
 Catch=   178658.975842583     
 Abd=   1047887.    
 Catch=   19902.3583336942     
 Abd=  3.2531100E+07
 Catch=   364166.104230381     
 Abd=   5943221.    
 Catch=   17929.3438404228     
 Abd=   4361976.    
 Catch=   17110.5254397666     
 Abd=   1544382.    
 Catch=   191257.998510297     
 Abd=   1544382.    
 Catch=   191257.998510297     
 Abd=   50946.83    
 Catch=   6914.64888115079     
 Abd=  1.1329472E+07
 Catch=   36040.8802050894     
 Abd=   3329887.    
 Catch=   19521.6508962579     
 Abd=  3.5621101E+08
 Catch=   890967.546665460     
 Abd=  2.7983616E+07
 Catch=   116201.906039147     
 Abd=  3.6535720E+07
 Catch=   210112.139859181     
 Time step =         1999
 Abd=  2.5913050E+07
 Catch=   396789.352998972     
 Abd=   1363612.    
 Catch=   12323.9489959776     
 Abd=   1028853.    
 Catch=   32566.7059038778     
 Abd=   3024156.    
 Catch=   20024.0910083192     
 Abd=   455004.8    
 Catch=   8915.10536381460     
 Abd=   218.6756    
 Catch=  0.772514488131316     
 Abd=   166099.0    
 Catch=   480.319881894307     
 Abd=   653253.4    
 Catch=   33896.3500151531     
 Abd=   1063814.    
 Catch=   56121.6580011075     
 Abd=   454366.2    
 Catch=   2914.28868140359     
 Abd=   27342.36    
 Catch=   68.3950334016993     
 Abd=  1.7581826E+07
 Catch=   185132.271552765     
 Abd=  1.2928308E+07
 Catch=   122914.990343405     
 Abd=   1651934.    
 Catch=   37049.4941291524     
 Abd=   5597282.    
 Catch=   98653.2912029485     
 Abd=   1888406.    
 Catch=   22476.7999313348     
 Abd=  1.2989841E+08
 Catch=   2610346.59198085     
 Abd=  1.8699854E+07
 Catch=   118897.273081182     
 Abd=  2.0343312E+07
 Catch=   169315.209097745     
 Abd=   1893306.    
 Catch=   22321.1700661453     
 Abd=   4226370.    
 Catch=   19338.6126773302     
 Abd=   825821.9    
 Catch=   33079.7870012276     
 Abd=   1038134.    
 Catch=   54236.9679197593     
 Abd=   187970.0    
 Catch=   6509.77426682759     
 Abd=   10417.87    
 Catch=   194.248664532299     
 Abd=   8837556.    
 Catch=   179534.374120083     
 Abd=   1044614.    
 Catch=   20081.0462649006     
 Abd=  3.2398726E+07
 Catch=   363777.334529445     
 Abd=   5939034.    
 Catch=   17893.5353091793     
 Abd=   4371085.    
 Catch=   16962.0384271108     
 Abd=   1451150.    
 Catch=   173995.525830039     
 Abd=   1451150.    
 Catch=   173995.525830039     
 Abd=   52424.41    
 Catch=   7942.71101627070     
 Abd=  1.1286857E+07
 Catch=   35389.2893775371     
 Abd=   3350917.    
 Catch=   19649.3872282755     
 Abd=  3.5700032E+08
 Catch=   891909.090564703     
 Abd=  2.8081008E+07
 Catch=   117020.649782835     
 Abd=  3.6848476E+07
 Catch=   210794.961392475     
 Time step =         2000
 Abd=  2.6077132E+07
 Catch=   397448.284022273     
 Abd=   1343905.    
 Catch=   12304.2429086577     
 Abd=   951822.1    
 Catch=   33539.0334931992     
 Abd=   3036658.    
 Catch=   20144.9136097542     
 Abd=   418300.7    
 Catch=   5829.31982883574     
 Abd=   221.2806    
 Catch=  0.772962496259270     
 Abd=   165947.6    
 Catch=   479.569374109103     
 Abd=   590013.0    
 Catch=   35304.6827311587     
 Abd=   967397.4    
 Catch=   57975.4043474721     
 Abd=   453855.8    
 Catch=   2880.08068403149     
 Abd=   27407.80    
 Catch=   68.0764766267942     
 Abd=  1.7632708E+07
 Catch=   185321.191468139     
 Abd=  1.2819142E+07
 Catch=   123459.177731650     
 Abd=   1626772.    
 Catch=   36698.3726145266     
 Abd=   5426002.    
 Catch=   103705.116393910     
 Abd=   1857189.    
 Catch=   23380.9433673496     
 Abd=  1.2323738E+08
 Catch=   2581697.21159071     
 Abd=  1.8512048E+07
 Catch=   113374.427287170     
 Abd=  2.0392856E+07
 Catch=   167318.505784711     
 Abd=   1843865.    
 Catch=   22418.6774701524     
 Abd=   4240538.    
 Catch=   19389.2216246379     
 Abd=   750490.8    
 Catch=   33074.1904498540     
 Abd=   1010506.    
 Catch=   56719.6898813295     
 Abd=   190459.8    
 Catch=   6457.77930548446     
 Abd=   3271.740    
 Catch=   217.266425516103     
 Abd=   8880012.    
 Catch=   177243.557489713     
 Abd=   1054203.    
 Catch=   19643.8585572294     
 Abd=  3.2365788E+07
 Catch=   366577.044924828     
 Abd=   5926997.    
 Catch=   17924.5443137367     
 Abd=   4332256.    
 Catch=   16895.0684087119     
 Abd=   1320060.    
 Catch=   205649.738198203     
 Abd=   1320060.    
 Catch=   205649.738198203     
 Abd=   60244.49    
 Catch=   8673.20407101120     
 Abd=  1.1079522E+07
 Catch=   36005.1008928189     
 Abd=   3372742.    
 Catch=   19759.5884980909     
 Abd=  3.5736746E+08
 Catch=   884993.407590527     
 Abd=  2.8280376E+07
 Catch=   117884.411655448     
 Abd=  3.6965108E+07
 Catch=   210119.073272772     
 Time step =         2001
 Abd=  2.6119212E+07
 Catch=   401806.237137029     
 Abd=   1342090.    
 Catch=   12402.8062922889     
 Abd=   981532.2    
 Catch=   33579.7043559014     
 Abd=   3055258.    
 Catch=   20239.9118401285     
 Abd=   272864.5    
 Catch=   7760.15346843989     
 Abd=   221.3650    
 Catch=  0.780910330837332     
 Abd=   165687.1    
 Catch=   479.811996503173     
 Abd=   615206.6    
 Catch=   36516.1211348701     
 Abd=   1000413.    
 Catch=   58586.7282709774     
 Abd=   448421.8    
 Catch=   2930.25969782504     
 Abd=   27277.23    
 Catch=   68.1903022129726     
 Abd=  1.7650174E+07
 Catch=   186710.144424431     
 Abd=  1.2879115E+07
 Catch=   123862.933872564     
 Abd=   1611665.    
 Catch=   37034.2588118401     
 Abd=   5710948.    
 Catch=   106505.989742810     
 Abd=   1933866.    
 Catch=   23722.5648657326     
 Abd=  1.2197373E+08
 Catch=   2615691.21583332     
 Abd=  1.7643944E+07
 Catch=   114480.636278923     
 Abd=  2.0147024E+07
 Catch=   168558.808041359     
 Abd=   1852896.    
 Catch=   22667.0198754720     
 Abd=   4251731.    
 Catch=   19337.0295292998     
 Abd=   751294.5    
 Catch=   34057.4172619387     
 Abd=   1057186.    
 Catch=   56416.9951309378     
 Abd=   188917.5    
 Catch=   6483.39350597858     
 Abd=   3661.995    
 Catch=   321.293012777639     
 Abd=   8763821.    
 Catch=   181093.207326633     
 Abd=   1030859.    
 Catch=   19165.1151670569     
 Abd=  3.2621682E+07
 Catch=   367043.635998855     
 Abd=   5937740.    
 Catch=   17941.3139349617     
 Abd=   4315634.    
 Catch=   17025.3532125009     
 Abd=   1561582.    
 Catch=   185570.520684064     
 Abd=   1561582.    
 Catch=   185570.520684064     
 Abd=   65784.77    
 Catch=   7303.05268929375     
 Abd=  1.1280190E+07
 Catch=   35738.2581947191     
 Abd=   3391856.    
 Catch=   19851.1089765208     
 Abd=  3.5455126E+08
 Catch=   887384.743092106     
 Abd=  2.8489346E+07
 Catch=   118585.639197446     
 Abd=  3.6842320E+07
 Catch=   209577.880600242     
 Time step =         2002
 Abd=  2.6410046E+07
 Catch=   404228.460954755     
 Abd=   1353047.    
 Catch=   12470.0077433105     
 Abd=   982224.5    
 Catch=   33817.4282532624     
 Abd=   3069436.    
 Catch=   20057.2878777275     
 Abd=   366680.4    
 Catch=   8526.85822837590     
 Abd=   223.6799    
 Catch=  0.788817190561197     
 Abd=   165776.9    
 Catch=   481.590870672885     
 Abd=   636113.7    
 Catch=   37503.2768724386     
 Abd=   1010574.    
 Catch=   59390.7754540978     
 Abd=   456478.7    
 Catch=   2899.69780506817     
 Abd=   27325.57    
 Catch=   68.3125602554855     
 Abd=  1.7784892E+07
 Catch=   184385.405441081     
 Abd=  1.2921124E+07
 Catch=   124801.061350786     
 Abd=   1626744.    
 Catch=   37739.0242987715     
 Abd=   5862954.    
 Catch=   103273.673329857     
 Abd=   1961188.    
 Catch=   23325.7301599827     
 Abd=  1.2360570E+08
 Catch=   2696063.91513942     
 Abd=  1.7832212E+07
 Catch=   115253.287937564     
 Abd=  2.0303618E+07
 Catch=   168303.943031446     
 Abd=   1873602.    
 Catch=   22915.9313651425     
 Abd=   4239835.    
 Catch=   19492.2641217612     
 Abd=   773791.4    
 Catch=   35645.0837996139     
 Abd=   1050512.    
 Catch=   55957.1388222277     
 Abd=   189685.2    
 Catch=   6328.64278684041     
 Abd=   5435.972    
 Catch=   536.468072942143     
 Abd=   8960666.    
 Catch=   182387.414695907     
 Abd=   1005592.    
 Catch=   18950.2027461864     
 Abd=  3.2657878E+07
 Catch=   363909.898654235     
 Abd=   5943182.    
 Catch=   17909.7662518351     
 Abd=   4349808.    
 Catch=   17047.8611122989     
 Abd=   1407582.    
 Catch=   200552.687158189     
 Abd=   1407582.    
 Catch=   200552.687158189     
 Abd=   55359.80    
 Catch=   7004.53783108156     
 Abd=  1.1191972E+07
 Catch=   35569.9148027686     
 Abd=   3407583.    
 Catch=   19657.1113523983     
 Abd=  3.5556714E+08
 Catch=   888396.437162230     
 Abd=  2.8657786E+07
 Catch=   118499.282326625     
 Abd=  3.6747668E+07
 Catch=   210965.998405964     
 Time step =         2003
 Abd=  2.6567120E+07
 Catch=   400783.085461228     
 Abd=   1360317.    
 Catch=   12346.2834065159     
 Abd=   989400.1    
 Catch=   33091.5892698712     
 Abd=   3040967.    
 Catch=   20022.1471907396     
 Abd=   401251.5    
 Catch=   7605.26051436703     
 Abd=   225.9486    
 Catch=  0.786798976752411     
 Abd=   166400.9    
 Catch=   480.647565023671     
 Abd=   653403.5    
 Catch=   35210.2698496342     
 Abd=   1024721.    
 Catch=   56245.8807040895     
 Abd=   451520.6    
 Catch=   2855.43280482717     
 Abd=   27374.30    
 Catch=   68.1034422391852     
 Abd=  1.7556928E+07
 Catch=   183654.880861024     
 Abd=  1.3018984E+07
 Catch=   125259.779806974     
 Abd=   1657908.    
 Catch=   38131.3994386132     
 Abd=   5679702.    
 Catch=   105728.037382788     
 Abd=   1927241.    
 Catch=   23394.9875310386     
 Abd=  1.2744426E+08
 Catch=   2585778.18380331     
 Abd=  1.7951154E+07
 Catch=   113365.686447436     
 Abd=  2.0269352E+07
 Catch=   167221.587883637     
 Abd=   1894209.    
 Catch=   22487.8672348718     
 Abd=   4274546.    
 Catch=   19756.1223769379     
 Abd=   809964.1    
 Catch=   33058.2416650673     
 Abd=   1042634.    
 Catch=   58843.9578538519     
 Abd=   185072.5    
 Catch=   6356.42810844047     
 Abd=   9080.629    
 Catch=   199.055467146130     
 Abd=   9021342.    
 Catch=   180639.453142492     
 Abd=   994545.0    
 Catch=   20159.3254272044     
 Abd=  3.2373360E+07
 Catch=   364772.917528795     
 Abd=   5932400.    
 Catch=   17890.1663892506     
 Abd=   4355054.    
 Catch=   16985.0093009159     
 Abd=   1521694.    
 Catch=   202243.535775635     
 Abd=   1521694.    
 Catch=   202243.535775635     
 Abd=   53098.14    
 Catch=   6995.62489438644     
 Abd=  1.1138942E+07
 Catch=   35646.6281646078     
 Abd=   3373355.    
 Catch=   19589.0034622028     
 Abd=  3.5596013E+08
 Catch=   886354.314875094     
 Abd=  2.8633452E+07
 Catch=   118641.316312325     
 Abd=  3.6997352E+07
 Catch=   211997.271694731     
 Time step =         2004
 Abd=  2.6332944E+07
 Catch=   402812.637431903     
 Abd=   1346436.    
 Catch=   12557.9177291375     
 Abd=   967726.1    
 Catch=   34848.0975128020     
 Abd=   3036052.    
 Catch=   20282.7335950126     
 Abd=   356776.6    
 Catch=   8925.48977805881     
 Abd=   225.3138    
 Catch=  0.789017210625456     
 Abd=   166056.9    
 Catch=   483.107858207783     
 Abd=   613075.9    
 Catch=   38677.1704045418     
 Abd=   970003.6    
 Catch=   62636.8970205243     
 Abd=   444548.6    
 Catch=   2762.85394244536     
 Abd=   27288.87    
 Catch=   67.9512705619934     
 Abd=  1.7489972E+07
 Catch=   180755.918818689     
 Abd=  1.3066194E+07
 Catch=   124166.011414724     
 Abd=   1674937.    
 Catch=   37613.6842556127     
 Abd=   5819703.    
 Catch=   109643.128604177     
 Abd=   1933638.    
 Catch=   23335.1878313626     
 Abd=  1.2208683E+08
 Catch=   2742511.79527001     
 Abd=  1.7648570E+07
 Catch=   115481.780523329     
 Abd=  2.0137342E+07
 Catch=   165055.230645689     
 Abd=   1857841.    
 Catch=   23294.5002744222     
 Abd=   4332972.    
 Catch=   19777.5974408002     
 Abd=   750123.9    
 Catch=   36204.3227598226     
 Abd=   1096976.    
 Catch=   61089.2145916969     
 Abd=   185945.6    
 Catch=   6093.65292159725     
 Abd=   3337.852    
 Catch=   345.823316534778     
 Abd=   8932551.    
 Catch=   168592.401604903     
 Abd=   1059238.    
 Catch=   21004.0689280658     
 Abd=  3.2456828E+07
 Catch=   368758.390115067     
 Abd=   5925983.    
 Catch=   17919.1293161172     
 Abd=   4338566.    
 Catch=   17057.2824065811     
 Abd=   1534320.    
 Catch=   224239.890318045     
 Abd=   1534320.    
 Catch=   224239.890318045     
 Abd=   53036.93    
 Catch=   6607.36864131056     
 Abd=  1.1164640E+07
 Catch=   35699.9080250985     
 Abd=   3362040.    
 Catch=   20051.9503742130     
 Abd=  3.5511734E+08
 Catch=   889593.916389983     
 Abd=  2.8668720E+07
 Catch=   117859.890550537     
 Abd=  3.7176488E+07
 Catch=   211940.778079861     
 Time step =         2005
 Abd=  2.6473806E+07
 Catch=   414011.141140850     
 Abd=   1370207.    
 Catch=   12503.3912141621     
 Abd=   1020085.    
 Catch=   33165.0271734683     
 Abd=   3076412.    
 Catch=   20204.8087996218     
 Abd=   420640.6    
 Catch=   9004.81288872726     
 Abd=   225.9748    
 Catch=  0.787016784235105     
 Abd=   166930.7    
 Catch=   483.669743925189     
 Abd=   674254.8    
 Catch=   36660.1756218043     
 Abd=   1081555.    
 Catch=   59183.6859283346     
 Abd=   430030.0    
 Catch=   2740.06748596905     
 Abd=   27228.43    
 Catch=   68.1213290902411     
 Abd=  1.7209960E+07
 Catch=   182048.881364926     
 Abd=  1.2949838E+07
 Catch=   123732.265246333     
 Abd=   1651642.    
 Catch=   37756.1586060108     
 Abd=   6036643.    
 Catch=   103488.104967447     
 Abd=   1928530.    
 Catch=   22598.8802590757     
 Abd=  1.2969238E+08
 Catch=   2686573.97378397     
 Abd=  1.7990454E+07
 Catch=   115596.083286083     
 Abd=  1.9873964E+07
 Catch=   165426.950340622     
 Abd=   1926344.    
 Catch=   23016.8571474141     
 Abd=   4337180.    
 Catch=   20173.3783789879     
 Abd=   823096.2    
 Catch=   34204.6293799847     
 Abd=   1138337.    
 Catch=   57207.8915160443     
 Abd=   178176.8    
 Catch=   6251.08808009781     
 Abd=   5874.885    
 Catch=   316.792712997811     
 Abd=   8329011.    
 Catch=   170096.500378980     
 Abd=   1103272.    
 Catch=   19852.5408722347     
 Abd=  3.2816024E+07
 Catch=   365610.303933121     
 Abd=   5935916.    
 Catch=   17914.7468971761     
 Abd=   4357697.    
 Catch=   17158.1572341964     
 Abd=   1701271.    
 Catch=   190878.781905138     
 Abd=   1701271.    
 Catch=   190878.781905138     
 Abd=   50087.71    
 Catch=   7165.67327545898     
 Abd=  1.1181048E+07
 Catch=   34819.2319766202     
 Abd=   3443067.    
 Catch=   20086.1534170183     
 Abd=  3.5645894E+08
 Catch=   892046.120427439     
 Abd=  2.8476066E+07
 Catch=   117346.433750744     
 Abd=  3.7163632E+07
 Catch=   212795.351312915     
 Time step =         2006
 Abd=  2.7219976E+07
 Catch=   418440.436991054     
 Abd=   1363710.    
 Catch=   12446.4269183779     
 Abd=   969593.7    
 Catch=   32768.5273549496     
 Abd=   3063602.    
 Catch=   20161.2727571424     
 Abd=   423127.6    
 Catch=   9054.75152419132     
 Abd=   225.3774    
 Catch=  0.786721088790234     
 Abd=   167110.4    
 Catch=   482.896254409049     
 Abd=   638295.7    
 Catch=   35244.7325573889     
 Abd=   1020564.    
 Catch=   56927.2414543345     
 Abd=   426669.8    
 Catch=   2729.60547721290     
 Abd=   27298.17    
 Catch=   67.9031858439643     
 Abd=  1.7340522E+07
 Catch=   183396.380098625     
 Abd=  1.2905677E+07
 Catch=   122128.975551580     
 Abd=   1658245.    
 Catch=   37028.9956420226     
 Abd=   5689402.    
 Catch=   99491.2568636349     
 Abd=   1866872.    
 Catch=   22433.2729476838     
 Abd=  1.2689549E+08
 Catch=   2660120.06142648     
 Abd=  1.8001936E+07
 Catch=   115607.156362227     
 Abd=  1.9924572E+07
 Catch=   165408.989740740     
 Abd=   1901765.    
 Catch=   22817.5077770828     
 Abd=   4425224.    
 Catch=   20700.7668343894     
 Abd=   776346.6    
 Catch=   33550.5176097057     
 Abd=   1065237.    
 Catch=   57019.6623969456     
 Abd=   182935.0    
 Catch=   6437.95873079428     
 Abd=   5332.605    
 Catch=   255.118780043093     
 Abd=   8414584.    
 Catch=   173864.914645719     
 Abd=   1041234.    
 Catch=   20608.6057624349     
 Abd=  3.2524516E+07
 Catch=   367299.026906339     
 Abd=   5934228.    
 Catch=   17926.1552358273     
 Abd=   4383616.    
 Catch=   17174.8404154399     
 Abd=   1447288.    
 Catch=   214482.248804134     
 Abd=   1447288.    
 Catch=   214482.248804134     
 Abd=   54338.82    
 Catch=   7682.90746838800     
 Abd=  1.0899820E+07
 Catch=   34647.0523702022     
 Abd=   3447745.    
 Catch=   20018.7821981765     
 Abd=  3.5743437E+08
 Catch=   892784.367109605     
 Abd=  2.8353632E+07
 Catch=   118056.001995064     
 Abd=  3.7316028E+07
 Catch=   212518.954855559     
 Time step =         2007
 Abd=  2.7502864E+07
 Catch=   431608.805326614     
 Abd=   1357487.    
 Catch=   12570.9132398370     
 Abd=   958355.4    
 Catch=   33829.8679063710     
 Abd=   3057126.    
 Catch=   20478.5997523536     
 Abd=   425379.2    
 Catch=   8898.00759178531     
 Abd=   225.3028    
 Catch=  0.777688583031021     
 Abd=   166834.4    
 Catch=   484.312676235126     
 Abd=   613647.3    
 Catch=   37655.2232972850     
 Abd=   981771.5    
 Catch=   59160.4154841732     
 Abd=   425048.0    
 Catch=   2753.19581761389     
 Abd=   27208.54    
 Catch=   67.8191402223882     
 Abd=  1.7468924E+07
 Catch=   185995.377225364     
 Abd=  1.2736065E+07
 Catch=   123247.292866101     
 Abd=   1625726.    
 Catch=   37606.2783264186     
 Abd=   5470928.    
 Catch=   98274.3403546952     
 Abd=   1853880.    
 Catch=   22731.6614517694     
 Abd=  1.2565250E+08
 Catch=   2754959.13414945     
 Abd=  1.8003480E+07
 Catch=   115464.159281904     
 Abd=  1.9921256E+07
 Catch=   165074.829133272     
 Abd=   1885398.    
 Catch=   23222.7301678861     
 Abd=   4541466.    
 Catch=   21437.5411872656     
 Abd=   761709.9    
 Catch=   35250.6591132366     
 Abd=   1061842.    
 Catch=   58675.8984048929     
 Abd=   188407.6    
 Catch=   6477.96786926963     
 Abd=   4295.644    
 Catch=   471.914313937361     
 Abd=   8602124.    
 Catch=   177981.093097467     
 Abd=   1082445.    
 Catch=   20775.9167325035     
 Abd=  3.2682436E+07
 Catch=   367908.636243568     
 Abd=   5938110.    
 Catch=   17939.9666607044     
 Abd=   4387409.    
 Catch=   17193.7722709716     
 Abd=   1627405.    
 Catch=   215410.966454050     
 Abd=   1627405.    
 Catch=   215410.966454050     
 Abd=   58258.02    
 Catch=   7050.33006490144     
 Abd=  1.0849960E+07
 Catch=   35186.1468802241     
 Abd=   3435484.    
 Catch=   20152.3567711694     
 Abd=  3.5771514E+08
 Catch=   893735.533377137     
 Abd=  2.8530308E+07
 Catch=   118393.233268146     
 Abd=  3.7263832E+07
 Catch=   212306.239225597     
 Time step =         2008
 Abd=  2.8378412E+07
 Catch=   441997.412989868     
 Abd=   1371426.    
 Catch=   12537.3268114928     
 Abd=   989921.0    
 Catch=   33246.5482731541     
 Abd=   3106305.    
 Catch=   20477.7318946271     
 Abd=   417915.5    
 Catch=   9618.63301805361     
 Abd=   222.6623    
 Catch=  0.775602211274700     
 Abd=   167339.0    
 Catch=   484.507214066954     
 Abd=   656198.4    
 Catch=   35700.5985697890     
 Abd=   1020795.    
 Catch=   58687.8659807760     
 Abd=   428830.2    
 Catch=   2728.02596634287     
 Abd=   27175.05    
 Catch=   67.1477803868666     
 Abd=  1.7718272E+07
 Catch=   185276.238817300     
 Abd=  1.2857324E+07
 Catch=   122434.568418648     
 Abd=   1651970.    
 Catch=   37716.9695733980     
 Abd=   5406147.    
 Catch=   101411.433050521     
 Abd=   1879183.    
 Catch=   22651.1477244349     
 Abd=  1.3022561E+08
 Catch=   2757379.02647745     
 Abd=  1.7980598E+07
 Catch=   117181.740638490     
 Abd=  1.9880392E+07
 Catch=   163494.056070601     
 Abd=   1919759.    
 Catch=   23127.1007447957     
 Abd=   4703713.    
 Catch=   22105.3319045483     
 Abd=   800883.9    
 Catch=   34834.9028019691     
 Abd=   1093229.    
 Catch=   57866.5410032540     
 Abd=   189512.2    
 Catch=   6362.16677024886     
 Abd=   8028.229    
 Catch=   406.389886803042     
 Abd=   8805486.    
 Catch=   170932.293268261     
 Abd=   1090631.    
 Catch=   20717.1408397889     
 Abd=  3.2734172E+07
 Catch=   365619.690605070     
 Abd=   5942719.    
 Catch=   17938.9280877781     
 Abd=   4392417.    
 Catch=   16923.5543069857     
 Abd=   1634064.    
 Catch=   256930.670236338     
 Abd=   1634064.    
 Catch=   256930.670236338     
 Abd=   53442.97    
 Catch=   7441.02113265849     
 Abd=  1.1023716E+07
 Catch=   35079.2289534713     
 Abd=   3459136.    
 Catch=   20072.2251666408     
 Abd=  3.5809984E+08
 Catch=   895358.367311558     
 Abd=  2.8609694E+07
 Catch=   118637.653287186     
 Abd=  3.7226864E+07
 Catch=   212589.602147152     
 Time step =         2009
 Abd=  2.9056958E+07
 Catch=   447454.454019700     
 Abd=   1367439.    
 Catch=   12417.4010536209     
 Abd=   972278.6    
 Catch=   33210.8891338430     
 Abd=   3105212.    
 Catch=   20400.2460767396     
 Abd=   452533.8    
 Catch=   8477.93682292553     
 Abd=   222.1096    
 Catch=  0.766014053406672     
 Abd=   167398.2    
 Catch=   483.063094093940     
 Abd=   621439.6    
 Catch=   35438.5126502765     
 Abd=   1012212.    
 Catch=   57221.2256054836     
 Abd=   424766.7    
 Catch=   2770.12700449298     
 Abd=   26905.30    
 Catch=   67.1042755596742     
 Abd=  1.7644282E+07
 Catch=   186584.001894892     
 Abd=  1.2769688E+07
 Catch=   122831.833617640     
 Abd=   1656508.    
 Catch=   37863.6957975366     
 Abd=   5582829.    
 Catch=   95894.2428144361     
 Abd=   1871921.    
 Catch=   22418.6005796064     
 Abd=  1.3027058E+08
 Catch=   2666012.68004775     
 Abd=  1.8253552E+07
 Catch=   116538.070014537     
 Abd=  1.9687346E+07
 Catch=   163705.780278271     
 Abd=   1911102.    
 Catch=   22689.0589048969     
 Abd=   4849950.    
 Catch=   22866.3358401086     
 Abd=   790900.3    
 Catch=   33603.2234712244     
 Abd=   1077593.    
 Catch=   56224.3689389686     
 Abd=   186066.6    
 Catch=   6484.60037062574     
 Abd=   6817.731    
 Catch=   227.877685640298     
 Abd=   8448664.    
 Catch=   176357.573257839     
 Abd=   1087430.    
 Catch=   20571.9921005601     
 Abd=  3.2526236E+07
 Catch=   366493.542780735     
 Abd=   5942285.    
 Catch=   17959.4074021973     
 Abd=   4322373.    
 Catch=   16927.2796499690     
 Abd=   1951842.    
 Catch=   258260.828721780     
 Abd=   1951842.    
 Catch=   258260.828721780     
 Abd=   56420.09    
 Catch=   6367.87400103149     
 Abd=  1.0985531E+07
 Catch=   34346.0977517220     
 Abd=   3444960.    
 Catch=   19801.6711708131     
 Abd=  3.5875670E+08
 Catch=   895618.017244452     
 Abd=  2.8668536E+07
 Catch=   118463.819465302     
 Abd=  3.7278312E+07
 Catch=   213280.676051967     
 Time step =         2010
 Abd=  2.9410158E+07
 Catch=   448660.115650011     
 Abd=   1354201.    
 Catch=   12362.4048700047     
 Abd=   971454.7    
 Catch=   33292.4028234883     
 Abd=   3093307.    
 Catch=   20600.2669320973     
 Abd=   397730.8    
 Catch=   9758.90151537913     
 Abd=   219.3238    
 Catch=  0.766380978045416     
 Abd=   166887.0    
 Catch=   480.346875473084     
 Abd=   617123.9    
 Catch=   34451.2608683391     
 Abd=   986724.1    
 Catch=   57545.8645221474     
 Abd=   431525.2    
 Catch=   2784.25859007113     
 Abd=   26889.13    
 Catch=   66.7169841977169     
 Abd=  1.7772300E+07
 Catch=   184790.048600652     
 Abd=  1.2813189E+07
 Catch=   123165.938586181     
 Abd=   1662991.    
 Catch=   37486.3144460928     
 Abd=   5272456.    
 Catch=   103464.579632965     
 Abd=   1852652.    
 Catch=   23347.6863660685     
 Abd=  1.2588915E+08
 Catch=   2626481.10238510     
 Abd=  1.8146490E+07
 Catch=   115921.704937670     
 Abd=  1.9716866E+07
 Catch=   163051.801408618     
 Abd=   1874443.    
 Catch=   22386.4837749172     
 Abd=   5017081.    
 Catch=   23388.9759053155     
 Abd=   762768.0    
 Catch=   32733.6029147994     
 Abd=   1046777.    
 Catch=   57789.8514407891     
 Abd=   189774.0    
 Catch=   6679.16122713813     
 Abd=   3829.584    
 Catch=   196.254309818600     
 Abd=   8726351.    
 Catch=   175239.611227266     
 Abd=   1079653.    
 Catch=   21164.5933177824     
 Abd=  3.2609906E+07
 Catch=   369008.010859325     
 Abd=   5949197.    
 Catch=   17999.9215064429     
 Abd=   4324100.    
 Catch=   16993.8443283697     
 Abd=   1959266.    
 Catch=   217505.700214003     
 Abd=   1959266.    
 Catch=   217505.700214003     
 Abd=   48273.53    
 Catch=   7597.27039921037     
 Abd=  1.0752413E+07
 Catch=   35266.1174477785     
 Abd=   3398292.    
 Catch=   19771.9533808706     
 Abd=  3.5884816E+08
 Catch=   896692.415319521     
 Abd=  2.8624972E+07
 Catch=   119396.830228873     
 Abd=  3.7400500E+07
 Catch=   212376.024658750     
 Time step =         2011
 Abd=  2.9484272E+07
 Catch=   433451.847627963     
 Abd=   1348360.    
 Catch=   12391.9658971596     
 Abd=   974053.8    
 Catch=   33168.8996763785     
 Abd=   3124461.    
 Catch=   20639.1150682809     
 Abd=   459714.0    
 Catch=   9647.92541036231     
 Abd=   219.4847    
 Catch=  0.769647968367041     
 Abd=   165944.3    
 Catch=   479.945481392120     
 Abd=   600072.5    
 Catch=   36610.5623330650     
 Abd=   992965.1    
 Catch=   57527.4172122894     
 Abd=   433632.0    
 Catch=   2759.17575543508     
 Abd=   26731.44    
 Catch=   66.1696456191747     
 Abd=  1.7596426E+07
 Catch=   180381.909977078     
 Abd=  1.2848246E+07
 Catch=   123761.690178422     
 Abd=   1646182.    
 Catch=   38228.5226576206     
 Abd=   5700459.    
 Catch=   100334.213107355     
 Abd=   1931154.    
 Catch=   22703.0984230836     
 Abd=  1.2407030E+08
 Catch=   2634846.29223140     
 Abd=  1.8051204E+07
 Catch=   116085.161828385     
 Abd=  1.9636080E+07
 Catch=   160708.609041163     
 Abd=   1849710.    
 Catch=   22614.7811813536     
 Abd=   5130622.    
 Catch=   23531.2944908741     
 Abd=   743345.0    
 Catch=   34042.9197370351     
 Abd=   1077092.    
 Catch=   56539.1683022038     
 Abd=   195471.7    
 Catch=   6327.58646113570     
 Abd=   3344.372    
 Catch=   254.504764545930     
 Abd=   8666356.    
 Catch=   163041.542212384     
 Abd=   1111580.    
 Catch=   19910.3152961673     
 Abd=  3.2836252E+07
 Catch=   368849.155478183     
 Abd=   5962743.    
 Catch=   18006.3327499622     
 Abd=   4341444.    
 Catch=   17063.3653639729     
 Abd=   1650438.    
 Catch=   216458.788949219     
 Abd=   1650438.    
 Catch=   216458.788949219     
 Abd=   57647.79    
 Catch=   6253.34253958051     
 Abd=  1.1050812E+07
 Catch=   34550.3061746074     
 Abd=   3393284.    
 Catch=   19733.5831481436     
 Abd=  3.5928787E+08
 Catch=   898476.385578808     
 Abd=  2.8855428E+07
 Catch=   118623.355448741     
 Abd=  3.7237124E+07
 Catch=   212190.513766212     
 Time step =         2012
 Abd=  2.8468376E+07
 Catch=   424755.039250449     
 Abd=   1351720.    
 Catch=   12432.9709244173     
 Abd=   970203.5    
 Catch=   33429.5688635630     
 Abd=   3129827.    
 Catch=   20797.3823255178     
 Abd=   453139.3    
 Catch=   8991.89507094814     
 Abd=   220.4337    
 Catch=  0.777238384126302     
 Abd=   165818.8    
 Catch=   480.925821522836     
 Abd=   638022.2    
 Catch=   36631.9179385629     
 Abd=   992314.8    
 Catch=   58042.2041916734     
 Abd=   429624.7    
 Catch=   2834.77123924501     
 Abd=   26510.60    
 Catch=   66.5616365730241     
 Abd=  1.7171906E+07
 Catch=   179878.394763416     
 Abd=  1.2910354E+07
 Catch=   124524.406123972     
 Abd=   1679442.    
 Catch=   38016.6197377707     
 Abd=   5518257.    
 Catch=   103122.085152405     
 Abd=   1875398.    
 Catch=   22920.6518247629     
 Abd=  1.2448879E+08
 Catch=   2680490.62674873     
 Abd=  1.8078654E+07
 Catch=   115135.110342146     
 Abd=  1.9350092E+07
 Catch=   162238.096445385     
 Abd=   1869280.    
 Catch=   22820.0654077096     
 Abd=   5160264.    
 Catch=   23477.6793967663     
 Abd=   773458.1    
 Catch=   34603.1550250153     
 Abd=   1052681.    
 Catch=   56792.2704382548     
 Abd=   184968.6    
 Catch=   6410.66988080219     
 Abd=   4310.470    
 Catch=   413.704665094825     
 Abd=   8054793.    
 Catch=   164829.259237471     
 Abd=   1044066.    
 Catch=   19532.8825303677     
 Abd=  3.2816784E+07
 Catch=   369214.425911817     
 Abd=   5964655.    
 Catch=   18019.7461684921     
 Abd=   4359225.    
 Catch=   17073.2627856219     
 Abd=   1642416.    
 Catch=   201681.952849144     
 Abd=   1642416.    
 Catch=   201681.952849144     
 Abd=   47397.73    
 Catch=   6147.16740672494     
 Abd=  1.0816207E+07
 Catch=   35335.2685993718     
 Abd=   3387052.    
 Catch=   19710.7910049817     
 Abd=  3.6000582E+08
 Catch=   899852.777383606     
 Abd=  2.8659800E+07
 Catch=   118062.462845625     
 Abd=  3.7206672E+07
 Catch=   212952.666524477     
 Time step =         2013
 Abd=  2.7907910E+07
 Catch=   421588.777226399     
 Abd=   1356210.    
 Catch=   12568.4648209608     
 Abd=   977926.0    
 Catch=   34899.0912805389     
 Abd=   3154374.    
 Catch=   20827.7348598476     
 Abd=   421959.6    
 Catch=   9337.70758028934     
 Abd=   222.6323    
 Catch=  0.789682482556216     
 Abd=   166164.3    
 Catch=   482.563082128514     
 Abd=   637940.8    
 Catch=   38318.4953381171     
 Abd=   1001227.    
 Catch=   60179.4498425249     
 Abd=   441694.1    
 Catch=   2864.16583889026     
 Abd=   26675.16    
 Catch=   66.4938210654832     
 Abd=  1.7130482E+07
 Catch=   180582.032740675     
 Abd=  1.2989993E+07
 Catch=   127048.579818382     
 Abd=   1669531.    
 Catch=   39291.1871713976     
 Abd=   5676592.    
 Catch=   101248.035313490     
 Abd=   1894703.    
 Catch=   23048.5434179033     
 Abd=  1.2666892E+08
 Catch=   2750791.98403388     
 Abd=  1.7926916E+07
 Catch=   115583.184114669     
 Abd=  1.9542998E+07
 Catch=   162362.884615892     
 Abd=   1886175.    
 Catch=   23127.0392937554     
 Abd=   5147496.    
 Catch=   23507.5827662936     
 Abd=   785877.6    
 Catch=   36083.6238208936     
 Abd=   1057811.    
 Catch=   59734.3222590609     
 Abd=   187552.7    
 Catch=   6385.06294379324     
 Abd=   6994.362    
 Catch=   429.135856054036     
 Abd=   8153518.    
 Catch=   168667.648993703     
 Abd=   1024968.    
 Catch=   20150.4515496192     
 Abd=  3.2849882E+07
 Catch=   369740.751556170     
 Abd=   5969134.    
 Catch=   18034.9212607187     
 Abd=   4361543.    
 Catch=   17303.4774363835     
 Abd=   1529506.    
 Catch=   211831.883913838     
 Abd=   1529506.    
 Catch=   211831.883913838     
 Abd=   46602.54    
 Catch=   7910.42179973006     
 Abd=  1.1071684E+07
 Catch=   35344.2247635933     
 Abd=   3383026.    
 Catch=   19846.7392924524     
 Abd=  3.6055296E+08
 Catch=   900577.954264576     
 Abd=  2.8525558E+07
 Catch=   118242.420401310     
 Abd=  3.7343040E+07
 Catch=   213893.093981829     
 Time step =         2014
 Abd=  2.7700368E+07
 Catch=   424370.825970218     
 Abd=   1371182.    
 Catch=   12445.5162570696     
 Abd=   1021360.    
 Catch=   32274.5433036340     
 Abd=   3158362.    
 Catch=   20726.7287086382     
 Abd=   438950.9    
 Catch=   10115.8928494254     
 Abd=   226.2228    
 Catch=  0.786666344079050     
 Abd=   166735.3    
 Catch=   480.540222719112     
 Abd=   667603.6    
 Catch=   34834.8178815504     
 Abd=   1038290.    
 Catch=   57045.8585786978     
 Abd=   446124.8    
 Catch=   2883.24783189739     
 Abd=   26644.17    
 Catch=   66.6206370040115     
 Abd=  1.7199684E+07
 Catch=   180470.127607285     
 Abd=  1.3256616E+07
 Catch=   123862.606635929     
 Abd=   1726474.    
 Catch=   37677.8901435010     
 Abd=   5569097.    
 Catch=   97580.9698144028     
 Abd=   1905106.    
 Catch=   22880.0676677192     
 Abd=  1.3000598E+08
 Catch=   2651892.88153175     
 Abd=  1.8000632E+07
 Catch=   115940.353717503     
 Abd=  1.9554826E+07
 Catch=   162868.412127291     
 Abd=   1911698.    
 Catch=   22613.7848007401     
 Abd=   5154548.    
 Catch=   23514.6659436681     
 Abd=   819699.4    
 Catch=   33333.6197055003     
 Abd=   1113045.    
 Catch=   55089.1367877547     
 Abd=   186778.3    
 Catch=   6476.03970675828     
 Abd=   7212.115    
 Catch=   240.919907229367     
 Abd=   8344818.    
 Catch=   168052.595298645     
 Abd=   1058179.    
 Catch=   19216.5611298991     
 Abd=  3.2897140E+07
 Catch=   368500.858202601     
 Abd=   5974174.    
 Catch=   18055.8151858519     
 Abd=   4421422.    
 Catch=   17235.5986694087     
 Abd=   1606825.    
 Catch=   207868.903982233     
 Abd=   1606825.    
 Catch=   207868.903982233     
 Abd=   60020.55    
 Catch=   7633.20504419952     
 Abd=  1.1069514E+07
 Catch=   34762.4424799593     
 Abd=   3406892.    
 Catch=   19900.4103158539     
 Abd=  3.6084000E+08
 Catch=   902067.280896841     
 Abd=  2.8572422E+07
 Catch=   118484.609353276     
 Abd=  3.7508608E+07
 Catch=   213723.230202245     
 Time step =         2015
 Abd=  2.7889340E+07
 Catch=   418981.732541375     
 Abd=   1357254.    
 Catch=   12456.5747701962     
 Abd=   943128.6    
 Catch=   33063.0765099794     
 Abd=   3142745.    
 Catch=   20702.9648106149     
 Abd=   475912.2    
 Catch=   9159.93150953671     
 Abd=   225.2702    
 Catch=  0.790574110824592     
 Abd=   166012.6    
 Catch=   480.320441596775     
 Abd=   606140.9    
 Catch=   36081.0519386060     
 Abd=   983497.4    
 Catch=   57771.4075396055     
 Abd=   449054.8    
 Catch=   2829.42894785304     
 Abd=   26696.52    
 Catch=   66.1785125803576     
 Abd=  1.7187408E+07
 Catch=   178423.714842470     
 Abd=  1.2915054E+07
 Catch=   122749.845507359     
 Abd=   1653795.    
 Catch=   36535.0812942916     
 Abd=   5366115.    
 Catch=   101703.738852590     
 Abd=   1890765.    
 Catch=   23144.4143563415     
 Abd=  1.2521731E+08
 Catch=   2666266.54414711     
 Abd=  1.8056216E+07
 Catch=   115293.299089353     
 Abd=  1.9616600E+07
 Catch=   160366.710413247     
 Abd=   1868096.    
 Catch=   22729.7329353933     
 Abd=   5156072.    
 Catch=   23870.9680236894     
 Abd=   756296.8    
 Catch=   33932.3116199153     
 Abd=   1024964.    
 Catch=   57452.4599978235     
 Abd=   189466.4    
 Catch=   6481.06317880552     
 Abd=   4046.135    
 Catch=   310.121856978079     
 Abd=   8310645.    
 Catch=   163037.923334908     
 Abd=   1007904.    
 Catch=   20593.3987789046     
 Abd=  3.2784068E+07
 Catch=   370436.594201359     
 Abd=   5981125.    
 Catch=   18051.2299301441     
 Abd=   4402865.    
 Catch=   17117.2790717954     
 Abd=   1576403.    
 Catch=   210368.928168319     
 Abd=   1576403.    
 Catch=   210368.928168319     
 Abd=   57863.60    
 Catch=   6724.89742088303     
 Abd=  1.0883620E+07
 Catch=   34456.6525880494     
 Abd=   3415806.    
 Catch=   19868.5543045555     
 Abd=  3.6144182E+08
 Catch=   902449.814822727     
 Abd=  2.8631464E+07
 Catch=   118361.870986279     
 Abd=  3.7475724E+07
 Catch=   212875.818424722     
 Time step =         2016
 Abd=  2.7527312E+07
 Catch=   422812.462387704     
 Abd=   1358734.    
 Catch=   12449.5190270833     
 Abd=   967428.0    
 Catch=   33481.6103046637     
 Abd=   3139299.    
 Catch=   20609.8251478503     
 Abd=   429699.2    
 Catch=   7445.86501281933     
 Abd=   226.4309    
 Catch=  0.801973833876276     
 Abd=   165949.6    
 Catch=   479.702748231424     
 Abd=   628613.9    
 Catch=   35575.7264203086     
 Abd=   996686.1    
 Catch=   58979.0477228413     
 Abd=   440467.4    
 Catch=   2840.40766145476     
 Abd=   26514.95    
 Catch=   65.9117942836600     
 Abd=  1.6989502E+07
 Catch=   180770.188182000     
 Abd=  1.2802049E+07
 Catch=   124136.780963579     
 Abd=   1603791.    
 Catch=   37010.5599171631     
 Abd=   5599738.    
 Catch=   102276.721955178     
 Abd=   1913202.    
 Catch=   23694.9111983084     
 Abd=  1.2597652E+08
 Catch=   2626712.78005107     
 Abd=  1.7952424E+07
 Catch=   112892.791456377     
 Abd=  1.9308576E+07
 Catch=   160460.378424971     
 Abd=   1878610.    
 Catch=   22746.2575722528     
 Abd=   5235524.    
 Catch=   24260.5590165269     
 Abd=   770717.8    
 Catch=   33546.5213982692     
 Abd=   1070461.    
 Catch=   55720.0553296090     
 Abd=   189585.4    
 Catch=   6494.69859908127     
 Abd=   5226.261    
 Catch=   421.131201602133     
 Abd=   8059630.    
 Catch=   165037.566277364     
 Abd=   1082178.    
 Catch=   20729.7415390674     
 Abd=  3.2961582E+07
 Catch=   371841.518410906     
 Abd=   5979448.    
 Catch=   18051.2633658304     
 Abd=   4372031.    
 Catch=   17155.0444313123     
 Abd=   1595719.    
 Catch=   205681.671786938     
 Abd=   1595719.    
 Catch=   205681.671786938     
 Abd=   50974.73    
 Catch=   7717.27458747651     
 Abd=  1.0789532E+07
 Catch=   35116.4480907468     
 Abd=   3410062.    
 Catch=   19983.6190633108     
 Abd=  3.6158525E+08
 Catch=   899141.513421359     
 Abd=  2.8600502E+07
 Catch=   118522.293437256     
 Abd=  3.7325100E+07
 Catch=   211739.151964955     
 Time step =         2017
 Abd=  2.7789502E+07
 Catch=   438996.386075244     
 Abd=   1357931.    
 Catch=   12514.8735183799     
 Abd=   979475.6    
 Catch=   33659.0733291476     
 Abd=   3125189.    
 Catch=   20523.7556173332     
 Abd=   348964.5    
 Catch=   9139.56946995306     
 Abd=   229.7371    
 Catch=  0.806586843425109     
 Abd=   165734.7    
 Catch=   479.879603374211     
 Abd=   619508.6    
 Catch=   35716.5965659292     
 Abd=   1017511.    
 Catch=   57807.4931196642     
 Abd=   442370.5    
 Catch=   2829.59734979043     
 Abd=   26409.49    
 Catch=   66.3154972502126     
 Abd=  1.7220630E+07
 Catch=   179416.659908280     
 Abd=  1.2950799E+07
 Catch=   122257.452402841     
 Abd=   1625786.    
 Catch=   36294.2929842857     
 Abd=   5627859.    
 Catch=   102637.965786813     
 Abd=   1959226.    
 Catch=   23432.5899136155     
 Abd=  1.2407097E+08
 Catch=   2697243.32989825     
 Abd=  1.7574294E+07
 Catch=   115456.137648291     
 Abd=  1.9325810E+07
 Catch=   162434.348770595     
 Abd=   1879815.    
 Catch=   22991.5597853774     
 Abd=   5321239.    
 Catch=   25198.8372067495     
 Abd=   761673.2    
 Catch=   34580.3074850055     
 Abd=   1037185.    
 Catch=   50949.2722671056     
 Abd=   190018.8    
 Catch=   6404.98779930929     
 Abd=   7108.355    
 Catch=   727.130727337715     
 Abd=   8163824.    
 Catch=   161377.158210360     
 Abd=   1088187.    
 Catch=   20662.1230391741     
 Abd=  3.3085990E+07
 Catch=   372023.197808122     
 Abd=   5979516.    
 Catch=   18063.6332698171     
 Abd=   4382538.    
 Catch=   17216.9479398202     
 Abd=   1560225.    
 Catch=   240724.900434699     
 Abd=   1560225.    
 Catch=   240724.900434699     
 Abd=   58525.05    
 Catch=   6958.25105032367     
 Abd=  1.1002284E+07
 Catch=   35355.9290737732     
 Abd=   3429838.    
 Catch=   19922.1578267194     
 Abd=  3.6023462E+08
 Catch=   901898.938754872     
 Abd=  2.8640396E+07
 Catch=   118442.523024866     
 Abd=  3.7124572E+07
 Catch=   210468.668174668     
 Time step =         2018
 Abd=  2.8868774E+07
 Catch=   443327.973966225     
 Abd=   1365204.    
 Catch=   12413.2347017122     
 Abd=   984684.5    
 Catch=   32973.3767688318     
 Abd=   3111964.    
 Catch=   20467.0644230411     
 Abd=   431142.2    
 Catch=   9613.80914903947     
 Abd=   231.0176    
 Catch=  0.803559414976510     
 Abd=   165800.2    
 Catch=   479.130504306801     
 Abd=   622117.2    
 Catch=   34966.8733769855     
 Abd=   996918.5    
 Catch=   58234.0481799220     
 Abd=   440635.3    
 Catch=   2789.63068368010     
 Abd=   26576.81    
 Catch=   66.3085767347569     
 Abd=  1.7084788E+07
 Catch=   178865.595482883     
 Abd=  1.2749894E+07
 Catch=   121894.666704789     
 Abd=   1593473.    
 Catch=   36397.1319565380     
 Abd=   5648030.    
 Catch=   99850.9890923708     
 Abd=   1936345.    
 Catch=   22874.2999302571     
 Abd=  1.2748536E+08
 Catch=   2661117.76654214     
 Abd=  1.7988104E+07
 Catch=   115636.407007170     
 Abd=  1.9567824E+07
 Catch=   162695.311991108     
 Abd=   1900419.    
 Catch=   22670.0568649174     
 Abd=   5529068.    
 Catch=   25830.4226502122     
 Abd=   785665.6    
 Catch=   34217.3352953156     
 Abd=   948288.8    
 Catch=   49930.4689497679     
 Abd=   187364.6    
 Catch=   6593.13953406974     
 Abd=   12311.09    
 Catch=   391.616825036035     
 Abd=   7978401.    
 Catch=   160996.529053154     
 Abd=   1084455.    
 Catch=   19028.1513314039     
 Abd=  3.3100216E+07
 Catch=   368836.241568951     
 Abd=   5983676.    
 Catch=   18034.8250001174     
 Abd=   4398489.    
 Catch=   16968.1425512273     
 Abd=   1828530.    
 Catch=   221120.916783393     
 Abd=   1828530.    
 Catch=   221120.916783393     
 Abd=   52743.09    
 Catch=   6507.43228891034     
 Abd=  1.1074522E+07
 Catch=   34639.9875593249     
 Abd=   3419440.    
 Catch=   19913.3320371774     
 Abd=  3.6138602E+08
 Catch=   902859.105148467     
 Abd=  2.8620178E+07
 Catch=   118254.814660140     
 Abd=  3.6901656E+07
 Catch=   211291.127848872     
 Time step =         2019
 Abd=  2.9137964E+07
 Catch=   449871.769913324     
 Abd=   1353794.    
 Catch=   12330.1923477925     
 Abd=   964356.2    
 Catch=   32649.0811569296     
 Abd=   3103538.    
 Catch=   20226.4823427350     
 Abd=   451998.5    
 Catch=   8678.66780685986     
 Abd=   230.1097    
 Catch=  0.809454956763275     
 Abd=   165534.1    
 Catch=   478.628005279327     
 Abd=   608971.6    
 Catch=   34791.1907300054     
 Abd=   1004678.    
 Catch=   55216.3797833075     
 Abd=   434317.8    
 Catch=   2811.62661837428     
 Abd=   26570.20    
 Catch=   66.5446445402522     
 Abd=  1.7034552E+07
 Catch=   180702.800098813     
 Abd=  1.2713762E+07
 Catch=   123012.464571561     
 Abd=   1598588.    
 Catch=   36561.6338535300     
 Abd=   5491696.    
 Catch=   99656.9983023759     
 Abd=   1889741.    
 Catch=   23456.9667323161     
 Abd=  1.2570390E+08
 Catch=   2577292.19897951     
 Abd=  1.8008402E+07
 Catch=   113756.661879402     
 Abd=  1.9595374E+07
 Catch=   163523.660574537     
 Abd=   1873078.    
 Catch=   22369.8944881142     
 Abd=   5665931.    
 Catch=   26262.5991936274     
 Abd=   777003.0    
 Catch=   33088.2901275804     
 Abd=   930423.4    
 Catch=   53793.5947919132     
 Abd=   192966.1    
 Catch=   6578.08739926052     
 Abd=   6571.936    
 Catch=   184.681972968185     
 Abd=   7962357.    
 Catch=   165740.465846817     
 Abd=   997555.0    
 Catch=   20415.1850080406     
 Abd=  3.2811322E+07
 Catch=   370473.463427134     
 Abd=   5973844.    
 Catch=   18047.1027187137     
 Abd=   4333553.    
 Catch=   16954.5680357986     
 Abd=   1677571.    
 Catch=   182415.130590302     
 Abd=   1677571.    
 Catch=   182415.130590302     
 Abd=   49329.12    
 Catch=   7278.70985910412     
 Abd=  1.0844438E+07
 Catch=   35246.8119818928     
 Abd=   3417916.    
 Catch=   19979.2628327348     
 Abd=  3.6175456E+08
 Catch=   904059.201894019     
 Abd=  2.8574128E+07
 Catch=   118743.511907164     
 Abd=  3.7052492E+07
 Catch=   211359.899815660     
 Time step =         2020
 Abd=  2.9569618E+07
 Catch=   457595.206059139     
 Abd=   1344762.    
 Catch=   12351.3055157049     
 Abd=   954977.4    
 Catch=   33271.1041178431     
 Abd=   3066410.    
 Catch=   20340.7705221501     
 Abd=   407069.5    
 Catch=   9384.40741072103     
 Abd=   231.8494    
 Catch=  0.811384337352969     
 Abd=   165362.5    
 Catch=   478.568514356147     
 Abd=   606206.5    
 Catch=   35248.5329620058     
 Abd=   952350.8    
 Catch=   58894.4111036291     
 Abd=   437932.8    
 Catch=   2727.08447325024     
 Abd=   26665.96    
 Catch=   66.7130324648903     
 Abd=  1.7212650E+07
 Catch=   178200.189008021     
 Abd=  1.2832769E+07
 Catch=   122745.904138042     
 Abd=   1605825.    
 Catch=   36900.9225073977     
 Abd=   5483294.    
 Catch=   105954.868848856     
 Abd=   1939498.    
 Catch=   23113.7482961040     
 Abd=  1.2170254E+08
 Catch=   2615137.13324559     
 Abd=  1.7709464E+07
 Catch=   113558.024664509     
 Abd=  1.9696192E+07
 Catch=   162248.577324652     
 Abd=   1848282.    
 Catch=   22529.3560524038     
 Abd=   5760289.    
 Catch=   26812.3903966264     
 Abd=   751173.0    
 Catch=   33314.7006062598     
 Abd=   1003159.    
 Catch=   55827.5877075901     
 Abd=   192442.4    
 Catch=   6333.05011658119     
 Abd=   3092.692    
 Catch=   301.509269802857     
 Abd=   8201268.    
 Catch=   160476.353785342     
 Abd=   1072889.    
 Catch=   21359.2689094338     
 Abd=  3.2964544E+07
 Catch=   372761.718256529     
 Abd=   5978189.    
 Catch=   18068.6791058565     
 Abd=   4331005.    
 Catch=   17020.6162344129     
 Abd=   1383327.    
 Catch=   191500.195272643     
 Abd=   1383327.    
 Catch=   191500.195272643     
 Abd=   55201.38    
 Catch=   6646.77046666134     
 Abd=  1.1042662E+07
 Catch=   35583.3483018635     
 Abd=   3429472.    
 Catch=   20262.4601260293     
 Abd=  3.6223674E+08
 Catch=   905672.801301617     
 Abd=  2.8695272E+07
 Catch=   118082.150700685     
 Abd=  3.7061608E+07
 Catch=   210824.558486476     
 Time step =         2021
 Abd=  3.0078764E+07
 Catch=   457674.436569404     
 Abd=   1347274.    
 Catch=   12323.9245676940     
 Abd=   973489.7    
 Catch=   32583.3685463821     
 Abd=   3084781.    
 Catch=   20340.2720158826     
 Abd=   441439.7    
 Catch=   9245.96127326604     
 Abd=   232.3669    
 Catch=  0.816114250013045     
 Abd=   165344.6    
 Catch=   478.723585770746     
 Abd=   613949.7    
 Catch=   34325.9288895510     
 Abd=   1016561.    
 Catch=   55279.3698523146     
 Abd=   424501.5    
 Catch=   2742.71084925145     
 Abd=   26732.85    
 Catch=   66.9608114163464     
 Abd=  1.6967346E+07
 Catch=   179672.849374957     
 Abd=  1.2803020E+07
 Catch=   124266.895888422     
 Abd=   1620865.    
 Catch=   37574.4688058431     
 Abd=   5836008.    
 Catch=   98933.2785689750     
 Abd=   1909806.    
 Catch=   22649.1714003095     
 Abd=  1.2357878E+08
 Catch=   2588014.38224641     
 Abd=  1.7683736E+07
 Catch=   113963.891788711     
 Abd=  1.9537928E+07
 Catch=   162987.292133936     
 Abd=   1862106.    
 Catch=   22416.5759693009     
 Abd=   5881039.    
 Catch=   26818.2375213230     
 Abd=   756571.2    
 Catch=   32877.8786645044     
 Abd=   1040337.    
 Catch=   49773.1020601667     
 Abd=   185183.5    
 Catch=   6402.94625083577     
 Abd=   5101.072    
 Catch=   382.032514358660     
 Abd=   7932883.    
 Catch=   169659.981485171     
 Abd=   1122015.    
 Catch=   20091.4630004740     
 Abd=  3.3169006E+07
 Catch=   372972.929854181     
 Abd=   5985414.    
 Catch=   18092.5472710056     
 Abd=   4348320.    
 Catch=   17169.6448009227     
 Abd=   1452855.    
 Catch=   219437.057140711     
 Abd=   1452855.    
 Catch=   219437.057140711     
 Abd=   50382.56    
 Catch=   5996.20219336177     
 Abd=  1.1146428E+07
 Catch=   35106.6618339974     
 Abd=   3478714.    
 Catch=   20358.0747815075     
 Abd=  3.6288717E+08
 Catch=   908278.907515304     
 Abd=  2.8529966E+07
 Catch=   116813.871679882     
 Abd=  3.6966080E+07
 Catch=   210614.397032284     
 Time step =         2022
 Abd=  3.0075544E+07
 Catch=   450653.498801691     
 Abd=   1344192.    
 Catch=   12330.8101439013     
 Abd=   952913.1    
 Catch=   32862.8169971151     
 Abd=   3084356.    
 Catch=   20502.3491169708     
 Abd=   434368.8    
 Catch=   10311.9684374271     
 Abd=   233.7499    
 Catch=  0.823676414993413     
 Abd=   165398.5    
 Catch=   477.774172261437     
 Abd=   597702.1    
 Catch=   34265.5995096369     
 Abd=   953014.6    
 Catch=   56790.4751905086     
 Abd=   427180.5    
 Catch=   2734.56472759844     
 Abd=   26832.79    
 Catch=   66.6746135432596     
 Abd=  1.7114916E+07
 Catch=   178898.139418977     
 Abd=  1.2964598E+07
 Catch=   124628.001772409     
 Abd=   1650733.    
 Catch=   37394.7538980950     
 Abd=   5438183.    
 Catch=   102047.971235375     
 Abd=   1871328.    
 Catch=   23235.8170346411     
 Abd=  1.2224833E+08
 Catch=   2598545.19031441     
 Abd=  1.7748652E+07
 Catch=   114946.686451151     
 Abd=  1.9631640E+07
 Catch=   161771.191970002     
 Abd=   1852389.    
 Catch=   22394.0063795312     
 Abd=   5881095.    
 Catch=   26838.8088711680     
 Abd=   746567.6    
 Catch=   33098.1083700846     
 Abd=   926056.2    
 Catch=   52274.1760056166     
 Abd=   187347.7    
 Catch=   6368.54147227868     
 Abd=   6442.159    
 Catch=   352.599989511147     
 Abd=   8398983.    
 Catch=   170424.422368714     
 Abd=   1053569.    
 Catch=   20714.2307606605     
 Abd=  3.3184428E+07
 Catch=   373432.530609586     
 Abd=   5993327.    
 Catch=   18122.8894008612     
 Abd=   4386790.    
 Catch=   17293.1370908847     
 Abd=   1665704.    
 Catch=   222006.826017700     
 Abd=   1665704.    
 Catch=   222006.826017700     
 Abd=   45450.79    
 Catch=   6873.68565526833     
 Abd=  1.0991903E+07
 Catch=   35659.4740535060     
 Abd=   3494228.    
 Catch=   20637.9025504891     
 Abd=  3.6393971E+08
 Catch=   909781.048683778     
 Abd=  2.8220896E+07
 Catch=   116818.510586979     
 Abd=  3.6930088E+07
 Catch=   209642.593705348     
 Time step =         2023
 Abd=  2.9606832E+07
 Catch=   455565.055101521     
 Abd=   1345004.    
 Catch=   12198.2155280049     
 Abd=   961400.8    
 Catch=   31936.2075250602     
 Abd=   3109502.    
 Catch=   20456.2745366145     
 Abd=   485380.3    
 Catch=   9244.91766351169     
 Abd=   235.9194    
 Catch=  0.822703119884399     
 Abd=   165065.0    
 Catch=   476.628084777317     
 Abd=   596750.1    
 Catch=   33722.7776738030     
 Abd=   979876.0    
 Catch=   55283.0498291799     
 Abd=   425826.6    
 Catch=   2743.07599447886     
 Abd=   26713.80    
 Catch=   66.7796524899659     
 Abd=  1.7036792E+07
 Catch=   177967.318238257     
 Abd=  1.3000387E+07
 Catch=   123176.308228452     
 Abd=   1642229.    
 Catch=   36840.7394685791     
 Abd=   5618056.    
 Catch=   100585.502200098     
 Abd=   1921299.    
 Catch=   23161.1116993095     
 Abd=  1.2277542E+08
 Catch=   2563847.60483199     
 Abd=  1.7903388E+07
 Catch=   114997.542701103     
 Abd=  1.9480524E+07
 Catch=   162192.129717649     
 Abd=   1850654.    
 Catch=   22081.7386931747     
 Abd=   5885227.    
 Catch=   27237.5703716297     
 Abd=   751719.0    
 Catch=   31955.9233333831     
 Abd=   973915.8    
 Catch=   50663.1399197707     
 Abd=   186298.7    
 Catch=   6364.84175867764     
 Abd=   5922.734    
 Catch=   292.497936752970     
 Abd=   8429582.    
 Catch=   168466.086493872     
 Abd=   1087788.    
 Catch=   19036.6470995899     
 Abd=  3.3225632E+07
 Catch=   365571.628269883     
 Abd=   6003414.    
 Catch=   18109.8701203490     
 Abd=   4418205.    
 Catch=   17250.2137704582     
 Abd=   1684721.    
 Catch=   191553.416529880     
 Abd=   1684721.    
 Catch=   191553.416529880     
 Abd=   52132.62    
 Catch=   7403.81985766831     
 Abd=  1.1171765E+07
 Catch=   35805.5105274398     
 Abd=   3542984.    
 Catch=   20702.9004916173     
 Abd=  3.6453229E+08
 Catch=   911164.968761487     
 Abd=  2.8227858E+07
 Catch=   117015.849794668     
 Abd=  3.6757188E+07
 Catch=   209932.940104967     
 Time step =         2024
 Abd=  2.9941876E+07
 Catch=   447396.093678891     
 Abd=   1330271.    
 Catch=   12160.3509051900     
 Abd=   933884.8    
 Catch=   32315.9324415447     
 Abd=   3101858.    
 Catch=   20400.2172579958     
 Abd=   433604.2    
 Catch=   8692.64924823132     
 Abd=   235.6053    
 Catch=  0.816951335733581     
 Abd=   164665.1    
 Catch=   475.995893100574     
 Abd=   587297.9    
 Catch=   34893.7894927837     
 Abd=   953416.0    
 Catch=   55869.9346134414     
 Abd=   427202.7    
 Catch=   2709.45959209046     
 Abd=   26759.15    
 Catch=   66.6277016032052     
 Abd=  1.6948092E+07
 Catch=   175328.429573487     
 Abd=  1.2845936E+07
 Catch=   121935.709046158     
 Abd=   1617635.    
 Catch=   36805.3186578058     
 Abd=   5533141.    
 Catch=   97908.1451807140     
 Abd=   1914096.    
 Catch=   22845.8025289671     
 Abd=  1.2110306E+08
 Catch=   2561284.78364046     
 Abd=  1.7908604E+07
 Catch=   115355.618216888     
 Abd=  1.9535014E+07
 Catch=   160547.211202916     
 Abd=   1824442.    
 Catch=   21911.7471135544     
 Abd=   5973807.    
 Catch=   27326.1502589450     
 Abd=   725435.0    
 Catch=   32171.9096886112     
 Abd=   943438.2    
 Catch=   55406.3146050142     
 Abd=   186192.0    
 Catch=   6350.84662688795     
 Abd=   4915.911    
 Catch=   183.857888854136     
 Abd=   8330453.    
 Catch=   161665.210913003     
 Abd=   997904.5    
 Catch=   19244.5911196860     
 Abd=  3.2514164E+07
 Catch=   365774.676564876     
 Abd=   5998822.    
 Catch=   18094.9985017030     
 Abd=   4406460.    
 Catch=   17356.3424258591     
 Abd=   1452642.    
 Catch=   188596.515071350     
 Abd=   1452642.    
 Catch=   188596.515071350     
 Abd=   56143.24    
 Catch=   6618.06219502893     
 Abd=  1.1214422E+07
 Catch=   35394.5625490740     
 Abd=   3553763.    
 Catch=   20728.7091751461     
 Abd=  3.6508627E+08
 Catch=   912639.293680468     
 Abd=  2.8276352E+07
 Catch=   116773.744085847     
 Abd=  3.6812136E+07
 Catch=   210470.584407036     
 Time step =         2025
 Abd=  2.9390998E+07
 Catch=   440226.978253985     
 Abd=   1326332.    
 Catch=   12238.8566821925     
 Abd=   945379.4    
 Catch=   33525.6319587145     
 Abd=   3093332.    
 Catch=   20603.7391880628     
 Abd=   407983.2    
 Catch=   8249.64737687413     
 Abd=   233.9331    
 Catch=  0.813000236346409     
 Abd=   164452.5    
 Catch=   475.558271076268     
 Abd=   607896.5    
 Catch=   35391.7757609524     
 Abd=   963894.6    
 Catch=   58168.2626617962     
 Abd=   421844.7    
 Catch=   2735.02756663175     
 Abd=   26697.05    
 Catch=   66.4668564604960     
 Abd=  1.6693578E+07
 Catch=   175257.273715640     
 Abd=  1.2716666E+07
 Catch=   123977.445419975     
 Abd=   1616445.    
 Catch=   37424.4411479282     
 Abd=   5385189.    
 Catch=   103374.610982170     
 Abd=   1887701.    
 Catch=   23565.5791232244     
 Abd=  1.2100447E+08
 Catch=   2583787.05554522     
 Abd=  1.7965328E+07
 Catch=   114135.320558156     
 Abd=  1.9332212E+07
 Catch=   160405.259151379     
 Abd=   1810599.    
 Catch=   22159.5268424347     
 Abd=   5991864.    
 Catch=   27537.5131249838     
 Abd=   730575.4    
 Catch=   33223.9634152779     
 Abd=   1032949.    
 Catch=   57527.6312708498     
 Abd=   185762.3    
 Catch=   6423.02015203809     
 Abd=   3091.211    
 Catch=   292.600047555432     
 Abd=   7990427.    
 Catch=   165113.111757250     
 Abd=   1010268.    
 Catch=   19466.0687344380     
 Abd=  3.2544670E+07
 Catch=   369705.415848102     
 Abd=   5993872.    
 Catch=   18138.9851905715     
 Abd=   4434293.    
 Catch=   17376.3185569891     
 Abd=   1430685.    
 Catch=   216381.653076098     
 Abd=   1430685.    
 Catch=   216381.653076098     
 Abd=   50161.60    
 Catch=   7000.97903472935     
 Abd=  1.1082636E+07
 Catch=   35887.8157548222     
 Abd=   3557966.    
 Catch=   21015.3562327664     
 Abd=  3.6567779E+08
 Catch=   910490.898420455     
 Abd=  2.8215816E+07
 Catch=   116753.263414294     
 Abd=  3.6907756E+07
 Catch=   209924.603262112     
 Time step =         2026
 Abd=  2.8920114E+07
 Catch=   437023.006262198     
 Abd=   1335144.    
 Catch=   12386.4818116313     
 Abd=   981259.4    
 Catch=   33654.3854820108     
 Abd=   3124895.    
 Catch=   20215.2646223181     
 Abd=   387425.2    
 Catch=   9508.72277014741     
 Abd=   232.7996    
 Catch=  0.813672669022131     
 Abd=   164303.2    
 Catch=   477.434700284244     
 Abd=   616606.6    
 Catch=   37909.4130806378     
 Abd=   1003991.    
 Catch=   59248.0731182077     
 Abd=   426001.7    
 Catch=   2734.97152147279     
 Abd=   26631.67    
 Catch=   65.7232167833281     
 Abd=  1.6691288E+07
 Catch=   174979.243854079     
 Abd=  1.2935565E+07
 Catch=   123516.294387195     
 Abd=   1644142.    
 Catch=   36841.9647463035     
 Abd=   5693500.    
 Catch=   105093.155876464     
 Abd=   1948781.    
 Catch=   23795.2213209897     
 Abd=  1.2210524E+08
 Catch=   2676572.69028723     
 Abd=  1.7770910E+07
 Catch=   114826.042205175     
 Abd=  1.9318386E+07
 Catch=   158775.083446458     
 Abd=   1831732.    
 Catch=   22758.6352357261     
 Abd=   6038713.    
 Catch=   27619.5104370077     
 Abd=   754923.2    
 Catch=   35087.0410177105     
 Abd=   1072091.    
 Catch=   57294.7198289118     
 Abd=   187924.8    
 Catch=   6381.36349188058     
 Abd=   4961.410    
 Catch=   527.227975401041     
 Abd=   8168692.    
 Catch=   163829.442351195     
 Abd=   1022132.    
 Catch=   19957.5091373979     
 Abd=  3.2901280E+07
 Catch=   368907.548293991     
 Abd=   6008840.    
 Catch=   18160.9922894521     
 Abd=   4438962.    
 Catch=   17458.3540758572     
 Abd=   1642107.    
 Catch=   215586.005782336     
 Abd=   1642107.    
 Catch=   215586.005782336     
 Abd=   53080.55    
 Catch=   6855.21073944285     
 Abd=  1.1242755E+07
 Catch=   35759.4911418038     
 Abd=   3607858.    
 Catch=   20967.4580460530     
 Abd=  3.6478902E+08
 Catch=   912863.993514362     
 Abd=  2.8211508E+07
 Catch=   117051.430736005     
 Abd=  3.6808760E+07
 Catch=   209372.940757549     
 Time step =         2027
 Abd=  2.8714656E+07
 Catch=   438052.054100836     
 Abd=   1351361.    
 Catch=   12353.9716221267     
 Abd=   984487.3    
 Catch=   33093.6465419598     
 Abd=   3064528.    
 Catch=   20199.8755220451     
 Abd=   447936.2    
 Catch=   8864.81270554732     
 Abd=   233.0289    
 Catch=  0.805752529460785     
 Abd=   164965.8    
 Catch=   477.904790541717     
 Abd=   660716.8    
 Catch=   35990.9751745515     
 Abd=   1022173.    
 Catch=   58469.5894426630     
 Abd=   425927.3    
 Catch=   2777.06913152661     
 Abd=   26329.62    
 Catch=   65.7504203564915     
 Abd=  1.6664148E+07
 Catch=   174955.090925130     
 Abd=  1.2883069E+07
 Catch=   122646.873844137     
 Abd=   1617665.    
 Catch=   36521.6159880289     
 Abd=   5784339.    
 Catch=   103419.917622769     
 Abd=   1966903.    
 Catch=   23169.0877776950     
 Abd=  1.2652472E+08
 Catch=   2669633.06760313     
 Abd=  1.7884048E+07
 Catch=   115788.868632240     
 Abd=  1.9118948E+07
 Catch=   158918.681530577     
 Abd=   1881720.    
 Catch=   22610.9093383955     
 Abd=   6056186.    
 Catch=   27829.2162665304     
 Abd=   797389.1    
 Catch=   34206.4792732407     
 Abd=   1067124.    
 Catch=   54316.9532073793     
 Abd=   186661.2    
 Catch=   6361.67007826031     
 Abd=   8970.973    
 Catch=   348.235797856906     
 Abd=   8101410.    
 Catch=   163209.703335093     
 Abd=   1047999.    
 Catch=   18791.1253554303     
 Abd=  3.2821678E+07
 Catch=   365088.184913716     
 Abd=   6016003.    
 Catch=   18155.2257491224     
 Abd=   4460216.    
 Catch=   17408.0819006452     
 Abd=   1635615.    
 Catch=   244908.916230784     
 Abd=   1635615.    
 Catch=   244908.916230784     
 Abd=   51969.88    
 Catch=   6732.67044817065     
 Abd=  1.1199024E+07
 Catch=   35168.9327956706     
 Abd=   3598882.    
 Catch=   20867.3835091441     
 Abd=  3.6577645E+08
 Catch=   914511.165042782     
 Abd=  2.8285382E+07
 Catch=   116718.521362028     
 Abd=  3.6711520E+07
 Catch=   210569.343325282     
 Time step =         2028
 Abd=  2.8788800E+07
 Catch=   428110.445825008     
 Abd=   1347453.    
 Catch=   12261.0033338839     
 Abd=   967849.2    
 Catch=   32388.0023786124     
 Abd=   3063085.    
 Catch=   20166.7050790468     
 Abd=   416000.2    
 Catch=   8347.90757180670     
 Abd=   230.7091    
 Catch=  0.802787666223542     
 Abd=   165117.7    
 Catch=   476.720622240195     
 Abd=   626618.0    
 Catch=   35002.7627491893     
 Abd=   1008579.    
 Catch=   55439.3500967414     
 Abd=   432609.7    
 Catch=   2787.56355935171     
 Abd=   26347.12    
 Catch=   66.1708599768071     
 Abd=  1.6662736E+07
 Catch=   174110.645433853     
 Abd=  1.2791152E+07
 Catch=   121888.959011224     
 Abd=   1603764.    
 Catch=   36935.9181661526     
 Abd=   5689048.    
 Catch=   101504.418050838     
 Abd=   1913992.    
 Catch=   22895.4102513779     
 Abd=  1.2612706E+08
 Catch=   2597080.14165364     
 Abd=  1.8034604E+07
 Catch=   115051.727511717     
 Abd=  1.9140252E+07
 Catch=   160204.836538030     
 Abd=   1868401.    
 Catch=   22200.1442417119     
 Abd=   6102768.    
 Catch=   26786.6927815971     
 Abd=   776601.2    
 Catch=   32820.9728254265     
 Abd=   1011439.    
 Catch=   55879.6550800153     
 Abd=   186082.0    
 Catch=   6351.61255589488     
 Abd=   5840.617    
 Catch=   226.395572572710     
 Abd=   8071772.    
 Catch=   160444.280827396     
 Abd=   985404.4    
 Catch=   19118.3327044635     
 Abd=  3.2477036E+07
 Catch=   366359.410654391     
 Abd=   6013878.    
 Catch=   18167.1619907864     
 Abd=   4446849.    
 Catch=   17146.1230053159     
 Abd=   1858393.    
 Catch=   213385.072592933     
 Abd=   1858393.    
 Catch=   213385.072592933     
 Abd=   51040.14    
 Catch=   6697.92914322650     
 Abd=  1.1010667E+07
 Catch=   34772.3607829400     
 Abd=   3581494.    
 Catch=   20721.6855922483     
 Abd=  3.6642992E+08
 Catch=   915709.005421467     
 Abd=  2.8201928E+07
 Catch=   116308.406245389     
 Abd=  3.6926704E+07
 Catch=   210994.580428813     
 Time step =         2029
 Abd=  2.8127732E+07
 Catch=   422924.452806466     
 Abd=   1337198.    
 Catch=   12295.5440602830     
 Abd=   947140.0    
 Catch=   32927.8101601887     
 Abd=   3057988.    
 Catch=   20450.2885114802     
 Abd=   392032.3    
 Catch=   9036.64173751008     
 Abd=   229.8921    
 Catch=  0.807768029663135     
 Abd=   164697.1    
 Catch=   477.243162314674     
 Abd=   609523.8    
 Catch=   35258.8876540906     
 Abd=   955961.6    
 Catch=   58193.8881068116     
 Abd=   434136.8    
 Catch=   2737.22896784444     
 Abd=   26517.66    
 Catch=   66.2855725553666     
 Abd=  1.6580701E+07
 Catch=   174297.631881536     
 Abd=  1.2712604E+07
 Catch=   121068.948355974     
 Abd=   1622436.    
 Catch=   36658.2213164598     
 Abd=   5583396.    
 Catch=   108063.651759983     
 Abd=   1891952.    
 Catch=   23698.9765955073     
 Abd=  1.2264565E+08
 Catch=   2612662.39343169     
 Abd=  1.7914642E+07
 Catch=   114719.756318829     
 Abd=  1.9297544E+07
 Catch=   160551.236263203     
 Abd=   1834092.    
 Catch=   22358.1250075907     
 Abd=   5869267.    
 Catch=   25880.0843311603     
 Abd=   744983.3    
 Catch=   33439.0633505197     
 Abd=   1040936.    
 Catch=   56684.3731690820     
 Abd=   185782.1    
 Catch=   6533.57001233163     
 Abd=   3803.137    
 Catch=   297.412089156880     
 Abd=   7932898.    
 Catch=   160150.675154303     
 Abd=   1003790.    
 Catch=   19478.6586181985     
 Abd=  3.2598908E+07
 Catch=   370398.822067910     
 Abd=   6017956.    
 Catch=   18183.0199351302     
 Abd=   4379035.    
 Catch=   17122.2290411158     
 Abd=   1618185.    
 Catch=   215655.445816568     
 Abd=   1618185.    
 Catch=   215655.445816568     
 Abd=   50776.76    
 Catch=   7794.48752701216     
 Abd=  1.0887896E+07
 Catch=   35384.1817293675     
 Abd=   3556391.    
 Catch=   20833.5259850806     
 Abd=  3.6690534E+08
 Catch=   915751.445611926     
 Abd=  2.8102584E+07
 Catch=   117033.779103666     
 Abd=  3.6998984E+07
 Catch=   210525.759972923     
 Time step =         2030
 Abd=  2.7787582E+07
 Catch=   418705.146737130     
 Abd=   1341238.    
 Catch=   12393.9778417064     
 Abd=   963522.9    
 Catch=   33230.2301887453     
 Abd=   3101926.    
 Catch=   20734.7079165508     
 Abd=   425245.5    
 Catch=   9769.29686803748     
 Abd=   231.3518    
 Catch=  0.813962659053906     
 Abd=   164891.5    
 Catch=   479.073458969191     
 Abd=   614215.2    
 Catch=   37466.1908065507     
 Abd=   1004431.    
 Catch=   59700.4640563797     
 Abd=   426146.8    
 Catch=   2770.32202912351     
 Abd=   26561.10    
 Catch=   65.8271242977225     
 Abd=  1.6600201E+07
 Catch=   176137.118258318     
 Abd=  1.2628565E+07
 Catch=   121095.919330015     
 Abd=   1609988.    
 Catch=   36746.1174823011     
 Abd=   5952416.    
 Catch=   109393.044118788     
 Abd=   1959988.    
 Catch=   23636.0734629146     
 Abd=  1.2345378E+08
 Catch=   2666539.97741763     
 Abd=  1.7864220E+07
 Catch=   115696.064150346     
 Abd=  1.9337200E+07
 Catch=   160090.053023031     
 Abd=   1847997.    
 Catch=   22778.8094548370     
 Abd=   5671040.    
 Catch=   24998.6141771336     
 Abd=   759684.7    
 Catch=   34525.7310006008     
 Abd=   1056160.    
 Catch=   56312.1247810030     
 Abd=   191210.7    
 Catch=   6387.91682687646     
 Abd=   5029.408    
 Catch=   419.169091108107     
 Abd=   7921023.    
 Catch=   165819.647858250     
 Abd=   1022798.    
 Catch=   19036.7389017045     
 Abd=  3.2962784E+07
 Catch=   372540.170573880     
 Abd=   6023252.    
 Catch=   18180.8313235626     
 Abd=   4373819.    
 Catch=   17188.1539349729     
 Abd=   1636152.    
 Catch=   242865.463930717     
 Abd=   1636152.    
 Catch=   242865.463930717     
 Abd=   59116.65    
 Catch=   6697.93154762854     
 Abd=  1.1085862E+07
 Catch=   35107.8289185761     
 Abd=   3576207.    
 Catch=   21020.2560155478     
 Abd=  3.6691610E+08
 Catch=   918700.336799102     
 Abd=  2.8283304E+07
 Catch=   116799.762432141     
 Abd=  3.6914136E+07
 Catch=   210042.752989541     
 Time step =         2031
 Abd=  2.7512296E+07
 Catch=   415301.721755011     
 Abd=   1352076.    
 Catch=   12417.4720609324     
 Abd=   972136.8    
 Catch=   33000.6111648981     
 Abd=   3145026.    
 Catch=   20661.8252054588     
 Abd=   459553.2    
 Catch=   9430.38865076997     
 Abd=   233.1412    
 Catch=  0.807384662357209     
 Abd=   165531.9    
 Catch=   480.050405831382     
 Abd=   652894.1    
 Catch=   36612.9677154661     
 Abd=   1030022.    
 Catch=   57115.7921363999     
 Abd=   431519.5    
 Catch=   2749.94427721796     
 Abd=   26373.16    
 Catch=   66.1417405027009     
 Abd=  1.6778296E+07
 Catch=   175509.171007106     
 Abd=  1.2631336E+07
 Catch=   122293.345942126     
 Abd=   1613925.    
 Catch=   37104.3484181647     
 Abd=   6020224.    
 Catch=   107329.274592315     
 Abd=   1953347.    
 Catch=   23506.0976839012     
 Abd=  1.2601874E+08
 Catch=   2666826.09108596     
 Abd=  1.8020364E+07
 Catch=   114814.845133331     
 Abd=  1.9279932E+07
 Catch=   160646.796447672     
 Abd=   1883116.    
 Catch=   22830.5741444296     
 Abd=   5478015.    
 Catch=   25130.3385548359     
 Abd=   784317.6    
 Catch=   34738.4428256024     
 Abd=   1048548.    
 Catch=   53114.5795060498     
 Abd=   186823.2    
 Catch=   6318.67572072881     
 Abd=   7089.487    
 Catch=   509.405721301464     
 Abd=   8206212.    
 Catch=   164392.453137389     
 Abd=   998833.6    
 Catch=   18761.5177102420     
 Abd=  3.3149152E+07
 Catch=   372596.284625914     
 Abd=   6022402.    
 Catch=   18213.0045069569     
 Abd=   4391119.    
 Catch=   17226.9622885379     
 Abd=   1842906.    
 Catch=   227439.436350887     
 Abd=   1842906.    
 Catch=   227439.436350887     
 Abd=   50767.09    
 Catch=   6580.22512616843     
 Abd=  1.0993809E+07
 Catch=   35325.3127684922     
 Abd=   3608547.    
 Catch=   20912.1730532648     
 Abd=  3.6811789E+08
 Catch=   919016.409376169     
 Abd=  2.8221940E+07
 Catch=   116456.878868023     
 Abd=  3.6828928E+07
 Catch=   210706.920952099     
 Time step =         2032
 Abd=  2.7288652E+07
 Catch=   416681.896166803     
 Abd=   1354480.    
 Catch=   12485.1017771301     
 Abd=   965150.0    
 Catch=   34163.6838938998     
 Abd=   3132946.    
 Catch=   20645.4992196749     
 Abd=   442787.4    
 Catch=   9589.36139367459     
 Abd=   231.1769    
 Catch=  0.806551757654052     
 Abd=   165861.6    
 Catch=   479.795393539243     
 Abd=   637465.6    
 Catch=   37661.3783974493     
 Abd=   984727.6    
 Catch=   59340.3722293372     
 Abd=   428189.1    
 Catch=   2760.57425223339     
 Abd=   26505.20    
 Catch=   65.7383965094708     
 Abd=  1.6714105E+07
 Catch=   177263.934772858     
 Abd=  1.2758276E+07
 Catch=   123191.707683639     
 Abd=   1629815.    
 Catch=   37353.5723277034     
 Abd=   5903702.    
 Catch=   109556.489415491     
 Abd=   1942517.    
 Catch=   23522.2150132281     
 Abd=  1.2598771E+08
 Catch=   2694620.23661810     
 Abd=  1.7877310E+07
 Catch=   115044.439416820     
 Abd=  1.9349168E+07
 Catch=   160950.065650867     
 Abd=   1886804.    
 Catch=   23035.0970728150     
 Abd=   5510751.    
 Catch=   25263.4631672680     
 Abd=   788845.1    
 Catch=   34713.3796715829     
 Abd=   988688.9    
 Catch=   55454.4337183434     
 Abd=   184807.2    
 Catch=   6411.73218997639     
 Abd=   8569.309    
 Catch=   382.495818144080     
 Abd=   8129233.    
 Catch=   167074.511078041     
 Abd=   984550.1    
 Catch=   20055.2893551482     
 Abd=  3.3150742E+07
 Catch=   373752.566799203     
 Abd=   6033284.    
 Catch=   18224.8464956454     
 Abd=   4400878.    
 Catch=   17313.7677237720     
 Abd=   1725040.    
 Catch=   208930.801290705     
 Abd=   1725040.    
 Catch=   208930.801290705     
 Abd=   49883.59    
 Catch=   6533.86557294258     
 Abd=  1.1065016E+07
 Catch=   35265.4179550554     
 Abd=   3588824.    
 Catch=   21016.4107058982     
 Abd=  3.6822771E+08
 Catch=   918780.004003262     
 Abd=  2.8138782E+07
 Catch=   116284.827527128     
 Abd=  3.6949036E+07
 Catch=   210825.036485050     
 Time step =         2033
 Abd=  2.7383220E+07
 Catch=   424060.836334436     
 Abd=   1361951.    
 Catch=   12598.7727722328     
 Abd=   999700.1    
 Catch=   34907.2660859926     
 Abd=   3130617.    
 Catch=   20620.9252101280     
 Abd=   450664.2    
 Catch=   10238.3041146799     
 Abd=   230.9748    
 Catch=  0.806830161830656     
 Abd=   165767.3    
 Catch=   481.333035201786     
 Abd=   656008.4    
 Catch=   37983.5261841319     
 Abd=   1023864.    
 Catch=   62092.2053075375     
 Abd=   429935.7    
 Catch=   2787.20758100895     
 Abd=   26337.96    
 Catch=   66.2040819764751     
 Abd=  1.6885468E+07
 Catch=   176262.284717557     
 Abd=  1.2851180E+07
 Catch=   123234.075994907     
 Abd=   1640630.    
 Catch=   37221.3165019552     
 Abd=   6030287.    
 Catch=   106933.718988072     
 Abd=   1944035.    
 Catch=   23094.8098620883     
 Abd=  1.2732234E+08
 Catch=   2799042.97594723     
 Abd=  1.7916228E+07
 Catch=   116256.363953807     
 Abd=  1.9385194E+07
 Catch=   162645.833031074     
 Abd=   1903949.    
 Catch=   23368.4799332737     
 Abd=   5539836.    
 Catch=   25381.4553164156     
 Abd=   788201.2    
 Catch=   36124.4095822338     
 Abd=   1033176.    
 Catch=   56625.5310797544     
 Abd=   187598.4    
 Catch=   6332.17747632993     
 Abd=   6418.980    
 Catch=   653.710597479434     
 Abd=   8265228.    
 Catch=   164794.019154749     
 Abd=   1053838.    
 Catch=   20798.9105139841     
 Abd=  3.3255134E+07
 Catch=   372552.564169503     
 Abd=   6037048.    
 Catch=   18233.6870290194     
 Abd=   4423302.    
 Catch=   17391.9130432568     
 Abd=   1584351.    
 Catch=   214188.649205575     
 Abd=   1584351.    
 Catch=   214188.649205575     
 Abd=   49533.95    
 Catch=   6766.92068557373     
 Abd=  1.1044752E+07
 Catch=   34854.5984498089     
 Abd=   3607532.    
 Catch=   20939.5761989712     
 Abd=  3.6812429E+08
 Catch=   920532.967832298     
 Abd=  2.8097914E+07
 Catch=   116256.538974634     
 Abd=  3.6968192E+07
 Catch=   211706.215215555     
 Time step =         2034
 Abd=  2.7874664E+07
 Catch=   413193.600505876     
 Abd=   1374440.    
 Catch=   12321.5280653381     
 Abd=   1021360.    
 Catch=   32357.5154952815     
 Abd=   3126866.    
 Catch=   20371.2363692940     
 Abd=   481483.7    
 Catch=   9680.46372978301     
 Abd=   231.0607    
 Catch=  0.799283043412381     
 Abd=   166311.4    
 Catch=   479.113824472004     
 Abd=   661560.6    
 Catch=   33719.1319860888     
 Abd=   1071504.    
 Catch=   54142.8991296295     
 Abd=   434128.5    
 Catch=   2770.77514132770     
 Abd=   26532.35    
 Catch=   66.3810116620679     
 Abd=  1.6784874E+07
 Catch=   174635.557915502     
 Abd=  1.2854104E+07
 Catch=   122537.600340309     
 Abd=   1634548.    
 Catch=   37246.1222525370     
 Abd=   5881682.    
 Catch=   100309.575518071     
 Abd=   1908108.    
 Catch=   22673.1069137064     
 Abd=  1.3232030E+08
 Catch=   2566555.10059926     
 Abd=  1.8108024E+07
 Catch=   114937.994254125     
 Abd=  1.9592600E+07
 Catch=   163223.855036517     
 Abd=   1931697.    
 Catch=   22353.2056594957     
 Abd=   5565604.    
 Catch=   23456.8928520143     
 Abd=   820671.8    
 Catch=   31822.2185974764     
 Abd=   1055297.    
 Catch=   54045.0704103969     
 Abd=   185204.8    
 Catch=   6358.83433833577     
 Abd=   11064.45    
 Catch=   157.899962172274     
 Abd=   8148382.    
 Catch=   163514.859215020     
 Abd=   1092369.    
 Catch=   20611.6536084884     
 Abd=  3.3145076E+07
 Catch=   371440.669481720     
 Abd=   6039982.    
 Catch=   18228.1417230646     
 Abd=   4443208.    
 Catch=   17409.2570564538     
 Abd=   1624593.    
 Catch=   212515.611939114     
 Abd=   1624593.    
 Catch=   212515.611939114     
 Abd=   51307.10    
 Catch=   6917.02969748433     
 Abd=  1.0913610E+07
 Catch=   34068.0565462555     
 Abd=   3593901.    
 Catch=   20421.3402208129     
 Abd=  3.6884269E+08
 Catch=   921970.685485764     
 Abd=  2.8091660E+07
 Catch=   116509.554581112     
 Abd=  3.7125548E+07
 Catch=   211938.425025051     
 Time step =         2035
 Abd=  2.7145946E+07
 Catch=   401450.511743487     
 Abd=   1343448.    
 Catch=   12340.4976094133     
 Abd=   945667.6    
 Catch=   33432.7311983681     
 Abd=   3088422.    
 Catch=   20560.9406354335     
 Abd=   454373.5    
 Catch=   7848.11819485204     
 Abd=   228.8596    
 Catch=  0.789453449840853     
 Abd=   165517.7    
 Catch=   478.621982674012     
 Abd=   586727.5    
 Catch=   34621.7583670656     
 Abd=   932967.1    
 Catch=   58014.8844883398     
 Abd=   431452.7    
 Catch=   2727.16008660801     
 Abd=   26599.86    
 Catch=   66.1317691381115     
 Abd=  1.6629436E+07
 Catch=   172917.745870972     
 Abd=  1.2780662E+07
 Catch=   123826.427370620     
 Abd=   1635844.    
 Catch=   37291.8377836689     
 Abd=   5514021.    
 Catch=   105382.516206502     
 Abd=   1873346.    
 Catch=   23592.3663100364     
 Abd=  1.2109990E+08
 Catch=   2576988.18985189     
 Abd=  1.7895174E+07
 Catch=   112737.531809293     
 Abd=  1.9659536E+07
 Catch=   161910.138547712     
 Abd=   1845912.    
 Catch=   22526.8391382808     
 Abd=   5137957.    
 Catch=   22401.3672048560     
 Abd=   721721.1    
 Catch=   33170.6345697706     
 Abd=   1006440.    
 Catch=   57715.9574415035     
 Abd=   186015.6    
 Catch=   6526.62606884525     
 Abd=   2710.070    
 Catch=   206.357524680562     
 Abd=   8085964.    
 Catch=   159150.978909362     
 Abd=   1081722.    
 Catch=   20579.4223934101     
 Abd=  3.3046314E+07
 Catch=   372966.352071535     
 Abd=   6038048.    
 Catch=   18243.1368893569     
 Abd=   4447364.    
 Catch=   17317.1202763118     
 Abd=   1611879.    
 Catch=   223079.727618050     
 Abd=   1611879.    
 Catch=   223079.727618050     
 Abd=   52441.19    
 Catch=   6749.70289678115     
 Abd=  1.0665132E+07
 Catch=   35110.4130822096     
 Abd=   3503910.    
 Catch=   20300.5906963453     
 Abd=  3.6941734E+08
 Catch=   918580.200009613     
 Abd=  2.8154398E+07
 Catch=   117028.129404633     
 Abd=  3.7163848E+07
 Catch=   210748.856335380     
 Time step =         2036
 Abd=  2.6367812E+07
 Catch=   391323.084951040     
 Abd=   1346110.    
 Catch=   12434.2368040102     
 Abd=   978433.6    
 Catch=   33612.0165985871     
 Abd=   3118513.    
 Catch=   20718.1660183844     
 Abd=   367907.9    
 Catch=   9540.28728794709     
 Abd=   226.0217    
 Catch=  0.786967955443824     
 Abd=   165361.4    
 Catch=   479.732006858660     
 Abd=   603225.7    
 Catch=   36211.1973690235     
 Abd=   1001468.    
 Catch=   58174.5286767263     
 Abd=   424578.6    
 Catch=   2729.03695750790     
 Abd=   26496.57    
 Catch=   66.0217201399332     
 Abd=  1.6465470E+07
 Catch=   172184.289672844     
 Abd=  1.2918355E+07
 Catch=   123572.382982893     
 Abd=   1637856.    
 Catch=   37147.5777920475     
 Abd=   5803224.    
 Catch=   105492.404054425     
 Abd=   1951299.    
 Catch=   23556.3150526120     
 Abd=  1.2177571E+08
 Catch=   2659372.25972289     
 Abd=  1.7551196E+07
 Catch=   115941.518768741     
 Abd=  1.9497078E+07
 Catch=   161581.931258000     
 Abd=   1861968.    
 Catch=   22932.1668826406     
 Abd=   4908863.    
 Catch=   21554.5903115443     
 Abd=   753777.8    
 Catch=   34947.6210346825     
 Abd=   1075812.    
 Catch=   55491.5456693228     
 Abd=   190983.8    
 Catch=   6426.12962288275     
 Abd=   3491.774    
 Catch=   351.933259484508     
 Abd=   7867602.    
 Catch=   160009.206277935     
 Abd=   1080314.    
 Catch=   20394.2006135198     
 Abd=  3.3186886E+07
 Catch=   371696.830181835     
 Abd=   6043149.    
 Catch=   18252.9930559236     
 Abd=   4423308.    
 Catch=   17143.4809728809     
 Abd=   1692631.    
 Catch=   194321.695136080     
 Abd=   1692631.    
 Catch=   194321.695136080     
 Abd=   51169.16    
 Catch=   6702.93787518627     
 Abd=  1.1002830E+07
 Catch=   34664.1168584856     
 Abd=   3483923.    
 Catch=   20683.9444332343     
 Abd=  3.6801888E+08
 Catch=   921914.532793443     
 Abd=  2.8280720E+07
 Catch=   116772.759321647     
 Abd=  3.6951104E+07
 Catch=   210318.155561021     
 Time step =         2037
 Abd=  2.5704672E+07
 Catch=   383505.716047520     
 Abd=   1356458.    
 Catch=   12220.9428326763     
 Abd=   983236.5    
 Catch=   31807.2510490462     
 Abd=   3142124.    
 Catch=   20445.3252882825     
 Abd=   449890.2    
 Catch=   8390.97740576542     
 Abd=   225.3646    
 Catch=  0.768439478960850     
 Abd=   165753.4    
 Catch=   478.044424896599     
 Abd=   630937.1    
 Catch=   32572.8702632925     
 Abd=   1003466.    
 Catch=   55187.2337261841     
 Abd=   425004.5    
 Catch=   2723.08209887364     
 Abd=   26453.72    
 Catch=   65.7694806511476     
 Abd=  1.6397282E+07
 Catch=   172554.153936855     
 Abd=  1.2889022E+07
 Catch=   121643.509531691     
 Abd=   1631350.    
 Catch=   36387.0674940528     
 Abd=   5804620.    
 Catch=   98870.5447464680     
 Abd=   1946802.    
 Catch=   22636.0527492400     
 Abd=  1.2570438E+08
 Catch=   2533792.96197382     
 Abd=  1.8065400E+07
 Catch=   116596.975148115     
 Abd=  1.9459738E+07
 Catch=   160342.342910583     
 Abd=   1895745.    
 Catch=   22209.3724658913     
 Abd=   4723012.    
 Catch=   21026.4765057081     
 Abd=   794136.1    
 Catch=   31863.7663196814     
 Abd=   1033234.    
 Catch=   52237.6942236755     
 Abd=   187930.9    
 Catch=   6314.56099043073     
 Abd=   5972.391    
 Catch=   259.798472871716     
 Abd=   7914213.    
 Catch=   156268.721992864     
 Abd=   1070325.    
 Catch=   18913.5586128859     
 Abd=  3.3068976E+07
 Catch=   368317.064103968     
 Abd=   6046382.    
 Catch=   18218.7523157882     
 Abd=   4378782.    
 Catch=   16746.8455523532     
 Abd=   1473619.    
 Catch=   195105.024714962     
 Abd=   1473619.    
 Catch=   195105.024714962     
 Abd=   50815.60    
 Catch=   6611.62112244132     
 Abd=  1.0853576E+07
 Catch=   32447.1806611409     
 Abd=   3551198.    
 Catch=   20454.2099886052     
 Abd=  3.6941005E+08
 Catch=   923022.141207908     
 Abd=  2.8215476E+07
 Catch=   116195.531357423     
 Abd=  3.6877408E+07
 Catch=   210319.990919347     
 Time step =         2038
 Abd=  2.5194446E+07
 Catch=   392096.349599199     
 Abd=   1332597.    
 Catch=   12174.8757666695     
 Abd=   929852.5    
 Catch=   33208.1344253415     
 Abd=   3099765.    
 Catch=   20435.7290986214     
 Abd=   393480.8    
 Catch=   5928.39166110285     
 Abd=   219.9664    
 Catch=  0.767337189542495     
 Abd=   165152.0    
 Catch=   475.825983597463     
 Abd=   566891.1    
 Catch=   34226.0733328291     
 Abd=   951597.5    
 Catch=   56226.2305656080     
 Abd=   424053.1    
 Catch=   2743.00459854522     
 Abd=   26351.43    
 Catch=   65.6845767986344     
 Abd=  1.6434538E+07
 Catch=   174346.588095507     
 Abd=  1.2686050E+07
 Catch=   121394.858026681     
 Abd=   1597634.    
 Catch=   36057.6375012948     
 Abd=   5434624.    
 Catch=   105488.739673878     
 Abd=   1869911.    
 Catch=   23630.4462135911     
 Abd=  1.1962898E+08
 Catch=   2491866.92765534     
 Abd=  1.8159342E+07
 Catch=   111591.841616871     
 Abd=  1.9308584E+07
 Catch=   161566.747345371     
 Abd=   1834420.    
 Catch=   22121.7714172499     
 Abd=   4608409.    
 Catch=   21308.8169336431     
 Abd=   722931.4    
 Catch=   31877.0835731354     
 Abd=   972610.1    
 Catch=   54037.7498277780     
 Abd=   184678.9    
 Catch=   6602.52148947884     
 Abd=   4370.975    
 Catch=   185.877699597017     
 Abd=   7725924.    
 Catch=   161974.882460194     
 Abd=   991632.5    
 Catch=   19424.9373110192     
 Abd=  3.2764930E+07
 Catch=   370297.019564119     
 Abd=   6034733.    
 Catch=   18267.5975635225     
 Abd=   4276370.    
 Catch=   16771.5931520995     
 Abd=   1479799.    
 Catch=   194755.229539255     
 Abd=   1479799.    
 Catch=   194755.229539255     
 Abd=   50123.38    
 Catch=   7247.22113612194     
 Abd=  1.0149841E+07
 Catch=   33799.2101432944     
 Abd=   3510292.    
 Catch=   20297.6396989737     
 Abd=  3.6983402E+08
 Catch=   917401.446111245     
 Abd=  2.8074456E+07
 Catch=   116944.571774503     
 Abd=  3.6879448E+07
 Catch=   209584.257462676     
 Time step =         2039
 Abd=  2.5776184E+07
 Catch=   397794.671218591     
 Abd=   1327926.    
 Catch=   12331.2281593070     
 Abd=   972099.0    
 Catch=   34326.5932953017     
 Abd=   3098855.    
 Catch=   20438.2002824062     
 Abd=   277536.8    
 Catch=   7657.59763061057     
 Abd=   219.7523    
 Catch=  0.775230272460467     
 Abd=   164385.2    
 Catch=   477.206046962353     
 Abd=   596536.4    
 Catch=   36787.5316588833     
 Abd=   970332.8    
 Catch=   59003.8721215909     
 Abd=   427234.6    
 Catch=   2743.06319763981     
 Abd=   26319.38    
 Catch=   65.3133799716948     
 Abd=  1.6607947E+07
 Catch=   175043.448763730     
 Abd=  1.2663290E+07
 Catch=   123895.429792822     
 Abd=   1583612.    
 Catch=   37324.3255988640     
 Abd=   5810646.    
 Catch=   108105.568094117     
 Abd=   1954657.    
 Catch=   23717.5019193113     
 Abd=  1.1771466E+08
 Catch=   2580085.33489208     
 Abd=  1.7364952E+07
 Catch=   112343.247883688     
 Abd=  1.9461500E+07
 Catch=   161435.635173914     
 Abd=   1828102.    
 Catch=   22557.9342967503     
 Abd=   4673718.    
 Catch=   21847.5884717925     
 Abd=   724088.0    
 Catch=   34597.7480967637     
 Abd=   1007228.    
 Catch=   56078.6065871353     
 Abd=   193272.7    
 Catch=   6555.87720736126     
 Abd=   3159.237    
 Catch=   222.111968675084     
 Abd=   8015390.    
 Catch=   161687.145666836     
 Abd=   1020085.    
 Catch=   18785.6346609540     
 Abd=  3.2950994E+07
 Catch=   372780.045346190     
 Abd=   6051485.    
 Catch=   18272.0347049276     
 Abd=   4284532.    
 Catch=   16874.2555941476     
 Abd=   1476877.    
 Catch=   191711.949497883     
 Abd=   1476877.    
 Catch=   191711.949497883     
 Abd=   54952.24    
 Catch=   6900.55419068696     
 Abd=  1.0594406E+07
 Catch=   33902.9524760290     
 Abd=   3483333.    
 Catch=   20412.3831057864     
 Abd=  3.6754240E+08
 Catch=   915136.650104363     
 Abd=  2.8261880E+07
 Catch=   117049.792023483     
 Abd=  3.6748236E+07
 Catch=   209770.694041025     
 Time step =         2040
 Abd=  2.6147930E+07
 Catch=   409425.978233410     
 Abd=   1345362.    
 Catch=   12489.2354112548     
 Abd=   1004483.    
 Catch=   35581.1733513949     
 Abd=   3099297.    
 Catch=   20373.2958584830     
 Abd=   361592.0    
 Catch=   9065.43566370147     
 Abd=   222.0522    
 Catch=  0.776790512422341     
 Abd=   164884.0    
 Catch=   479.063306862296     
 Abd=   641092.8    
 Catch=   38001.6863924264     
 Abd=   1018204.    
 Catch=   59275.0220923466     
 Abd=   427177.1    
 Catch=   2773.48117081687     
 Abd=   26167.82    
 Catch=   65.1482553048742     
 Abd=  1.6671868E+07
 Catch=   177560.591397785     
 Abd=  1.2928079E+07
 Catch=   125819.734806377     
 Abd=   1640204.    
 Catch=   38256.4878309269     
 Abd=   5950595.    
 Catch=   106802.752965889     
 Abd=   1960380.    
 Catch=   23933.7089795728     
 Abd=  1.2196110E+08
 Catch=   2695206.02387525     
 Abd=  1.7497962E+07
 Catch=   114738.189907906     
 Abd=  1.9442526E+07
 Catch=   162427.200927088     
 Abd=   1864884.    
 Catch=   22969.7418296391     
 Abd=   4792935.    
 Catch=   22302.6954574767     
 Abd=   786512.5    
 Catch=   36482.8906852707     
 Abd=   1044714.    
 Catch=   54704.3087516931     
 Abd=   191749.3    
 Catch=   6635.13220848181     
 Abd=   3749.122    
 Catch=   426.214608746075     
 Abd=   7996164.    
 Catch=   166436.583693603     
 Abd=   985519.5    
 Catch=   19390.7043328901     
 Abd=  3.3171396E+07
 Catch=   373480.159402725     
 Abd=   6052650.    
 Catch=   18255.2327467615     
 Abd=   4311117.    
 Catch=   16888.9632468177     
 Abd=   1453987.    
 Catch=   251352.445363334     
 Abd=   1453987.    
 Catch=   251352.445363334     
 Abd=   52309.09    
 Catch=   7912.30005301673     
 Abd=  1.0618680E+07
 Catch=   33929.2394815254     
 Abd=   3503991.    
 Catch=   20594.3404206922     
 Abd=  3.6665101E+08
 Catch=   917319.471334598     
 Abd=  2.8283940E+07
 Catch=   117691.692784530     
 Abd=  3.6783228E+07
 Catch=   210824.952188542     
 Time step =         2041
 Abd=  2.6920112E+07
 Catch=   424554.521268422     
 Abd=   1362590.    
 Catch=   12426.8670994220     
 Abd=   1041310.    
 Catch=   33988.6128706356     
 Abd=   3089218.    
 Catch=   20101.5879237448     
 Abd=   427193.8    
 Catch=   8620.10969468320     
 Abd=   222.4712    
 Catch=  0.782961632422685     
 Abd=   165527.6    
 Catch=   479.066102241728     
 Abd=   662043.6    
 Catch=   36512.5112278797     
 Abd=   1022496.    
 Catch=   58589.1622080286     
 Abd=   432012.9    
 Catch=   2852.68844358146     
 Abd=   26103.37    
 Catch=   65.3027245623007     
 Abd=  1.6915092E+07
 Catch=   179657.278051057     
 Abd=  1.3127364E+07
 Catch=   125495.882830741     
 Abd=   1680798.    
 Catch=   37951.2033334660     
 Abd=   5875482.    
 Catch=   99717.6452297023     
 Abd=   1978347.    
 Catch=   23771.2537883554     
 Abd=  1.2742724E+08
 Catch=   2635065.92289161     
 Abd=  1.7875564E+07
 Catch=   114653.320988899     
 Abd=  1.9564700E+07
 Catch=   164257.187726151     
 Abd=   1898887.    
 Catch=   22650.6318033572     
 Abd=   4892492.    
 Catch=   22654.9472309815     
 Abd=   829050.9    
 Catch=   34315.0095845021     
 Abd=   1018846.    
 Catch=   54064.9313386201     
 Abd=   194117.3    
 Catch=   6549.22761928403     
 Abd=   7230.357    
 Catch=   205.866845649580     
 Abd=   8235054.    
 Catch=   170825.578929138     
 Abd=   1018364.    
 Catch=   18415.2107477916     
 Abd=  3.3230860E+07
 Catch=   372836.361715233     
 Abd=   6046922.    
 Catch=   18240.7748290459     
 Abd=   4314448.    
 Catch=   16864.5683241702     
 Abd=   1908322.    
 Catch=   271439.467801446     
 Abd=   1908322.    
 Catch=   271439.467801446     
 Abd=   60003.66    
 Catch=   6839.18986935206     
 Abd=  1.0626450E+07
 Catch=   33927.9212555410     
 Abd=   3535319.    
 Catch=   20666.9291443274     
 Abd=  3.6755955E+08
 Catch=   919118.928621268     
 Abd=  2.8441746E+07
 Catch=   117267.710104283     
 Abd=  3.6971284E+07
 Catch=   212158.038865442     
 Time step =         2042
 Abd=  2.7918736E+07
 Catch=   440760.352175052     
 Abd=   1355347.    
 Catch=   12419.0064038226     
 Abd=   993682.2    
 Catch=   33877.6206364297     
 Abd=   3047492.    
 Catch=   20307.4989040700     
 Abd=   404671.2    
 Catch=   6353.77386893785     
 Abd=   224.2631    
 Catch=  0.789239506248453     
 Abd=   165516.7    
 Catch=   478.742484106367     
 Abd=   635765.4    
 Catch=   35373.0884877752     
 Abd=   1010579.    
 Catch=   58585.3418649160     
 Abd=   444484.3    
 Catch=   2861.68226864870     
 Abd=   26167.78    
 Catch=   65.5872837735879     
 Abd=  1.7114164E+07
 Catch=   180134.698021082     
 Abd=  1.3089900E+07
 Catch=   127033.604834684     
 Abd=   1666650.    
 Catch=   38515.6712659700     
 Abd=   5480928.    
 Catch=   104825.856216855     
 Abd=   1964355.    
 Catch=   24714.4166956280     
 Abd=  1.2445463E+08
 Catch=   2575976.40428980     
 Abd=  1.7854532E+07
 Catch=   108254.693250874     
 Abd=  1.9786838E+07
 Catch=   165061.687883503     
 Abd=   1871450.    
 Catch=   22632.3655668798     
 Abd=   4969656.    
 Catch=   23110.3668117055     
 Abd=   778707.9    
 Catch=   33285.8164927905     
 Abd=   1007055.    
 Catch=   55248.2429451407     
 Abd=   191566.0    
 Catch=   6642.51732277277     
 Abd=   3444.564    
 Catch=   252.880809429460     
 Abd=   8452209.    
 Catch=   167898.565263938     
 Abd=   965879.9    
 Catch=   19773.4128509512     
 Abd=  3.3171352E+07
 Catch=   375205.812139613     
 Abd=   6042172.    
 Catch=   18275.0269918362     
 Abd=   4308092.    
 Catch=   16748.3072920664     
 Abd=   2059269.    
 Catch=   202639.786191002     
 Abd=   2059269.    
 Catch=   202639.786191002     
 Abd=   51838.95    
 Catch=   7549.75998072178     
 Abd=  1.0625532E+07
 Catch=   34426.4198057646     
 Abd=   3547422.    
 Catch=   20808.5989353744     
 Abd=  3.6827648E+08
 Catch=   914778.624783035     
 Abd=  2.8335022E+07
 Catch=   117808.950034480     
 Abd=  3.7206140E+07
 Catch=   211429.896644018     
 Time step =         2043
 Abd=  2.8984008E+07
 Catch=   449128.861714212     
 Abd=   1354624.    
 Catch=   12485.7960842566     
 Abd=   991074.1    
 Catch=   33845.8343997983     
 Abd=   3080030.    
 Catch=   20515.8007932128     
 Abd=   297693.1    
 Catch=   8118.30817739274     
 Abd=   226.0539    
 Catch=  0.787408647891165     
 Abd=   165403.5    
 Catch=   479.947327660957     
 Abd=   616060.9    
 Catch=   36638.9882551299     
 Abd=   1010924.    
 Catch=   58777.4443717376     
 Abd=   445684.6    
 Catch=   2838.15037998363     
 Abd=   26282.77    
 Catch=   65.9980590814818     
 Abd=  1.7156584E+07
 Catch=   179437.093206723     
 Abd=  1.3253574E+07
 Catch=   126641.603980367     
 Abd=   1691991.    
 Catch=   38494.9730113918     
 Abd=   5772557.    
 Catch=   105709.184470461     
 Abd=   2043976.    
 Catch=   24394.6834462631     
 Abd=  1.2167565E+08
 Catch=   2641093.08502243     
 Abd=  1.6842452E+07
 Catch=   109762.846105947     
 Abd=  1.9881286E+07
 Catch=   165415.812012299     
 Abd=   1870409.    
 Catch=   22969.7348545032     
 Abd=   5069842.    
 Catch=   23821.4259304923     
 Abd=   755806.9    
 Catch=   34895.1447353545     
 Abd=   1029758.    
 Catch=   54270.2762008870     
 Abd=   194355.6    
 Catch=   6331.06100282557     
 Abd=   4271.836    
 Catch=   408.593978068584     
 Abd=   8301688.    
 Catch=   166165.186303944     
 Abd=   1039141.    
 Catch=   19839.6314588801     
 Abd=  3.3388074E+07
 Catch=   375538.522812362     
 Abd=   6053836.    
 Catch=   18290.0403250612     
 Abd=   4278135.    
 Catch=   16613.3475682466     
 Abd=   1537125.    
 Catch=   206865.338054088     
 Abd=   1537125.    
 Catch=   206865.338054088     
 Abd=   57247.17    
 Catch=   7094.76142714892     
 Abd=  1.0784874E+07
 Catch=   34335.2904800096     
 Abd=   3571994.    
 Catch=   20786.5539946072     
 Abd=  3.6649427E+08
 Catch=   917078.308553366     
 Abd=  2.8469596E+07
 Catch=   117739.510384696     
 Abd=  3.7071820E+07
 Catch=   210802.020021432     
 Time step =         2044
 Abd=  2.9525036E+07
 Catch=   452102.693508216     
 Abd=   1362036.    
 Catch=   12378.8450747096     
 Abd=   990028.6    
 Catch=   32909.8230872680     
 Abd=   3111598.    
 Catch=   20364.3019154722     
 Abd=   383260.5    
 Catch=   8538.05428860600     
 Abd=   225.4914    
 Catch=  0.783764214078005     
 Abd=   165829.5    
 Catch=   479.486085350305     
 Abd=   638340.6    
 Catch=   34549.0725386592     
 Abd=   1013915.    
 Catch=   56610.6071097331     
 Abd=   441950.8    
 Catch=   2798.05998798374     
 Abd=   26448.39    
 Catch=   65.8791755583225     
 Abd=  1.7088136E+07
 Catch=   177533.523605412     
 Abd=  1.3209116E+07
 Catch=   126942.776202689     
 Abd=   1690651.    
 Catch=   38615.0399593164     
 Abd=   5817287.    
 Catch=   102045.445231838     
 Abd=   2015656.    
 Catch=   23614.3411219032     
 Abd=  1.2483107E+08
 Catch=   2588518.66747387     
 Abd=  1.7098930E+07
 Catch=   111549.141235368     
 Abd=  1.9922992E+07
 Catch=   164529.569329091     
 Abd=   1898769.    
 Catch=   22577.2341911164     
 Abd=   5226377.    
 Catch=   24404.6334728379     
 Abd=   792994.1    
 Catch=   33287.7548304870     
 Abd=   1010881.    
 Catch=   51649.3718516945     
 Abd=   185108.0    
 Catch=   6274.57543509599     
 Abd=   6914.683    
 Catch=   239.409361322806     
 Abd=   8217586.    
 Catch=   160310.739442719     
 Abd=   1041430.    
 Catch=   18707.2251813919     
 Abd=  3.3413334E+07
 Catch=   371594.009007937     
 Abd=   6058676.    
 Catch=   18274.2745200140     
 Abd=   4243254.    
 Catch=   16597.0660762998     
 Abd=   1569676.    
 Catch=   230802.890181668     
 Abd=   1569676.    
 Catch=   230802.890181668     
 Abd=   53780.20    
 Catch=   6692.12533623687     
 Abd=  1.0752706E+07
 Catch=   33745.2073201714     
 Abd=   3567717.    
 Catch=   20740.9402117637     
 Abd=  3.6746422E+08
 Catch=   918316.998420850     
 Abd=  2.8449786E+07
 Catch=   117259.248979140     
 Abd=  3.6961900E+07
 Catch=   211486.211621180     
 Time step =         2045
 Abd=  2.9713292E+07
 Catch=   439555.026585399     
 Abd=   1350017.    
 Catch=   12386.1107751688     
 Abd=   962324.4    
 Catch=   33011.9988786122     
 Abd=   3087618.    
 Catch=   20494.3719801765     
 Abd=   401513.7    
 Catch=   8315.11739874955     
 Abd=   224.4372    
 Catch=  0.784742081962097     
 Abd=   165659.1    
 Catch=   479.068543541771     
 Abd=   601399.6    
 Catch=   35468.0390332244     
 Abd=   976177.8    
 Catch=   58059.7920657660     
 Abd=   435610.0    
 Catch=   2762.70657562758     
 Abd=   26396.40    
 Catch=   65.1891278510365     
 Abd=  1.6904994E+07
 Catch=   175634.361417591     
 Abd=  1.3241615E+07
 Catch=   124847.711604375     
 Abd=   1696005.    
 Catch=   37464.5966771337     
 Abd=   5611821.    
 Catch=   102345.585466415     
 Abd=   1950544.    
 Catch=   23571.0648707141     
 Abd=  1.2225966E+08
 Catch=   2607594.09478732     
 Abd=  1.7376606E+07
 Catch=   111789.525860978     
 Abd=  1.9813556E+07
 Catch=   163039.653909184     
 Abd=   1865272.    
 Catch=   22607.7355348406     
 Abd=   5353682.    
 Catch=   24613.7275024831     
 Abd=   755537.6    
 Catch=   33552.2186496276     
 Abd=   961625.1    
 Catch=   56311.2641795849     
 Abd=   183532.8    
 Catch=   6371.16915378399     
 Abd=   4010.115    
 Catch=   209.200353869515     
 Abd=   7923878.    
 Catch=   156223.463076827     
 Abd=   981056.1    
 Catch=   19998.0559132679     
 Abd=  3.3055438E+07
 Catch=   374156.971110108     
 Abd=   6053269.    
 Catch=   18273.4198030411     
 Abd=   4239724.    
 Catch=   16695.6134899585     
 Abd=   1751792.    
 Catch=   254722.941357039     
 Abd=   1751792.    
 Catch=   254722.941357039     
 Abd=   50730.66    
 Catch=   6535.79534413488     
 Abd=  1.0565086E+07
 Catch=   34148.5477764033     
 Abd=   3559716.    
 Catch=   20645.8606115077     
 Abd=  3.6795008E+08
 Catch=   918459.567876576     
 Abd=  2.8332206E+07
 Catch=   116954.577219092     
 Abd=  3.7085960E+07
 Catch=   212093.240176007     
 Time step =         2046
 Abd=  2.8871220E+07
 Catch=   417949.043967068     
 Abd=   1351039.    
 Catch=   12351.2722494576     
 Abd=   965697.6    
 Catch=   32909.7249163204     
 Abd=   3108108.    
 Catch=   20815.1032259010     
 Abd=   390601.2    
 Catch=   7771.41199947787     
 Abd=   224.7433    
 Catch=  0.790390926691807     
 Abd=   165515.9    
 Catch=   478.383869422536     
 Abd=   617923.9    
 Catch=   33770.1362168500     
 Abd=   1001859.    
 Catch=   57156.1192988917     
 Abd=   430140.8    
 Catch=   2807.50584664960     
 Abd=   26115.63    
 Catch=   64.9069311782881     
 Abd=  1.6723856E+07
 Catch=   178051.814607283     
 Abd=  1.3019638E+07
 Catch=   124579.986866368     
 Abd=   1644615.    
 Catch=   37498.6816871239     
 Abd=   5631769.    
 Catch=   105378.654011142     
 Abd=   1947993.    
 Catch=   24080.7476745651     
 Abd=  1.2320563E+08
 Catch=   2565083.39359189     
 Abd=  1.7409392E+07
 Catch=   109693.738722436     
 Abd=  1.9632768E+07
 Catch=   164321.417205068     
 Abd=   1868380.    
 Catch=   22447.8184739159     
 Abd=   5397961.    
 Catch=   23296.6291111866     
 Abd=   761949.6    
 Catch=   32641.0913369546     
 Abd=   1049708.    
 Catch=   53659.3104188972     
 Abd=   186417.7    
 Catch=   6602.00070077731     
 Abd=   3516.932    
 Catch=   297.573108562622     
 Abd=   7723181.    
 Catch=   164565.569590033     
 Abd=   1050894.    
 Catch=   19364.6499461928     
 Abd=  3.3293978E+07
 Catch=   374381.558839030     
 Abd=   6053088.    
 Catch=   18285.3500631800     
 Abd=   4265418.    
 Catch=   16827.0205636302     
 Abd=   1934135.    
 Catch=   229575.069211157     
 Abd=   1934135.    
 Catch=   229575.069211157     
 Abd=   49544.71    
 Catch=   6814.92131580368     
 Abd=  1.0697392E+07
 Catch=   34583.1040495737     
 Abd=   3543413.    
 Catch=   20499.7311698890     
 Abd=  3.6799770E+08
 Catch=   915285.456019339     
 Abd=  2.8259896E+07
 Catch=   116764.862110636     
 Abd=  3.7192120E+07
 Catch=   210588.694543545     
 Time step =         2047
 Abd=  2.7448568E+07
 Catch=   415255.283241630     
 Abd=   1347159.    
 Catch=   12407.9466834981     
 Abd=   962617.6    
 Catch=   33340.3463383687     
 Abd=   3157340.    
 Catch=   20888.6376080747     
 Abd=   364927.3    
 Catch=   8972.02091449578     
 Abd=   226.3803    
 Catch=  0.789681282757561     
 Abd=   165276.8    
 Catch=   479.182606885654     
 Abd=   587872.2    
 Catch=   36168.4740251357     
 Abd=   985783.6    
 Catch=   57749.0660017321     
 Abd=   437359.3    
 Catch=   2857.04340812283     
 Abd=   26005.84    
 Catch=   65.1324024873336     
 Abd=  1.6961828E+07
 Catch=   176983.813630877     
 Abd=  1.2994847E+07
 Catch=   123662.358000222     
 Abd=   1646956.    
 Catch=   36803.8941112323     
 Abd=   5801115.    
 Catch=   107346.205170558     
 Abd=   1991045.    
 Catch=   24029.0704069876     
 Abd=  1.2115660E+08
 Catch=   2624045.50654272     
 Abd=  1.7076780E+07
 Catch=   110350.747368710     
 Abd=  1.9793328E+07
 Catch=   165447.953295931     
 Abd=   1854912.    
 Catch=   22784.9604586076     
 Abd=   5103999.    
 Catch=   22969.5276505689     
 Abd=   741052.6    
 Catch=   34207.4673919172     
 Abd=   998726.4    
 Catch=   54493.4822446829     
 Abd=   193232.6    
 Catch=   6618.18970019998     
 Abd=   5037.844    
 Catch=   417.911553225005     
 Abd=   8145955.    
 Catch=   162084.943366644     
 Abd=   1016008.    
 Catch=   19181.0574171655     
 Abd=  3.3310260E+07
 Catch=   375241.045997199     
 Abd=   6057115.    
 Catch=   18286.6938340866     
 Abd=   4299169.    
 Catch=   16868.7942507220     
 Abd=   1741371.    
 Catch=   191678.985946999     
 Abd=   1741371.    
 Catch=   191678.985946999     
 Abd=   51670.12    
 Catch=   7109.87286424589     
 Abd=  1.0833612E+07
 Catch=   34791.7965953070     
 Abd=   3518016.    
 Catch=   20582.9139543175     
 Abd=  3.6670141E+08
 Catch=   917711.617961673     
 Abd=  2.8213872E+07
 Catch=   117275.364546415     
 Abd=  3.6922000E+07
 Catch=   210205.601530643     
 Time step =         2048
 Abd=  2.7286504E+07
 Catch=   416622.450931859     
 Abd=   1353521.    
 Catch=   12304.0524953399     
 Abd=   975375.1    
 Catch=   33150.1091804870     
 Abd=   3167748.    
 Catch=   20958.0832521741     
 Abd=   422634.3    
 Catch=   7232.05023103173     
 Abd=   226.1426    
 Catch=  0.793859023153886     
 Abd=   165562.8    
 Catch=   477.152246924634     
 Abd=   630329.2    
 Catch=   34567.4142132761     
 Abd=   996227.1    
 Catch=   56225.1858900017     
 Abd=   445078.2    
 Catch=   2861.46281838087     
 Abd=   26100.14    
 Catch=   65.2727841552945     
 Abd=  1.6853780E+07
 Catch=   177943.385416719     
 Abd=  1.2897474E+07
 Catch=   124317.792654559     
 Abd=   1615902.    
 Catch=   37063.5124062560     
 Abd=   5908420.    
 Catch=   104664.596621606     
 Abd=   1985868.    
 Catch=   23892.9700850600     
 Abd=  1.2401453E+08
 Catch=   2532447.90434256     
 Abd=  1.7187260E+07
 Catch=   108972.717467753     
 Abd=  1.9928616E+07
 Catch=   165810.038081362     
 Abd=   1883489.    
 Catch=   22387.5890718905     
 Abd=   5035048.    
 Catch=   22584.9741284330     
 Abd=   777275.1    
 Catch=   31959.0482511656     
 Abd=   1014975.    
 Catch=   51549.5390455446     
 Abd=   193616.2    
 Catch=   6853.78988472732     
 Abd=   7058.230    
 Catch=   175.913035951753     
 Abd=   8014030.    
 Catch=   160345.856667284     
 Abd=   1006649.    
 Catch=   18913.9211335808     
 Abd=  3.3387252E+07
 Catch=   374853.488211492     
 Abd=   6057493.    
 Catch=   18278.9130025978     
 Abd=   4309411.    
 Catch=   16971.2865749027     
 Abd=   1453369.    
 Catch=   213050.170033751     
 Abd=   1453369.    
 Catch=   213050.170033751     
 Abd=   53905.66    
 Catch=   7244.98129146685     
 Abd=  1.0897613E+07
 Catch=   34573.6105048633     
 Abd=   3533051.    
 Catch=   20547.9350075055     
 Abd=  3.6771936E+08
 Catch=   915621.103053610     
 Abd=  2.8340536E+07
 Catch=   117888.906116010     
 Abd=  3.6858040E+07
 Catch=   209784.592835461     
 Time step =         2049
 Abd=  2.7380814E+07
 Catch=   419215.125117200     
 Abd=   1341870.    
 Catch=   12489.3282404981     
 Abd=   969524.2    
 Catch=   34874.8558215147     
 Abd=   3178265.    
 Catch=   20997.8968404664     
 Abd=   338970.2    
 Catch=   8452.90535067041     
 Abd=   227.3682    
 Catch=  0.781475123500142     
 Abd=   164840.4    
 Catch=   478.009643587837     
 Abd=   601732.1    
 Catch=   38009.4182209232     
 Abd=   969543.9    
 Catch=   59833.4019872795     
 Abd=   445633.0    
 Catch=   2862.00391270996     
 Abd=   26155.57    
 Catch=   65.4048693807560     
 Abd=  1.6948914E+07
 Catch=   180029.827858755     
 Abd=  1.2968224E+07
 Catch=   125144.373572134     
 Abd=   1627928.    
 Catch=   37108.4410902276     
 Abd=   5756867.    
 Catch=   109789.328361090     
 Abd=   1974473.    
 Catch=   24121.3158602679     
 Abd=  1.1958047E+08
 Catch=   2650397.87448226     
 Abd=  1.6966820E+07
 Catch=   110851.160845905     
 Abd=  1.9970562E+07
 Catch=   166649.699858787     
 Abd=   1849572.    
 Catch=   22936.0360779092     
 Abd=   4950995.    
 Catch=   22541.8204296234     
 Abd=   725242.8    
 Catch=   34902.9453571003     
 Abd=   959400.2    
 Catch=   55319.1781767906     
 Abd=   200574.8    
 Catch=   7008.39076040859     
 Abd=   2947.825    
 Catch=   330.276988287520     
 Abd=   7928880.    
 Catch=   169915.497918963     
 Abd=   992596.8    
 Catch=   19711.4094086608     
 Abd=  3.3350952E+07
 Catch=   378099.818492307     
 Abd=   6054841.    
 Catch=   18312.4601317075     
 Abd=   4335882.    
 Catch=   17093.8272613534     
 Abd=   1616294.    
 Catch=   206583.514246108     
 Abd=   1616294.    
 Catch=   206583.514246108     
 Abd=   54929.54    
 Catch=   7467.99244471340     
 Abd=  1.0826665E+07
 Catch=   35032.1487577772     
 Abd=   3526841.    
 Catch=   20777.9276977337     
 Abd=  3.6684611E+08
 Catch=   916982.085555680     
 Abd=  2.8489236E+07
 Catch=   118394.670077993     
 Abd=  3.6784116E+07
 Catch=   209913.347705628     
 Time step =         2050
 Abd=  2.7552444E+07
 Catch=   420091.532862011     
 Abd=   1362666.    
 Catch=   12570.8653442854     
 Abd=   1020764.    
 Catch=   35397.4489548600     
 Abd=   3184279.    
 Catch=   20955.9048867025     
 Abd=   398289.4    
 Catch=   10008.8705041605     
 Abd=   223.7301    
 Catch=  0.781000281206193     
 Abd=   165157.9    
 Catch=   478.003411512931     
 Abd=   662508.8    
 Catch=   37407.1746143921     
 Abd=   1032593.    
 Catch=   59828.7239517403     
 Abd=   445712.0    
 Catch=   2834.59449095770     
 Abd=   26209.50    
 Catch=   65.3481660166860     
 Abd=  1.7149524E+07
 Catch=   179021.573030668     
 Abd=  1.3054807E+07
 Catch=   125434.638241588     
 Abd=   1629736.    
 Catch=   36921.2330985773     
 Abd=   6045853.    
 Catch=   107682.591435386     
 Abd=   1993910.    
 Catch=   24063.4756546908     
 Abd=  1.2530622E+08
 Catch=   2727198.36484099     
 Abd=  1.7268446E+07
 Catch=   113452.517898283     
 Abd=  2.0073034E+07
 Catch=   165485.991611715     
 Abd=   1896299.    
 Catch=   23171.7219865539     
 Abd=   4942539.    
 Catch=   22551.3906329845     
 Abd=   793391.1    
 Catch=   35577.5188400119     
 Abd=   1030911.    
 Catch=   53374.6779106342     
 Abd=   205071.6    
 Catch=   6940.53694652449     
 Abd=   5599.249    
 Catch=   481.338580344301     
 Abd=   8411780.    
 Catch=   161495.328552910     
 Abd=   1035315.    
 Catch=   20265.7363630128     
 Abd=  3.3645404E+07
 Catch=   378305.125080220     
 Abd=   6066214.    
 Catch=   18353.6278570353     
 Abd=   4367338.    
 Catch=   17051.5672166205     
 Abd=   1566674.    
 Catch=   231491.614559921     
 Abd=   1566674.    
 Catch=   231491.614559921     
 Abd=   56618.41    
 Catch=   7273.17808099871     
 Abd=  1.0974463E+07
 Catch=   35003.6837973071     
 Abd=   3566855.    
 Catch=   20922.8878020276     
 Abd=  3.6741670E+08
 Catch=   919327.788798195     
 Abd=  2.8611152E+07
 Catch=   118687.763319404     
 Abd=  3.6808276E+07
 Catch=   210758.790822045     
 Time step =         2051
 Abd=  2.7606340E+07
 Catch=   428165.580825447     
 Abd=   1371335.    
 Catch=   12443.6638143113     
 Abd=   1035582.    
 Catch=   33524.2782591897     
 Abd=   3177876.    
 Catch=   20784.7127292187     
 Abd=   471619.3    
 Catch=   8971.52666841444     
 Abd=   223.6658    
 Catch=  0.779474445715990     
 Abd=   165147.0    
 Catch=   477.355638105221     
 Abd=   651359.6    
 Catch=   36451.9370413833     
 Abd=   1031920.    
 Catch=   58639.2198586420     
 Abd=   441346.4    
 Catch=   2852.94071367409     
 Abd=   26185.10    
 Catch=   65.3582928468677     
 Abd=  1.7048180E+07
 Catch=   180047.985841164     
 Abd=  1.3084446E+07
 Catch=   125506.268057423     
 Abd=   1621376.    
 Catch=   37384.8861233499     
 Abd=   5923351.    
 Catch=   102148.520364434     
 Abd=   1988714.    
 Catch=   23353.4212774551     
 Abd=  1.2890230E+08
 Catch=   2636359.41115715     
 Abd=  1.7675848E+07
 Catch=   114046.464342622     
 Abd=  1.9928060E+07
 Catch=   165147.012557094     
 Abd=   1915289.    
 Catch=   22700.5152399864     
 Abd=   4944864.    
 Catch=   23260.0963568795     
 Abd=   808088.0    
 Catch=   33651.9347474327     
 Abd=   993963.1    
 Catch=   52587.5622066575     
 Abd=   202988.8    
 Catch=   6638.21821244775     
 Abd=   8112.790    
 Catch=   156.899388179744     
 Abd=   7980872.    
 Catch=   163034.890360286     
 Abd=   1064211.    
 Catch=   19217.2789585313     
 Abd=  3.3659036E+07
 Catch=   371439.013187342     
 Abd=   6079924.    
 Catch=   18347.1394710762     
 Abd=   4355702.    
 Catch=   16986.5514978405     
 Abd=   1756301.    
 Catch=   226990.420121531     
 Abd=   1756301.    
 Catch=   226990.420121531     
 Abd=   55136.45    
 Catch=   6686.87588138579     
 Abd=  1.0962605E+07
 Catch=   34613.7632747614     
 Abd=   3591520.    
 Catch=   20858.4095415638     
 Abd=  3.6836608E+08
 Catch=   921261.143393856     
 Abd=  2.8680614E+07
 Catch=   118223.267835298     
 Abd=  3.6959004E+07
 Catch=   212014.859475287     
 Time step =         2052
 Abd=  2.8146804E+07
 Catch=   445887.870605255     
 Abd=   1357064.    
 Catch=   12353.6931141496     
 Abd=   980078.6    
 Catch=   32418.1919125782     
 Abd=   3151369.    
 Catch=   20646.6760509993     
 Abd=   420799.5    
 Catch=   8039.03085466473     
 Abd=   223.2169    
 Catch=  0.775487432170719     
 Abd=   164920.8    
 Catch=   475.343636383087     
 Abd=   634802.8    
 Catch=   35271.2286330694     
 Abd=   1011391.    
 Catch=   56218.6901990736     
 Abd=   444342.7    
 Catch=   2801.97767774650     
 Abd=   26189.13    
 Catch=   65.0000343769554     
 Abd=  1.7149380E+07
 Catch=   179843.045156139     
 Abd=  1.3091537E+07
 Catch=   123827.474628473     
 Abd=   1642325.    
 Catch=   36018.4721000049     
 Abd=   5615757.    
 Catch=   102194.089948038     
 Abd=   1929080.    
 Catch=   23678.1263079642     
 Abd=  1.2450187E+08
 Catch=   2585079.04712423     
 Abd=  1.7762104E+07
 Catch=   112549.196767271     
 Abd=  1.9889316E+07
 Catch=   165491.636903636     
 Abd=   1875375.    
 Catch=   22450.1324415296     
 Abd=   5103014.    
 Catch=   24085.9567157004     
 Abd=   763862.0    
 Catch=   32620.5001248438     
 Abd=   979522.8    
 Catch=   54296.2519461644     
 Abd=   194103.5    
 Catch=   6776.21499702130     
 Abd=   2664.378    
 Catch=   126.969358442724     
 Abd=   8064916.    
 Catch=   158667.432295602     
 Abd=   1007986.    
 Catch=   19844.6194793132     
 Abd=  3.3038108E+07
 Catch=   372799.369777616     
 Abd=   6077438.    
 Catch=   18353.4182025940     
 Abd=   4339084.    
 Catch=   16914.1801509472     
 Abd=   1721332.    
 Catch=   232439.820055347     
 Abd=   1721332.    
 Catch=   232439.820055347     
 Abd=   50686.21    
 Catch=   7824.81106638947     
 Abd=  1.0838066E+07
 Catch=   34522.3384368666     
 Abd=   3580036.    
 Catch=   21068.1788378164     
 Abd=  3.6913520E+08
 Catch=   922120.379046770     
 Abd=  2.8565156E+07
 Catch=   119075.874977761     
 Abd=  3.7180648E+07
 Catch=   211929.154138465     
 Time step =         2053
 Abd=  2.9322372E+07
 Catch=   453371.079947062     
 Abd=   1347322.    
 Catch=   12426.0005594937     
 Abd=   947943.1    
 Catch=   32954.4150228856     
 Abd=   3130482.    
 Catch=   20863.8863473114     
 Abd=   377272.1    
 Catch=   9067.94026512653     
 Abd=   222.0677    
 Catch=  0.783556247845436     
 Abd=   164219.2    
 Catch=   475.426469569239     
 Abd=   614183.0    
 Catch=   37076.2568402337     
 Abd=   969602.1    
 Catch=   60347.9316731846     
 Abd=   436215.3    
 Catch=   2804.13901993086     
 Abd=   26044.45    
 Catch=   64.7621088159879     
 Abd=  1.7127618E+07
 Catch=   183615.746207796     
 Abd=  1.2913014E+07
 Catch=   122918.491615822     
 Abd=   1580965.    
 Catch=   35012.0915114128     
 Abd=   5623004.    
 Catch=   105691.746392590     
 Abd=   1957428.    
 Catch=   24201.0466938526     
 Abd=  1.2209900E+08
 Catch=   2639767.90906093     
 Abd=  1.7522980E+07
 Catch=   111710.253280941     
 Abd=  1.9932384E+07
 Catch=   165054.673442820     
 Abd=   1854992.    
 Catch=   22849.7485960109     
 Abd=   5284564.    
 Catch=   24833.4761572388     
 Abd=   740551.8    
 Catch=   33961.9934396222     
 Abd=   1011842.    
 Catch=   58850.0687559231     
 Abd=   198304.4    
 Catch=   6823.25833912645     
 Abd=   2135.694    
 Catch=   234.923261489305     
 Abd=   7844150.    
 Catch=   168694.148289286     
 Abd=   1042192.    
 Catch=   19089.8917136923     
 Abd=  3.3172076E+07
 Catch=   375606.487557335     
 Abd=   6079619.    
 Catch=   18367.8153404891     
 Abd=   4320587.    
 Catch=   16849.9070338371     
 Abd=   1763512.    
 Catch=   212913.667891343     
 Abd=   1763512.    
 Catch=   212913.667891343     
 Abd=   59343.96    
 Catch=   7370.02376813138     
 Abd=  1.0812663E+07
 Catch=   35295.8085537665     
 Abd=   3616628.    
 Catch=   21112.2492146443     
 Abd=  3.6947162E+08
 Catch=   923106.034369147     
 Abd=  2.8777464E+07
 Catch=   119535.266950457     
 Abd=  3.7161240E+07
 Catch=   211497.543634122     
 Time step =         2054
 Abd=  2.9802572E+07
 Catch=   466714.350138612     
 Abd=   1355539.    
 Catch=   12525.9523441155     
 Abd=   964218.4    
 Catch=   33568.9694596327     
 Abd=   3164455.    
 Catch=   20878.0883051565     
 Abd=   427133.8    
 Catch=   9105.31928826351     
 Abd=   224.4381    
 Catch=  0.777114728438483     
 Abd=   164260.9    
 Catch=   476.369086596779     
 Abd=   646053.1    
 Catch=   37126.5627414368     
 Abd=   1041695.    
 Catch=   59771.6022273915     
 Abd=   436704.2    
 Catch=   2834.33990735340     
 Abd=   25948.12    
 Catch=   65.0646952161549     
 Abd=  1.7493922E+07
 Catch=   185287.949896639     
 Abd=  1.2820145E+07
 Catch=   123961.197834721     
 Abd=   1537152.    
 Catch=   36083.1028568440     
 Abd=   5818867.    
 Catch=   110167.137111691     
 Abd=   2000961.    
 Catch=   24451.2495365846     
 Abd=  1.2476348E+08
 Catch=   2673859.42563749     
 Abd=  1.7394524E+07
 Catch=   112482.785272347     
 Abd=  1.9877924E+07
 Catch=   165875.264760383     
 Abd=   1888970.    
 Catch=   23126.4476238094     
 Abd=   5448233.    
 Catch=   25608.4766119595     
 Abd=   771726.5    
 Catch=   34635.3429987859     
 Abd=   1097010.    
 Catch=   56592.5056526699     
 Abd=   199623.9    
 Catch=   6866.13518968100     
 Abd=   3996.209    
 Catch=   364.137056408279     
 Abd=   8351636.    
 Catch=   169941.051388075     
 Abd=   1001588.    
 Catch=   19496.5267122749     
 Abd=  3.3423776E+07
 Catch=   378523.834707739     
 Abd=   6084451.    
 Catch=   18385.1062341453     
 Abd=   4304061.    
 Catch=   16986.2944478918     
 Abd=   1615845.    
 Catch=   202180.792693899     
 Abd=   1615845.    
 Catch=   202180.792693899     
 Abd=   55868.51    
 Catch=   7480.73362267484     
 Abd=  1.1058984E+07
 Catch=   35471.1309362817     
 Abd=   3623811.    
 Catch=   21390.8694774538     
 Abd=  3.6987002E+08
 Catch=   924988.649434180     
 Abd=  2.8886156E+07
 Catch=   120016.036967283     
 Abd=  3.7084328E+07
 Catch=   211173.606253464     
 Time step =         2055
 Abd=  3.0686672E+07
 Catch=   472974.016181326     
 Abd=   1366468.    
 Catch=   12625.5259031479     
 Abd=   982113.2    
 Catch=   35204.5812318481     
 Abd=   3165974.    
 Catch=   20632.2236253936     
 Abd=   427776.9    
 Catch=   9681.09826442525     
 Abd=   222.5139    
 Catch=  0.767299288698670     
 Abd=   164591.9    
 Catch=   477.522982414026     
 Abd=   646574.4    
 Catch=   37760.5890785637     
 Abd=   1030867.    
 Catch=   60035.0682799844     
 Abd=   441471.1    
 Catch=   2837.33128009393     
 Abd=   26074.64    
 Catch=   65.0934405844785     
 Abd=  1.7649620E+07
 Catch=   183969.381322354     
 Abd=  1.2931692E+07
 Catch=   126012.522852801     
 Abd=   1585488.    
 Catch=   37158.0928818610     
 Abd=   6066108.    
 Catch=   112159.217052087     
 Abd=   2021162.    
 Catch=   24448.3279821242     
 Abd=  1.2634960E+08
 Catch=   2749244.08551047     
 Abd=  1.7519226E+07
 Catch=   114387.323588490     
 Abd=  1.9979360E+07
 Catch=   165448.442797359     
 Abd=   1911606.    
 Catch=   23415.8220461824     
 Abd=   5617760.    
 Catch=   25909.7924762055     
 Abd=   786653.2    
 Catch=   35927.2744822374     
 Abd=   1053499.    
 Catch=   55796.4005090574     
 Abd=   200870.0    
 Catch=   6805.06715953289     
 Abd=   6144.487    
 Catch=   477.341645346477     
 Abd=   8405914.    
 Catch=   166999.774262498     
 Abd=   1023733.    
 Catch=   20332.5364117112     
 Abd=  3.3682592E+07
 Catch=   379344.695605870     
 Abd=   6090178.    
 Catch=   18365.1768527021     
 Abd=   4339914.    
 Catch=   17058.2864732227     
 Abd=   1533459.    
 Catch=   226228.072166878     
 Abd=   1533459.    
 Catch=   226228.072166878     
 Abd=   56714.76    
 Catch=   6548.97392880405     
 Abd=  1.1110014E+07
 Catch=   35729.5596448902     
 Abd=   3672336.    
 Catch=   21665.5389882759     
 Abd=  3.7062858E+08
 Catch=   926573.829783589     
 Abd=  2.9002700E+07
 Catch=   119695.458230139     
 Abd=  3.7027888E+07
 Catch=   211853.253613080     
 Time step =         2056
 Abd=  3.1088156E+07
 Catch=   465942.255189828     
 Abd=   1377334.    
 Catch=   12552.3521644768     
 Abd=   1030398.    
 Catch=   33815.5617987783     
 Abd=   3128056.    
 Catch=   20548.4228915813     
 Abd=   455264.1    
 Catch=   9533.78084026532     
 Abd=   219.6846    
 Catch=  0.760105006954334     
 Abd=   164990.1    
 Catch=   477.584673026328     
 Abd=   657688.8    
 Catch=   36432.5323414492     
 Abd=   1035535.    
 Catch=   58764.9235720526     
 Abd=   441858.2    
 Catch=   2873.24836389565     
 Abd=   26082.89    
 Catch=   64.9175468302500     
 Abd=  1.7518694E+07
 Catch=   184808.372970090     
 Abd=  1.3147238E+07
 Catch=   124918.111686674     
 Abd=   1632687.    
 Catch=   36782.3443709367     
 Abd=   6173156.    
 Catch=   106429.207439394     
 Abd=   2020542.    
 Catch=   24123.4901073596     
 Abd=  1.2994474E+08
 Catch=   2680437.63878097     
 Abd=  1.7819116E+07
 Catch=   115380.991315154     
 Abd=  1.9925256E+07
 Catch=   166365.233434763     
 Abd=   1935545.    
 Catch=   23037.2755237497     
 Abd=   5682502.    
 Catch=   25038.0628852324     
 Abd=   816193.9    
 Catch=   34262.5238894177     
 Abd=   1039051.    
 Catch=   54877.7824170121     
 Abd=   199047.4    
 Catch=   6970.87249567326     
 Abd=   8045.722    
 Catch=   227.273909966228     
 Abd=   8256946.    
 Catch=   168620.158071298     
 Abd=   1067981.    
 Catch=   19503.3056270203     
 Abd=  3.3752200E+07
 Catch=   379879.695861395     
 Abd=   6083336.    
 Catch=   18345.1313902570     
 Abd=   4357990.    
 Catch=   17144.2009569624     
 Abd=   1716514.    
 Catch=   268037.653834413     
 Abd=   1716514.    
 Catch=   268037.653834413     
 Abd=   49641.23    
 Catch=   7123.72546925909     
 Abd=  1.1191510E+07
 Catch=   35066.4892255869     
 Abd=   3719446.    
 Catch=   21815.1605662683     
 Abd=  3.7126170E+08
 Catch=   928806.036923522     
 Abd=  2.8921380E+07
 Catch=   120067.009843776     
 Abd=  3.7150264E+07
 Catch=   212943.559739028     
 Time step =         2057
 Abd=  3.0613960E+07
 Catch=   446063.389324795     
 Abd=   1369011.    
 Catch=   12562.3254733842     
 Abd=   988674.1    
 Catch=   34041.6881522505     
 Abd=   3115712.    
 Catch=   20832.3810492951     
 Abd=   447745.5    
 Catch=   7768.54709330896     
 Abd=   217.6479    
 Catch=  0.757341649310370     
 Abd=   165005.0    
 Catch=   477.017293219732     
 Abd=   634421.6    
 Catch=   36771.9267321865     
 Abd=   1013543.    
 Catch=   59556.4553220959     
 Abd=   447552.9    
 Catch=   2849.79947285455     
 Abd=   26011.08    
 Catch=   64.8408290209556     
 Abd=  1.7602582E+07
 Catch=   181627.170463323     
 Abd=  1.3027873E+07
 Catch=   125499.046443992     
 Abd=   1615110.    
 Catch=   37145.9611130363     
 Abd=   5851306.    
 Catch=   111295.195349962     
 Abd=   1993346.    
 Catch=   24513.9034554534     
 Abd=  1.2659275E+08
 Catch=   2652877.29430325     
 Abd=  1.7970872E+07
 Catch=   112548.863519068     
 Abd=  2.0038702E+07
 Catch=   165378.761296188     
 Abd=   1903312.    
 Catch=   23052.2097569269     
 Abd=   5488162.    
 Catch=   22734.8563045669     
 Abd=   777666.9    
 Catch=   33618.2910463231     
 Abd=   1022379.    
 Catch=   56924.6874603061     
 Abd=   203991.6    
 Catch=   6763.82827364733     
 Abd=   3802.062    
 Catch=   214.609287325319     
 Abd=   8340868.    
 Catch=   164277.363277982     
 Abd=   1023123.    
 Catch=   20731.3851454513     
 Abd=  3.3799680E+07
 Catch=   381483.679566137     
 Abd=   6076704.    
 Catch=   18356.2343291238     
 Abd=   4379962.    
 Catch=   17205.2649855690     
 Abd=   2035483.    
 Catch=   247383.035021101     
 Abd=   2035483.    
 Catch=   247383.035021101     
 Abd=   54017.35    
 Catch=   7318.12386471356     
 Abd=  1.0978218E+07
 Catch=   35528.2369929793     
 Abd=   3744739.    
 Catch=   21945.6929043470     
 Abd=  3.7216192E+08
 Catch=   925168.323503398     
 Abd=  2.9014634E+07
 Catch=   120080.693566582     
 Abd=  3.7342948E+07
 Catch=   212394.114430073     
 Time step =         2058
 Abd=  2.9298556E+07
 Catch=   430759.664890894     
 Abd=   1370272.    
 Catch=   12700.5612517570     
 Abd=   995912.3    
 Catch=   34183.8158500945     
 Abd=   3159860.    
 Catch=   21007.9459108317     
 Abd=   364028.2    
 Catch=   9461.07527502259     
 Abd=   216.8717    
 Catch=  0.744891825549597     
 Abd=   164805.4    
 Catch=   479.563343612025     
 Abd=   640568.4    
 Catch=   37851.8109223415     
 Abd=   1027688.    
 Catch=   59451.1125191583     
 Abd=   443739.8    
 Catch=   2809.47053197061     
 Abd=   25980.87    
 Catch=   64.6715354550955     
 Abd=  1.7292560E+07
 Catch=   179417.861447504     
 Abd=  1.3091716E+07
 Catch=   126361.906056896     
 Abd=   1631703.    
 Catch=   37982.2282069212     
 Abd=   6128510.    
 Catch=   110355.262564908     
 Abd=   2026624.    
 Catch=   24240.1591694829     
 Abd=  1.2532454E+08
 Catch=   2747502.77498574     
 Abd=  1.7519104E+07
 Catch=   114292.157960231     
 Abd=  1.9915508E+07
 Catch=   164468.076638808     
 Abd=   1905123.    
 Catch=   23499.7385093415     
 Abd=   4979318.    
 Catch=   22000.3872987646     
 Abd=   763375.1    
 Catch=   35818.3867293878     
 Abd=   1060899.    
 Catch=   54977.0761196936     
 Abd=   197801.6    
 Catch=   6666.11980100844     
 Abd=   3612.751    
 Catch=   490.477542989740     
 Abd=   8121128.    
 Catch=   158906.949363034     
 Abd=   1089346.    
 Catch=   20466.3218864677     
 Abd=  3.3944608E+07
 Catch=   380467.605671723     
 Abd=   6080599.    
 Catch=   18370.6078619535     
 Abd=   4395467.    
 Catch=   17212.8134965468     
 Abd=   1877175.    
 Catch=   238326.101182143     
 Abd=   1877175.    
 Catch=   238326.101182143     
 Abd=   55485.27    
 Catch=   6374.37687594157     
 Abd=  1.1129968E+07
 Catch=   35469.9761073427     
 Abd=   3767164.    
 Catch=   21890.5847066376     
 Abd=  3.7065914E+08
 Catch=   926246.007680284     
 Abd=  2.9016356E+07
 Catch=   119738.716366651     
 Abd=  3.7241672E+07
 Catch=   212673.542153957     
 Time step =         2059
 Abd=  2.8293208E+07
 Catch=   420471.180154541     
 Abd=   1385603.    
 Catch=   12459.8811456384     
 Abd=   999949.4    
 Catch=   32198.7408393559     
 Abd=   3186096.    
 Catch=   20694.4241628877     
 Abd=   446098.6    
 Catch=   9235.67673547072     
 Abd=   213.2582    
 Catch=  0.742144825099358     
 Abd=   165706.3    
 Catch=   477.642872929171     
 Abd=   659393.4    
 Catch=   32958.7764519561     
 Abd=   1025397.    
 Catch=   54735.0203099817     
 Abd=   437424.5    
 Catch=   2845.85014093491     
 Abd=   25912.26    
 Catch=   64.8828191773140     
 Abd=  1.7083738E+07
 Catch=   181913.782875392     
 Abd=  1.3182068E+07
 Catch=   126605.465084351     
 Abd=   1668712.    
 Catch=   37845.1381612980     
 Abd=   6071197.    
 Catch=   101348.526796719     
 Abd=   2002950.    
 Catch=   23631.5451753523     
 Abd=  1.2987829E+08
 Catch=   2546376.53720571     
 Abd=  1.7804362E+07
 Catch=   113937.359259126     
 Abd=  1.9806228E+07
 Catch=   166143.423920693     
 Abd=   1942720.    
 Catch=   22535.1655048101     
 Abd=   4821103.    
 Catch=   20488.1248982559     
 Abd=   814052.4    
 Catch=   32080.5402971046     
 Abd=   1023853.    
 Catch=   49505.4362106655     
 Abd=   194969.8    
 Catch=   6722.60704710232     
 Abd=   8358.232    
 Catch=   169.579836138759     
 Abd=   7855341.    
 Catch=   168357.452597970     
 Abd=   1074077.    
 Catch=   18863.2209090771     
 Abd=  3.3849684E+07
 Catch=   379181.276295107     
 Abd=   6085375.    
 Catch=   18351.2312718399     
 Abd=   4397230.    
 Catch=   17220.5955300900     
 Abd=   1807908.    
 Catch=   225458.627855843     
 Abd=   1807908.    
 Catch=   225458.627855843     
 Abd=   48313.88    
 Catch=   6663.27601233539     
 Abd=  1.1108440E+07
 Catch=   35198.0115416518     
 Abd=   3757172.    
 Catch=   21808.6521881247     
 Abd=  3.7112902E+08
 Catch=   926067.811061598     
 Abd=  2.8931832E+07
 Catch=   119723.276269274     
 Abd=  3.7292920E+07
 Catch=   212441.389736851     
 Time step =         2060
 Abd=  2.7622632E+07
 Catch=   419645.753432783     
 Abd=   1358611.    
 Catch=   12472.3844851372     
 Abd=   941211.5    
 Catch=   33900.6544206923     
 Abd=   3137244.    
 Catch=   20937.2759249024     
 Abd=   433713.1    
 Catch=   9782.01627441897     
 Abd=   212.5196    
 Catch=  0.737226066579931     
 Abd=   165010.9    
 Catch=   475.643294189359     
 Abd=   573367.9    
 Catch=   35336.2197191580     
 Abd=   943458.1    
 Catch=   57742.5729898630     
 Abd=   443304.1    
 Catch=   2857.85521360878     
 Abd=   26000.04    
 Catch=   65.0885238539058     
 Abd=  1.7329694E+07
 Catch=   183119.613747865     
 Abd=  1.3207004E+07
 Catch=   125915.609133941     
 Abd=   1662220.    
 Catch=   36488.6464446421     
 Abd=   5569403.    
 Catch=   110298.658872067     
 Abd=   1952194.    
 Catch=   24401.1330851370     
 Abd=  1.2017233E+08
 Catch=   2602464.95838334     
 Abd=  1.7742272E+07
 Catch=   114991.289879648     
 Abd=  2.0013924E+07
 Catch=   165791.850683750     
 Abd=   1861013.    
 Catch=   22618.5142996513     
 Abd=   4487477.    
 Catch=   20417.8219095817     
 Abd=   727747.6    
 Catch=   33350.2970293520     
 Abd=   921319.1    
 Catch=   56061.7129920376     
 Abd=   196690.3    
 Catch=   6817.89348458605     
 Abd=   2835.166    
 Catch=   170.713675117940     
 Abd=   8334405.    
 Catch=   167183.475049762     
 Abd=   988908.5    
 Catch=   20181.9953286598     
 Abd=  3.3735048E+07
 Catch=   381975.569860833     
 Abd=   6078712.    
 Catch=   18387.8324584621     
 Abd=   4399253.    
 Catch=   17116.7194202889     
 Abd=   1709880.    
 Catch=   236639.060979848     
 Abd=   1709880.    
 Catch=   236639.060979848     
 Abd=   50518.58    
 Catch=   7405.38093545035     
 Abd=  1.1021717E+07
 Catch=   35726.0485793889     
 Abd=   3743087.    
 Catch=   22158.7878770453     
 Abd=  3.7104381E+08
 Catch=   926740.990594572     
 Abd=  2.8929654E+07
 Catch=   120502.980329355     
 Abd=  3.7250592E+07
 Catch=   211606.433310157     
 Time step =         2061
 Abd=  2.7576622E+07
 Catch=   430528.360208133     
 Abd=   1360484.    
 Catch=   12571.5604667414     
 Abd=   992449.4    
 Catch=   33750.7447940581     
 Abd=   3175680.    
 Catch=   21073.3855574872     
 Abd=   459989.5    
 Catch=   10017.2918382463     
 Abd=   211.0990    
 Catch=  0.726064553668240     
 Abd=   164322.7    
 Catch=   476.144993788176     
 Abd=   615957.2    
 Catch=   36917.3972436429     
 Abd=   996749.4    
 Catch=   58166.6232936094     
 Abd=   445096.4    
 Catch=   2879.16126926696     
 Abd=   26083.29    
 Catch=   64.8771731435245     
 Abd=  1.7442226E+07
 Catch=   186326.699037779     
 Abd=  1.3132876E+07
 Catch=   124124.635171526     
 Abd=   1601710.    
 Catch=   36211.8142408628     
 Abd=   6077933.    
 Catch=   107715.331971327     
 Abd=   2017908.    
 Catch=   24325.4445511762     
 Abd=  1.2300245E+08
 Catch=   2688425.64892219     
 Abd=  1.7910536E+07
 Catch=   116172.662357973     
 Abd=  1.9966808E+07
 Catch=   167950.381710144     
 Abd=   1869414.    
 Catch=   22984.1578543689     
 Abd=   4476753.    
 Catch=   20445.7142415273     
 Abd=   757869.1    
 Catch=   35102.1289968338     
 Abd=   1045868.    
 Catch=   55583.3996279331     
 Abd=   199496.2    
 Catch=   7005.96951861734     
 Abd=   2881.100    
 Catch=   259.116079453780     
 Abd=   8267367.    
 Catch=   173101.096367291     
 Abd=   1060596.    
 Catch=   19610.4319591652     
 Abd=  3.3990104E+07
 Catch=   380125.617784832     
 Abd=   6091217.    
 Catch=   18393.7020719498     
 Abd=   4372003.    
 Catch=   17074.6073568326     
 Abd=   1796426.    
 Catch=   218015.539595216     
 Abd=   1796426.    
 Catch=   218015.539595216     
 Abd=   56157.00    
 Catch=   8239.83146034066     
 Abd=  1.1192171E+07
 Catch=   35328.6779787140     
 Abd=   3804074.    
 Catch=   21788.7933520573     
 Abd=  3.7132077E+08
 Catch=   927960.384122546     
 Abd=  2.9121860E+07
 Catch=   121451.575889256     
 Abd=  3.7102664E+07
 Catch=   212014.083961771     
 Time step =         2062
 Abd=  2.8305190E+07
 Catch=   444484.835715654     
 Abd=   1371456.    
 Catch=   12592.5110559757     
 Abd=   987211.2    
 Catch=   33848.1956292981     
 Abd=   3195936.    
 Catch=   21174.3589975459     
 Abd=   470741.3    
 Catch=   9936.06310961616     
 Abd=   207.8688    
 Catch=  0.718479976066670     
 Abd=   164509.1    
 Catch=   477.275398669453     
 Abd=   643281.8    
 Catch=   36874.4012172983     
 Abd=   1003427.    
 Catch=   60136.3494636078     
 Abd=   448481.8    
 Catch=   2868.85878691811     
 Abd=   25998.31    
 Catch=   65.2199056483532     
 Abd=  1.7751512E+07
 Catch=   185527.347412484     
 Abd=  1.2944107E+07
 Catch=   124173.173632803     
 Abd=   1590239.    
 Catch=   36090.6593509310     
 Abd=   5924613.    
 Catch=   103052.278431662     
 Abd=   2010347.    
 Catch=   24082.5213438588     
 Abd=  1.2708184E+08
 Catch=   2723727.89548368     
 Abd=  1.8094764E+07
 Catch=   116653.569769828     
 Abd=  2.0232368E+07
 Catch=   168826.622724842     
 Abd=   1900014.    
 Catch=   23059.8855371128     
 Abd=   4483752.    
 Catch=   21252.4658966614     
 Abd=   797646.1    
 Catch=   35227.4069244118     
 Abd=   1035555.    
 Catch=   56303.7271407311     
 Abd=   205036.1    
 Catch=   6851.08020568654     
 Abd=   4410.559    
 Catch=   341.056439931668     
 Abd=   8566838.    
 Catch=   176926.170648204     
 Abd=   1028894.    
 Catch=   19092.2316090669     
 Abd=  3.3817584E+07
 Catch=   377228.050030747     
 Abd=   6092946.    
 Catch=   18362.9391756853     
 Abd=   4361642.    
 Catch=   17138.3113737728     
 Abd=   1653203.    
 Catch=   222243.787191516     
 Abd=   1653203.    
 Catch=   222243.787191516     
 Abd=   62487.73    
 Catch=   6713.66228160522     
 Abd=  1.1061984E+07
 Catch=   35345.6535772426     
 Abd=   3738944.    
 Catch=   21710.7667381808     
 Abd=  3.7181357E+08
 Catch=   929461.839743972     
 Abd=  2.9351558E+07
 Catch=   121219.223321358     
 Abd=  3.7177384E+07
 Catch=   213495.410940413     
 Time step =         2063
 Abd=  2.9225204E+07
 Catch=   447580.686228279     
 Abd=   1373576.    
 Catch=   12637.6309250443     
 Abd=   990190.8    
 Catch=   35531.5464917987     
 Abd=   3211162.    
 Catch=   21082.6354924572     
 Abd=   466673.4    
 Catch=   9046.66732160734     
 Abd=   205.7168    
 Catch=  0.725923302216904     
 Abd=   164906.6    
 Catch=   478.905815048591     
 Abd=   642311.0    
 Catch=   38723.8244124619     
 Abd=   1037682.    
 Catch=   60105.8787865389     
 Abd=   446726.8    
 Catch=   2860.84329975438     
 Abd=   26136.05    
 Catch=   65.2877238812869     
 Abd=  1.7668328E+07
 Catch=   183075.474970526     
 Abd=  1.2952574E+07
 Catch=   125627.740427818     
 Abd=   1585013.    
 Catch=   36533.4930778848     
 Abd=   5666300.    
 Catch=   102346.482651875     
 Abd=   1989966.    
 Catch=   24054.3330320164     
 Abd=  1.2870781E+08
 Catch=   2785610.05523292     
 Abd=  1.8167644E+07
 Catch=   117308.875136702     
 Abd=  2.0334968E+07
 Catch=   168196.301571186     
 Abd=   1905816.    
 Catch=   23266.4476691640     
 Abd=   4663412.    
 Catch=   22065.6093796153     
 Abd=   799992.8    
 Catch=   35788.9808759047     
 Abd=   1049230.    
 Catch=   60429.6745214868     
 Abd=   200364.3    
 Catch=   6596.25892189905     
 Abd=   5745.214    
 Catch=   296.517755380808     
 Abd=   8754610.    
 Catch=   176385.925232651     
 Abd=   1001770.    
 Catch=   21041.5300296720     
 Abd=  3.3558216E+07
 Catch=   376490.851542680     
 Abd=   6082528.    
 Catch=   18349.7040104303     
 Abd=   4378353.    
 Catch=   17070.5964569898     
 Abd=   1686281.    
 Catch=   240057.430089404     
 Abd=   1686281.    
 Catch=   240057.430089404     
 Abd=   50884.79    
 Catch=   5804.09454851792     
 Abd=  1.1070012E+07
 Catch=   35879.7860590927     
 Abd=   3726048.    
 Catch=   21895.6199651193     
 Abd=  3.7241798E+08
 Catch=   927204.341443306     
 Abd=  2.9289844E+07
 Catch=   119840.965772484     
 Abd=  3.7440948E+07
 Catch=   214783.042098836     
 Time step =         2064
 Abd=  2.9416072E+07
 Catch=   450509.409119883     
 Abd=   1378554.    
 Catch=   12573.7667771935     
 Abd=   1040022.    
 Catch=   34165.3876738600     
 Abd=   3196726.    
 Catch=   21031.6146487312     
 Abd=   424398.4    
 Catch=   9155.43011837931     
 Abd=   207.9326    
 Catch=  0.726028069142706     
 Abd=   165473.2    
 Catch=   478.281491798893     
 Abd=   674851.6    
 Catch=   36024.5393585639     
 Abd=   1036955.    
 Catch=   58786.3220610177     
 Abd=   445503.8    
 Catch=   2800.81452252169     
 Abd=   26161.05    
 Catch=   65.3453776592589     
 Abd=  1.7432244E+07
 Catch=   179870.649634856     
 Abd=  1.3106328E+07
 Catch=   126120.833210426     
 Abd=   1604855.    
 Catch=   37151.1172461115     
 Abd=   5630815.    
 Catch=   104778.946210076     
 Abd=   1987995.    
 Catch=   23926.0972305027     
 Abd=  1.3165496E+08
 Catch=   2702948.08080915     
 Abd=  1.8269932E+07
 Catch=   117096.801615924     
 Abd=  2.0255944E+07
 Catch=   166994.612192001     
 Abd=   1923106.    
 Catch=   23065.3590394733     
 Abd=   4841701.    
 Catch=   22853.7221293924     
 Abd=   812900.8    
 Catch=   33960.3196922763     
 Abd=   1126666.    
 Catch=   57318.3203231029     
 Abd=   192874.0    
 Catch=   6517.62815107203     
 Abd=   4990.966    
 Catch=   220.337282967161     
 Abd=   8722888.    
 Catch=   167531.188542570     
 Abd=   1106413.    
 Catch=   21561.8679731073     
 Abd=  3.3496134E+07
 Catch=   375081.405326124     
 Abd=   6078250.    
 Catch=   18334.0058795618     
 Abd=   4360422.    
 Catch=   17129.3871928673     
 Abd=   1821056.    
 Catch=   236419.275726929     
 Abd=   1821056.    
 Catch=   236419.275726929     
 Abd=   43992.19    
 Catch=   6531.84750318936     
 Abd=  1.1240393E+07
 Catch=   35275.9744156687     
 Abd=   3758560.    
 Catch=   22141.4230914382     
 Abd=  3.7148410E+08
 Catch=   925576.631516878     
 Abd=  2.8951732E+07
 Catch=   119385.046106795     
 Abd=  3.7666072E+07
 Catch=   214543.285616673     
 Time step =         2065
 Abd=  2.9609584E+07
 Catch=   451390.296597704     
 Abd=   1371354.    
 Catch=   12653.6160757657     
 Abd=   998823.2    
 Catch=   33589.8190710460     
 Abd=   3189083.    
 Catch=   20920.4911945764     
 Abd=   430163.1    
 Catch=   10631.4431784484     
 Abd=   207.9182    
 Catch=  0.729028491594232     
 Abd=   165241.1    
 Catch=   479.481557254720     
 Abd=   626937.8    
 Catch=   36597.3533372551     
 Abd=   1013752.    
 Catch=   59614.1048298894     
 Abd=   436010.7    
 Catch=   2798.46076040422     
 Abd=   26184.01    
 Catch=   65.1926689051542     
 Abd=  1.7125186E+07
 Catch=   180424.294769758     
 Abd=  1.3156036E+07
 Catch=   125555.322750643     
 Abd=   1632073.    
 Catch=   37508.5987261670     
 Abd=   5767607.    
 Catch=   104010.471040224     
 Abd=   1977298.    
 Catch=   24080.7342484881     
 Abd=  1.2763524E+08
 Catch=   2762743.14758551     
 Abd=  1.8234436E+07
 Catch=   117712.668934777     
 Abd=  2.0109824E+07
 Catch=   166229.310476192     
 Abd=   1905860.    
 Catch=   23295.6992696818     
 Abd=   5014020.    
 Catch=   23686.5169488742     
 Abd=   770687.4    
 Catch=   35012.0848377240     
 Abd=   1066829.    
 Catch=   55803.2215154631     
 Abd=   190628.1    
 Catch=   6434.46464358494     
 Abd=   3693.189    
 Catch=   383.947768155287     
 Abd=   8279191.    
 Catch=   169972.854239314     
 Abd=   1132228.    
 Catch=   20421.4501932701     
 Abd=  3.3369292E+07
 Catch=   373270.266176075     
 Abd=   6073028.    
 Catch=   18301.1770924545     
 Abd=   4376100.    
 Catch=   17329.8963821481     
 Abd=   1793188.    
 Catch=   209476.024516110     
 Abd=   1793188.    
 Catch=   209476.024516110     
 Abd=   49531.52    
 Catch=   6423.27950202887     
 Abd=  1.1044498E+07
 Catch=   35466.5839607683     
 Abd=   3801132.    
 Catch=   22450.2254795186     
 Abd=  3.7083622E+08
 Catch=   924667.618529611     
 Abd=  2.8845750E+07
 Catch=   118837.093284211     
 Abd=  3.7619416E+07
 Catch=   214669.958572928     
 Time step =         2066
 Abd=  2.9665944E+07
 Catch=   452234.994586324     
 Abd=   1380362.    
 Catch=   12486.1181256841     
 Abd=   982325.0    
 Catch=   32801.6481966904     
 Abd=   3172176.    
 Catch=   20668.8592177402     
 Abd=   500734.5    
 Catch=   7170.33482790340     
 Abd=   208.7971    
 Catch=  0.729772654335438     
 Abd=   165669.4    
 Catch=   478.514819111749     
 Abd=   637469.9    
 Catch=   34101.7886743027     
 Abd=   1028396.    
 Catch=   56917.6456593875     
 Abd=   435798.7    
 Catch=   2803.45860186967     
 Abd=   26121.15    
 Catch=   64.7898922387596     
 Abd=  1.7185202E+07
 Catch=   181815.717097299     
 Abd=  1.3095483E+07
 Catch=   125177.971944772     
 Abd=   1647568.    
 Catch=   37402.4249037911     
 Abd=   5722113.    
 Catch=   102723.977535112     
 Abd=   1990389.    
 Catch=   23571.7673394681     
 Abd=  1.3057230E+08
 Catch=   2668765.45665694     
 Abd=  1.8333244E+07
 Catch=   118345.713783709     
 Abd=  2.0018420E+07
 Catch=   165334.243210549     
 Abd=   1925533.    
 Catch=   22682.3854325228     
 Abd=   5196856.    
 Catch=   24202.3961260464     
 Abd=   795358.6    
 Catch=   33537.8701802253     
 Abd=   1039491.    
 Catch=   52803.3951309194     
 Abd=   188204.0    
 Catch=   6378.91684617840     
 Abd=   6536.085    
 Catch=   230.807097415221     
 Abd=   8408992.    
 Catch=   170007.152350157     
 Abd=   1070998.    
 Catch=   18211.2052793947     
 Abd=  3.3208036E+07
 Catch=   370456.602999115     
 Abd=   6062053.    
 Catch=   18263.1978558838     
 Abd=   4428016.    
 Catch=   17316.6671711095     
 Abd=   1588651.    
 Catch=   231775.699099839     
 Abd=   1588651.    
 Catch=   231775.699099839     
 Abd=   48693.02    
 Catch=   6692.75091875292     
 Abd=  1.1108921E+07
 Catch=   35356.3603155099     
 Abd=   3854245.    
 Catch=   22520.1970718731     
 Abd=  3.7047946E+08
 Catch=   923939.785529377     
 Abd=  2.8713228E+07
 Catch=   118586.991051561     
 Abd=  3.7642344E+07
 Catch=   215207.617389085     
 Time step =         2067
 Abd=  2.9721472E+07
 Catch=   462535.276933106     
 Abd=   1361617.    
 Catch=   12307.3339512812     
 Abd=   959296.1    
 Catch=   32958.0341495966     
 Abd=   3133744.    
 Catch=   20562.4039889105     
 Abd=   335153.2    
 Catch=   4878.13173401722     
 Abd=   208.9946    
 Catch=  0.726818502829648     
 Abd=   165319.1    
 Catch=   473.649865192931     
 Abd=   593701.9    
 Catch=   33400.5486395724     
 Abd=   981559.9    
 Catch=   54208.1602372842     
 Abd=   436593.9    
 Catch=   2852.49373614296     
 Abd=   25958.05    
 Catch=   65.3046289112772     
 Abd=  1.7318444E+07
 Catch=   183519.019105598     
 Abd=  1.3056330E+07
 Catch=   126103.289686283     
 Abd=   1642568.    
 Catch=   37795.7985805792     
 Abd=   5650835.    
 Catch=   104060.422810409     
 Abd=   1947354.    
 Catch=   23609.5069295404     
 Abd=  1.2602420E+08
 Catch=   2510907.78103249     
 Abd=  1.8431452E+07
 Catch=   109334.896729078     
 Abd=  1.9910616E+07
 Catch=   168270.039018485     
 Abd=   1873676.    
 Catch=   22058.6514951679     
 Abd=   5308413.    
 Catch=   23576.5949232284     
 Abd=   761339.9    
 Catch=   31056.7298915918     
 Abd=   983479.1    
 Catch=   52440.9253243843     
 Abd=   186597.7    
 Catch=   6607.09061574211     
 Abd=   3868.273    
 Catch=   144.546165439020     
 Abd=   8409196.    
 Catch=   176290.886550527     
 Abd=   954469.9    
 Catch=   19939.8236412769     
 Abd=  3.2956938E+07
 Catch=   371756.628324489     
 Abd=   6049425.    
 Catch=   18289.8795737868     
 Abd=   4423566.    
 Catch=   17420.8054478966     
 Abd=   1759968.    
 Catch=   203027.537327636     
 Abd=   1759968.    
 Catch=   203027.537327636     
 Abd=   50742.66    
 Catch=   6411.29816463307     
 Abd=  1.1072281E+07
 Catch=   35062.5171246835     
 Abd=   3865572.    
 Catch=   22662.1252875602     
 Abd=  3.7018816E+08
 Catch=   916366.917542163     
 Abd=  2.8654128E+07
 Catch=   119130.857088599     
 Abd=  3.7737904E+07
 Catch=   214281.289451908     
 Time step =         2068
 Abd=  3.0407562E+07
 Catch=   435050.187456808     
 Abd=   1342133.    
 Catch=   12450.3796024086     
 Abd=   964335.8    
 Catch=   33586.1954117675     
 Abd=   3117788.    
 Catch=   20819.6720732748     
 Abd=   228518.5    
 Catch=   6713.13475287388     
 Abd=   208.1282    
 Catch=  0.723561962803196     
 Abd=   163619.2    
 Catch=   474.940699544378     
 Abd=   581984.1    
 Catch=   36230.1570542141     
 Abd=   935308.4    
 Catch=   58227.5318308355     
 Abd=   444370.6    
 Catch=   2872.23395276601     
 Abd=   26171.46    
 Catch=   65.4801742701036     
 Abd=  1.7481298E+07
 Catch=   185187.995446724     
 Abd=  1.3155166E+07
 Catch=   127119.856208088     
 Abd=   1660218.    
 Catch=   38126.4373284156     
 Abd=   5727245.    
 Catch=   103857.964030837     
 Abd=   1951414.    
 Catch=   24076.5831951146     
 Abd=  1.1853928E+08
 Catch=   2607292.02680065     
 Abd=  1.7004680E+07
 Catch=   111584.672402455     
 Abd=  2.0272732E+07
 Catch=   169148.931122969     
 Abd=   1822178.    
 Catch=   22537.9226391664     
 Abd=   5168732.    
 Catch=   21617.5095255566     
 Abd=   704912.8    
 Catch=   33952.0197695954     
 Abd=   977827.4    
 Catch=   52999.7222078355     
 Abd=   193381.0    
 Catch=   6700.02713786819     
 Abd=   2473.048    
 Catch=   238.162472878848     
 Abd=   8723992.    
 Catch=   181267.062551277     
 Abd=   1048378.    
 Catch=   18690.6957594900     
 Abd=  3.3080608E+07
 Catch=   373014.866263703     
 Abd=   6058709.    
 Catch=   18314.3754695341     
 Abd=   4450718.    
 Catch=   17509.7411179747     
 Abd=   1540254.    
 Catch=   215189.111831523     
 Abd=   1540254.    
 Catch=   215189.111831523     
 Abd=   48601.02    
 Catch=   7363.62471123031     
 Abd=  1.0979463E+07
 Catch=   35452.8839906446     
 Abd=   3890012.    
 Catch=   22635.8437864488     
 Abd=  3.6713370E+08
 Catch=   917525.028371158     
 Abd=  2.8789028E+07
 Catch=   119597.568761585     
 Abd=  3.7571664E+07
 Catch=   213251.322079906     
 Time step =         2069
 Abd=  2.8579550E+07
 Catch=   416076.369699503     
 Abd=   1358345.    
 Catch=   12482.5807033254     
 Abd=   982643.4    
 Catch=   33772.1807242914     
 Abd=   3157902.    
 Catch=   20601.6679662079     
 Abd=   317485.2    
 Catch=   7513.81532475450     
 Abd=   207.1949    
 Catch=  0.709378026775573     
 Abd=   164100.7    
 Catch=   474.835998227814     
 Abd=   631503.2    
 Catch=   36204.6720032977     
 Abd=   1005110.    
 Catch=   57001.6095323889     
 Abd=   447350.0    
 Catch=   2882.04606199470     
 Abd=   26238.91    
 Catch=   65.5783620814481     
 Abd=  1.7640040E+07
 Catch=   185061.118846593     
 Abd=  1.3261086E+07
 Catch=   126008.395889809     
 Abd=   1674677.    
 Catch=   38001.0398995451     
 Abd=   5714546.    
 Catch=   103475.417330812     
 Abd=   1990564.    
 Catch=   23843.6121875185     
 Abd=  1.2325862E+08
 Catch=   2667765.80736724     
 Abd=  1.7384996E+07
 Catch=   113520.845301904     
 Abd=  2.0373744E+07
 Catch=   168881.034987040     
 Abd=   1863328.    
 Catch=   22779.6107422150     
 Abd=   4734104.    
 Catch=   18705.9980932821     
 Abd=   771985.5    
 Catch=   34737.0332740450     
 Abd=   987306.5    
 Catch=   52007.8054395067     
 Abd=   196027.4    
 Catch=   6534.00298249860     
 Abd=   4039.349    
 Catch=   315.060177799148     
 Abd=   8969541.    
 Catch=   178117.708769897     
 Abd=   980148.9    
 Catch=   18528.8786608247     
 Abd=  3.3190732E+07
 Catch=   370731.237193646     
 Abd=   6066816.    
 Catch=   18296.7430512357     
 Abd=   4473395.    
 Catch=   17586.0021727036     
 Abd=   1633526.    
 Catch=   234004.462505084     
 Abd=   1633526.    
 Catch=   234004.462505084     
 Abd=   55845.44    
 Catch=   6558.34486548055     
 Abd=  1.1105930E+07
 Catch=   35639.7570185759     
 Abd=   3885086.    
 Catch=   22563.1474820747     
 Abd=  3.6763501E+08
 Catch=   918816.547534292     
 Abd=  2.8901460E+07
 Catch=   119501.495246054     
 Abd=  3.7389480E+07
 Catch=   213675.123694632     
 Time step =         2070
 Abd=  2.7329320E+07
 Catch=   403986.833152237     
 Abd=   1361605.    
 Catch=   12536.1891871606     
 Abd=   987984.6    
 Catch=   34298.8544454013     
 Abd=   3123431.    
 Catch=   20531.7229367403     
 Abd=   353742.8    
 Catch=   7671.98558304123     
 Abd=   203.0743    
 Catch=  0.702096949296417     
 Abd=   164053.3    
 Catch=   476.676389702221     
 Abd=   630597.5    
 Catch=   39299.6299043804     
 Abd=   983098.2    
 Catch=   62039.0194680119     
 Abd=   448854.2    
 Catch=   2823.88642894232     
 Abd=   26277.73    
 Catch=   65.3519121991620     
 Abd=  1.7624980E+07
 Catch=   184132.185636787     
 Abd=  1.3141944E+07
 Catch=   124675.403728311     
 Abd=   1668860.    
 Catch=   38318.7391435985     
 Abd=   5693246.    
 Catch=   101829.590847176     
 Abd=   1970205.    
 Catch=   23108.8908283106     
 Abd=  1.2608482E+08
 Catch=   2707928.37224268     
 Abd=  1.7684674E+07
 Catch=   114241.309399735     
 Abd=  2.0339032E+07
 Catch=   167466.724613363     
 Abd=   1882905.    
 Catch=   22951.4645183644     
 Abd=   4095140.    
 Catch=   18127.8317226263     
 Abd=   789083.9    
 Catch=   35396.4717418927     
 Abd=   968914.8    
 Catch=   57147.6769954789     
 Abd=   191071.7    
 Catch=   6434.23270011318     
 Abd=   5317.433    
 Catch=   249.789636410763     
 Abd=   8807008.    
 Catch=   169448.492211889     
 Abd=   972459.6    
 Catch=   19144.6789001674     
 Abd=  3.2981096E+07
 Catch=   367815.042936438     
 Abd=   6060680.    
 Catch=   18263.1470649256     
 Abd=   4492814.    
 Catch=   17675.4825128394     
 Abd=   1775720.    
 Catch=   250782.164447861     
 Abd=   1775720.    
 Catch=   250782.164447861     
 Abd=   49710.63    
 Catch=   6691.34243134237     
 Abd=  1.1162936E+07
 Catch=   34718.5711592724     
 Abd=   3872423.    
 Catch=   22575.4962222272     
 Abd=  3.6815162E+08
 Catch=   918913.790693670     
 Abd=  2.8875354E+07
 Catch=   119270.432423865     
 Abd=  3.7468944E+07
 Catch=   215137.710783423     
 Time step =         2071
 Abd=  2.6534488E+07
 Catch=   410806.851848368     
 Abd=   1367506.    
 Catch=   12387.8403208386     
 Abd=   1003564.    
 Catch=   33208.5797812331     
 Abd=   3113320.    
 Catch=   20376.2685385311     
 Abd=   360555.5    
 Catch=   6594.33479120279     
 Abd=   201.0271    
 Catch=  0.690187643663407     
 Abd=   164704.2    
 Catch=   474.078659006079     
 Abd=   685154.7    
 Catch=   34729.5284845106     
 Abd=   1071132.    
 Catch=   55971.8268832001     
 Abd=   439602.7    
 Catch=   2922.19323314917     
 Abd=   26184.30    
 Catch=   65.7230658371732     
 Abd=  1.7535112E+07
 Catch=   189388.794754114     
 Abd=  1.3001978E+07
 Catch=   124548.421175837     
 Abd=   1683132.    
 Catch=   37980.6072071855     
 Abd=   5601734.    
 Catch=   102725.174450172     
 Abd=   1908938.    
 Catch=   24058.0721037356     
 Abd=  1.2797426E+08
 Catch=   2583283.93654247     
 Abd=  1.7792896E+07
 Catch=   112548.123431250     
 Abd=  2.0166416E+07
 Catch=   169897.856048071     
 Abd=   1897035.    
 Catch=   22376.5174698357     
 Abd=   3973343.    
 Catch=   18428.0736854074     
 Abd=   804042.1    
 Catch=   32703.1103277197     
 Abd=   1065917.    
 Catch=   55495.4480677341     
 Abd=   188184.2    
 Catch=   6699.14580243228     
 Abd=   4200.865    
 Catch=   131.146700157399     
 Abd=   8374423.    
 Catch=   185299.735114335     
 Abd=   1005463.    
 Catch=   20358.0798974606     
 Abd=  3.2721620E+07
 Catch=   368693.093071396     
 Abd=   6049445.    
 Catch=   18283.4477870843     
 Abd=   4515770.    
 Catch=   17745.6367117970     
 Abd=   1903646.    
 Catch=   246424.336667525     
 Abd=   1903646.    
 Catch=   246424.336667525     
 Abd=   50730.44    
 Catch=   6622.75218902681     
 Abd=  1.0867992E+07
 Catch=   35391.5006954324     
 Abd=   3874770.    
 Catch=   22342.0463788452     
 Abd=  3.6818208E+08
 Catch=   916593.132918702     
 Abd=  2.8819350E+07
 Catch=   119488.167936076     
 Abd=  3.7729160E+07
 Catch=   215250.343886301     
 Time step =         2072
 Abd=  2.7004432E+07
 Catch=   413621.980657860     
 Abd=   1350939.    
 Catch=   12455.5648369392     
 Abd=   971155.5    
 Catch=   32901.6161083488     
 Abd=   3089453.    
 Catch=   20708.8124159869     
 Abd=   309359.2    
 Catch=   8025.04414624170     
 Abd=   197.5891    
 Catch=  0.689108299939023     
 Abd=   163779.0    
 Catch=   473.864371860198     
 Abd=   604443.4    
 Catch=   35837.5432644066     
 Abd=   965039.3    
 Catch=   59347.4750582403     
 Abd=   455378.1    
 Catch=   2900.04055704491     
 Abd=   26338.03    
 Catch=   65.9422107171351     
 Abd=  1.8046812E+07
 Catch=   187718.455466094     
 Abd=  1.2990723E+07
 Catch=   123276.560664926     
 Abd=   1667803.    
 Catch=   37474.7067832311     
 Abd=   5653092.    
 Catch=   106699.192502637     
 Abd=   1989789.    
 Catch=   24233.9953024002     
 Abd=  1.2196803E+08
 Catch=   2620324.44465981     
 Abd=  1.7522176E+07
 Catch=   112261.192915959     
 Abd=  2.0468148E+07
 Catch=   169239.119655228     
 Abd=   1848480.    
 Catch=   22628.6063426943     
 Abd=   4041814.    
 Catch=   16426.7031517652     
 Abd=   742174.1    
 Catch=   33763.1172242131     
 Abd=   1033815.    
 Catch=   57832.2614288876     
 Abd=   196120.5    
 Catch=   6683.53041007209     
 Abd=   2200.131    
 Catch=   190.484577411460     
 Abd=   9179199.    
 Catch=   181292.946214662     
 Abd=   1069671.    
 Catch=   18929.4497823903     
 Abd=  3.2806552E+07
 Catch=   372155.454849057     
 Abd=   6056531.    
 Catch=   18299.1250708588     
 Abd=   4533510.    
 Catch=   17834.2351586652     
 Abd=   1869507.    
 Catch=   231567.132521609     
 Abd=   1869507.    
 Catch=   231567.132521609     
 Abd=   50208.43    
 Catch=   6651.68303834740     
 Abd=  1.1088420E+07
 Catch=   35194.5873057183     
 Abd=   3834024.    
 Catch=   22469.5187818664     
 Abd=  3.6723181E+08
 Catch=   916647.681004517     
 Abd=  2.8874674E+07
 Catch=   119743.283493947     
 Abd=  3.7744200E+07
 Catch=   213919.680448094     
 Time step =         2073
 Abd=  2.7187080E+07
 Catch=   416297.944690538     
 Abd=   1358762.    
 Catch=   12628.6050019478     
 Abd=   962344.6    
 Catch=   34305.0876904819     
 Abd=   3141350.    
 Catch=   20347.0620352270     
 Abd=   378570.0    
 Catch=   8855.18926726793     
 Abd=   197.3427    
 Catch=  0.681498670415589     
 Abd=   163720.9    
 Catch=   476.518923487500     
 Abd=   624383.4    
 Catch=   38149.7356702017     
 Abd=   1024378.    
 Catch=   59714.3133073862     
 Abd=   451571.3    
 Catch=   2867.99179128046     
 Abd=   26424.54    
 Catch=   66.4516971564855     
 Abd=  1.7875338E+07
 Catch=   187959.806057043     
 Abd=  1.2856841E+07
 Catch=   123550.107191059     
 Abd=   1645642.    
 Catch=   37673.4542466665     
 Abd=   5874902.    
 Catch=   107921.213597329     
 Abd=   2003174.    
 Catch=   24260.2039935124     
 Abd=  1.2383446E+08
 Catch=   2741784.74816551     
 Abd=  1.7482256E+07
 Catch=   114119.539170022     
 Abd=  2.0381162E+07
 Catch=   170429.287533086     
 Abd=   1870496.    
 Catch=   23248.2597226162     
 Abd=   3596451.    
 Catch=   16476.7221392279     
 Abd=   767216.3    
 Catch=   36080.2293565612     
 Abd=   1077501.    
 Catch=   55101.5755843355     
 Abd=   195505.9    
 Catch=   6624.79325713755     
 Abd=   3235.330    
 Catch=   327.701725431999     
 Abd=   8963641.    
 Catch=   178431.706309593     
 Abd=   992682.9    
 Catch=   19561.2241158340     
 Abd=  3.3118000E+07
 Catch=   372937.537484908     
 Abd=   6061696.    
 Catch=   18325.7454980988     
 Abd=   4556264.    
 Catch=   17808.5888247712     
 Abd=   1757646.    
 Catch=   229610.771645853     
 Abd=   1757646.    
 Catch=   229610.771645853     
 Abd=   50427.98    
 Catch=   6689.08039759005     
 Abd=  1.1021450E+07
 Catch=   35388.0360656937     
 Abd=   3856793.    
 Catch=   22610.5277385961     
 Abd=  3.6727501E+08
 Catch=   920005.915399790     
 Abd=  2.8935572E+07
 Catch=   119830.476017424     
 Abd=  3.7506540E+07
 Catch=   214395.553126311     
 Time step =         2074
 Abd=  2.7359856E+07
 Catch=   409463.921789198     
 Abd=   1377824.    
 Catch=   12446.4511738764     
 Abd=   1004092.    
 Catch=   32597.5131306212     
 Abd=   3084468.    
 Catch=   20545.2941217909     
 Abd=   416731.4    
 Catch=   6516.42421698361     
 Abd=   195.1246    
 Catch=  0.672949930651532     
 Abd=   164653.5    
 Catch=   475.755718982430     
 Abd=   664965.1    
 Catch=   34847.6198035810     
 Abd=   1030152.    
 Catch=   57615.7805710365     
 Abd=   446686.8    
 Catch=   2807.61045977961     
 Abd=   26633.32    
 Catch=   66.2537190827507     
 Abd=  1.7901912E+07
 Catch=   184848.456312190     
 Abd=  1.2887373E+07
 Catch=   121965.244539387     
 Abd=   1654626.    
 Catch=   37048.6643184483     
 Abd=   5939379.    
 Catch=   102247.159483093     
 Abd=   2005028.    
 Catch=   23305.8944958565     
 Abd=  1.2962909E+08
 Catch=   2638181.44886396     
 Abd=  1.7777626E+07
 Catch=   113730.739653185     
 Abd=  2.0528910E+07
 Catch=   168017.243278358     
 Abd=   1922220.    
 Catch=   22659.6486625862     
 Abd=   3612980.    
 Catch=   16563.9399780038     
 Abd=   820007.9    
 Catch=   33635.7714882503     
 Abd=   1026288.    
 Catch=   51327.3834163097     
 Abd=   193771.5    
 Catch=   6426.33599254738     
 Abd=   5554.885    
 Catch=   215.456056072795     
 Abd=   8823206.    
 Catch=   170020.731067084     
 Abd=   1027360.    
 Catch=   17836.8268398804     
 Abd=  3.3182396E+07
 Catch=   368884.309758952     
 Abd=   6070581.    
 Catch=   18275.2518910025     
 Abd=   4549222.    
 Catch=   17738.6129610047     
 Abd=   1742074.    
 Catch=   262739.745833550     
 Abd=   1742074.    
 Catch=   262739.745833550     
 Abd=   50712.20    
 Catch=   6788.49208569764     
 Abd=  1.1084271E+07
 Catch=   34407.3131329330     
 Abd=   3881321.    
 Catch=   22672.9684823397     
 Abd=  3.6864531E+08
 Catch=   920928.332392353     
 Abd=  2.8956052E+07
 Catch=   119293.313150269     
 Abd=  3.7595336E+07
 Catch=   214849.479872997     
 Time step =         2075
 Abd=  2.6900606E+07
 Catch=   402744.444116256     
 Abd=   1357264.    
 Catch=   12551.5812088417     
 Abd=   953076.0    
 Catch=   34212.3536721380     
 Abd=   3116082.    
 Catch=   20559.7400563750     
 Abd=   304912.8    
 Catch=   7286.61467428750     
 Abd=   192.6734    
 Catch=  0.663435764084517     
 Abd=   164367.8    
 Catch=   478.089074460798     
 Abd=   606579.8    
 Catch=   38244.7426851742     
 Abd=   993626.2    
 Catch=   59775.7244458790     
 Abd=   437043.7    
 Catch=   2776.50863449679     
 Abd=   26546.76    
 Catch=   65.5265766933452     
 Abd=  1.7599830E+07
 Catch=   185347.799735477     
 Abd=  1.2719376E+07
 Catch=   122775.835560721     
 Abd=   1626718.    
 Catch=   36799.4640564881     
 Abd=   5621188.    
 Catch=   105261.565997688     
 Abd=   1924934.    
 Catch=   23677.5095340764     
 Abd=  1.2458094E+08
 Catch=   2713919.76892065     
 Abd=  1.7710132E+07
 Catch=   113511.015044744     
 Abd=  2.0230146E+07
 Catch=   166289.390507051     
 Abd=   1871858.    
 Catch=   22992.7899420324     
 Abd=   3631969.    
 Catch=   16727.7844537345     
 Abd=   763367.0    
 Catch=   35720.7863007037     
 Abd=   955941.8    
 Catch=   60367.7561255509     
 Abd=   187926.1    
 Catch=   6697.83983640842     
 Abd=   3607.816    
 Catch=   290.800661499723     
 Abd=   8403250.    
 Catch=   175148.406298690     
 Abd=   935187.1    
 Catch=   20336.1239567361     
 Abd=  3.2814316E+07
 Catch=   373902.041488381     
 Abd=   6053335.    
 Catch=   18272.4023574280     
 Abd=   4531063.    
 Catch=   17601.0833686050     
 Abd=   1993555.    
 Catch=   243314.880528417     
 Abd=   1993555.    
 Catch=   243314.880528417     
 Abd=   51469.34    
 Catch=   7114.27789231766     
 Abd=  1.0769932E+07
 Catch=   34062.8215464374     
 Abd=   3891595.    
 Catch=   22490.4847689665     
 Abd=  3.6899427E+08
 Catch=   924285.179523824     
 Abd=  2.8823414E+07
 Catch=   119852.867832044     
 Abd=  3.7675380E+07
 Catch=   215658.196105708     
 Time step =         2076
 Abd=  2.6459604E+07
 Catch=   409054.413748725     
 Abd=   1369298.    
 Catch=   12439.1570761453     
 Abd=   1001525.    
 Catch=   33277.1306969941     
 Abd=   3117705.    
 Catch=   20955.4820817426     
 Abd=   343085.4    
 Catch=   7331.68745477200     
 Abd=   189.9444    
 Catch=  0.657845675029975     
 Abd=   165194.8    
 Catch=   477.531924521985     
 Abd=   666973.0    
 Catch=   34299.7301826364     
 Abd=   1031742.    
 Catch=   57943.8034713145     
 Abd=   432295.1    
 Catch=   2831.78085716834     
 Abd=   26250.50    
 Catch=   65.7081954132976     
 Abd=  1.7653684E+07
 Catch=   184983.504938020     
 Abd=  1.2807843E+07
 Catch=   124637.112452561     
 Abd=   1615982.    
 Catch=   37988.8304904025     
 Abd=   5794558.    
 Catch=   105886.523678428     
 Abd=   1957427.    
 Catch=   23940.5314136644     
 Abd=  1.2827981E+08
 Catch=   2592311.77859441     
 Abd=  1.7676174E+07
 Catch=   111028.016985065     
 Abd=  2.0023872E+07
 Catch=   167013.267763992     
 Abd=   1900694.    
 Catch=   22544.6343741512     
 Abd=   3669104.    
 Catch=   17113.9974291772     
 Abd=   811827.4    
 Catch=   33024.8478664400     
 Abd=   1126784.    
 Catch=   55186.1175528024     
 Abd=   196092.5    
 Catch=   6523.01060821377     
 Abd=   4901.157    
 Catch=   300.263435598899     
 Abd=   8667284.    
 Catch=   175019.071149598     
 Abd=   1070017.    
 Catch=   20506.4333667804     
 Abd=  3.3275484E+07
 Catch=   375496.951095903     
 Abd=   6052738.    
 Catch=   18306.9975880906     
 Abd=   4495676.    
 Catch=   17557.8665641063     
 Abd=   1845288.    
 Catch=   206713.794529405     
 Abd=   1845288.    
 Catch=   206713.794529405     
 Abd=   53946.84    
 Catch=   6178.72167781680     
 Abd=  1.0666128E+07
 Catch=   35089.2314733679     
 Abd=   3859572.    
 Catch=   22444.2197273267     
 Abd=  3.7035866E+08
 Catch=   922537.695785641     
 Abd=  2.8964430E+07
 Catch=   119484.083189071     
 Abd=  3.7818020E+07
 Catch=   214058.910854178     
 Time step =         2077
 Abd=  2.6888520E+07
 Catch=   417690.669885610     
 Abd=   1356611.    
 Catch=   12501.3018789637     
 Abd=   973251.1    
 Catch=   33027.2830894810     
 Abd=   3178908.    
 Catch=   21063.3469581129     
 Abd=   344746.2    
 Catch=   8839.03286748391     
 Abd=   188.3650    
 Catch=  0.664912877526445     
 Abd=   164984.3    
 Catch=   477.137922473396     
 Abd=   596958.1    
 Catch=   36078.7085390740     
 Abd=   999425.6    
 Catch=   57162.4028999753     
 Abd=   441156.1    
 Catch=   2847.91044128588     
 Abd=   26330.53    
 Catch=   65.3676760471686     
 Abd=  1.7616920E+07
 Catch=   184155.538708397     
 Abd=  1.3004366E+07
 Catch=   123630.312740925     
 Abd=   1669268.    
 Catch=   36874.7396223952     
 Abd=   5826836.    
 Catch=   106119.958142672     
 Abd=   1979120.    
 Catch=   24122.8224038012     
 Abd=  1.2240548E+08
 Catch=   2635059.16035962     
 Abd=  1.7283734E+07
 Catch=   112665.644938978     
 Abd=  2.0116196E+07
 Catch=   166061.001995389     
 Abd=   1862545.    
 Catch=   22765.6028873517     
 Abd=   3753936.    
 Catch=   17331.2642639424     
 Abd=   749540.9    
 Catch=   34169.1868225479     
 Abd=   1027511.    
 Catch=   52411.0237185151     
 Abd=   190767.8    
 Catch=   6695.57103577937     
 Abd=   5072.329    
 Catch=   250.696535744435     
 Abd=   8656256.    
 Catch=   171501.731202567     
 Abd=   1076602.    
 Catch=   20202.8682055336     
 Abd=  3.3412408E+07
 Catch=   374040.588691405     
 Abd=   6064430.    
 Catch=   18315.1999932240     
 Abd=   4484984.    
 Catch=   17684.9072691432     
 Abd=   1568183.    
 Catch=   227928.983554895     
 Abd=   1568183.    
 Catch=   227928.983554895     
 Abd=   46831.37    
 Catch=   6904.82480546143     
 Abd=  1.0996072E+07
 Catch=   34962.5133620490     
 Abd=   3852239.    
 Catch=   22500.0364872488     
 Abd=  3.6961805E+08
 Catch=   923644.829608196     
 Abd=  2.8870094E+07
 Catch=   119782.036855278     
 Abd=  3.7530332E+07
 Catch=   213776.948255019     
 Time step =         2078
 Abd=  2.7458732E+07
 Catch=   422781.014861163     
 Abd=   1363723.    
 Catch=   12450.8426709877     
 Abd=   966036.9    
 Catch=   33225.7323738917     
 Abd=   3194342.    
 Catch=   20877.4692458208     
 Abd=   416745.5    
 Catch=   8931.32105753913     
 Abd=   190.4575    
 Catch=  0.664090476434515     
 Abd=   164848.2    
 Catch=   476.455529333556     
 Abd=   628683.9    
 Catch=   36376.7506962739     
 Abd=   985936.8    
 Catch=   56271.9462169610     
 Abd=   443548.3    
 Catch=   2881.95844016806     
 Abd=   26189.88    
 Catch=   65.3130324886918     
 Abd=  1.7537632E+07
 Catch=   184246.752916597     
 Abd=  1.2894056E+07
 Catch=   125487.137403878     
 Abd=   1618862.    
 Catch=   37672.0331506529     
 Abd=   5839356.    
 Catch=   100498.935866352     
 Abd=   1993988.    
 Catch=   23720.5744228276     
 Abd=  1.2452611E+08
 Catch=   2609872.10474299     
 Abd=  1.7550936E+07
 Catch=   112760.456756182     
 Abd=  1.9997892E+07
 Catch=   166726.406206366     
 Abd=   1881737.    
 Catch=   22625.8971348415     
 Abd=   3799125.    
 Catch=   16991.0655067685     
 Abd=   776385.8    
 Catch=   33560.2803771884     
 Abd=   975742.6    
 Catch=   52614.1744049434     
 Abd=   195923.7    
 Catch=   6635.96795681172     
 Abd=   4224.911    
 Catch=   203.257533798400     
 Abd=   8479630.    
 Catch=   174675.789857435     
 Abd=   1060286.    
 Catch=   18600.0307182637     
 Abd=  3.3277230E+07
 Catch=   371198.910408108     
 Abd=   6066988.    
 Catch=   18318.6768832234     
 Abd=   4518393.    
 Catch=   17682.5818076503     
 Abd=   1730693.    
 Catch=   251573.382231341     
 Abd=   1730693.    
 Catch=   251573.382231341     
 Abd=   52360.75    
 Catch=   6163.08390158391     
 Abd=  1.0949012E+07
 Catch=   35262.0648036453     
 Abd=   3861864.    
 Catch=   22464.3240623619     
 Abd=  3.7008515E+08
 Catch=   924734.231681178     
 Abd=  2.8945354E+07
 Catch=   119478.037568221     
 Abd=  3.7484192E+07
 Catch=   214350.277320724     
 Time step =         2079
 Abd=  2.7789828E+07
 Catch=   426399.453251981     
 Abd=   1357989.    
 Catch=   12509.4107982807     
 Abd=   972062.1    
 Catch=   33980.9725567095     
 Abd=   3165329.    
 Catch=   20997.4641222442     
 Abd=   419654.3    
 Catch=   7700.62784042326     
 Abd=   190.1726    
 Catch=  0.653870270828761     
 Abd=   164608.9    
 Catch=   475.597517940331     
 Abd=   633682.1    
 Catch=   37352.6166461667     
 Abd=   970561.4    
 Catch=   58265.7233101421     
 Abd=   448911.2    
 Catch=   2868.22579539347     
 Abd=   26170.61    
 Catch=   65.2090995089291     
 Abd=  1.7547800E+07
 Catch=   181804.084950820     
 Abd=  1.3092777E+07
 Catch=   126887.125922308     
 Abd=   1655100.    
 Catch=   38038.8714309531     
 Abd=   5524870.    
 Catch=   101105.475131285     
 Abd=   1959814.    
 Catch=   24104.5487172801     
 Abd=  1.2328688E+08
 Catch=   2629332.99775280     
 Abd=  1.7560656E+07
 Catch=   112120.114925131     
 Abd=  2.0081590E+07
 Catch=   165809.526442246     
 Abd=   1869672.    
 Catch=   22753.0360399670     
 Abd=   3725296.    
 Catch=   16412.6691321774     
 Abd=   762012.4    
 Catch=   34130.2016376891     
 Abd=   980262.1    
 Catch=   57386.2006954095     
 Abd=   194112.0    
 Catch=   6711.26815922512     
 Abd=   3414.340    
 Catch=   201.462397815230     
 Abd=   8641588.    
 Catch=   165836.736600704     
 Abd=   975145.4    
 Catch=   19780.0779364205     
 Abd=  3.3022044E+07
 Catch=   371616.644244624     
 Abd=   6068100.    
 Catch=   18292.8508938230     
 Abd=   4517048.    
 Catch=   17640.9290330492     
 Abd=   1911317.    
 Catch=   238634.830334539     
 Abd=   1911317.    
 Catch=   238634.830334539     
 Abd=   46716.41    
 Catch=   7879.41087326367     
 Abd=  1.1045264E+07
 Catch=   35176.9929250752     
 Abd=   3855550.    
 Catch=   22354.0152678300     
 Abd=  3.7052093E+08
 Catch=   922598.496255021     
 Abd=  2.8869004E+07
 Catch=   120389.820437939     
 Abd=  3.7588220E+07
 Catch=   214678.967728983     
 Time step =         2080
 Abd=  2.8025810E+07
 Catch=   433571.365689801     
 Abd=   1364590.    
 Catch=   12657.1938429217     
 Abd=   994263.6    
 Catch=   34692.4230125476     
 Abd=   3184405.    
 Catch=   21152.8564392353     
 Abd=   361081.3    
 Catch=   9086.82147280181     
 Abd=   187.2021    
 Catch=  0.644975702741534     
 Abd=   164313.2    
 Catch=   476.076756726207     
 Abd=   650768.5    
 Catch=   39002.5784806982     
 Abd=   1005432.    
 Catch=   61773.2399790539     
 Abd=   446626.8    
 Catch=   2842.31287471286     
 Abd=   26128.19    
 Catch=   65.1251620598865     
 Abd=  1.7310856E+07
 Catch=   180048.345291355     
 Abd=  1.3237548E+07
 Catch=   126619.199001767     
 Abd=   1670825.    
 Catch=   37903.1658861233     
 Abd=   5563678.    
 Catch=   104091.066321357     
 Abd=   1992754.    
 Catch=   23615.5249888428     
 Abd=  1.2423534E+08
 Catch=   2746623.77474963     
 Abd=  1.7458386E+07
 Catch=   111914.027555139     
 Abd=  1.9967812E+07
 Catch=   165747.905860051     
 Abd=   1880533.    
 Catch=   23295.1746301870     
 Abd=   3596698.    
 Catch=   15830.6610575005     
 Abd=   775186.9    
 Catch=   35737.0807878692     
 Abd=   1069730.    
 Catch=   60524.7419391311     
 Abd=   196367.2    
 Catch=   6618.94793230333     
 Abd=   3386.291    
 Catch=   321.428768314398     
 Abd=   8195220.    
 Catch=   159903.538163165     
 Abd=   1039311.    
 Catch=   21382.1199744566     
 Abd=  3.3064556E+07
 Catch=   372032.363729198     
 Abd=   6059356.    
 Catch=   18263.8948009336     
 Abd=   4506259.    
 Catch=   17809.2264681213     
 Abd=   1810737.    
 Catch=   195186.865277449     
 Abd=   1810737.    
 Catch=   195186.865277449     
 Abd=   59784.66    
 Catch=   6143.00838767776     
 Abd=  1.1016455E+07
 Catch=   35169.6696415838     
 Abd=   3836302.    
 Catch=   22416.7334806445     
 Abd=  3.6963821E+08
 Catch=   923717.030187538     
 Abd=  2.9095148E+07
 Catch=   120129.331641088     
 Abd=  3.7644400E+07
 Catch=   215350.321060943     
 Time step =         2081
 Abd=  2.8500300E+07
 Catch=   447639.507633785     
 Abd=   1380894.    
 Catch=   12708.5781506581     
 Abd=   1015082.    
 Catch=   34669.6876144217     
 Abd=   3208062.    
 Catch=   21006.2741407665     
 Abd=   428197.8    
 Catch=   9053.60326776742     
 Abd=   184.6590    
 Catch=  0.637994117140637     
 Abd=   164489.4    
 Catch=   477.651592952895     
 Abd=   679556.4    
 Catch=   36362.9266617053     
 Abd=   1066082.    
 Catch=   60555.3566968819     
 Abd=   442575.5    
 Catch=   2811.68156477365     
 Abd=   26094.73    
 Catch=   65.2870755177756     
 Abd=  1.7144906E+07
 Catch=   181070.910013334     
 Abd=  1.3206960E+07
 Catch=   128475.708390458     
 Abd=   1664513.    
 Catch=   38600.7409604229     
 Abd=   5730428.    
 Catch=   101146.553173636     
 Abd=   1951088.    
 Catch=   23852.6863123410     
 Abd=  1.2985548E+08
 Catch=   2771395.29872046     
 Abd=  1.7427940E+07
 Catch=   113653.783422082     
 Abd=  1.9962442E+07
 Catch=   167122.902778498     
 Abd=   1925968.    
 Catch=   23352.2613598869     
 Abd=   3469972.    
 Catch=   15806.1433364662     
 Abd=   811989.2    
 Catch=   35705.2238039353     
 Abd=   1128224.    
 Catch=   58041.9778667628     
 Abd=   193582.8    
 Catch=   6785.14267816029     
 Abd=   5469.810    
 Catch=   406.602340438208     
 Abd=   7906048.    
 Catch=   159945.179205370     
 Abd=   1123818.    
 Catch=   20788.6587231641     
 Abd=  3.3101474E+07
 Catch=   372415.858159792     
 Abd=   6049740.    
 Catch=   18233.4771852301     
 Abd=   4550279.    
 Catch=   17933.6513822671     
 Abd=   1479950.    
 Catch=   237492.140998023     
 Abd=   1479950.    
 Catch=   237492.140998023     
 Abd=   46557.76    
 Catch=   6923.29070465166     
 Abd=  1.1014704E+07
 Catch=   35405.4983207092     
 Abd=   3847616.    
 Catch=   22420.8248469189     
 Abd=  3.7011398E+08
 Catch=   924460.559653742     
 Abd=  2.9026164E+07
 Catch=   120616.924659967     
 Abd=  3.7763768E+07
 Catch=   216236.181910463     
 Time step =         2082
 Abd=  2.9432200E+07
 Catch=   460462.099490057     
 Abd=   1386295.    
 Catch=   12584.4430650651     
 Abd=   1014129.    
 Catch=   34046.0545167564     
 Abd=   3184969.    
 Catch=   21011.2494936480     
 Abd=   425332.9    
 Catch=   8572.46411829878     
 Abd=   182.6704    
 Catch=  0.641005732144252     
 Abd=   165038.7    
 Catch=   475.783130517006     
 Abd=   632958.2    
 Catch=   35899.2704999535     
 Abd=   1044331.    
 Catch=   59168.3236766175     
 Abd=   437798.4    
 Catch=   2856.83040965458     
 Abd=   26161.71    
 Catch=   65.2311421898228     
 Abd=  1.7247042E+07
 Catch=   184508.173589568     
 Abd=  1.3404113E+07
 Catch=   128063.332262085     
 Abd=   1695761.    
 Catch=   38177.5134762134     
 Abd=   5562876.    
 Catch=   103807.367509987     
 Abd=   1971662.    
 Catch=   24013.1377086369     
 Abd=  1.3095144E+08
 Catch=   2646121.57205399     
 Abd=  1.7704188E+07
 Catch=   112330.031715044     
 Abd=  2.0131204E+07
 Catch=   168311.678739729     
 Abd=   1929950.    
 Catch=   23012.6429117989     
 Abd=   3464466.    
 Catch=   15574.5243032367     
 Abd=   810816.4    
 Catch=   33275.6242585485     
 Abd=   1080829.    
 Catch=   56491.5377822179     
 Abd=   198527.9    
 Catch=   6907.86986876663     
 Abd=   6855.973    
 Catch=   210.291503772551     
 Abd=   7910664.    
 Catch=   168384.086434459     
 Abd=   1090727.    
 Catch=   22015.4363909282     
 Abd=  3.3135360E+07
 Catch=   373037.563900625     
 Abd=   6039636.    
 Catch=   18241.8606424849     
 Abd=   4581812.    
 Catch=   17977.7809238446     
 Abd=   1802980.    
 Catch=   246496.885360335     
 Abd=   1802980.    
 Catch=   246496.885360335     
 Abd=   52502.96    
 Catch=   6791.11424546363     
 Abd=  1.1090052E+07
 Catch=   35809.2553921315     
 Abd=   3848074.    
 Catch=   22553.3762396001     
 Abd=  3.7040922E+08
 Catch=   923677.904144832     
 Abd=  2.9147910E+07
 Catch=   120833.528221566     
 Abd=  3.7919680E+07
 Catch=   215194.686367747     
 Time step =         2083
 Abd=  3.0274660E+07
 Catch=   468234.766058071     
 Abd=   1372417.    
 Catch=   12571.8432400917     
 Abd=   995672.5    
 Catch=   34102.3887859402     
 Abd=   3186365.    
 Catch=   21001.0894200309     
 Abd=   402460.5    
 Catch=   9238.50733380193     
 Abd=   183.5895    
 Catch=  0.635862003913760     
 Abd=   164373.8    
 Catch=   474.374028322912     
 Abd=   625292.6    
 Catch=   36136.6405209889     
 Abd=   1020603.    
 Catch=   57065.6160934330     
 Abd=   445029.6    
 Catch=   2824.25860745673     
 Abd=   26137.55    
 Catch=   64.8889009098785     
 Abd=  1.7578686E+07
 Catch=   182908.649446995     
 Abd=  1.3357022E+07
 Catch=   128838.057425463     
 Abd=   1676362.    
 Catch=   38524.9593617312     
 Abd=   5714072.    
 Catch=   105307.696512127     
 Abd=   1984842.    
 Catch=   24124.6550344567     
 Abd=  1.2493389E+08
 Catch=   2643185.15746922     
 Abd=  1.7489032E+07
 Catch=   113221.897373178     
 Abd=  2.0273860E+07
 Catch=   167262.756286418     
 Abd=   1901339.    
 Catch=   22872.6916903403     
 Abd=   3415860.    
 Catch=   15962.8033663824     
 Abd=   755083.0    
 Catch=   33361.6051468810     
 Abd=   1052312.    
 Catch=   55166.1190459003     
 Abd=   202113.1    
 Catch=   6781.74953957350     
 Abd=   3526.852    
 Catch=   147.687700995010     
 Abd=   8336280.    
 Catch=   162445.253553247     
 Abd=   1156644.    
 Catch=   20980.0660090496     
 Abd=  3.3190918E+07
 Catch=   374134.226271679     
 Abd=   6042682.    
 Catch=   18240.0645538614     
 Abd=   4592713.    
 Catch=   18060.8707832652     
 Abd=   1870254.    
 Catch=   255075.474940772     
 Abd=   1870254.    
 Catch=   255075.474940772     
 Abd=   51482.71    
 Catch=   6469.58985819606     
 Abd=  1.1217442E+07
 Catch=   35899.6254312072     
 Abd=   3871268.    
 Catch=   22487.5989157424     
 Abd=  3.7008272E+08
 Catch=   924708.765884463     
 Abd=  2.9198988E+07
 Catch=   120817.047602592     
 Abd=  3.7731656E+07
 Catch=   214599.315678060     
 Time step =         2084
 Abd=  3.0779448E+07
 Catch=   472773.804614652     
 Abd=   1371258.    
 Catch=   12456.9470735858     
 Abd=   997468.1    
 Catch=   32223.1007567872     
 Abd=   3184588.    
 Catch=   20902.8206488933     
 Abd=   434519.3    
 Catch=   8986.22195328206     
 Abd=   182.0689    
 Catch=  0.627001288838951     
 Abd=   163890.1    
 Catch=   473.430546805511     
 Abd=   629327.2    
 Catch=   33669.5214881657     
 Abd=   983963.4    
 Catch=   55079.7315887146     
 Abd=   439733.8    
 Catch=   2783.72977339277     
 Abd=   25999.04    
 Catch=   65.0499082091845     
 Abd=  1.7417412E+07
 Catch=   180296.707155827     
 Abd=  1.3439763E+07
 Catch=   130465.394099329     
 Abd=   1692139.    
 Catch=   39496.1569445032     
 Abd=   5795509.    
 Catch=   102520.653305847     
 Abd=   1993982.    
 Catch=   23933.2701261498     
 Abd=  1.2486918E+08
 Catch=   2565752.68566210     
 Abd=  1.7634208E+07
 Catch=   112162.347526548     
 Abd=  2.0142460E+07
 Catch=   167403.432433452     
 Abd=   1890028.    
 Catch=   22410.5177599521     
 Abd=   3502712.    
 Catch=   16557.8661864431     
 Abd=   757522.4    
 Catch=   32440.9274651946     
 Abd=   1026966.    
 Catch=   52290.6305918567     
 Abd=   198346.1    
 Catch=   6590.21265054657     
 Abd=   2479.369    
 Catch=   210.877886998862     
 Abd=   8030474.    
 Catch=   155861.930860768     
 Abd=   1100418.    
 Catch=   18749.6497486129     
 Abd=  3.3288924E+07
 Catch=   375137.794412405     
 Abd=   6042019.    
 Catch=   18247.4650353172     
 Abd=   4614140.    
 Catch=   18118.8257490106     
 Abd=   1935230.    
 Catch=   212425.154136377     
 Abd=   1935230.    
 Catch=   212425.154136377     
 Abd=   49048.48    
 Catch=   6692.29494242887     
 Abd=  1.1243977E+07
 Catch=   35961.8847920034     
 Abd=   3859667.    
 Catch=   22660.6541668066     
 Abd=  3.7050931E+08
 Catch=   926931.271938868     
 Abd=  2.9193688E+07
 Catch=   120434.497223895     
 Abd=  3.7627884E+07
 Catch=   214519.905187100     
 Time step =         2085
 Abd=  3.1074494E+07
 Catch=   476048.684631452     
 Abd=   1358537.    
 Catch=   12560.2168825748     
 Abd=   941944.2    
 Catch=   33561.9950808764     
 Abd=   3169655.    
 Catch=   20793.8027707705     
 Abd=   422109.4    
 Catch=   8318.00948302635     
 Abd=   179.5097    
 Catch=  0.625820220641022     
 Abd=   163561.6    
 Catch=   474.137521541599     
 Abd=   586081.9    
 Catch=   36256.0011674674     
 Abd=   949806.6    
 Catch=   58602.7075566513     
 Abd=   433419.8    
 Catch=   2770.38586368135     
 Abd=   26067.39    
 Catch=   64.8622457128924     
 Abd=  1.7166900E+07
 Catch=   182891.621492565     
 Abd=  1.3611222E+07
 Catch=   129998.454245248     
 Abd=   1735258.    
 Catch=   38903.3260955320     
 Abd=   5638422.    
 Catch=   106905.999280322     
 Abd=   1977790.    
 Catch=   24578.5971944533     
 Abd=  1.2116487E+08
 Catch=   2624144.16778773     
 Abd=  1.7463584E+07
 Catch=   111392.816770661     
 Abd=  2.0161942E+07
 Catch=   166849.709807330     
 Abd=   1851427.    
 Catch=   22737.7287702675     
 Abd=   3631644.    
 Catch=   16154.3807865968     
 Abd=   736549.9    
 Catch=   33893.6136359711     
 Abd=   973517.2    
 Catch=   57267.4685373070     
 Abd=   192736.8    
 Catch=   6832.79866514830     
 Abd=   3567.038    
 Catch=   309.596274622195     
 Abd=   7703865.    
 Catch=   158960.595088307     
 Abd=   982537.0    
 Catch=   20336.8388005637     
 Abd=  3.3378434E+07
 Catch=   377000.236683880     
 Abd=   6044531.    
 Catch=   18252.2364666541     
 Abd=   4628788.    
 Catch=   18132.2477906222     
 Abd=   1610625.    
 Catch=   201322.957199803     
 Abd=   1610625.    
 Catch=   201322.957199803     
 Abd=   50741.48    
 Catch=   7766.48681940263     
 Abd=  1.1263140E+07
 Catch=   36048.7961684011     
 Abd=   3889980.    
 Catch=   22746.3054070380     
 Abd=  3.7140995E+08
 Catch=   925958.786421128     
 Abd=  2.9100092E+07
 Catch=   121372.088998211     
 Abd=  3.7614800E+07
 Catch=   213324.295767250     
 Time step =         2086
 Abd=  3.1288592E+07
 Catch=   480952.239272395     
 Abd=   1370232.    
 Catch=   12519.1510219105     
 Abd=   982344.8    
 Catch=   33191.3677192320     
 Abd=   3152842.    
 Catch=   20688.8574303637     
 Abd=   390540.7    
 Catch=   9447.90593724622     
 Abd=   179.2177    
 Catch=  0.628965641701039     
 Abd=   163819.2    
 Catch=   472.781994375993     
 Abd=   632066.0    
 Catch=   35464.9613442528     
 Abd=   1011692.    
 Catch=   56878.9545390509     
 Abd=   431392.1    
 Catch=   2764.28991261647     
 Abd=   25988.43    
 Catch=   64.2568580850408     
 Abd=  1.7423136E+07
 Catch=   182221.456542178     
 Abd=  1.3558948E+07
 Catch=   130503.097391125     
 Abd=   1708118.    
 Catch=   38854.6855150539     
 Abd=   5886434.    
 Catch=   103253.466034704     
 Abd=   2032334.    
 Catch=   24553.9245932755     
 Abd=  1.2402381E+08
 Catch=   2585908.39828393     
 Abd=  1.7345126E+07
 Catch=   113535.099358157     
 Abd=  2.0093782E+07
 Catch=   166790.094498746     
 Abd=   1879583.    
 Catch=   22570.9060106928     
 Abd=   3533722.    
 Catch=   16018.9415337507     
 Abd=   770168.4    
 Catch=   33313.3022307464     
 Abd=   1067865.    
 Catch=   52516.5017698567     
 Abd=   199996.3    
 Catch=   6804.48928640433     
 Abd=   5228.939    
 Catch=   168.853526510545     
 Abd=   7864820.    
 Catch=   159015.442163363     
 Abd=   1068963.    
 Catch=   19851.8169029720     
 Abd=  3.3545688E+07
 Catch=   377926.437274991     
 Abd=   6046082.    
 Catch=   18280.5784060807     
 Abd=   4632118.    
 Catch=   17969.8161647504     
 Abd=   1526844.    
 Catch=   214436.913618814     
 Abd=   1526844.    
 Catch=   214436.913618814     
 Abd=   58908.23    
 Catch=   6842.98234203112     
 Abd=  1.1290742E+07
 Catch=   36220.1125255022     
 Abd=   3903982.    
 Catch=   22828.1810712491     
 Abd=  3.7099514E+08
 Catch=   929149.895341742     
 Abd=  2.9332388E+07
 Catch=   121705.499779646     
 Abd=  3.7402276E+07
 Catch=   213117.616010260     
 Time step =         2087
 Abd=  3.1611360E+07
 Catch=   483325.257117867     
 Abd=   1365442.    
 Catch=   12679.3262708998     
 Abd=   970673.1    
 Catch=   34810.8154957552     
 Abd=   3137024.    
 Catch=   20583.2301588939     
 Abd=   444856.8    
 Catch=   10933.9935391533     
 Abd=   180.1413    
 Catch=  0.628559766086900     
 Abd=   163337.6    
 Catch=   474.357334878366     
 Abd=   617495.8    
 Catch=   37781.5711474162     
 Abd=   980810.2    
 Catch=   59471.3691762556     
 Abd=   430461.6    
 Catch=   2840.47896828714     
 Abd=   25742.70    
 Catch=   64.6278403131286     
 Abd=  1.7353128E+07
 Catch=   180851.236964973     
 Abd=  1.3612988E+07
 Catch=   129037.016283235     
 Abd=   1706318.    
 Catch=   38290.6758031898     
 Abd=   5678344.    
 Catch=   105084.996599261     
 Abd=   2029233.    
 Catch=   23757.5020539229     
 Abd=  1.2213952E+08
 Catch=   2750288.17720183     
 Abd=  1.7687120E+07
 Catch=   116659.105996197     
 Abd=  2.0087668E+07
 Catch=   169373.627646082     
 Abd=   1865040.    
 Catch=   23098.3123850486     
 Abd=   3514824.    
 Catch=   16367.2688920374     
 Abd=   756360.2    
 Catch=   36257.5388629051     
 Abd=   977047.8    
 Catch=   54037.5582049433     
 Abd=   199033.8    
 Catch=   6404.62583754497     
 Abd=   2829.320    
 Catch=   395.245119375378     
 Abd=   7864318.    
 Catch=   165106.733906821     
 Abd=   1041602.    
 Catch=   19761.5572391088     
 Abd=  3.3625960E+07
 Catch=   377175.059033348     
 Abd=   6055642.    
 Catch=   18283.0599314330     
 Abd=   4589781.    
 Catch=   17914.6043353891     
 Abd=   1626449.    
 Catch=   221112.727108305     
 Abd=   1626449.    
 Catch=   221112.727108305     
 Abd=   51865.58    
 Catch=   5674.90727662343     
 Abd=  1.1344691E+07
 Catch=   35717.5518125292     
 Abd=   3918352.    
 Catch=   23075.8351995325     
 Abd=  3.7230739E+08
 Catch=   933759.542683517     
 Abd=  2.9410020E+07
 Catch=   120549.082909646     
 Abd=  3.7368880E+07
 Catch=   214076.633313337     
 Time step =         2088
 Abd=  3.1766820E+07
 Catch=   455537.226451764     
 Abd=   1383338.    
 Catch=   12539.4735982330     
 Abd=   1018999.    
 Catch=   32787.8426187198     
 Abd=   3120916.    
 Catch=   20668.1481357828     
 Abd=   514966.4    
 Catch=   9779.50052337660     
 Abd=   180.0052    
 Catch=  0.633592421142472     
 Abd=   163900.0    
 Catch=   474.105364747751     
 Abd=   658436.2    
 Catch=   35728.3057366894     
 Abd=   1026246.    
 Catch=   57866.0782733104     
 Abd=   442579.2    
 Catch=   2849.89529216464     
 Abd=   25899.13    
 Catch=   64.2262048784108     
 Abd=  1.7221968E+07
 Catch=   177744.337877271     
 Abd=  1.3456712E+07
 Catch=   127220.824884787     
 Abd=   1681209.    
 Catch=   37381.7164910428     
 Abd=   5783624.    
 Catch=   100233.606441256     
 Abd=   1962386.    
 Catch=   23276.0900788897     
 Abd=  1.3006675E+08
 Catch=   2643719.07115528     
 Abd=  1.8176710E+07
 Catch=   115290.372028866     
 Abd=  2.0404860E+07
 Catch=   168016.891050714     
 Abd=   1909701.    
 Catch=   22682.9559807793     
 Abd=   3591117.    
 Catch=   16440.9023869731     
 Abd=   824195.0    
 Catch=   33286.3432663010     
 Abd=   1007181.    
 Catch=   55489.0796928838     
 Abd=   187231.3    
 Catch=   6275.24666148480     
 Abd=   6739.027    
 Catch=   245.157235546660     
 Abd=   8172166.    
 Catch=   157230.266356866     
 Abd=   1037186.    
 Catch=   19491.6321307439     
 Abd=  3.3556816E+07
 Catch=   375763.358262069     
 Abd=   6056275.    
 Catch=   18252.2013864832     
 Abd=   4576062.    
 Catch=   17868.0597752244     
 Abd=   1677228.    
 Catch=   208798.293494774     
 Abd=   1677228.    
 Catch=   208798.293494774     
 Abd=   43008.40    
 Catch=   6400.30988747949     
 Abd=  1.1183072E+07
 Catch=   35140.3471654353     
 Abd=   3961446.    
 Catch=   22897.1546786751     
 Abd=  3.7416525E+08
 Catch=   935671.694321306     
 Abd=  2.9123908E+07
 Catch=   120171.924664846     
 Abd=  3.7541132E+07
 Catch=   215055.976858627     
 Time step =         2089
 Abd=  2.9913040E+07
 Catch=   431687.861323817     
 Abd=   1367471.    
 Catch=   12688.7023329001     
 Abd=   958392.0    
 Catch=   34723.3886095355     
 Abd=   3134347.    
 Catch=   21001.5953032936     
 Abd=   458644.5    
 Catch=   10496.2146498442     
 Abd=   181.4775    
 Catch=  0.628776774192603     
 Abd=   163801.3    
 Catch=   475.778798289293     
 Abd=   622112.8    
 Catch=   38005.7810383898     
 Abd=   998037.0    
 Catch=   60749.3831495854     
 Abd=   443841.1    
 Catch=   2902.56315860615     
 Abd=   25732.14    
 Catch=   64.0611260688809     
 Abd=  1.6922762E+07
 Catch=   179530.229004925     
 Abd=  1.3266662E+07
 Catch=   128701.441156690     
 Abd=   1641094.    
 Catch=   37723.7385677743     
 Abd=   5511172.    
 Catch=   101038.882038713     
 Abd=   1923076.    
 Catch=   23987.6503701864     
 Abd=  1.2482974E+08
 Catch=   2726220.68988292     
 Abd=  1.7950072E+07
 Catch=   116907.905533942     
 Abd=  2.0232348E+07
 Catch=   168961.682286473     
 Abd=   1873970.    
 Catch=   23152.0916693749     
 Abd=   3605630.    
 Catch=   15187.2704148162     
 Abd=   755231.9    
 Catch=   35569.9035238234     
 Abd=   1034126.    
 Catch=   58818.9474780164     
 Abd=   183516.4    
 Catch=   6484.11683216977     
 Abd=   4116.595    
 Catch=   301.335272502086     
 Abd=   7771423.    
 Catch=   165741.903315406     
 Abd=   1022866.    
 Catch=   20332.8030393788     
 Abd=  3.3430320E+07
 Catch=   378741.385081710     
 Abd=   6045843.    
 Catch=   18249.1550610622     
 Abd=   4564255.    
 Catch=   17887.5917814729     
 Abd=   1583765.    
 Catch=   218415.792038386     
 Abd=   1583765.    
 Catch=   218415.792038386     
 Abd=   48536.55    
 Catch=   6932.95851750780     
 Abd=  1.1002178E+07
 Catch=   36276.1158900554     
 Abd=   3929362.    
 Catch=   23089.0394806383     
 Abd=  3.7490886E+08
 Catch=   936767.106714942     
 Abd=  2.9036432E+07
 Catch=   120294.986278428     
 Abd=  3.7713160E+07
 Catch=   214964.627443226     
 Time step =         2090
 Abd=  2.8353378E+07
 Catch=   419148.723683485     
 Abd=   1384340.    
 Catch=   12647.0742517716     
 Abd=   1016532.    
 Catch=   34423.3020435267     
 Abd=   3185627.    
 Catch=   20911.9840867786     
 Abd=   493733.1    
 Catch=   10289.9755351396     
 Abd=   180.0425    
 Catch=  0.630162861348441     
 Abd=   164393.3    
 Catch=   476.291119244618     
 Abd=   662452.1    
 Catch=   36998.2573707605     
 Abd=   1048540.    
 Catch=   58554.5798017914     
 Abd=   452214.7    
 Catch=   2898.37887442014     
 Abd=   25668.64    
 Catch=   64.0368109791832     
 Abd=  1.7101326E+07
 Catch=   176425.494609557     
 Abd=  1.3427151E+07
 Catch=   129502.167237762     
 Abd=   1656979.    
 Catch=   38311.6878983622     
 Abd=   5560432.    
 Catch=   100464.505725204     
 Abd=   1983640.    
 Catch=   23873.7063940713     
 Abd=  1.2887014E+08
 Catch=   2711396.98661032     
 Abd=  1.8210936E+07
 Catch=   117907.628359710     
 Abd=  2.0351628E+07
 Catch=   167190.871796259     
 Abd=   1914086.    
 Catch=   23102.4656209760     
 Abd=   3327668.    
 Catch=   14506.1356536920     
 Abd=   808442.7    
 Catch=   34975.9725170143     
 Abd=   1096481.    
 Catch=   56568.3683919857     
 Abd=   189757.9    
 Catch=   6342.75490798892     
 Abd=   5094.637    
 Catch=   181.398971996874     
 Abd=   8205709.    
 Catch=   155408.183410494     
 Abd=   1068057.    
 Catch=   19785.8014178259     
 Abd=  3.3702568E+07
 Catch=   377598.761592369     
 Abd=   6045026.    
 Catch=   18269.8402767177     
 Abd=   4569557.    
 Catch=   17838.1333420731     
 Abd=   1657262.    
 Catch=   221254.101110028     
 Abd=   1657262.    
 Catch=   221254.101110028     
 Abd=   52570.16    
 Catch=   6328.71168561983     
 Abd=  1.1368482E+07
 Catch=   36502.8311644858     
 Abd=   3963432.    
 Catch=   22613.1168016920     
 Abd=  3.7534141E+08
 Catch=   938567.247381556     
 Abd=  2.9068612E+07
 Catch=   119517.309322691     
 Abd=  3.7693576E+07
 Catch=   215679.330018528     
 Time step =         2091
 Abd=  2.7532124E+07
 Catch=   415107.156609157     
 Abd=   1379392.    
 Catch=   12610.0467035489     
 Abd=   1006757.    
 Catch=   33331.0773308751     
 Abd=   3170908.    
 Catch=   20826.6957959256     
 Abd=   483212.7    
 Catch=   10122.7065131054     
 Abd=   180.4704    
 Catch=  0.619313450374550     
 Abd=   164559.6    
 Catch=   475.943651907741     
 Abd=   644187.5    
 Catch=   35722.7300660169     
 Abd=   1009742.    
 Catch=   57325.2609640485     
 Abd=   451363.2    
 Catch=   2939.45820817508     
 Abd=   25659.00    
 Catch=   63.9152047086748     
 Abd=  1.6797338E+07
 Catch=   178816.283478560     
 Abd=  1.3509128E+07
 Catch=   128384.288725638     
 Abd=   1683036.    
 Catch=   38443.9792891970     
 Abd=   5527534.    
 Catch=   100275.458083802     
 Abd=   1972899.    
 Catch=   23752.1666775964     
 Abd=  1.2808552E+08
 Catch=   2706937.88924141     
 Abd=  1.8364492E+07
 Catch=   117552.782139542     
 Abd=  2.0132182E+07
 Catch=   166915.813388719     
 Abd=   1909141.    
 Catch=   22944.6979544400     
 Abd=   3179622.    
 Catch=   14441.6537532819     
 Abd=   794068.8    
 Catch=   34346.5832338679     
 Abd=   1053142.    
 Catch=   57046.3078893975     
 Abd=   185471.9    
 Catch=   6448.67427277757     
 Abd=   3056.825    
 Catch=   215.086792998726     
 Abd=   7678258.    
 Catch=   164405.743248798     
 Abd=   1038064.    
 Catch=   19012.4067277200     
 Abd=  3.3593788E+07
 Catch=   376113.464021417     
 Abd=   6052035.    
 Catch=   18281.2284668965     
 Abd=   4556584.    
 Catch=   17836.7684461797     
 Abd=   1678154.    
 Catch=   200968.138224139     
 Abd=   1678154.    
 Catch=   200968.138224139     
 Abd=   47971.27    
 Catch=   6479.12378927569     
 Abd=  1.1433440E+07
 Catch=   36143.3551806224     
 Abd=   3880227.    
 Catch=   22654.8958319161     
 Abd=  3.7606931E+08
 Catch=   940677.671189293     
 Abd=  2.8875996E+07
 Catch=   119307.429474187     
 Abd=  3.7821056E+07
 Catch=   216756.415756725     
 Time step =         2092
 Abd=  2.7275542E+07
 Catch=   413511.843974811     
 Abd=   1375367.    
 Catch=   12651.5326714980     
 Abd=   974548.0    
 Catch=   34172.4262202190     
 Abd=   3157882.    
 Catch=   20829.5803924306     
 Abd=   475361.8    
 Catch=   8290.03950281352     
 Abd=   177.3020    
 Catch=  0.613501280612069     
 Abd=   164433.7    
 Catch=   477.308847953175     
 Abd=   621898.0    
 Catch=   37523.1643689307     
 Abd=   988558.1    
 Catch=   59324.5997031254     
 Abd=   457870.1    
 Catch=   2901.06608481178     
 Abd=   25609.65    
 Catch=   63.6445185902045     
 Abd=  1.7034620E+07
 Catch=   175348.970558245     
 Abd=  1.3389544E+07
 Catch=   129299.372757789     
 Abd=   1688487.    
 Catch=   38880.4379540355     
 Abd=   5517121.    
 Catch=   100656.432534113     
 Abd=   1962874.    
 Catch=   24082.0567262694     
 Abd=  1.2787869E+08
 Catch=   2704507.69432671     
 Abd=  1.8305060E+07
 Catch=   117502.454901704     
 Abd=  2.0102542E+07
 Catch=   164369.491831981     
 Abd=   1895938.    
 Catch=   23066.6653368894     
 Abd=   3167112.    
 Catch=   14868.8651169826     
 Abd=   779747.4    
 Catch=   34468.2260820476     
 Abd=   1062754.    
 Catch=   60900.1149831458     
 Abd=   188698.2    
 Catch=   6642.02449654278     
 Abd=   3626.261    
 Catch=   239.389599215821     
 Abd=   8138858.    
 Catch=   147481.303984266     
 Abd=   997315.8    
 Catch=   19853.6125518197     
 Abd=  3.3460790E+07
 Catch=   377948.139989035     
 Abd=   6055723.    
 Catch=   18311.2675816666     
 Abd=   4556520.    
 Catch=   17808.3416061567     
 Abd=   1523719.    
 Catch=   241639.921767289     
 Abd=   1523719.    
 Catch=   241639.921767289     
 Abd=   49119.82    
 Catch=   6286.01357354703     
 Abd=  1.1317418E+07
 Catch=   36709.2205382629     
 Abd=   3888448.    
 Catch=   22528.9599581666     
 Abd=  3.7691616E+08
 Catch=   941126.698579860     
 Abd=  2.8828248E+07
 Catch=   119206.572676973     
 Abd=  3.8011336E+07
 Catch=   217384.863429277     
 Time step =         2093
 Abd=  2.7174318E+07
 Catch=   420515.715745329     
 Abd=   1380053.    
 Catch=   12628.3225581127     
 Abd=   999878.4    
 Catch=   34211.6016575413     
 Abd=   3158667.    
 Catch=   20969.6513674468     
 Abd=   388394.9    
 Catch=   8696.90897115842     
 Abd=   175.6635    
 Catch=  0.610435376672509     
 Abd=   164919.1    
 Catch=   476.081226826094     
 Abd=   653876.4    
 Catch=   35203.3246435130     
 Abd=   1023634.    
 Catch=   58696.1401707666     
 Abd=   451682.0    
 Catch=   2908.15976194655     
 Abd=   25501.05    
 Catch=   63.0298812454006     
 Abd=  1.6694196E+07
 Catch=   177944.705445383     
 Abd=  1.3488331E+07
 Catch=   130888.092927985     
 Abd=   1707809.    
 Catch=   39588.3127172357     
 Abd=   5538734.    
 Catch=   102771.397507687     
 Abd=   1990803.    
 Catch=   24526.1707790596     
 Abd=  1.2777018E+08
 Catch=   2656138.47046800     
 Abd=  1.8298216E+07
 Catch=   117766.269428647     
 Abd=  1.9791072E+07
 Catch=   163703.016108027     
 Abd=   1906455.    
 Catch=   22781.8063930444     
 Abd=   3262380.    
 Catch=   15600.6115810635     
 Abd=   782732.6    
 Catch=   33533.0811429264     
 Abd=   1134981.    
 Catch=   55841.7104712630     
 Abd=   194368.7    
 Catch=   6697.25247400204     
 Abd=   4031.889    
 Catch=   325.233965072854     
 Abd=   7285654.    
 Catch=   151843.761544040     
 Abd=   1042890.    
 Catch=   20068.5285761996     
 Abd=  3.3629744E+07
 Catch=   379573.450068807     
 Abd=   6065822.    
 Catch=   18327.6710908695     
 Abd=   4549122.    
 Catch=   17827.0875530051     
 Abd=   1833650.    
 Catch=   215291.803101946     
 Abd=   1833650.    
 Catch=   215291.803101946     
 Abd=   47652.65    
 Catch=   7648.51876809008     
 Abd=  1.1500536E+07
 Catch=   36875.1122344787     
 Abd=   3866524.    
 Catch=   22423.1708055268     
 Abd=  3.7708282E+08
 Catch=   939051.623659067     
 Abd=  2.8804320E+07
 Catch=   119793.058331067     
 Abd=  3.8120064E+07
 Catch=   216414.649472246     
 Time step =         2094
 Abd=  2.7642840E+07
 Catch=   442980.868402264     
 Abd=   1377411.    
 Catch=   12725.1596599482     
 Abd=   1000784.    
 Catch=   34803.4234977308     
 Abd=   3180303.    
 Catch=   20922.8070891928     
 Abd=   408948.9    
 Catch=   9756.14251358229     
 Abd=   174.7997    
 Catch=  0.609681030747273     
 Abd=   164479.8    
 Catch=   476.729744670223     
 Abd=   612858.5    
 Catch=   38806.6583145440     
 Abd=   1012485.    
 Catch=   59779.7691793194     
 Abd=   452905.5    
 Catch=   2976.46249218164     
 Abd=   25250.97    
 Catch=   63.4930639107317     
 Abd=  1.6952282E+07
 Catch=   181709.312795580     
 Abd=  1.3655668E+07
 Catch=   128790.239141447     
 Abd=   1739122.    
 Catch=   37851.0286406254     
 Abd=   5656888.    
 Catch=   102623.114069951     
 Abd=   2027690.    
 Catch=   24281.2320250505     
 Abd=  1.2545613E+08
 Catch=   2739669.13916552     
 Abd=  1.8340350E+07
 Catch=   119916.590320612     
 Abd=  1.9714880E+07
 Catch=   166895.702192460     
 Abd=   1882353.    
 Catch=   23276.2508301140     
 Abd=   3423412.    
 Catch=   15772.9080410840     
 Abd=   761357.9    
 Catch=   35731.1068510091     
 Abd=   1039380.    
 Catch=   56642.9492289348     
 Abd=   195959.8    
 Catch=   6613.78469506240     
 Abd=   5504.895    
 Catch=   276.922699621656     
 Abd=   7513920.    
 Catch=   165138.633186683     
 Abd=   1053650.    
 Catch=   19769.2193664355     
 Abd=  3.3774392E+07
 Catch=   376735.393279555     
 Abd=   6071174.    
 Catch=   18296.0623289858     
 Abd=   4554104.    
 Catch=   17679.7496647685     
 Abd=   1632950.    
 Catch=   236399.734051984     
 Abd=   1632950.    
 Catch=   236399.734051984     
 Abd=   58015.83    
 Catch=   6832.46465233193     
 Abd=  1.1549786E+07
 Catch=   37042.5024055032     
 Abd=   3848795.    
 Catch=   22240.7317519452     
 Abd=  3.7623370E+08
 Catch=   940748.897317959     
 Abd=  2.8949380E+07
 Catch=   119363.698715028     
 Abd=  3.7945080E+07
 Catch=   216064.397830576     
 Time step =         2095
 Abd=  2.9139972E+07
 Catch=   452091.821250480     
 Abd=   1388207.    
 Catch=   12442.3086177121     
 Abd=   1018340.    
 Catch=   32140.2125444958     
 Abd=   3172600.    
 Catch=   20628.0406158795     
 Abd=   459309.3    
 Catch=   8502.65638678974     
 Abd=   174.5979    
 Catch=  0.603710118015075     
 Abd=   164714.3    
 Catch=   472.918456289898     
 Abd=   676543.1    
 Catch=   33384.5608444815     
 Abd=   1031365.    
 Catch=   53984.7281459337     
 Abd=   463736.4    
 Catch=   2988.54065878306     
 Abd=   25445.32    
 Catch=   63.4327344041391     
 Abd=  1.7312698E+07
 Catch=   179682.376567555     
 Abd=  1.3430307E+07
 Catch=   126572.103782082     
 Abd=   1661236.    
 Catch=   36608.0330841858     
 Abd=   5646592.    
 Catch=   97562.1261025035     
 Abd=   2006445.    
 Catch=   23945.0403714631     
 Abd=  1.2950098E+08
 Catch=   2578726.66442977     
 Abd=  1.8681298E+07
 Catch=   119893.340232941     
 Abd=  2.0107966E+07
 Catch=   165970.184920299     
 Abd=   1924355.    
 Catch=   22330.5714061244     
 Abd=   3454180.    
 Catch=   13088.2680254063     
 Abd=   812145.9    
 Catch=   31974.5180293030     
 Abd=   1055115.    
 Catch=   51173.9476153435     
 Abd=   193450.3    
 Catch=   6578.13214776077     
 Abd=   4672.759    
 Catch=   103.964829637474     
 Abd=   8179559.    
 Catch=   162308.161663016     
 Abd=   1037429.    
 Catch=   17842.6152892975     
 Abd=  3.3515156E+07
 Catch=   374920.442953888     
 Abd=   6060371.    
 Catch=   18236.4541089059     
 Abd=   4515964.    
 Catch=   17546.2939587735     
 Abd=   1794049.    
 Catch=   261060.234123689     
 Abd=   1794049.    
 Catch=   261060.234123689     
 Abd=   51788.07    
 Catch=   5940.41578657053     
 Abd=  1.1602209E+07
 Catch=   36614.7235108726     
 Abd=   3816932.    
 Catch=   22171.9362410224     
 Abd=  3.7694397E+08
 Catch=   941184.381522618     
 Abd=  2.8841316E+07
 Catch=   118395.220490045     
 Abd=  3.7885764E+07
 Catch=   215701.801146018     
 Time step =         2096
 Abd=  2.9719880E+07
 Catch=   464542.911556466     
 Abd=   1356619.    
 Catch=   12520.0286768302     
 Abd=   939365.4    
 Catch=   33477.5898099697     
 Abd=   3127224.    
 Catch=   20653.0953005767     
 Abd=   398692.8    
 Catch=   6819.40532196498     
 Abd=   172.8578    
 Catch=  0.593672200896307     
 Abd=   163366.8    
 Catch=   474.494470569700     
 Abd=   580792.5    
 Catch=   36710.4878438370     
 Abd=   930484.4    
 Catch=   60210.2457134615     
 Abd=   465426.8    
 Catch=   2993.77051609475     
 Abd=   25416.66    
 Catch=   63.5088972187084     
 Abd=  1.7109194E+07
 Catch=   178939.448201605     
 Abd=  1.3198642E+07
 Catch=   127959.640699099     
 Abd=   1607041.    
 Catch=   37508.4865592372     
 Abd=   5363852.    
 Catch=   106451.538585729     
 Abd=   1978584.    
 Catch=   24685.0482908338     
 Abd=  1.2172800E+08
 Catch=   2596966.19828269     
 Abd=  1.8670872E+07
 Catch=   114673.458129654     
 Abd=  1.9986872E+07
 Catch=   165704.066834494     
 Abd=   1844142.    
 Catch=   22688.0374564437     
 Abd=   2852760.    
 Catch=   9515.18245219302     
 Abd=   725386.2    
 Catch=   33610.9163155451     
 Abd=   952693.1    
 Catch=   59532.5315748454     
 Abd=   192439.6    
 Catch=   6403.76904398065     
 Abd=   1738.930    
 Catch=   220.189575167217     
 Abd=   8025150.    
 Catch=   160468.541254016     
 Abd=   935104.7    
 Catch=   19527.4423457355     
 Abd=  3.3355540E+07
 Catch=   379947.216191100     
 Abd=   6040458.    
 Catch=   18258.9242076501     
 Abd=   4481577.    
 Catch=   17617.2646477134     
 Abd=   1981152.    
 Catch=   201861.808177786     
 Abd=   1981152.    
 Catch=   201861.808177786     
 Abd=   45023.68    
 Catch=   7208.67804624942     
 Abd=  1.1464436E+07
 Catch=   37140.4434965724     
 Abd=   3805421.    
 Catch=   22090.6529788457     
 Abd=  3.7710598E+08
 Catch=   939056.774717427     
 Abd=  2.8604610E+07
 Catch=   118133.266018190     
 Abd=  3.7821876E+07
 Catch=   215729.567387946     
 Time step =         2097
 Abd=  3.0543440E+07
 Catch=   473101.373922488     
 Abd=   1365810.    
 Catch=   12694.4599074197     
 Abd=   979960.1    
 Catch=   34848.5392693355     
 Abd=   3132298.    
 Catch=   20664.1450090594     
 Abd=   319586.6    
 Catch=   8336.96789234756     
 Abd=   169.9593    
 Catch=  0.599669395294909     
 Abd=   163948.4    
 Catch=   477.358203887846     
 Abd=   640119.0    
 Catch=   37078.9811745608     
 Abd=   1040016.    
 Catch=   60423.0245636099     
 Abd=   466221.6    
 Catch=   2988.10533479866     
 Abd=   25448.38    
 Catch=   63.6862632539048     
 Abd=  1.7040812E+07
 Catch=   181766.682391841     
 Abd=  1.3349593E+07
 Catch=   130208.790425889     
 Abd=   1648019.    
 Catch=   39210.5827723459     
 Abd=   5866196.    
 Catch=   111045.532262769     
 Abd=   2041327.    
 Catch=   24960.6404580963     
 Abd=  1.2272242E+08
 Catch=   2680880.46048837     
 Abd=  1.7843380E+07
 Catch=   116285.587741054     
 Abd=  1.9956378E+07
 Catch=   167322.448915507     
 Abd=   1875559.    
 Catch=   23161.4688413981     
 Abd=   2075050.    
 Catch=   6176.54056703148     
 Abd=   763848.0    
 Catch=   35924.5994068054     
 Abd=   1111106.    
 Catch=   55439.4044225996     
 Abd=   187304.2    
 Catch=   6658.78916549178     
 Abd=   3759.785    
 Catch=   483.967125314414     
 Abd=   7934840.    
 Catch=   168684.422663616     
 Abd=   1026586.    
 Catch=   19034.5427182735     
 Abd=  3.3814076E+07
 Catch=   383153.571409566     
 Abd=   6048443.    
 Catch=   18264.9541228926     
 Abd=   4500785.    
 Catch=   17774.9384572292     
 Abd=   1532122.    
 Catch=   218319.035720985     
 Abd=   1532122.    
 Catch=   218319.035720985     
 Abd=   54677.91    
 Catch=   8099.42744894875     
 Abd=  1.1635309E+07
 Catch=   36883.8396096482     
 Abd=   3791511.    
 Catch=   22348.4929967802     
 Abd=  3.7623802E+08
 Catch=   938964.714717437     
 Abd=  2.8544516E+07
 Catch=   118697.940611028     
 Abd=  3.7827800E+07
 Catch=   215378.496097446     
 Time step =         2098
 Abd=  3.1100378E+07
 Catch=   482646.261839235     
 Abd=   1385011.    
 Catch=   12702.6223519379     
 Abd=   1019861.    
 Catch=   34470.9452690392     
 Abd=   3133504.    
 Catch=   20469.4864062921     
 Abd=   393113.1    
 Catch=   9413.60437320566     
 Abd=   171.7696    
 Catch=  0.589340642726670     
 Abd=   164946.2    
 Catch=   477.791933684572     
 Abd=   645837.2    
 Catch=   38281.9565128970     
 Abd=   1042208.    
 Catch=   59930.0464583707     
 Abd=   465373.1    
 Catch=   2934.18530828665     
 Abd=   25520.28    
 Catch=   63.8249120615432     
 Abd=  1.7316404E+07
 Catch=   176752.844044942     
 Abd=  1.3585796E+07
 Catch=   128219.309173523     
 Abd=   1723282.    
 Catch=   38688.1889597236     
 Abd=   6114392.    
 Catch=   108818.394389447     
 Abd=   2063342.    
 Catch=   24485.6595816286     
 Abd=  1.2671772E+08
 Catch=   2729758.55467422     
 Abd=  1.8114124E+07
 Catch=   117779.176107921     
 Abd=  2.0155682E+07
 Catch=   165642.934192583     
 Abd=   1914804.    
 Catch=   23327.4594890001     
 Abd=   1339294.    
 Catch=   2902.72033147442     
 Abd=   816402.7    
 Catch=   35914.1366412736     
 Abd=   1031970.    
 Catch=   55430.3180171773     
 Abd=   194892.5    
 Catch=   6320.60797649649     
 Abd=   8237.548    
 Catch=   277.587344688383     
 Abd=   8350058.    
 Catch=   159259.901877767     
 Abd=   998760.6    
 Catch=   19150.5625960240     
 Abd=  3.4095384E+07
 Catch=   377715.931989965     
 Abd=   6050326.    
 Catch=   18251.3842028511     
 Abd=   4541476.    
 Catch=   17825.6464722790     
 Abd=   1656634.    
 Catch=   214153.371505896     
 Abd=   1656634.    
 Catch=   214153.371505896     
 Abd=   61420.39    
 Catch=   6114.50326738516     
 Abd=  1.1549940E+07
 Catch=   36825.0810121269     
 Abd=   3836542.    
 Catch=   22273.6755794809     
 Abd=  3.7621414E+08
 Catch=   942210.619842752     
 Abd=  2.8684724E+07
 Catch=   117932.712498153     
 Abd=  3.7765368E+07
 Catch=   216257.273479839     
 Time step =         2099
 Abd=  3.1728788E+07
 Catch=   485444.450212390     
 Abd=   1385573.    
 Catch=   12562.5445594094     
 Abd=   1008312.    
 Catch=   33285.0513940054     
 Abd=   3103472.    
 Catch=   20210.3599126360     
 Abd=   443329.3    
 Catch=   8452.63949669436     
 Abd=   168.7185    
 Catch=  0.581148690404497     
 Abd=   165078.9    
 Catch=   476.734869498202     
 Abd=   666986.9    
 Catch=   35581.0147315906     
 Abd=   1033777.    
 Catch=   56844.3245424316     
 Abd=   456799.2    
 Catch=   2935.19301317569     
 Abd=   25574.41    
 Catch=   63.7574355764118     
 Abd=  1.6825504E+07
 Catch=   176976.530330889     
 Abd=  1.3371098E+07
 Catch=   126855.472981342     
 Abd=   1698801.    
 Catch=   37992.1904533812     
 Abd=   5985757.    
 Catch=   107842.758351218     
 Abd=   2022993.    
 Catch=   23682.3044838915     
 Abd=  1.2901682E+08
 Catch=   2628817.29908962     
 Abd=  1.8346656E+07
 Catch=   116529.174566626     
 Abd=  1.9946038E+07
 Catch=   165182.076744755     
 Abd=   1928094.    
 Catch=   22748.2922569718     
 Abd=   625978.1    
 Catch=   1417.86132599136     
 Abd=   815759.9    
 Catch=   33263.9870267647     
 Abd=   1033050.    
 Catch=   56386.7018814481     
 Abd=   184791.1    
 Catch=   6330.73398983057     
 Abd=   4671.485    
 Catch=   134.435071523287     
 Abd=   7869764.    
 Catch=   163077.705726338     
 Abd=   1005311.    
 Catch=   18833.7179135264     
 Abd=  3.3598688E+07
 Catch=   376922.196639899     
 Abd=   6045674.    
 Catch=   18253.8743486366     
 Abd=   4553874.    
 Catch=   17894.8589208132     
 Abd=   1624428.    
 Catch=   230212.535073718     
 Abd=   1624428.    
 Catch=   230212.535073718     
 Abd=   46338.38    
 Catch=   6606.11614362956     
 Abd=  1.1532743E+07
 Catch=   35964.1960003327     
 Abd=   3822730.    
 Catch=   22052.1745564595     
 Abd=  3.7754093E+08
 Catch=   941259.436133730     
 Abd=  2.8493832E+07
 Catch=   117639.327164905     
 Abd=  3.7924152E+07
 Catch=   217173.022080953     
 Time step =         2100
 Abd=  3.1903680E+07
 Catch=   467227.706329426     
 Abd=   1369997.    
 Catch=   12642.1976045984     
 Abd=   973241.2    
 Catch=   34403.6453044167     
 Abd=   3064004.    
 Catch=   20635.4056075957     
 Abd=   396604.6    
 Catch=   8748.25517315706     
 Abd=   166.3835    
 Catch=  0.579566478662013     
 Abd=   164702.6    
 Catch=   477.590992669910     
 Abd=   619390.8    
 Catch=   37942.0567486798     
 Abd=   980123.2    
 Catch=   61827.9234247220     
 Abd=   457102.0    
 Catch=   2916.45839258632     
 Abd=   25546.05    
 Catch=   63.6042370342366     
 Abd=  1.6855494E+07
 Catch=   175939.874399733     
 Abd=  1.3229626E+07
 Catch=   126741.370428219     
 Abd=   1668095.    
 Catch=   37655.0404744188     
 Abd=   5932982.    
 Catch=   112873.634621735     
 Abd=   1956334.    
 Catch=   24389.9927565700     
 Abd=  1.2412997E+08
 Catch=   2675375.78156451     
 Abd=  1.8143480E+07
 Catch=   115485.733352612     
 Abd=  1.9893166E+07
 Catch=   163270.154790128     
 Abd=   1879140.    
 Catch=   23147.8597475549     
 Abd=   307283.9    
 Catch=   280.294187011402     
 Abd=   754814.7    
 Catch=   34491.8669271772     
 Abd=   1050598.    
 Catch=   61584.6256253800     
 Abd=   185213.1    
 Catch=   6172.00838973203     
 Abd=   2256.448    
 Catch=   227.807004352615     
 Abd=   8068450.    
 Catch=   158807.076347273     
 Abd=   988358.9    
 Catch=   20324.9421062912     
 Abd=  3.3535128E+07
 Catch=   380219.408829007     
 Abd=   6046604.    
 Catch=   18278.9320737244     
 Abd=   4571698.    
 Catch=   17838.8194702452     
 Abd=   1746668.    
 Catch=   211932.697991814     
 Abd=   1746668.    
 Catch=   211932.697991814     
 Abd=   50096.86    
 Catch=   7058.62915020385     
 Abd=  1.1258458E+07
 Catch=   36497.8708521344     
 Abd=   3784482.    
 Catch=   22294.6753580093     
 Abd=  3.7712416E+08
 Catch=   939407.063199001     
 Abd=  2.8424900E+07
 Catch=   117509.386110890     
 Abd=  3.8084088E+07
 Catch=   216156.018642463     
 Time step =         2101
 Abd=  3.0686284E+07
 Catch=   450420.567796823     
 Abd=   1379148.    
 Catch=   12772.2946391114     
 Abd=   1006986.    
 Catch=   35347.3887422196     
 Abd=   3130480.    
 Catch=   20522.7841307279     
 Abd=   411441.6    
 Catch=   9869.45044507138     
 Abd=   165.9677    
 Catch=  0.575755025468548     
 Abd=   165014.7    
 Catch=   479.866309302929     
 Abd=   661469.6    
 Catch=   38869.3110748090     
 Abd=   1067736.    
 Catch=   61324.3609175870     
 Abd=   454115.3    
 Catch=   2946.20737801191     
 Abd=   25483.72    
 Catch=   63.7515384164191     
 Abd=  1.6754574E+07
 Catch=   177609.275323965     
 Abd=  1.3220196E+07
 Catch=   127544.174060019     
 Abd=   1653684.    
 Catch=   37741.8953934617     
 Abd=   6215814.    
 Catch=   114038.843843279     
 Abd=   2016903.    
 Catch=   24453.1463572245     
 Abd=  1.2644624E+08
 Catch=   2787528.55627054     
 Abd=  1.7982060E+07
 Catch=   118467.595026086     
 Abd=  1.9659526E+07
 Catch=   164306.960235302     
 Abd=   1913637.    
 Catch=   23667.5073015916     
 Abd=   61563.10    
 Catch=   77.4893348900986     
 Abd=   783826.8    
 Catch=   36567.3851961031     
 Abd=   1148729.    
 Catch=   58929.3929814600     
 Abd=   180505.5    
 Catch=   6294.76211824614     
 Abd=   3869.189    
 Catch=   423.405778796491     
 Abd=   7851050.    
 Catch=   162061.706124753     
 Abd=   1068249.    
 Catch=   20604.0924362182     
 Abd=  3.3835168E+07
 Catch=   378492.010229472     
 Abd=   6055080.    
 Catch=   18266.9515107692     
 Abd=   4556716.    
 Catch=   17781.9368936872     
 Abd=   1608371.    
 Catch=   226405.607699181     
 Abd=   1608371.    
 Catch=   226405.607699181     
 Abd=   53525.82    
 Catch=   6599.95474578952     
 Abd=  1.1434090E+07
 Catch=   36450.1315378547     
 Abd=   3827262.    
 Catch=   22480.3884613087     
 Abd=  3.7637642E+08
 Catch=   941712.114942086     
 Abd=  2.8394192E+07
 Catch=   117457.231754580     
 Abd=  3.7899864E+07
 Catch=   216525.978779701     
 Time step =         2102
 Abd=  2.9587650E+07
 Catch=   443620.836758667     
 Abd=   1393409.    
 Catch=   12615.1417045133     
 Abd=   1034358.    
 Catch=   33377.5938989950     
 Abd=   3111755.    
 Catch=   20549.3089713627     
 Abd=   464648.7    
 Catch=   7024.75488823723     
 Abd=   164.8651    
 Catch=  0.570253475452836     
 Abd=   165808.7    
 Catch=   479.478335658165     
 Abd=   677146.9    
 Catch=   36151.7021162637     
 Abd=   1057786.    
 Catch=   59035.9527864797     
 Abd=   458906.3    
 Catch=   2929.52417760613     
 Abd=   25545.23    
 Catch=   63.7163756394467     
 Abd=  1.6918320E+07
 Catch=   178844.339946913     
 Abd=  1.3304978E+07
 Catch=   125986.748488768     
 Abd=   1657652.    
 Catch=   37329.5726079992     
 Abd=   6275851.    
 Catch=   103842.527842151     
 Abd=   2021046.    
 Catch=   24299.7616368288     
 Abd=  1.3178418E+08
 Catch=   2686507.49117557     
 Abd=  1.8458196E+07
 Catch=   117332.647670445     
 Abd=  1.9791098E+07
 Catch=   163961.165681119     
 Abd=   1956704.    
 Catch=   23117.2239844131     
 Abd=   16905.59    
 Catch=   50.5627401003168     
 Abd=   831015.9    
 Catch=   34165.9512678833     
 Abd=   1097372.    
 Catch=   55660.8047209038     
 Abd=   184192.7    
 Catch=   6528.99214353402     
 Abd=   7171.133    
 Catch=   154.454149781999     
 Abd=   8017620.    
 Catch=   163144.402987294     
 Abd=   1081794.    
 Catch=   18921.9601382236     
 Abd=  3.3673440E+07
 Catch=   373754.821375562     
 Abd=   6050872.    
 Catch=   18222.4963395575     
 Abd=   4542228.    
 Catch=   17724.0191337319     
 Abd=   1718424.    
 Catch=   232432.552494564     
 Abd=   1718424.    
 Catch=   232432.552494564     
 Abd=   50033.19    
 Catch=   8094.16972833721     
 Abd=  1.1415390E+07
 Catch=   35716.0612938700     
 Abd=   3858997.    
 Catch=   22599.4259958681     
 Abd=  3.7733674E+08
 Catch=   941652.317239301     
 Abd=  2.8381796E+07
 Catch=   118465.392687610     
 Abd=  3.7968664E+07
 Catch=   217664.991895877     
 Time step =         2103
 Abd=  2.9144264E+07
 Catch=   446003.185008609     
 Abd=   1375709.    
 Catch=   12559.4449909680     
 Abd=   975745.8    
 Catch=   33480.5464389509     
 Abd=   3116171.    
 Catch=   20662.6745483866     
 Abd=   328572.7    
 Catch=   6891.13729138476     
 Abd=   163.2798    
 Catch=  0.571046125384204     
 Abd=   165656.3    
 Catch=   479.154109620849     
 Abd=   629387.2    
 Catch=   35037.1276829855     
 Abd=   1018169.    
 Catch=   56954.0442115185     
 Abd=   456160.2    
 Catch=   2933.74652508708     
 Abd=   25529.54    
 Catch=   63.4714305600357     
 Abd=  1.7035506E+07
 Catch=   179866.411804584     
 Abd=  1.3138920E+07
 Catch=   127843.411981922     
 Abd=   1639203.    
 Catch=   37996.1392635591     
 Abd=   5705710.    
 Catch=   106673.203529945     
 Abd=   2008126.    
 Catch=   24949.0301691622     
 Abd=  1.2686136E+08
 Catch=   2609681.85867939     
 Abd=  1.8268756E+07
 Catch=   114868.300683501     
 Abd=  1.9746492E+07
 Catch=   163467.814176832     
 Abd=   1909694.    
 Catch=   22787.0832339696     
 Abd=   11200.35    
 Catch=   23.3415005046089     
 Abd=   775387.1    
 Catch=   33406.5752582929     
 Abd=   1036852.    
 Catch=   56265.4921483684     
 Abd=   191102.7    
 Catch=   6640.06129611180     
 Abd=   2588.739    
 Catch=   153.262169170617     
 Abd=   8069653.    
 Catch=   165130.614287854     
 Abd=   991948.2    
 Catch=   20414.9269215877     
 Abd=  3.3246960E+07
 Catch=   375008.539068013     
 Abd=   6035930.    
 Catch=   18230.4017361832     
 Abd=   4527396.    
 Catch=   17776.7269178182     
 Abd=   1763677.    
 Catch=   225356.620277610     
 Abd=   1763677.    
 Catch=   225356.620277610     
 Abd=   61401.89    
 Catch=   6744.01659150847     
 Abd=  1.1181151E+07
 Catch=   36302.7101476966     
 Abd=   3879233.    
 Catch=   22579.0785304974     
 Abd=  3.7728979E+08
 Catch=   940879.009138338     
 Abd=  2.8630850E+07
 Catch=   118545.915498871     
 Abd=  3.8171312E+07
 Catch=   216843.243263303     
 Time step =         2104
 Abd=  2.9312668E+07
 Catch=   454218.794469823     
 Abd=   1369841.    
 Catch=   12625.7108469756     
 Abd=   979588.1    
 Catch=   33791.4939079862     
 Abd=   3133613.    
 Catch=   20684.6048324157     
 Abd=   323746.8    
 Catch=   8562.91543001496     
 Abd=   163.5416    
 Catch=  0.575070043620746     
 Abd=   165544.9    
 Catch=   480.229836324472     
 Abd=   610416.2    
 Catch=   36074.5651487829     
 Abd=   982705.2    
 Catch=   58463.0413333705     
 Abd=   456886.3    
 Catch=   2957.19121954026     
 Abd=   25429.75    
 Catch=   63.1110435112577     
 Abd=  1.7132134E+07
 Catch=   180136.410345780     
 Abd=  1.3338273E+07
 Catch=   128789.252057780     
 Abd=   1669216.    
 Catch=   38627.3421839266     
 Abd=   5872091.    
 Catch=   110574.663081874     
 Abd=   2063026.    
 Catch=   24753.7506223235     
 Abd=  1.2325087E+08
 Catch=   2639297.68820220     
 Abd=  1.7880952E+07
 Catch=   115266.390019436     
 Abd=  1.9686650E+07
 Catch=   162774.118788399     
 Abd=   1882760.    
 Catch=   22930.7709647257     
 Abd=   5133.829    
 Catch=   22.0353269074972     
 Abd=   758583.3    
 Catch=   34400.1119379953     
 Abd=   1048752.    
 Catch=   56488.2844317295     
 Abd=   194309.1    
 Catch=   6467.57488133250     
 Abd=   2583.611    
 Catch=   254.490040278622     
 Abd=   8168508.    
 Catch=   165273.726036512     
 Abd=   1073043.    
 Catch=   19661.3840558430     
 Abd=  3.3368204E+07
 Catch=   376407.294185936     
 Abd=   6038880.    
 Catch=   18232.0901807008     
 Abd=   4541399.    
 Catch=   17772.8432272161     
 Abd=   1709480.    
 Catch=   265546.828285665     
 Abd=   1709480.    
 Catch=   265546.828285665     
 Abd=   51114.88    
 Catch=   6750.89510638450     
 Abd=  1.1373331E+07
 Catch=   35951.8584068876     
 Abd=   3875190.    
 Catch=   22748.2368958150     
 Abd=  3.7697421E+08
 Catch=   939652.081017030     
 Abd=  2.8646152E+07
 Catch=   118265.489454319     
 Abd=  3.8020248E+07
 Catch=   216064.337127494     
 Time step =         2105
 Abd=  2.9859152E+07
 Catch=   477636.537626929     
 Abd=   1377292.    
 Catch=   12676.6317016826     
 Abd=   988505.6    
 Catch=   33830.7227265708     
 Abd=   3136822.    
 Catch=   20617.4720050060     
 Abd=   403916.4    
 Catch=   8809.31426288762     
 Abd=   164.7113    
 Catch=  0.577470941137572     
 Abd=   165926.3    
 Catch=   481.051478391068     
 Abd=   628405.4    
 Catch=   36293.3359681636     
 Abd=   1008658.    
 Catch=   57850.4134737758     
 Abd=   460597.8    
 Catch=   3009.52970831977     
 Abd=   25284.45    
 Catch=   63.2172730183748     
 Abd=  1.7156330E+07
 Catch=   181290.170343817     
 Abd=  1.3435233E+07
 Catch=   129675.147856191     
 Abd=   1696891.    
 Catch=   39201.3761457589     
 Abd=   6087688.    
 Catch=   112406.316014938     
 Abd=   2045578.    
 Catch=   24807.1229539844     
 Abd=  1.2471272E+08
 Catch=   2676833.63096499     
 Abd=  1.7951792E+07
 Catch=   114483.324749735     
 Abd=  1.9602504E+07
 Catch=   165086.601871630     
 Abd=   1895249.    
 Catch=   23190.0504759912     
 Abd=   4916.888    
 Catch=   19.2321113300694     
 Abd=   781443.9    
 Catch=   35231.3920323496     
 Abd=   1051886.    
 Catch=   54280.0681284290     
 Abd=   189139.4    
 Catch=   6483.96484629074     
 Abd=   4310.849    
 Catch=   406.073363439088     
 Abd=   8173812.    
 Catch=   168553.905473263     
 Abd=   1031464.    
 Catch=   19934.7867594419     
 Abd=  3.3492038E+07
 Catch=   376960.250507166     
 Abd=   6039388.    
 Catch=   18246.0962089297     
 Abd=   4540112.    
 Catch=   17775.8323022609     
 Abd=   2015261.    
 Catch=   230988.942133785     
 Abd=   2015261.    
 Catch=   230988.942133785     
 Abd=   51180.71    
 Catch=   6634.29404022380     
 Abd=  1.1257610E+07
 Catch=   36158.8840695701     
 Abd=   3904967.    
 Catch=   23006.5060640210     
 Abd=  3.7648019E+08
 Catch=   940054.597981846     
 Abd=  2.8576216E+07
 Catch=   118279.361988352     
 Abd=  3.7883992E+07
 Catch=   216131.120323018     
 Time step =         2106
 Abd=  3.1416798E+07
 Catch=   501121.313795900     
 Abd=   1382809.    
 Catch=   12708.6480887599     
 Abd=   989585.8    
 Catch=   34494.4082011538     
 Abd=   3126358.    
 Catch=   20485.3959618836     
 Abd=   414061.5    
 Catch=   9804.01873782009     
 Abd=   165.3896    
 Catch=  0.578535229947776     
 Abd=   166207.2    
 Catch=   481.716015918285     
 Abd=   632114.8    
 Catch=   36675.5655964375     
 Abd=   997705.1    
 Catch=   59853.6867056345     
 Abd=   468840.2    
 Catch=   3067.02891964383     
 Abd=   25332.70    
 Catch=   63.6200277432998     
 Abd=  1.7267936E+07
 Catch=   182662.274894330     
 Abd=  1.3527534E+07
 Catch=   129881.913426056     
 Abd=   1722076.    
 Catch=   39178.8888724504     
 Abd=   6186390.    
 Catch=   110513.491417642     
 Abd=   2050304.    
 Catch=   24707.2458546814     
 Abd=  1.2648944E+08
 Catch=   2747164.87251727     
 Abd=  1.7826242E+07
 Catch=   116240.132956316     
 Abd=  1.9887986E+07
 Catch=   167523.046346702     
 Abd=   1916836.    
 Catch=   23232.8375704484     
 Abd=   4247.960    
 Catch=   17.1530730367309     
 Abd=   800227.9    
 Catch=   35706.7300321070     
 Abd=   1010582.    
 Catch=   54385.5740941779     
 Abd=   189679.7    
 Catch=   6491.14325735167     
 Abd=   6873.396    
 Catch=   352.764233755894     
 Abd=   8338861.    
 Catch=   171918.256453699     
 Abd=   1046563.    
 Catch=   19342.1733639281     
 Abd=  3.3539478E+07
 Catch=   373513.417536693     
 Abd=   6044120.    
 Catch=   18222.0681513406     
 Abd=   4540902.    
 Catch=   17753.1208662549     
 Abd=   1751642.    
 Catch=   233979.417546587     
 Abd=   1751642.    
 Catch=   233979.417546587     
 Abd=   50294.71    
 Catch=   6533.72930525484     
 Abd=  1.1325688E+07
 Catch=   36004.6430032212     
 Abd=   3949436.    
 Catch=   23152.4307699222     
 Abd=  3.7665594E+08
 Catch=   942594.708165080     
 Abd=  2.8581010E+07
 Catch=   118244.081366631     
 Abd=  3.7898272E+07
 Catch=   216712.995290744     
 Time step =         2107
 Abd=  3.2959432E+07
 Catch=   511387.628860463     
 Abd=   1386274.    
 Catch=   12452.7052695220     
 Abd=   1009366.    
 Catch=   32670.7508674730     
 Abd=   3106050.    
 Catch=   20452.7658222701     
 Abd=   461386.2    
 Catch=   8488.84684155431     
 Abd=   165.6867    
 Catch=  0.572757734768897     
 Abd=   166436.7    
 Catch=   478.631689728168     
 Abd=   638858.2    
 Catch=   33322.9258295359     
 Abd=   1032851.    
 Catch=   54191.3651654563     
 Abd=   477804.9    
 Catch=   3040.15607064844     
 Abd=   25494.53    
 Catch=   63.5775036835404     
 Abd=  1.7399048E+07
 Catch=   180368.339441667     
 Abd=  1.3548116E+07
 Catch=   128776.581812133     
 Abd=   1720627.    
 Catch=   38528.9569464584     
 Abd=   6078990.    
 Catch=   104001.002857809     
 Abd=   2041841.    
 Catch=   24384.7129944029     
 Abd=  1.2984574E+08
 Catch=   2557024.85089316     
 Abd=  1.8107404E+07
 Catch=   115617.640351465     
 Abd=  2.0181610E+07
 Catch=   166306.582276706     
 Abd=   1920088.    
 Catch=   22274.8497695560     
 Abd=   3754.249    
 Catch=   13.4842585565118     
 Abd=   810984.8    
 Catch=   32196.0986138720     
 Abd=   1013421.    
 Catch=   53556.2215500363     
 Abd=   189919.2    
 Catch=   6580.56256016859     
 Abd=   5923.904    
 Catch=   97.7635762422651     
 Abd=   8505822.    
 Catch=   164278.771323535     
 Abd=   1014878.    
 Catch=   19568.8024872621     
 Abd=  3.3227578E+07
 Catch=   373839.148888587     
 Abd=   6035907.    
 Catch=   18215.9649357937     
 Abd=   4535047.    
 Catch=   17646.4840741014     
 Abd=   1774819.    
 Catch=   226926.527399703     
 Abd=   1774819.    
 Catch=   226926.527399703     
 Abd=   49534.06    
 Catch=   6543.91726362508     
 Abd=  1.1275198E+07
 Catch=   34828.1121589472     
 Abd=   3974163.    
 Catch=   22988.3770625691     
 Abd=  3.7768883E+08
 Catch=   945599.129834105     
 Abd=  2.8572480E+07
 Catch=   118626.641358895     
 Abd=  3.8002848E+07
 Catch=   216487.832952233     
 Time step =         2108
 Abd=  3.3619352E+07
 Catch=   513474.567120282     
 Abd=   1357812.    
 Catch=   12470.7218690397     
 Abd=   955173.8    
 Catch=   33305.0450061722     
 Abd=   3101373.    
 Catch=   20716.4214659050     
 Abd=   398011.7    
 Catch=   8353.50542265108     
 Abd=   163.9950    
 Catch=  0.567386707882579     
 Abd=   165346.3    
 Catch=   477.619878755816     
 Abd=   580077.9    
 Catch=   34794.8710008431     
 Abd=   934193.0    
 Catch=   58016.4469521950     
 Abd=   473354.9    
 Catch=   3042.75770739464     
 Abd=   25473.86    
 Catch=   62.9996921158258     
 Abd=  1.7174246E+07
 Catch=   182319.936477398     
 Abd=  1.3430914E+07
 Catch=   127900.035152875     
 Abd=   1691631.    
 Catch=   37892.5548685211     
 Abd=   5716911.    
 Catch=   107401.315745805     
 Abd=   2015212.    
 Catch=   25183.4624479235     
 Abd=  1.2068736E+08
 Catch=   2561046.15941945     
 Abd=  1.8003124E+07
 Catch=   113739.167207020     
 Abd=  2.0026678E+07
 Catch=   165306.395222468     
 Abd=   1839545.    
 Catch=   22448.0830445932     
 Abd=   2968.788    
 Catch=   9.91958217543897     
 Abd=   730450.4    
 Catch=   32985.1324656837     
 Abd=   997694.1    
 Catch=   56604.9285017439     
 Abd=   192557.7    
 Catch=   6575.08695639935     
 Abd=   1635.966    
 Catch=   163.366220810566     
 Abd=   8119154.    
 Catch=   172822.222628785     
 Abd=   1027400.    
 Catch=   19639.1946513520     
 Abd=  3.3263400E+07
 Catch=   376168.183296866     
 Abd=   6034002.    
 Catch=   18263.8370441122     
 Abd=   4507433.    
 Catch=   17589.7986282744     
 Abd=   1721182.    
 Catch=   184804.077899142     
 Abd=   1721182.    
 Catch=   184804.077899142     
 Abd=   49610.69    
 Catch=   7232.96346529469     
 Abd=  1.0900829E+07
 Catch=   35553.1498555639     
 Abd=   3944993.    
 Catch=   22769.3702321944     
 Abd=  3.7889638E+08
 Catch=   943518.325680137     
 Abd=  2.8666694E+07
 Catch=   118886.431115375     
 Abd=  3.7960384E+07
 Catch=   215158.992035622     
 Time step =         2109
 Abd=  3.3745232E+07
 Catch=   489973.742307407     
 Abd=   1360314.    
 Catch=   12574.5282916116     
 Abd=   974617.6    
 Catch=   33990.7129416407     
 Abd=   3142228.    
 Catch=   20615.5515215310     
 Abd=   392534.2    
 Catch=   9559.96345314108     
 Abd=   162.4603    
 Catch=  0.561893578005352     
 Abd=   165012.4    
 Catch=   478.838322048418     
 Abd=   606368.6    
 Catch=   37101.2078847510     
 Abd=   1001530.    
 Catch=   59302.1095037867     
 Abd=   473880.0    
 Catch=   3070.61194461367     
 Abd=   25238.77    
 Catch=   62.9511563736127     
 Abd=  1.7367490E+07
 Catch=   180916.766913106     
 Abd=  1.3340191E+07
 Catch=   128215.803383675     
 Abd=   1663818.    
 Catch=   37909.3994248304     
 Abd=   5913224.    
 Catch=   110030.986785424     
 Abd=   2082616.    
 Catch=   25111.2054356837     
 Abd=  1.2101905E+08
 Catch=   2634281.36233974     
 Abd=  1.7707728E+07
 Catch=   115603.781115896     
 Abd=  1.9907294E+07
 Catch=   165991.590553005     
 Abd=   1855463.    
 Catch=   22944.0700718206     
 Abd=   2182.133    
 Catch=   10.6983679329567     
 Abd=   749458.0    
 Catch=   35353.4157599091     
 Abd=   1055312.    
 Catch=   56000.8170509369     
 Abd=   192364.3    
 Catch=   6420.70898582991     
 Abd=   2778.651    
 Catch=   352.071749905777     
 Abd=   8555133.    
 Catch=   166014.110517917     
 Abd=   1031074.    
 Catch=   18886.9048521505     
 Abd=  3.3473652E+07
 Catch=   378405.069913031     
 Abd=   6050220.    
 Catch=   18254.1716993596     
 Abd=   4493142.    
 Catch=   17523.6093308574     
 Abd=   1401964.    
 Catch=   212464.849380960     
 Abd=   1401964.    
 Catch=   212464.849380960     
 Abd=   54849.89    
 Catch=   6569.06722421352     
 Abd=  1.1139644E+07
 Catch=   35295.7264944274     
 Abd=   3907398.    
 Catch=   22610.8901876766     
 Abd=  3.7802746E+08
 Catch=   943355.474966928     
 Abd=  2.8728406E+07
 Catch=   118557.590303777     
 Abd=  3.7724180E+07
 Catch=   214823.930856049     
 Time step =         2110
 Abd=  3.2183464E+07
 Catch=   451107.419275479     
 Abd=   1371785.    
 Catch=   12546.4889769732     
 Abd=   994541.8    
 Catch=   33499.5445497392     
 Abd=   3125984.    
 Catch=   20536.8486754268     
 Abd=   450127.4    
 Catch=   9662.20122236334     
 Abd=   160.8837    
 Catch=  0.560931261122282     
 Abd=   165447.0    
 Catch=   478.662238033422     
 Abd=   646604.9    
 Catch=   35644.6470774185     
 Abd=   1023160.    
 Catch=   57245.2953080478     
 Abd=   478269.2    
 Catch=   3085.31757625249     
 Abd=   25223.04    
 Catch=   63.2825918018603     
 Abd=  1.7227940E+07
 Catch=   178543.287389556     
 Abd=  1.3374732E+07
 Catch=   128888.224726018     
 Abd=   1664960.    
 Catch=   37907.1060749008     
 Abd=   6056712.    
 Catch=   109054.135441549     
 Abd=   2075302.    
 Catch=   24884.3462551207     
 Abd=  1.2451033E+08
 Catch=   2604391.86079811     
 Abd=  1.8008740E+07
 Catch=   115343.791861927     
 Abd=  1.9993308E+07
 Catch=   167794.411932613     
 Abd=   1896880.    
 Catch=   22842.1314557591     
 Abd=   2363.922    
 Catch=   11.4716015014016     
 Abd=   803489.1    
 Catch=   34132.3719992742     
 Abd=   1043008.    
 Catch=   53078.2050569082     
 Abd=   187762.8    
 Catch=   6350.72582611289     
 Abd=   5987.193    
 Catch=   222.296890089965     
 Abd=   8205672.    
 Catch=   163441.046872353     
 Abd=   990848.1    
 Catch=   18505.0284901808     
 Abd=  3.3671344E+07
 Catch=   378589.876757878     
 Abd=   6046634.    
 Catch=   18258.6101615347     
 Abd=   4476135.    
 Catch=   17617.7658322949     
 Abd=   1612696.    
 Catch=   228375.531468693     
 Abd=   1612696.    
 Catch=   228375.531468693     
 Abd=   49794.90    
 Catch=   6285.79764800986     
 Abd=  1.1052595E+07
 Catch=   35618.1673727633     
 Abd=   3880354.    
 Catch=   22523.3293801011     
 Abd=  3.7797530E+08
 Catch=   942692.009486455     
 Abd=  2.8646592E+07
 Catch=   118119.492787758     
 Abd=  3.7667604E+07
 Catch=   215394.394231000     
 Time step =         2111
 Abd=  2.9627528E+07
 Catch=   427694.953052135     
 Abd=   1368452.    
 Catch=   12657.5198118381     
 Abd=   979650.4    
 Catch=   34688.9602762204     
 Abd=   3113969.    
 Catch=   20603.3008361832     
 Abd=   454111.3    
 Catch=   9269.95019621415     
 Abd=   160.6342    
 Catch=  0.558737857879047     
 Abd=   165373.5    
 Catch=   478.643187081824     
 Abd=   620501.6    
 Catch=   37675.9797622837     
 Abd=   987051.8    
 Catch=   60210.2091798709     
 Abd=   480520.2    
 Catch=   3104.19513207599     
 Abd=   25358.60    
 Catch=   62.5660289943403     
 Abd=  1.7000334E+07
 Catch=   179644.171925216     
 Abd=  1.3445068E+07
 Catch=   128155.241059172     
 Abd=   1664796.    
 Catch=   37653.1526228134     
 Abd=   5999840.    
 Catch=   113731.013259292     
 Abd=   2056262.    
 Catch=   24887.1227901444     
 Abd=  1.2301808E+08
 Catch=   2678301.89144098     
 Abd=  1.7961736E+07
 Catch=   116076.356594129     
 Abd=  2.0213052E+07
 Catch=   167582.179169705     
 Abd=   1887540.    
 Catch=   23200.5113297131     
 Abd=   2518.511    
 Catch=   12.6210198556805     
 Abd=   774781.2    
 Catch=   35226.6386463179     
 Abd=   987915.6    
 Catch=   55815.4935467884     
 Abd=   185738.5    
 Catch=   6460.77502378811     
 Abd=   3725.287    
 Catch=   286.685410397667     
 Abd=   8081204.    
 Catch=   165897.832697826     
 Abd=   971033.2    
 Catch=   19937.1898455375     
 Abd=  3.3684160E+07
 Catch=   379462.168713340     
 Abd=   6048207.    
 Catch=   18273.7792771664     
 Abd=   4500982.    
 Catch=   17699.8216829934     
 Abd=   1733009.    
 Catch=   260352.649786551     
 Abd=   1733009.    
 Catch=   260352.649786551     
 Abd=   47649.05    
 Catch=   6624.28038272108     
 Abd=  1.1157012E+07
 Catch=   35451.9950920769     
 Abd=   3865609.    
 Catch=   22604.4941572928     
 Abd=  3.7770400E+08
 Catch=   942372.589324110     
 Abd=  2.8540228E+07
 Catch=   118138.647260360     
 Abd=  3.7770712E+07
 Catch=   215229.616036489     
 Time step =         2112
 Abd=  2.8085108E+07
 Catch=   419533.375461212     
 Abd=   1380854.    
 Catch=   12673.2927331730     
 Abd=   1015137.    
 Catch=   34258.3650839004     
 Abd=   3124573.    
 Catch=   20258.5876586470     
 Abd=   435198.4    
 Catch=   8732.86940905224     
 Abd=   159.9995    
 Catch=  0.553374936276245     
 Abd=   165371.0    
 Catch=   479.723477806872     
 Abd=   656446.2    
 Catch=   36862.7182780130     
 Abd=   1039017.    
 Catch=   60399.3605777550     
 Abd=   483471.9    
 Catch=   3109.22654551420     
 Abd=   25064.29    
 Catch=   62.2392431189814     
 Abd=  1.7110948E+07
 Catch=   177339.944401270     
 Abd=  1.3366418E+07
 Catch=   128863.776732844     
 Abd=   1653484.    
 Catch=   37927.1625118476     
 Abd=   6262129.    
 Catch=   108350.978006479     
 Abd=   2056832.    
 Catch=   24823.8975884964     
 Abd=  1.2658834E+08
 Catch=   2705988.42724104     
 Abd=  1.8078546E+07
 Catch=   117117.228502397     
 Abd=  2.0182812E+07
 Catch=   168103.555406799     
 Abd=   1917868.    
 Catch=   23162.8885591811     
 Abd=   2772.792    
 Catch=   13.9233172116674     
 Abd=   800220.8    
 Catch=   35798.6428588024     
 Abd=   1039994.    
 Catch=   54684.9985399256     
 Abd=   189050.8    
 Catch=   6474.84584147936     
 Abd=   4835.793    
 Catch=   301.212644541749     
 Abd=   8206232.    
 Catch=   160098.646185921     
 Abd=   1047791.    
 Catch=   19252.0993682054     
 Abd=  3.3762692E+07
 Catch=   374540.840312477     
 Abd=   6053304.    
 Catch=   18275.3352915984     
 Abd=   4521884.    
 Catch=   17596.6193487297     
 Abd=   1976104.    
 Catch=   215990.691012965     
 Abd=   1976104.    
 Catch=   215990.691012965     
 Abd=   50227.45    
 Catch=   6830.86846034052     
 Abd=  1.1102039E+07
 Catch=   35402.6932851287     
 Abd=   3879919.    
 Catch=   22738.1214293632     
 Abd=  3.7757686E+08
 Catch=   946005.547907837     
 Abd=  2.8546948E+07
 Catch=   117957.669319065     
 Abd=  3.7739816E+07
 Catch=   216727.372458928     
 Time step =         2113
 Abd=  2.7561988E+07
 Catch=   414830.326076683     
 Abd=   1382390.    
 Catch=   12557.5964362706     
 Abd=   1002012.    
 Catch=   34470.3367551209     
 Abd=   3071347.    
 Catch=   20051.5311982298     
 Abd=   409899.0    
 Catch=   8401.09585319260     
 Abd=   158.4476    
 Catch=  0.550005480420777     
 Abd=   165751.3    
 Catch=   478.794321381255     
 Abd=   641964.2    
 Catch=   35755.0713611018     
 Abd=   1042046.    
 Catch=   56493.3645350077     
 Abd=   484214.2    
 Catch=   3158.63356489972     
 Abd=   24935.78    
 Catch=   62.1701406307287     
 Abd=  1.6885750E+07
 Catch=   180500.978070722     
 Abd=  1.3442773E+07
 Catch=   128679.932511128     
 Abd=   1665881.    
 Catch=   37820.7345776116     
 Abd=   5957544.    
 Catch=   101049.150955819     
 Abd=   2051486.    
 Catch=   24632.0709501220     
 Abd=  1.2787810E+08
 Catch=   2626417.45137571     
 Abd=  1.8241720E+07
 Catch=   118672.436647308     
 Abd=  2.0247452E+07
 Catch=   169873.096945232     
 Abd=   1914210.    
 Catch=   22599.9774434744     
 Abd=   3058.908    
 Catch=   15.1854775451228     
 Abd=   813157.4    
 Catch=   33866.7959675364     
 Abd=   1018877.    
 Catch=   55386.6968340641     
 Abd=   189416.4    
 Catch=   6815.41257510426     
 Abd=   5077.924    
 Catch=   118.886361314883     
 Abd=   7913662.    
 Catch=   169949.872038331     
 Abd=   1010107.    
 Catch=   20602.5581691603     
 Abd=  3.3317780E+07
 Catch=   374150.183402115     
 Abd=   6053721.    
 Catch=   18267.4523468450     
 Abd=   4494726.    
 Catch=   17475.5045393165     
 Abd=   1637900.    
 Catch=   250133.969427697     
 Abd=   1637900.    
 Catch=   250133.969427697     
 Abd=   51790.20    
 Catch=   6654.65235203611     
 Abd=  1.1087237E+07
 Catch=   34925.1309175296     
 Abd=   3903092.    
 Catch=   22660.2157606840     
 Abd=  3.7906522E+08
 Catch=   945282.437886603     
 Abd=  2.8502358E+07
 Catch=   118327.473547290     
 Abd=  3.8008028E+07
 Catch=   217455.870486595     
 Time step =         2114
 Abd=  2.7256760E+07
 Catch=   416183.625736161     
 Abd=   1369532.    
 Catch=   12645.5601659623     
 Abd=   1008571.    
 Catch=   35167.9560619449     
 Abd=   3040070.    
 Catch=   20209.0462600913     
 Abd=   394445.0    
 Catch=   9299.78101684003     
 Abd=   157.4932    
 Catch=  0.545073074105298     
 Abd=   165417.3    
 Catch=   478.365354051416     
 Abd=   623005.6    
 Catch=   37874.6153621277     
 Abd=   974360.1    
 Catch=   60803.6933225989     
 Abd=   492042.3    
 Catch=   3161.19836207719     
 Abd=   24910.00    
 Catch=   62.0149557536141     
 Abd=  1.7196548E+07
 Catch=   178612.666657251     
 Abd=  1.3422344E+07
 Catch=   128291.023359005     
 Abd=   1660952.    
 Catch=   36792.9233117449     
 Abd=   5554562.    
 Catch=   108594.557979864     
 Abd=   2035521.    
 Catch=   24996.3981430688     
 Abd=  1.2404067E+08
 Catch=   2685532.00672517     
 Abd=  1.8485136E+07
 Catch=   119019.551006630     
 Abd=  2.0463496E+07
 Catch=   168523.522202872     
 Abd=   1866975.    
 Catch=   22974.4435600005     
 Abd=   3335.532    
 Catch=   16.6928147806271     
 Abd=   768813.2    
 Catch=   35032.9634246235     
 Abd=   1032713.    
 Catch=   60578.2814900746     
 Abd=   199508.6    
 Catch=   6865.80920721386     
 Abd=   1997.909    
 Catch=   217.565303330448     
 Abd=   8413662.    
 Catch=   160977.630866610     
 Abd=   1082806.    
 Catch=   21163.8905581838     
 Abd=  3.3289232E+07
 Catch=   376192.025727169     
 Abd=   6051027.    
 Catch=   18267.1799205931     
 Abd=   4463556.    
 Catch=   17509.5760922058     
 Abd=   1898890.    
 Catch=   232588.391331502     
 Abd=   1898890.    
 Catch=   232588.391331502     
 Abd=   50450.68    
 Catch=   6844.65618403393     
 Abd=  1.0935074E+07
 Catch=   35449.8815698417     
 Abd=   3889142.    
 Catch=   22696.1643512902     
 Abd=  3.7873933E+08
 Catch=   945696.150820816     
 Abd=  2.8594352E+07
 Catch=   119015.369997856     
 Abd=  3.8133344E+07
 Catch=   217572.869040587     
 Time step =         2115
 Abd=  2.7352450E+07
 Catch=   422047.818985252     
 Abd=   1379516.    
 Catch=   12694.5946388827     
 Abd=   1029029.    
 Catch=   34808.0488406852     
 Abd=   3064951.    
 Catch=   20243.6148592888     
 Abd=   437798.8    
 Catch=   7691.91896153565     
 Abd=   156.0709    
 Catch=  0.546579594370235     
 Abd=   165273.2    
 Catch=   477.961513631050     
 Abd=   660077.7    
 Catch=   37220.3839904293     
 Abd=   1049664.    
 Catch=   60001.7801835412     
 Abd=   492302.2    
 Catch=   3212.53734830995     
 Abd=   24846.90    
 Catch=   61.9708325859290     
 Abd=  1.7007666E+07
 Catch=   179704.269963215     
 Abd=  1.3381325E+07
 Catch=   130162.213399849     
 Abd=   1615299.    
 Catch=   37396.4110499174     
 Abd=   5982630.    
 Catch=   108747.377802629     
 Abd=   2066483.    
 Catch=   25110.4557403947     
 Abd=  1.2692884E+08
 Catch=   2679935.82886656     
 Abd=  1.8535674E+07
 Catch=   117713.009289050     
 Abd=  2.0293982E+07
 Catch=   168111.874569781     
 Abd=   1899250.    
 Catch=   23125.2467679520     
 Abd=   3670.022    
 Catch=   18.4933451692577     
 Abd=   795978.1    
 Catch=   34878.5399566281     
 Abd=   1129583.    
 Catch=   58446.4950649699     
 Abd=   200874.5    
 Catch=   6647.30937778788     
 Abd=   3696.796    
 Catch=   257.721883758527     
 Abd=   7955456.    
 Catch=   166373.354079748     
 Abd=   1111501.    
 Catch=   20013.7503228631     
 Abd=  3.3474456E+07
 Catch=   377575.209564348     
 Abd=   6050996.    
 Catch=   18250.8049237462     
 Abd=   4473104.    
 Catch=   17709.6122047636     
 Abd=   1764384.    
 Catch=   248857.667262994     
 Abd=   1764384.    
 Catch=   248857.667262994     
 Abd=   51892.98    
 Catch=   6576.66499625242     
 Abd=  1.1105774E+07
 Catch=   35500.7898098842     
 Abd=   3895081.    
 Catch=   22511.6242723660     
 Abd=  3.7891322E+08
 Catch=   943929.363645027     
 Abd=  2.8761970E+07
 Catch=   118687.771837038     
 Abd=  3.8151688E+07
 Catch=   217946.182705748     
 Time step =         2116
 Abd=  2.7741828E+07
 Catch=   427510.903411685     
 Abd=   1384762.    
 Catch=   12731.5640465201     
 Abd=   1017956.    
 Catch=   34710.6929618558     
 Abd=   3069814.    
 Catch=   20373.4678077727     
 Abd=   360580.7    
 Catch=   9002.75679476571     
 Abd=   156.5387    
 Catch=  0.541981342208720     
 Abd=   165132.4    
 Catch=   477.187793722745     
 Abd=   648094.6    
 Catch=   36803.6832979044     
 Abd=   1034802.    
 Catch=   58186.1255628744     
 Abd=   500448.2    
 Catch=   3229.39940799375     
 Abd=   24830.31    
 Catch=   61.8217540633620     
 Abd=  1.7116648E+07
 Catch=   183853.695216677     
 Abd=  1.3580220E+07
 Catch=   131699.399848237     
 Abd=   1642834.    
 Catch=   38032.9293533866     
 Abd=   5983598.    
 Catch=   107972.479844741     
 Abd=   2075503.    
 Catch=   25443.0467102208     
 Abd=  1.2660563E+08
 Catch=   2681559.29700994     
 Abd=  1.8327840E+07
 Catch=   118345.614852215     
 Abd=  2.0246440E+07
 Catch=   169232.225912950     
 Abd=   1911313.    
 Catch=   23110.4180427069     
 Abd=   4067.223    
 Catch=   20.5085997928274     
 Abd=   791942.0    
 Catch=   34943.6902293487     
 Abd=   1087878.    
 Catch=   55982.8183870699     
 Abd=   194385.0    
 Catch=   6852.53157587801     
 Abd=   4355.543    
 Catch=   295.115981496682     
 Abd=   8232778.    
 Catch=   174513.502637880     
 Abd=   1049607.    
 Catch=   18688.3873106950     
 Abd=  3.3595756E+07
 Catch=   379203.004966184     
 Abd=   6045470.    
 Catch=   18244.3174602532     
 Abd=   4525010.    
 Catch=   17807.9631347207     
 Abd=   1887755.    
 Catch=   239338.210001665     
 Abd=   1887755.    
 Catch=   239338.210001665     
 Abd=   49853.94    
 Catch=   8369.07675094435     
 Abd=  1.1118632E+07
 Catch=   35486.0172193333     
 Abd=   3863135.    
 Catch=   22261.3113851756     
 Abd=  3.7819011E+08
 Catch=   943070.948497659     
 Abd=  2.8678048E+07
 Catch=   119303.671935043     
 Abd=  3.8217584E+07
 Catch=   217624.576510756     
 Time step =         2117
 Abd=  2.8101238E+07
 Catch=   435538.735908074     
 Abd=   1388776.    
 Catch=   12702.5523822155     
 Abd=   1015250.    
 Catch=   33875.2269191407     
 Abd=   3089768.    
 Catch=   20291.6093572300     
 Abd=   424121.7    
 Catch=   10048.6284238040     
 Abd=   155.1860    
 Catch=  0.542128186549764     
 Abd=   164862.4    
 Catch=   476.731929542540     
 Abd=   640842.6    
 Catch=   37049.0650057489     
 Abd=   1003282.    
 Catch=   58891.8421197131     
 Abd=   502976.6    
 Catch=   3173.89035736848     
 Abd=   24769.54    
 Catch=   61.6485472978372     
 Abd=  1.7517726E+07
 Catch=   181084.982794120     
 Abd=  1.3740016E+07
 Catch=   128217.819362409     
 Abd=   1670785.    
 Catch=   36984.0260876981     
 Abd=   5940692.    
 Catch=   109629.244508566     
 Abd=   2103278.    
 Catch=   24161.2715182275     
 Abd=  1.2668651E+08
 Catch=   2705125.85024069     
 Abd=  1.8431652E+07
 Catch=   119605.392691871     
 Abd=  2.0384894E+07
 Catch=   168183.009478717     
 Abd=   1909847.    
 Catch=   23168.8955547174     
 Abd=   4508.065    
 Catch=   22.7195767299919     
 Abd=   793528.8    
 Catch=   35182.3053175425     
 Abd=   1042059.    
 Catch=   55967.7164494300     
 Abd=   200560.6    
 Catch=   6726.07888181691     
 Abd=   4960.710    
 Catch=   261.260494324427     
 Abd=   8638727.    
 Catch=   169486.470688786     
 Abd=   979893.8    
 Catch=   18903.2967932470     
 Abd=  3.3740912E+07
 Catch=   376130.037235824     
 Abd=   6043424.    
 Catch=   18234.0779437490     
 Abd=   4549604.    
 Catch=   17897.1465818975     
 Abd=   1815212.    
 Catch=   222921.931549953     
 Abd=   1815212.    
 Catch=   222921.931549953     
 Abd=   63491.91    
 Catch=   6272.84930203416     
 Abd=  1.1113834E+07
 Catch=   34034.0912062318     
 Abd=   3820443.    
 Catch=   22340.9829747577     
 Abd=  3.7785331E+08
 Catch=   946142.598730250     
 Abd=  2.8831752E+07
 Catch=   119053.899428408     
 Abd=  3.8159288E+07
 Catch=   218483.764288407     
 Time step =         2118
 Abd=  2.8631108E+07
 Catch=   436215.578323631     
 Abd=   1385492.    
 Catch=   12732.6559911936     
 Abd=   990683.6    
 Catch=   34917.6565937203     
 Abd=   3076899.    
 Catch=   20222.1778966710     
 Abd=   472990.0    
 Catch=   9292.87150885089     
 Abd=   155.2556    
 Catch=  0.539725841436928     
 Abd=   164706.2    
 Catch=   477.428501918119     
 Abd=   645343.1    
 Catch=   37823.4356330763     
 Abd=   1016047.    
 Catch=   59890.6077447458     
 Abd=   494126.2    
 Catch=   3127.44235792809     
 Abd=   24700.13    
 Catch=   61.7738037910888     
 Abd=  1.7242244E+07
 Catch=   176319.979391014     
 Abd=  1.3368683E+07
 Catch=   128404.908579073     
 Abd=   1623570.    
 Catch=   37601.9718283199     
 Abd=   6034183.    
 Catch=   110220.624638583     
 Abd=   1995370.    
 Catch=   24271.4223734528     
 Abd=  1.2782963E+08
 Catch=   2744280.43126552     
 Abd=  1.8630080E+07
 Catch=   119867.135952021     
 Abd=  2.0253328E+07
 Catch=   168249.739471638     
 Abd=   1914822.    
 Catch=   23246.5410768989     
 Abd=   4994.819    
 Catch=   25.0781148958953     
 Abd=   799156.6    
 Catch=   35420.0032806352     
 Abd=   1042855.    
 Catch=   62536.7633136537     
 Abd=   196735.0    
 Catch=   6598.25784757016     
 Abd=   4386.894    
 Catch=   192.735646102689     
 Abd=   8379376.    
 Catch=   157321.944135059     
 Abd=   992484.0    
 Catch=   19603.6010235249     
 Abd=  3.3460844E+07
 Catch=   377629.698983033     
 Abd=   6039968.    
 Catch=   18250.0598194418     
 Abd=   4572308.    
 Catch=   17893.5677022845     
 Abd=   1690888.    
 Catch=   215885.670116555     
 Abd=   1690888.    
 Catch=   215885.670116555     
 Abd=   47538.41    
 Catch=   5610.90826383119     
 Abd=  1.0650350E+07
 Catch=   33915.0446446608     
 Abd=   3835034.    
 Catch=   22700.7297255093     
 Abd=  3.7911578E+08
 Catch=   946892.064021687     
 Abd=  2.8766868E+07
 Catch=   117697.240028726     
 Abd=  3.8314040E+07
 Catch=   220136.986061983     
 Time step =         2119
 Abd=  2.8667480E+07
 Catch=   437704.644192571     
 Abd=   1388884.    
 Catch=   12772.1447350680     
 Abd=   1021774.    
 Catch=   35080.2073247254     
 Abd=   3066239.    
 Catch=   20301.6136205997     
 Abd=   436055.4    
 Catch=   9386.00020067397     
 Abd=   154.5545    
 Catch=  0.541662294751337     
 Abd=   164954.9    
 Catch=   478.216188789292     
 Abd=   658967.1    
 Catch=   38135.7310876634     
 Abd=   1033278.    
 Catch=   61896.8488730063     
 Abd=   486948.1    
 Catch=   3074.63547293935     
 Abd=   24754.16    
 Catch=   62.1193504290966     
 Abd=  1.6784588E+07
 Catch=   177447.312407126     
 Abd=  1.3393830E+07
 Catch=   127536.142747218     
 Abd=   1651826.    
 Catch=   37309.4618606331     
 Abd=   6065020.    
 Catch=   113623.557645188     
 Abd=   2006132.    
 Catch=   24653.2742882762     
 Abd=  1.2968147E+08
 Catch=   2740311.81853913     
 Abd=  1.8667516E+07
 Catch=   119160.871157247     
 Abd=  2.0264208E+07
 Catch=   169325.858558768     
 Abd=   1921242.    
 Catch=   23346.1655717360     
 Abd=   5510.553    
 Catch=   27.8043660398672     
 Abd=   804368.4    
 Catch=   34819.0669352332     
 Abd=   1166265.    
 Catch=   64210.0784319078     
 Abd=   192987.4    
 Catch=   6642.32071669020     
 Abd=   3233.046    
 Catch=   291.948269886951     
 Abd=   7771539.    
 Catch=   164468.412796668     
 Abd=   1029615.    
 Catch=   21770.9556789192     
 Abd=  3.3601144E+07
 Catch=   378689.388643315     
 Abd=   6045442.    
 Catch=   18240.5360951775     
 Abd=   4570955.    
 Catch=   17940.4540612359     
 Abd=   1637587.    
 Catch=   210604.490197662     
 Abd=   1637587.    
 Catch=   210604.490197662     
 Abd=   42527.91    
 Catch=   6193.60139611728     
 Abd=  1.0621636E+07
 Catch=   34586.7538831179     
 Abd=   3897321.    
 Catch=   22819.6973864724     
 Abd=  3.7939466E+08
 Catch=   945648.229532478     
 Abd=  2.8434548E+07
 Catch=   117377.008845954     
 Abd=  3.8606280E+07
 Catch=   220049.709136914     
 Time step =         2120
 Abd=  2.8765656E+07
 Catch=   439155.850467115     
 Abd=   1393223.    
 Catch=   12830.5966161653     
 Abd=   1026263.    
 Catch=   35068.9750933012     
 Abd=   3078777.    
 Catch=   20641.5111686528     
 Abd=   441125.4    
 Catch=   10482.0135571233     
 Abd=   155.1322    
 Catch=  0.537123284557363     
 Abd=   165229.3    
 Catch=   478.708218493406     
 Abd=   664335.5    
 Catch=   38321.1420479137     
 Abd=   1068192.    
 Catch=   59978.2879991970     
 Abd=   478706.8    
 Catch=   3029.69282147792     
 Abd=   24892.90    
 Catch=   62.3219715627323     
 Abd=  1.6902092E+07
 Catch=   173741.673360441     
 Abd=  1.3301831E+07
 Catch=   129191.821499178     
 Abd=   1638582.    
 Catch=   38655.9434765901     
 Abd=   6255214.    
 Catch=   113198.074606494     
 Abd=   2038128.    
 Catch=   24731.8644067794     
 Abd=  1.2946872E+08
 Catch=   2792559.96157619     
 Abd=  1.8554528E+07
 Catch=   120712.066822478     
 Abd=  2.0395638E+07
 Catch=   167672.663085752     
 Abd=   1929562.    
 Catch=   23596.0567322315     
 Abd=   6112.129    
 Catch=   30.7792512949009     
 Abd=   790650.8    
 Catch=   35939.1680953918     
 Abd=   1196627.    
 Catch=   61051.3285527345     
 Abd=   194333.9    
 Catch=   6506.74044519027     
 Abd=   4931.691    
 Catch=   336.632220135256     
 Abd=   8140046.    
 Catch=   153510.363760728     
 Abd=   1144809.    
 Catch=   21204.5560355617     
 Abd=  3.3694960E+07
 Catch=   377849.866359646     
 Abd=   6042140.    
 Catch=   18218.7239185921     
 Abd=   4583211.    
 Catch=   17956.4113568094     
 Abd=   1597718.    
 Catch=   216790.874658991     
 Abd=   1597718.    
 Catch=   216790.874658991     
 Abd=   46962.63    
 Catch=   6380.49889964669     
 Abd=  1.0836451E+07
 Catch=   35063.2318685495     
 Abd=   3916692.    
 Catch=   23044.7631832038     
 Abd=  3.7888170E+08
 Catch=   949474.102217281     
 Abd=  2.8361572E+07
 Catch=   116932.446378565     
 Abd=  3.8585528E+07
 Catch=   220322.290108996     
 Time step =         2121
 Abd=  2.8861312E+07
 Catch=   431263.620786157     
 Abd=   1399618.    
 Catch=   12724.0440764597     
 Abd=   1025811.    
 Catch=   33775.8486804833     
 Abd=   3131084.    
 Catch=   20601.2114041672     
 Abd=   493313.6    
 Catch=   9663.23231445564     
 Abd=   153.7951    
 Catch=  0.535925228906029     
 Abd=   165397.3    
 Catch=   478.290992958933     
 Abd=   667451.1    
 Catch=   36072.2398589792     
 Abd=   1034291.    
 Catch=   58085.4236577538     
 Abd=   471679.5    
 Catch=   2988.48854793879     
 Abd=   24972.89    
 Catch=   62.0733104636257     
 Abd=  1.6540744E+07
 Catch=   174706.492244471     
 Abd=  1.3478767E+07
 Catch=   128375.688563144     
 Abd=   1698688.    
 Catch=   38473.7876076774     
 Abd=   6227987.    
 Catch=   108267.008855115     
 Abd=   2044208.    
 Catch=   24694.6926914901     
 Abd=  1.3197077E+08
 Catch=   2738012.76257917     
 Abd=  1.8803036E+07
 Catch=   121093.322387663     
 Abd=  2.0190520E+07
 Catch=   165839.986686997     
 Abd=   1950391.    
 Catch=   23150.3483388864     
 Abd=   6762.483    
 Catch=   33.9787889626092     
 Abd=   816443.1    
 Catch=   34194.0819123648     
 Abd=   1136555.    
 Catch=   59040.2755980967     
 Abd=   190297.2    
 Catch=   6553.50584200172     
 Abd=   5669.509    
 Catch=   200.581355718161     
 Abd=   7584613.    
 Catch=   157170.404230313     
 Abd=   1112534.    
 Catch=   19544.7559363375     
 Abd=  3.3616512E+07
 Catch=   371763.090655671     
 Abd=   6034807.    
 Catch=   18198.8179511070     
 Abd=   4587150.    
 Catch=   18050.0303237531     
 Abd=   1644398.    
 Catch=   231168.377600197     
 Abd=   1644398.    
 Catch=   231168.377600197     
 Abd=   48373.61    
 Catch=   6767.62456832537     
 Abd=  1.0984224E+07
 Catch=   34734.6727588729     
 Abd=   3955975.    
 Catch=   22872.2360188923     
 Abd=  3.8045645E+08
 Catch=   952226.779860858     
 Abd=  2.8253800E+07
 Catch=   117175.008985752     
 Abd=  3.8634040E+07
 Catch=   220769.747448520     
 Time step =         2122
 Abd=  2.8331378E+07
 Catch=   424059.449898620     
 Abd=   1387673.    
 Catch=   12645.1417873268     
 Abd=   987488.9    
 Catch=   33731.9550036260     
 Abd=   3123828.    
 Catch=   20874.9775832598     
 Abd=   453353.2    
 Catch=   7695.11363507931     
 Abd=   153.4721    
 Catch=  0.539143453044520     
 Abd=   165245.8    
 Catch=   476.539107496739     
 Abd=   627895.9    
 Catch=   36054.2593762732     
 Abd=   1001640.    
 Catch=   56753.1808465262     
 Abd=   465293.8    
 Catch=   2989.89275070475     
 Abd=   24870.66    
 Catch=   61.9749931825717     
 Abd=  1.6640644E+07
 Catch=   174098.150493205     
 Abd=  1.3388904E+07
 Catch=   128559.777469434     
 Abd=   1689529.    
 Catch=   38414.4694389453     
 Abd=   5952914.    
 Catch=   101965.765933541     
 Abd=   2040844.    
 Catch=   24869.4443302738     
 Abd=  1.2931467E+08
 Catch=   2663495.74111296     
 Abd=  1.8858536E+07
 Catch=   118950.075744682     
 Abd=  1.9969610E+07
 Catch=   164196.113973207     
 Abd=   1912545.    
 Catch=   22842.0233290223     
 Abd=   7468.089    
 Catch=   37.0076116751499     
 Abd=   776040.1    
 Catch=   33470.2538120626     
 Abd=   1099211.    
 Catch=   59629.7882419276     
 Abd=   191722.6    
 Catch=   6550.43328550347     
 Abd=   3358.624    
 Catch=   164.567125369960     
 Abd=   7776715.    
 Catch=   160376.065107280     
 Abd=   1024624.    
 Catch=   19759.5734524511     
 Abd=  3.3067034E+07
 Catch=   372094.153269359     
 Abd=   6028236.    
 Catch=   18198.2527876919     
 Abd=   4611424.    
 Catch=   18055.9350564212     
 Abd=   1753935.    
 Catch=   253830.078035172     
 Abd=   1753935.    
 Catch=   253830.078035172     
 Abd=   51313.64    
 Catch=   6086.09638964088     
 Abd=  1.0876453E+07
 Catch=   34439.3313319573     
 Abd=   3925334.    
 Catch=   22814.4760483132     
 Abd=  3.8154909E+08
 Catch=   950812.297797082     
 Abd=  2.8315074E+07
 Catch=   117062.342381932     
 Abd=  3.8713292E+07
 Catch=   221271.294426061     
 Time step =         2123
 Abd=  2.7860678E+07
 Catch=   430053.118945885     
 Abd=   1379129.    
 Catch=   12739.9750247070     
 Abd=   986677.1    
 Catch=   34582.8092952824     
 Abd=   3166272.    
 Catch=   20914.4592465364     
 Abd=   360669.6    
 Catch=   8542.21267318567     
 Abd=   154.4198    
 Catch=  0.543471573526715     
 Abd=   164632.4    
 Catch=   475.933354890783     
 Abd=   627921.0    
 Catch=   38306.9555911118     
 Abd=   978875.2    
 Catch=   61937.5582320581     
 Abd=   465612.6    
 Catch=   3011.21822729681     
 Abd=   24831.51    
 Catch=   61.6798958091929     
 Abd=  1.6580190E+07
 Catch=   174659.968773826     
 Abd=  1.3409692E+07
 Catch=   127831.603165439     
 Abd=   1687061.    
 Catch=   37719.9301718420     
 Abd=   5605712.    
 Catch=   107694.491662426     
 Abd=   2055612.    
 Catch=   25099.5977972727     
 Abd=  1.2578466E+08
 Catch=   2721337.45794192     
 Abd=  1.8517984E+07
 Catch=   118283.767086372     
 Abd=  1.9772144E+07
 Catch=   162880.492952604     
 Abd=   1887271.    
 Catch=   23247.2718199121     
 Abd=   8129.120    
 Catch=   40.9329336933514     
 Abd=   759857.2    
 Catch=   35175.9166603341     
 Abd=   1110678.    
 Catch=   64119.2760663557     
 Abd=   191620.2    
 Catch=   6531.35661686703     
 Abd=   2763.886    
 Catch=   276.105181416486     
 Abd=   7934568.    
 Catch=   161273.111891580     
 Abd=   1037368.    
 Catch=   20046.4185885827     
 Abd=  3.3107702E+07
 Catch=   376541.126151973     
 Abd=   6028191.    
 Catch=   18196.3133991588     
 Abd=   4612508.    
 Catch=   18093.2643978881     
 Abd=   1926272.    
 Catch=   192142.039447685     
 Abd=   1926272.    
 Catch=   192142.039447685     
 Abd=   46130.82    
 Catch=   6379.55078875818     
 Abd=  1.0784224E+07
 Catch=   34894.9658266385     
 Abd=   3915440.    
 Catch=   23027.9345063094     
 Abd=  3.8095014E+08
 Catch=   949795.267438753     
 Abd=  2.8286364E+07
 Catch=   117024.415227435     
 Abd=  3.8801416E+07
 Catch=   220660.334641997     
 Time step =         2124
 Abd=  2.8267704E+07
 Catch=   448964.559162864     
 Abd=   1389826.    
 Catch=   12828.1387358564     
 Abd=   1011955.    
 Catch=   35194.9350241536     
 Abd=   3171864.    
 Catch=   20781.8549029065     
 Abd=   402292.5    
 Catch=   9943.09386341046     
 Abd=   155.6641    
 Catch=  0.549284242846929     
 Abd=   164431.8    
 Catch=   477.807036203903     
 Abd=   667514.1    
 Catch=   38651.6504012355     
 Abd=   1069277.    
 Catch=   61013.0591158203     
 Abd=   468997.0    
 Catch=   3059.94488184438     
 Abd=   24712.93    
 Catch=   62.2829211960627     
 Abd=  1.6635290E+07
 Catch=   176249.412091712     
 Abd=  1.3333016E+07
 Catch=   129935.661382772     
 Abd=   1656185.    
 Catch=   37837.4533273568     
 Abd=   5931410.    
 Catch=   108322.015676367     
 Abd=   2074775.    
 Catch=   25814.2865776346     
 Abd=  1.2862072E+08
 Catch=   2730800.09105797     
 Abd=  1.8418488E+07
 Catch=   118666.613720954     
 Abd=  1.9614204E+07
 Catch=   165799.495163081     
 Abd=   1921816.    
 Catch=   23536.9774831671     
 Abd=   8995.295    
 Catch=   43.2205152416957     
 Abd=   799353.8    
 Catch=   35808.4059272550     
 Abd=   1195048.    
 Catch=   59964.1458376510     
 Abd=   191057.7    
 Catch=   6782.82130002037     
 Abd=   4675.557    
 Catch=   471.674254668335     
 Abd=   7976709.    
 Catch=   165823.404908605     
 Abd=   1052604.    
 Catch=   19801.3241669229     
 Abd=  3.3510152E+07
 Catch=   377539.132082597     
 Abd=   6027530.    
 Catch=   18184.0065378032     
 Abd=   4622194.    
 Catch=   18211.7027570063     
 Abd=   1457784.    
 Catch=   189564.113364144     
 Abd=   1457784.    
 Catch=   189564.113364144     
 Abd=   48369.27    
 Catch=   6412.94301964384     
 Abd=  1.0931568E+07
 Catch=   35254.5999820878     
 Abd=   3953103.    
 Catch=   22964.2735813195     
 Abd=  3.8054893E+08
 Catch=   953310.141532217     
 Abd=  2.8277796E+07
 Catch=   117126.922674996     
 Abd=  3.8690912E+07
 Catch=   220631.132582796     
 Time step =         2125
 Abd=  2.9525936E+07
 Catch=   461405.812025196     
 Abd=   1399416.    
 Catch=   12778.4304213605     
 Abd=   1029719.    
 Catch=   34314.8683498121     
 Abd=   3151006.    
 Catch=   20543.8273475399     
 Abd=   468358.4    
 Catch=   10411.1340290993     
 Abd=   157.3372    
 Catch=  0.547156667677910     
 Abd=   165094.4    
 Catch=   476.756368776911     
 Abd=   673156.9    
 Catch=   36418.4412934147     
 Abd=   1052198.    
 Catch=   58426.6941437852     
 Abd=   476681.0    
 Catch=   3047.99882193395     
 Abd=   24960.59    
 Catch=   62.7035735567423     
 Abd=  1.6788284E+07
 Catch=   176285.314348931     
 Abd=  1.3556970E+07
 Catch=   129794.268846238     
 Abd=   1661833.    
 Catch=   37827.9478089848     
 Abd=   5961012.    
 Catch=   108389.477706715     
 Abd=   2134602.    
 Catch=   25532.7813641973     
 Abd=  1.2902600E+08
 Catch=   2741788.55386956     
 Abd=  1.8481244E+07
 Catch=   119179.894649798     
 Abd=  1.9975312E+07
 Catch=   167651.426957829     
 Abd=   1945554.    
 Catch=   23357.9531701105     
 Abd=   9522.559    
 Catch=   47.9181881284757     
 Abd=   813365.8    
 Catch=   35666.0546970841     
 Abd=   1116066.    
 Catch=   55095.2365064246     
 Abd=   198518.6    
 Catch=   6760.09223756178     
 Abd=   7980.063    
 Catch=   292.642087583757     
 Abd=   8204820.    
 Catch=   168675.396201978     
 Abd=   1039136.    
 Catch=   19051.6375644315     
 Abd=  3.3591912E+07
 Catch=   376107.172411326     
 Abd=   6023386.    
 Catch=   18182.0415304878     
 Abd=   4652854.    
 Catch=   18284.0624128468     
 Abd=   1438342.    
 Catch=   221956.799360833     
 Abd=   1438342.    
 Catch=   221956.799360833     
 Abd=   48619.43    
 Catch=   6206.87191221708     
 Abd=  1.1043545E+07
 Catch=   35201.5575491281     
 Abd=   3941634.    
 Catch=   23173.2539005327     
 Abd=  3.8199091E+08
 Catch=   953698.031986415     
 Abd=  2.8303046E+07
 Catch=   116990.380445196     
 Abd=  3.8687144E+07
 Catch=   221035.529973586     
 Time step =         2126
 Abd=  3.0335044E+07
 Catch=   463659.810733443     
 Abd=   1393732.    
 Catch=   12668.3136385434     
 Abd=   1003530.    
 Catch=   33609.6327362080     
 Abd=   3114586.    
 Catch=   20290.2160657033     
 Abd=   489474.6    
 Catch=   9967.94081465048     
 Abd=   156.6812    
 Catch=  0.544846077942549     
 Abd=   164709.3    
 Catch=   476.458515103437     
 Abd=   634026.2    
 Catch=   35986.6132623885     
 Abd=   1007521.    
 Catch=   56945.1604306642     
 Abd=   474670.9    
 Catch=   2967.09519470681     
 Abd=   25127.48    
 Catch=   62.7116070086214     
 Abd=  1.6789388E+07
 Catch=   169212.570563997     
 Abd=  1.3538162E+07
 Catch=   130106.738535381     
 Abd=   1661288.    
 Catch=   38619.1455489427     
 Abd=   5964282.    
 Catch=   102835.225819502     
 Abd=   2109800.    
 Catch=   24997.6024277941     
 Abd=  1.2955179E+08
 Catch=   2670727.25766722     
 Abd=  1.8561472E+07
 Catch=   118774.954897106     
 Abd=  2.0195820E+07
 Catch=   164413.463985912     
 Abd=   1930153.    
 Catch=   22900.0331261548     
 Abd=   10527.86    
 Catch=   53.0250045168092     
 Abd=   809971.1    
 Catch=   33907.3721736873     
 Abd=   1025889.    
 Catch=   58342.0557854967     
 Abd=   197744.6    
 Catch=   6464.18549105626     
 Abd=   4906.183    
 Catch=   195.719434010045     
 Abd=   8345030.    
 Catch=   151040.830220305     
 Abd=   999537.4    
 Catch=   19319.3778441720     
 Abd=  3.3460942E+07
 Catch=   377465.361881767     
 Abd=   6022798.    
 Catch=   18181.4237215670     
 Abd=   4671110.    
 Catch=   18353.7785436022     
 Abd=   1684339.    
 Catch=   241547.130592791     
 Abd=   1684339.    
 Catch=   241547.130592791     
 Abd=   47054.27    
 Catch=   6165.33972165011     
 Abd=  1.1024607E+07
 Catch=   34517.1759289128     
 Abd=   3978086.    
 Catch=   23181.8903591087     
 Abd=  3.8211946E+08
 Catch=   954501.362229930     
 Abd=  2.8268528E+07
 Catch=   116640.143896404     
 Abd=  3.8759688E+07
 Catch=   221451.197206493     
 Time step =         2127
 Abd=  3.0471460E+07
 Catch=   466035.780223153     
 Abd=   1381592.    
 Catch=   12660.6648981108     
 Abd=   982970.4    
 Catch=   34336.2817845515     
 Abd=   3076119.    
 Catch=   20764.3980552740     
 Abd=   467925.0    
 Catch=   9683.10708248476     
 Abd=   156.0199    
 Catch=  0.550671683671403     
 Abd=   164613.0    
 Catch=   475.871965945739     
 Abd=   627013.1    
 Catch=   35427.6664449956     
 Abd=   982348.0    
 Catch=   58586.4215465401     
 Abd=   461838.7    
 Catch=   2945.64520224054     
 Abd=   25128.32    
 Catch=   62.6668330536225     
 Abd=  1.6104020E+07
 Catch=   170701.136907783     
 Abd=  1.3571508E+07
 Catch=   131699.756985548     
 Abd=   1696598.    
 Catch=   38476.7545206908     
 Abd=   5653818.    
 Catch=   109947.017574842     
 Abd=   2065215.    
 Catch=   25782.4699385086     
 Abd=  1.2612960E+08
 Catch=   2658957.56937483     
 Abd=  1.8495248E+07
 Catch=   117178.994616653     
 Abd=  1.9794592E+07
 Catch=   163776.592919867     
 Abd=   1891884.    
 Catch=   22800.1751539675     
 Abd=   11650.10    
 Catch=   58.4141268127946     
 Abd=   769655.8    
 Catch=   33850.2891186602     
 Abd=   1087705.    
 Catch=   60230.0350921390     
 Abd=   188979.2    
 Catch=   6679.18321431085     
 Abd=   3286.331    
 Catch=   229.641007715129     
 Abd=   7457686.    
 Catch=   154465.715154204     
 Abd=   1014384.    
 Catch=   20351.0071251689     
 Abd=  3.3586440E+07
 Catch=   380577.155001384     
 Abd=   6022588.    
 Catch=   18181.9092111764     
 Abd=   4688863.    
 Catch=   18415.0268840487     
 Abd=   1833237.    
 Catch=   232341.660544641     
 Abd=   1833237.    
 Catch=   232341.660544641     
 Abd=   46738.49    
 Catch=   6755.77224743874     
 Abd=  1.0806300E+07
 Catch=   35272.1371862363     
 Abd=   3978984.    
 Catch=   22976.5556153128     
 Abd=  3.8244442E+08
 Catch=   955435.333155114     
 Abd=  2.8182856E+07
 Catch=   117173.462385450     
 Abd=  3.8832328E+07
 Catch=   220063.441126180     
 Time step =         2128
 Abd=  3.0627380E+07
 Catch=   467280.436345522     
 Abd=   1380976.    
 Catch=   12688.8473740709     
 Abd=   1004805.    
 Catch=   34839.1735126238     
 Abd=   3150138.    
 Catch=   20899.1680160530     
 Abd=   454759.0    
 Catch=   7907.18125463069     
 Abd=   157.7361    
 Catch=  0.550483762790743     
 Abd=   164410.9    
 Catch=   475.289674656308     
 Abd=   617099.6    
 Catch=   37311.5608072844     
 Abd=   1011208.    
 Catch=   59346.2744929879     
 Abd=   458661.8    
 Catch=   2994.83252358053     
 Abd=   25108.92    
 Catch=   62.5145776011850     
 Abd=  1.6260142E+07
 Catch=   174475.214413839     
 Abd=  1.3740529E+07
 Catch=   133187.414637553     
 Abd=   1689815.    
 Catch=   38823.1606787633     
 Abd=   6057070.    
 Catch=   108002.868061492     
 Abd=   2132037.    
 Catch=   25910.6488903110     
 Abd=  1.2562058E+08
 Catch=   2654807.94081628     
 Abd=  1.8243486E+07
 Catch=   114642.129262759     
 Abd=  1.9723546E+07
 Catch=   164989.000149571     
 Abd=   1884168.    
 Catch=   23070.6809901223     
 Abd=   12834.83    
 Catch=   63.9880138952400     
 Abd=   768823.9    
 Catch=   34326.2475085545     
 Abd=   1122823.    
 Catch=   57417.1952449002     
 Abd=   195476.0    
 Catch=   6741.02634123629     
 Abd=   3880.663    
 Catch=   258.775801095263     
 Abd=   7642336.    
 Catch=   161122.477186453     
 Abd=   1069249.    
 Catch=   20291.0144007448     
 Abd=  3.3866268E+07
 Catch=   381169.919706042     
 Abd=   6022760.    
 Catch=   18173.3128962877     
 Abd=   4704501.    
 Catch=   18403.7233598412     
 Abd=   1762644.    
 Catch=   220454.573138959     
 Abd=   1762644.    
 Catch=   220454.573138959     
 Abd=   51227.82    
 Catch=   6663.54427768014     
 Abd=  1.1051739E+07
 Catch=   35272.1220259312     
 Abd=   3942960.    
 Catch=   23204.3097887519     
 Abd=  3.8281930E+08
 Catch=   951793.445700157     
 Abd=  2.8316408E+07
 Catch=   117492.512713719     
 Abd=  3.8583920E+07
 Catch=   219582.983929180     
 Time step =         2129
 Abd=  3.0708232E+07
 Catch=   451252.464555451     
 Abd=   1384103.    
 Catch=   12800.2818158402     
 Abd=   1019265.    
 Catch=   35520.4211867166     
 Abd=   3169584.    
 Catch=   20910.0962007909     
 Abd=   370586.8    
 Catch=   9838.90259233487     
 Abd=   157.6456    
 Catch=  0.551976849187816     
 Abd=   164210.4    
 Catch=   476.699630049837     
 Abd=   650139.7    
 Catch=   37576.9568993878     
 Abd=   1023826.    
 Catch=   59569.2545652725     
 Abd=   466521.9    
 Catch=   2990.72970178014     
 Abd=   25047.27    
 Catch=   62.3993070958097     
 Abd=  1.6623636E+07
 Catch=   175987.667970240     
 Abd=  1.3895200E+07
 Catch=   133281.694454686     
 Abd=   1705279.    
 Catch=   38467.3399796853     
 Abd=   5941471.    
 Catch=   110866.922466155     
 Abd=   2141648.    
 Catch=   26025.2186720428     
 Abd=  1.2542306E+08
 Catch=   2760884.12000872     
 Abd=  1.7846332E+07
 Catch=   117866.524146395     
 Abd=  1.9873758E+07
 Catch=   165900.679202701     
 Abd=   1907007.    
 Catch=   23475.7491772876     
 Abd=   14059.49    
 Catch=   65.5060894331104     
 Abd=   779659.5    
 Catch=   36283.4081818918     
 Abd=   1068776.    
 Catch=   55863.9211314279     
 Abd=   197218.0    
 Catch=   6724.59855008639     
 Abd=   4365.848    
 Catch=   583.450323972095     
 Abd=   7974306.    
 Catch=   165141.047416679     
 Abd=   1065047.    
 Catch=   19861.5158647256     
 Abd=  3.3914568E+07
 Catch=   383374.163941461     
 Abd=   6019862.    
 Catch=   18181.0308434071     
 Abd=   4701232.    
 Catch=   18215.8054586955     
 Abd=   1671968.    
 Catch=   232472.892382752     
 Abd=   1671968.    
 Catch=   232472.892382752     
 Abd=   50514.54    
 Catch=   6830.59391172862     
 Abd=  1.1046759E+07
 Catch=   34972.0712355583     
 Abd=   3983230.    
 Catch=   23212.5369784134     
 Abd=  3.8132858E+08
 Catch=   954369.525374396     
 Abd=  2.8392172E+07
 Catch=   117936.309200096     
 Abd=  3.8501564E+07
 Catch=   218689.230034234     
 Time step =         2130
 Abd=  2.9645416E+07
 Catch=   434943.601167755     
 Abd=   1396426.    
 Catch=   12663.9068730418     
 Abd=   1039260.    
 Catch=   33362.7503795572     
 Abd=   3170800.    
 Catch=   21052.2501148314     
 Abd=   464138.2    
 Catch=   10312.3058627757     
 Abd=   158.0844    
 Catch=  0.548153446238212     
 Abd=   164709.1    
 Catch=   475.623837677030     
 Abd=   654447.8    
 Catch=   35175.5371504008     
 Abd=   1027500.    
 Catch=   56891.7865487215     
 Abd=   465727.2    
 Catch=   3037.53786114794     
 Abd=   25002.26    
 Catch=   62.7811856242136     
 Abd=  1.6763704E+07
 Catch=   176364.847748570     
 Abd=  1.3902892E+07
 Catch=   132176.837292738     
 Abd=   1689208.    
 Catch=   37821.7954973123     
 Abd=   6103001.    
 Catch=   107107.783258746     
 Abd=   2151050.    
 Catch=   26284.7059761738     
 Abd=  1.3051787E+08
 Catch=   2682781.50955463     
 Abd=  1.8365300E+07
 Catch=   117094.418927242     
 Abd=  1.9982846E+07
 Catch=   167513.145978411     
 Abd=   1940664.    
 Catch=   23066.0402880696     
 Abd=   14395.39    
 Catch=   69.2622250549038     
 Abd=   824528.8    
 Catch=   33875.8466125616     
 Abd=   1040175.    
 Catch=   51648.3599394897     
 Abd=   196705.4    
 Catch=   6770.63827781721     
 Abd=   9953.991    
 Catch=   313.819228316556     
 Abd=   8170854.    
 Catch=   161384.422480768     
 Abd=   1042152.    
 Catch=   18688.4302429655     
 Abd=  3.4113068E+07
 Catch=   379589.124154558     
 Abd=   6022516.    
 Catch=   18180.0066193007     
 Abd=   4652449.    
 Catch=   18174.4710183268     
 Abd=   1763319.    
 Catch=   254505.674082509     
 Abd=   1763319.    
 Catch=   254505.674082509     
 Abd=   51784.30    
 Catch=   6560.79296158734     
 Abd=  1.0951346E+07
 Catch=   35216.1996094169     
 Abd=   3984304.    
 Catch=   23258.7072376448     
 Abd=  3.8240736E+08
 Catch=   955798.919986492     
 Abd=  2.8500158E+07
 Catch=   118486.547483736     
 Abd=  3.8344280E+07
 Catch=   218635.414156245     
 Time step =         2131
 Abd=  2.8571660E+07
 Catch=   426578.814918699     
 Abd=   1381058.    
 Catch=   12627.7318261102     
 Abd=   975180.4    
 Catch=   33795.4770545371     
 Abd=   3192755.    
 Catch=   20999.6231054691     
 Abd=   484875.6    
 Catch=   10085.2370304037     
 Abd=   156.9586    
 Catch=  0.549422110560311     
 Abd=   164317.9    
 Catch=   475.156257087918     
 Abd=   612273.8    
 Catch=   35821.7515195964     
 Abd=   980906.6    
 Catch=   58015.0816932458     
 Abd=   473168.6    
 Catch=   3079.07718595060     
 Abd=   25158.22    
 Catch=   62.8467220094529     
 Abd=  1.6797532E+07
 Catch=   178893.717654632     
 Abd=  1.3784926E+07
 Catch=   131888.054849599     
 Abd=   1660670.    
 Catch=   38246.4162919871     
 Abd=   5890046.    
 Catch=   105839.795118959     
 Abd=   2172702.    
 Catch=   26260.3078741929     
 Abd=  1.2669273E+08
 Catch=   2660332.43590785     
 Abd=  1.8232714E+07
 Catch=   118360.759501009     
 Abd=  2.0178566E+07
 Catch=   168556.715072709     
 Abd=   1905645.    
 Catch=   22908.0365246103     
 Abd=   15203.57    
 Catch=   73.2113257638014     
 Abd=   768759.4    
 Catch=   33851.4562650756     
 Abd=   961504.4    
 Catch=   55856.3911753269     
 Abd=   198073.6    
 Catch=   6939.63090876496     
 Abd=   5252.092    
 Catch=   147.737031059567     
 Abd=   7979180.    
 Catch=   165496.695988698     
 Abd=   980035.8    
 Catch=   19664.9381290419     
 Abd=  3.3766956E+07
 Catch=   378067.585843810     
 Abd=   6022124.    
 Catch=   18162.6133871307     
 Abd=   4642570.    
 Catch=   18242.8207485057     
 Abd=   1931036.    
 Catch=   266095.322822732     
 Abd=   1931036.    
 Catch=   266095.322822732     
 Abd=   49734.20    
 Catch=   6947.53817905842     
 Abd=  1.1030927E+07
 Catch=   35201.3613508662     
 Abd=   3992271.    
 Catch=   22876.6582008715     
 Abd=  3.8296950E+08
 Catch=   954514.371338636     
 Abd=  2.8633220E+07
 Catch=   119456.204701038     
 Abd=  3.8336912E+07
 Catch=   219036.595543248     
 Time step =         2132
 Abd=  2.8023880E+07
 Catch=   421728.605919910     
 Abd=   1377305.    
 Catch=   12534.0765876912     
 Abd=   988726.3    
 Catch=   33960.8421822664     
 Abd=   3184238.    
 Catch=   21216.3775563806     
 Abd=   473616.2    
 Catch=   8240.71733104555     
 Abd=   157.3513    
 Catch=  0.537440923783882     
 Abd=   164161.8    
 Catch=   471.710316910866     
 Abd=   623992.5    
 Catch=   34823.5189082850     
 Abd=   1000859.    
 Catch=   56786.0026778173     
 Abd=   479615.2    
 Catch=   3125.17692001773     
 Abd=   25181.94    
 Catch=   62.9666723385661     
 Abd=  1.7042344E+07
 Catch=   180133.234527410     
 Abd=  1.3755890E+07
 Catch=   132433.558485178     
 Abd=   1680002.    
 Catch=   38971.8697081669     
 Abd=   5822486.    
 Catch=   107405.636352689     
 Abd=   2170240.    
 Catch=   25835.6840062982     
 Abd=  1.2566630E+08
 Catch=   2586726.22004141     
 Abd=  1.8435732E+07
 Catch=   116841.188960646     
 Abd=  2.0303090E+07
 Catch=   168398.583728068     
 Abd=   1892931.    
 Catch=   22481.1233291864     
 Abd=   16071.79    
 Catch=   80.3286825975959     
 Abd=   768692.0    
 Catch=   32428.3082968704     
 Abd=   1041002.    
 Catch=   55987.9344871137     
 Abd=   203069.2    
 Catch=   7006.16552588393     
 Abd=   2490.616    
 Catch=   125.494805579113     
 Abd=   8188469.    
 Catch=   167221.830696152     
 Abd=   1033084.    
 Catch=   20884.7068460903     
 Abd=  3.3634800E+07
 Catch=   379287.560329168     
 Abd=   6016260.    
 Catch=   18178.5308773682     
 Abd=   4660512.    
 Catch=   18340.1351783108     
 Abd=   2018731.    
 Catch=   288932.703054732     
 Abd=   2018731.    
 Catch=   288932.703054732     
 Abd=   52675.62    
 Catch=   6661.19462101384     
 Abd=  1.1024398E+07
 Catch=   35433.5034634940     
 Abd=   3925515.    
 Catch=   22614.8325629977     
 Abd=  3.8243440E+08
 Catch=   952528.872119070     
 Abd=  2.8869704E+07
 Catch=   120019.199580187     
 Abd=  3.8408704E+07
 Catch=   218316.845436193     
 Time step =         2133
 Abd=  2.7708736E+07
 Catch=   418382.004515784     
 Abd=   1366992.    
 Catch=   12708.0854382855     
 Abd=   993465.0    
 Catch=   34266.5760543373     
 Abd=   3217950.    
 Catch=   21449.9159709369     
 Abd=   386166.1    
 Catch=   9855.37652748395     
 Abd=   153.8449    
 Catch=  0.532830966327745     
 Abd=   162955.8    
 Catch=   473.049703043982     
 Abd=   606446.8    
 Catch=   37844.2079312114     
 Abd=   979460.0    
 Catch=   59375.1337817350     
 Abd=   486812.6    
 Catch=   3122.17357099325     
 Abd=   25230.53    
 Catch=   63.1901775762701     
 Abd=  1.7158162E+07
 Catch=   181063.483854644     
 Abd=  1.3814484E+07
 Catch=   131516.740592929     
 Abd=   1712094.    
 Catch=   39187.9494322423     
 Abd=   5911161.    
 Catch=   109369.347772657     
 Abd=   2134586.    
 Catch=   25777.9891122934     
 Abd=  1.2215995E+08
 Catch=   2718841.34121002     
 Abd=  1.8191060E+07
 Catch=   118570.911337885     
 Abd=  2.0281216E+07
 Catch=   168137.217311268     
 Abd=   1857308.    
 Catch=   23073.5210563087     
 Abd=   17646.04    
 Catch=   74.9145384230860     
 Abd=   736062.4    
 Catch=   35434.6610846903     
 Abd=   1042919.    
 Catch=   56808.7458952345     
 Abd=   204960.5    
 Catch=   6929.59048593703     
 Abd=   2105.863    
 Catch=   253.090093404724     
 Abd=   8271633.    
 Catch=   169682.450938324     
 Abd=   1097318.    
 Catch=   20276.3302660943     
 Abd=  3.3748288E+07
 Catch=   378177.713268566     
 Abd=   6021748.    
 Catch=   18194.0342145213     
 Abd=   4685537.    
 Catch=   18523.4082737693     
 Abd=   2191871.    
 Catch=   262537.862271472     
 Abd=   2191871.    
 Catch=   262537.862271472     
 Abd=   50495.17    
 Catch=   6799.09282121568     
 Abd=  1.1098631E+07
 Catch=   35523.5824033025     
 Abd=   3881036.    
 Catch=   23034.4914806297     
 Abd=  3.8163232E+08
 Catch=   953379.968043061     
 Abd=  2.9003692E+07
 Catch=   120603.906359651     
 Abd=  3.8279304E+07
 Catch=   218259.888092008     
 Time step =         2134
 Abd=  2.7491196E+07
 Catch=   422511.716998259     
 Abd=   1386506.    
 Catch=   12577.4013934512     
 Abd=   1002500.    
 Catch=   33819.2032954281     
 Abd=   3253331.    
 Catch=   21435.8918508465     
 Abd=   464633.2    
 Catch=   8891.50547093032     
 Abd=   152.5674    
 Catch=  0.523943156485977     
 Abd=   163448.3    
 Catch=   472.830892840717     
 Abd=   659741.9    
 Catch=   34503.9323798669     
 Abd=   1024666.    
 Catch=   56886.5336490434     
 Abd=   486207.9    
 Catch=   3137.50165140660     
 Abd=   25320.89    
 Catch=   63.2012217086953     
 Abd=  1.7246180E+07
 Catch=   182032.780281628     
 Abd=  1.3716765E+07
 Catch=   131787.562165591     
 Abd=   1721190.    
 Catch=   39364.7548569244     
 Abd=   6019492.    
 Catch=   110551.785504499     
 Abd=   2130355.    
 Catch=   25445.8838359551     
 Abd=  1.2855754E+08
 Catch=   2641932.64586018     
 Abd=  1.8470508E+07
 Catch=   117855.459387862     
 Abd=  2.0249628E+07
 Catch=   167876.604756634     
 Abd=   1907755.    
 Catch=   22634.9737058959     
 Abd=   16414.16    
 Catch=   81.2780567749214     
 Abd=   805604.6    
 Catch=   33299.2062512091     
 Abd=   1058369.    
 Catch=   55657.2862627195     
 Abd=   202672.6    
 Catch=   6912.05969772182     
 Abd=   4309.156    
 Catch=   199.938753283274     
 Abd=   8394232.    
 Catch=   171399.111768298     
 Abd=   1063793.    
 Catch=   19491.8731711057     
 Abd=  3.3645488E+07
 Catch=   377316.616649106     
 Abd=   6026873.    
 Catch=   18203.3868114349     
 Abd=   4732782.    
 Catch=   18531.4878566072     
 Abd=   1991437.    
 Catch=   263087.741149622     
 Abd=   1991437.    
 Catch=   263087.741149622     
 Abd=   51547.52    
 Catch=   6891.62125222631     
 Abd=  1.1126310E+07
 Catch=   35668.2078453205     
 Abd=   3954670.    
 Catch=   23217.2241246520     
 Abd=  3.8199690E+08
 Catch=   953156.801727666     
 Abd=  2.9145268E+07
 Catch=   121083.071523214     
 Abd=  3.8271392E+07
 Catch=   218945.509312010     
 Time step =         2135
 Abd=  2.7771416E+07
 Catch=   430130.518258259     
 Abd=   1371627.    
 Catch=   12646.8286925310     
 Abd=   989056.6    
 Catch=   34979.2284097296     
 Abd=   3250512.    
 Catch=   21353.8917154626     
 Abd=   417257.8    
 Catch=   8165.66929022907     
 Abd=   149.9997    
 Catch=  0.519107036707628     
 Abd=   163359.1    
 Catch=   472.814109860683     
 Abd=   600413.6    
 Catch=   36256.2994749358     
 Abd=   980890.2    
 Catch=   59487.5634396124     
 Abd=   488637.9    
 Catch=   3141.02719973677     
 Abd=   25323.58    
 Catch=   63.6095510709827     
 Abd=  1.7338226E+07
 Catch=   181444.095977481     
 Abd=  1.3746722E+07
 Catch=   134054.450844740     
 Abd=   1728960.    
 Catch=   40475.1538474803     
 Abd=   6084230.    
 Catch=   112004.034902197     
 Abd=   2102466.    
 Catch=   25476.4519564936     
 Abd=  1.2476317E+08
 Catch=   2647434.24491329     
 Abd=  1.8351380E+07
 Catch=   115941.791059157     
 Abd=  2.0218256E+07
 Catch=   169054.680721900     
 Abd=   1869961.    
 Catch=   22791.8861631503     
 Abd=   17851.00    
 Catch=   76.0493802353358     
 Abd=   755711.8    
 Catch=   33947.1308225325     
 Abd=   1036438.    
 Catch=   58652.5398919986     
 Abd=   202188.1    
 Catch=   6788.84760494298     
 Abd=   3359.279    
 Catch=   244.810329252884     
 Abd=   8478134.    
 Catch=   167941.103876185     
 Abd=   1022548.    
 Catch=   20164.1148609168     
 Abd=  3.3569288E+07
 Catch=   378656.938850152     
 Abd=   6029940.    
 Catch=   18202.5051331208     
 Abd=   4733955.    
 Catch=   18655.7800854874     
 Abd=   1995404.    
 Catch=   245624.956069159     
 Abd=   1995404.    
 Catch=   245624.956069159     
 Abd=   52248.73    
 Catch=   6471.91378540718     
 Abd=  1.1171544E+07
 Catch=   35564.4560011866     
 Abd=   3985466.    
 Catch=   23307.7186249490     
 Abd=  3.8189760E+08
 Catch=   950098.676956028     
 Abd=  2.9260296E+07
 Catch=   120964.289892268     
 Abd=  3.8393784E+07
 Catch=   218794.180598649     
 Time step =         2136
 Abd=  2.8274648E+07
 Catch=   419748.080721248     
 Abd=   1379612.    
 Catch=   12643.5868655044     
 Abd=   1023630.    
 Catch=   34093.3787650529     
 Abd=   3237867.    
 Catch=   21520.5235876406     
 Abd=   383348.4    
 Catch=   9394.59094188103     
 Abd=   148.6361    
 Catch=  0.524128876076821     
 Abd=   163358.8    
 Catch=   472.516033593977     
 Abd=   631742.3    
 Catch=   35422.1509286290     
 Abd=   1026631.    
 Catch=   58057.0410811074     
 Abd=   489167.3    
 Catch=   3075.56951315203     
 Abd=   25490.35    
 Catch=   63.1705404275993     
 Abd=  1.7279696E+07
 Catch=   179458.031375437     
 Abd=  1.3986797E+07
 Catch=   133569.684059096     
 Abd=   1778350.    
 Catch=   40124.2889510362     
 Abd=   6164518.    
 Catch=   115169.204224539     
 Abd=   2105681.    
 Catch=   25187.0312557564     
 Abd=  1.2508731E+08
 Catch=   2646956.43360716     
 Abd=  1.8050288E+07
 Catch=   116361.122102985     
 Abd=  2.0363372E+07
 Catch=   166003.402994850     
 Abd=   1883817.    
 Catch=   22811.8174473703     
 Abd=   16682.05    
 Catch=   82.9873696856367     
 Abd=   771113.4    
 Catch=   33872.9098717510     
 Abd=   1093005.    
 Catch=   56959.8061728849     
 Abd=   198557.0    
 Catch=   6548.31954791233     
 Abd=   4126.503    
 Catch=   261.582072928715     
 Abd=   8303094.    
 Catch=   161760.357013299     
 Abd=   1059027.    
 Catch=   19609.0756499650     
 Abd=  3.3692288E+07
 Catch=   379259.650675708     
 Abd=   6029575.    
 Catch=   18197.3007092404     
 Abd=   4766306.    
 Catch=   18561.1253653181     
 Abd=   1862619.    
 Catch=   255058.754854954     
 Abd=   1862619.    
 Catch=   255058.754854954     
 Abd=   49060.22    
 Catch=   6489.61071001209     
 Abd=  1.1137704E+07
 Catch=   35589.7974377871     
 Abd=   4000362.    
 Catch=   23259.1227874857     
 Abd=  3.8064998E+08
 Catch=   950521.801855888     
 Abd=  2.9228996E+07
 Catch=   120355.469871561     
 Abd=  3.8365004E+07
 Catch=   217897.264930307     
 Time step =         2137
 Abd=  2.7572664E+07
 Catch=   428222.754915366     
 Abd=   1379094.    
 Catch=   12699.6973321665     
 Abd=   996887.2    
 Catch=   34386.6511673682     
 Abd=   3263900.    
 Catch=   21195.4548645956     
 Abd=   442430.3    
 Catch=   9659.79098727862     
 Abd=   150.1302    
 Catch=  0.524886836201652     
 Abd=   163251.7    
 Catch=   473.088354936868     
 Abd=   616735.4    
 Catch=   36954.3493342534     
 Abd=   1001158.    
 Catch=   57686.6356456890     
 Abd=   478761.2    
 Catch=   3062.29032120224     
 Abd=   25308.58    
 Catch=   63.2196011939355     
 Abd=  1.7088380E+07
 Catch=   181765.249710056     
 Abd=  1.3931612E+07
 Catch=   132583.425707233     
 Abd=   1761918.    
 Catch=   39129.8512986562     
 Abd=   6339787.    
 Catch=   111383.332356553     
 Abd=   2081170.    
 Catch=   24854.3045809277     
 Abd=  1.2505153E+08
 Catch=   2718357.85729365     
 Abd=  1.8122436E+07
 Catch=   117694.945357835     
 Abd=  1.9986288E+07
 Catch=   167357.864980236     
 Abd=   1885222.    
 Catch=   23123.9173243887     
 Abd=   18229.37    
 Catch=   90.5353041946895     
 Abd=   769166.9    
 Catch=   35520.7589532939     
 Abd=   1060344.    
 Catch=   54882.9664854137     
 Abd=   191471.7    
 Catch=   6622.37258987349     
 Abd=   4406.900    
 Catch=   365.600882027194     
 Abd=   7995194.    
 Catch=   164953.156477806     
 Abd=   1028918.    
 Catch=   19714.9481142754     
 Abd=  3.3744204E+07
 Catch=   377826.009473307     
 Abd=   6027833.    
 Catch=   18201.6580488864     
 Abd=   4741228.    
 Catch=   18377.4757352336     
 Abd=   1934880.    
 Catch=   268467.819877222     
 Abd=   1934880.    
 Catch=   268467.819877222     
 Abd=   49198.65    
 Catch=   6788.25801169967     
 Abd=  1.1146466E+07
 Catch=   35523.5905792345     
 Abd=   3992290.    
 Catch=   23314.1819370328     
 Abd=  3.8084858E+08
 Catch=   951271.698006572     
 Abd=  2.9079972E+07
 Catch=   120398.229629464     
 Abd=  3.8205104E+07
 Catch=   218044.586440187     
 Time step =         2138
 Abd=  2.8150572E+07
 Catch=   438051.860217974     
 Abd=   1385338.    
 Catch=   12777.4077908636     
 Abd=   1005935.    
 Catch=   35628.5953898601     
 Abd=   3213157.    
 Catch=   21315.6610245745     
 Abd=   454209.2    
 Catch=   10130.0196146068     
 Abd=   150.3214    
 Catch=  0.519223865152584     
 Abd=   163454.7    
 Catch=   474.614646435115     
 Abd=   643819.3    
 Catch=   37216.0231880946     
 Abd=   994950.4    
 Catch=   61429.4787215789     
 Abd=   476863.8    
 Catch=   3073.31039037887     
 Abd=   25332.23    
 Catch=   63.3220764261015     
 Abd=  1.7315066E+07
 Catch=   183528.859399787     
 Abd=  1.3827404E+07
 Catch=   130883.341732548     
 Abd=   1717796.    
 Catch=   38542.7872819977     
 Abd=   6125713.    
 Catch=   112641.180633855     
 Abd=   2053600.    
 Catch=   24438.9403316626     
 Abd=  1.2848394E+08
 Catch=   2812029.57326853     
 Abd=  1.8332550E+07
 Catch=   118939.620959770     
 Abd=  2.0159234E+07
 Catch=   167841.945847728     
 Abd=   1911463.    
 Catch=   23396.8584290021     
 Abd=   19885.37    
 Catch=   100.026226190572     
 Abd=   807077.1    
 Catch=   36187.3477061399     
 Abd=   1021994.    
 Catch=   58970.5324580212     
 Abd=   193755.1    
 Catch=   6829.46896959579     
 Abd=   6170.860    
 Catch=   509.083147428821     
 Abd=   8160563.    
 Catch=   165580.110340167     
 Abd=   1034946.    
 Catch=   20629.1384171383     
 Abd=  3.3613672E+07
 Catch=   379485.935467293     
 Abd=   6029334.    
 Catch=   18216.0431109885     
 Abd=   4693808.    
 Catch=   18125.0924890321     
 Abd=   2037248.    
 Catch=   253047.411990537     
 Abd=   2037248.    
 Catch=   253047.411990537     
 Abd=   51467.81    
 Catch=   6852.59958633372     
 Abd=  1.1124909E+07
 Catch=   34067.2174713725     
 Abd=   4001751.    
 Catch=   23589.0685171725     
 Abd=  3.8115142E+08
 Catch=   954025.793583569     
 Abd=  2.9093326E+07
 Catch=   120566.669895668     
 Abd=  3.8234336E+07
 Catch=   218904.720393977     
 Time step =         2139
 Abd=  2.8797808E+07
 Catch=   444314.779322601     
 Abd=   1393858.    
 Catch=   12716.5464145082     
 Abd=   1042689.    
 Catch=   34824.7670737387     
 Abd=   3232665.    
 Catch=   21470.8212022044     
 Abd=   476298.7    
 Catch=   9475.15068696813     
 Abd=   148.6663    
 Catch=  0.510188157836834     
 Abd=   163988.3    
 Catch=   475.698468236148     
 Abd=   648171.5    
 Catch=   37322.9290999196     
 Abd=   1060202.    
 Catch=   59249.4419395580     
 Abd=   478634.1    
 Catch=   3117.92091943829     
 Abd=   25373.66    
 Catch=   63.1439686231821     
 Abd=  1.7482536E+07
 Catch=   186367.894376745     
 Abd=  1.3648978E+07
 Catch=   132053.524745163     
 Abd=   1692304.    
 Catch=   39146.7315949505     
 Abd=   6198901.    
 Catch=   106032.114997759     
 Abd=   2019404.    
 Catch=   24193.2273515173     
 Abd=  1.3292201E+08
 Catch=   2749552.00308712     
 Abd=  1.8525896E+07
 Catch=   119548.220289666     
 Abd=  2.0215436E+07
 Catch=   167699.274102540     
 Abd=   1933943.    
 Catch=   23144.9844125582     
 Abd=   21976.10    
 Catch=   110.459964958220     
 Abd=   821894.5    
 Catch=   35427.0942774168     
 Abd=   1099350.    
 Catch=   61547.9575331294     
 Abd=   199882.5    
 Catch=   6594.74853726183     
 Abd=   8587.502    
 Catch=   171.333334359070     
 Abd=   8189412.    
 Catch=   175222.333044457     
 Abd=   1083702.    
 Catch=   20798.8774164072     
 Abd=  3.3766528E+07
 Catch=   377536.286568704     
 Abd=   6034156.    
 Catch=   18225.3440830414     
 Abd=   4629000.    
 Catch=   18119.5921119437     
 Abd=   1920168.    
 Catch=   238350.915332381     
 Abd=   1920168.    
 Catch=   238350.915332381     
 Abd=   51953.04    
 Catch=   6396.14305187401     
 Abd=  1.0662229E+07
 Catch=   34139.9316346765     
 Abd=   4049555.    
 Catch=   23480.3343046469     
 Abd=  3.8226925E+08
 Catch=   957862.608959422     
 Abd=  2.9134896E+07
 Catch=   119923.586353080     
 Abd=  3.8387644E+07
 Catch=   220066.126657238     
 Time step =         2140
 Abd=  2.9206344E+07
 Catch=   449901.817144786     
 Abd=   1386942.    
 Catch=   12630.9956861419     
 Abd=   1018434.    
 Catch=   34465.4554607305     
 Abd=   3256315.    
 Catch=   21280.7324121534     
 Abd=   444686.6    
 Catch=   9209.45593800000     
 Abd=   146.0569    
 Catch=  0.513804597448636     
 Abd=   164360.9    
 Catch=   474.742634733496     
 Abd=   650137.8    
 Catch=   35506.8494391744     
 Abd=   1021662.    
 Catch=   58567.3076753016     
 Abd=   485681.2    
 Catch=   3111.57586045096     
 Abd=   25299.24    
 Catch=   62.6192521437071     
 Abd=  1.7754530E+07
 Catch=   184555.638881073     
 Abd=  1.3776292E+07
 Catch=   131586.047806737     
 Abd=   1719675.    
 Catch=   38445.7272996731     
 Abd=   5828781.    
 Catch=   105490.553993790     
 Abd=   1999156.    
 Catch=   24744.5534254041     
 Abd=  1.2986201E+08
 Catch=   2675222.67876236     
 Abd=  1.8618846E+07
 Catch=   119864.593961039     
 Abd=  2.0197312E+07
 Catch=   166324.094318303     
 Abd=   1912375.    
 Catch=   22817.5748702691     
 Abd=   24268.91    
 Catch=   121.757886130121     
 Abd=   804337.2    
 Catch=   33521.7862672318     
 Abd=   1147071.    
 Catch=   62714.1707203941     
 Abd=   192852.2    
 Catch=   6654.63496480251     
 Abd=   2863.198    
 Catch=   161.129765500968     
 Abd=   8674529.    
 Catch=   169951.147482961     
 Abd=   1091896.    
 Catch=   21874.5098579264     
 Abd=  3.3587224E+07
 Catch=   377315.168575657     
 Abd=   6037233.    
 Catch=   18260.1009979786     
 Abd=   4628692.    
 Catch=   18135.4302667061     
 Abd=   1808636.    
 Catch=   246504.900214465     
 Abd=   1808636.    
 Catch=   246504.900214465     
 Abd=   48484.32    
 Catch=   6527.02520766641     
 Abd=  1.0692604E+07
 Catch=   34841.3795739536     
 Abd=   4029896.    
 Catch=   23372.7730508605     
 Abd=  3.8381805E+08
 Catch=   959017.885678612     
 Abd=  2.8975552E+07
 Catch=   119723.150842018     
 Abd=  3.8592296E+07
 Catch=   220102.947572139     
 Time step =         2141
 Abd=  2.9570564E+07
 Catch=   462912.560146307     
 Abd=   1377571.    
 Catch=   12607.6013359688     
 Abd=   1008081.    
 Catch=   34282.9843704609     
 Abd=   3226436.    
 Catch=   21598.8933613235     
 Abd=   432488.0    
 Catch=   7831.10427618134     
 Abd=   147.1667    
 Catch=  0.519663058010108     
 Abd=   164017.8    
 Catch=   473.743291914719     
 Abd=   618230.5    
 Catch=   34988.7432310674     
 Abd=   1010331.    
 Catch=   57444.5053690848     
 Abd=   484527.2    
 Catch=   3215.70652451112     
 Abd=   25086.22    
 Catch=   62.8172911032526     
 Abd=  1.7573756E+07
 Catch=   185896.640594127     
 Abd=  1.3724859E+07
 Catch=   132079.175653425     
 Abd=   1687976.    
 Catch=   38534.0838700597     
 Abd=   5803892.    
 Catch=   109544.533470048     
 Abd=   2045872.    
 Catch=   25487.3317576686     
 Abd=  1.2633676E+08
 Catch=   2637892.31994588     
 Abd=  1.8667084E+07
 Catch=   116607.059816772     
 Abd=  2.0028594E+07
 Catch=   168322.452808641     
 Abd=   1885243.    
 Catch=   22800.5363083373     
 Abd=   26748.99    
 Catch=   133.744568561151     
 Abd=   760777.4    
 Catch=   33557.2051651972     
 Abd=   1168497.    
 Catch=   57364.7939859419     
 Abd=   194688.2    
 Catch=   6630.56324823590     
 Abd=   2709.526    
 Catch=   217.225623792557     
 Abd=   8401392.    
 Catch=   175321.847374749     
 Abd=   1149150.    
 Catch=   19346.0885247287     
 Abd=  3.3570200E+07
 Catch=   377770.406039855     
 Abd=   6048896.    
 Catch=   18272.8911672639     
 Abd=   4632870.    
 Catch=   18180.5941535500     
 Abd=   1870097.    
 Catch=   232354.018949034     
 Abd=   1870097.    
 Catch=   232354.018949034     
 Abd=   49482.97    
 Catch=   6731.78757112316     
 Abd=  1.0917151E+07
 Catch=   35426.8742943816     
 Abd=   4011343.    
 Catch=   23418.0060965230     
 Abd=  3.8425728E+08
 Catch=   955927.390542931     
 Abd=  2.8929256E+07
 Catch=   119522.322025547     
 Abd=  3.8594984E+07
 Catch=   218651.169801992     
 Time step =         2142
 Abd=  3.0435318E+07
 Catch=   473390.856608366     
 Abd=   1375160.    
 Catch=   12710.6442582445     
 Abd=   1002770.    
 Catch=   34825.0894714595     
 Abd=   3276227.    
 Catch=   21520.7963909854     
 Abd=   367333.6    
 Catch=   9539.89155434157     
 Abd=   148.8561    
 Catch=  0.515237506418387     
 Abd=   163671.6    
 Catch=   474.845999240602     
 Abd=   609407.1    
 Catch=   37779.1161021327     
 Abd=   990799.1    
 Catch=   60059.8579712468     
 Abd=   501085.5    
 Catch=   3272.48492514052     
 Abd=   25171.27    
 Catch=   63.0802030930020     
 Abd=  1.7707104E+07
 Catch=   185177.928221783     
 Abd=  1.3777878E+07
 Catch=   132799.555508175     
 Abd=   1692458.    
 Catch=   38783.8010633597     
 Abd=   6031199.    
 Catch=   111607.883759264     
 Abd=   2107638.    
 Catch=   25441.8123080577     
 Abd=  1.2461432E+08
 Catch=   2704026.62763067     
 Abd=  1.8150912E+07
 Catch=   118578.833836403     
 Abd=  2.0276808E+07
 Catch=   169817.655662839     
 Abd=   1884274.    
 Catch=   23247.7117791144     
 Abd=   29380.25    
 Catch=   141.103408873846     
 Abd=   762192.8    
 Catch=   35737.1923350339     
 Abd=   1067668.    
 Catch=   58390.5858838626     
 Abd=   193959.7    
 Catch=   6580.83852748660     
 Abd=   3670.110    
 Catch=   300.383609658510     
 Abd=   8675276.    
 Catch=   172888.295614682     
 Abd=   1013940.    
 Catch=   19253.0810404561     
 Abd=  3.3613148E+07
 Catch=   378512.871515683     
 Abd=   6053004.    
 Catch=   18272.3514437954     
 Abd=   4644524.    
 Catch=   18108.6184786067     
 Abd=   1763533.    
 Catch=   244690.330160716     
 Abd=   1763533.    
 Catch=   244690.330160716     
 Abd=   51036.36    
 Catch=   6332.17774507611     
 Abd=  1.1098751E+07
 Catch=   35444.1276073366     
 Abd=   4019172.    
 Catch=   23279.3592299270     
 Abd=  3.8298819E+08
 Catch=   956055.436445078     
 Abd=  2.8880376E+07
 Catch=   119329.487601109     
 Abd=  3.8335936E+07
 Catch=   218791.936601752     
 Time step =         2143
 Abd=  3.1121456E+07
 Catch=   476873.106333396     
 Abd=   1386635.    
 Catch=   12693.2872285586     
 Abd=   1018845.    
 Catch=   34354.6947912285     
 Abd=   3263171.    
 Catch=   21481.3275625979     
 Abd=   449845.7    
 Catch=   9184.93230096646     
 Abd=   147.5300    
 Catch=  0.515222459159341     
 Abd=   164066.3    
 Catch=   474.684630454679     
 Abd=   658414.0    
 Catch=   37014.3960784297     
 Abd=   1036322.    
 Catch=   57791.5676775771     
 Abd=   509778.8    
 Catch=   3251.75613429425     
 Abd=   25277.08    
 Catch=   63.1555389005512     
 Abd=  1.7634848E+07
 Catch=   182851.273334070     
 Abd=  1.3853145E+07
 Catch=   132744.018298192     
 Abd=   1703518.    
 Catch=   38994.3290638603     
 Abd=   6142763.    
 Catch=   110003.596238848     
 Abd=   2102650.    
 Catch=   25231.0336881818     
 Abd=  1.2780039E+08
 Catch=   2686685.18406548     
 Abd=  1.8472680E+07
 Catch=   118062.711876568     
 Abd=  2.0455764E+07
 Catch=   168968.791169947     
 Abd=   1921897.    
 Catch=   23131.6239703952     
 Abd=   30950.38    
 Catch=   149.963408106523     
 Abd=   812160.8    
 Catch=   34516.8851540397     
 Abd=   1087575.    
 Catch=   56307.2915402148     
 Abd=   192488.4    
 Catch=   6588.43792059789     
 Abd=   5080.404    
 Catch=   238.176333476164     
 Abd=   8548278.    
 Catch=   169915.978673791     
 Abd=   1010494.    
 Catch=   19266.6869208023     
 Abd=  3.3678496E+07
 Catch=   377166.792891166     
 Abd=   6052734.    
 Catch=   18302.9884359544     
 Abd=   4625574.    
 Catch=   18256.7671918860     
 Abd=   1857804.    
 Catch=   243608.019790881     
 Abd=   1857804.    
 Catch=   243608.019790881     
 Abd=   48000.04    
 Catch=   5995.59190029361     
 Abd=  1.1100789E+07
 Catch=   35488.6590833555     
 Abd=   3995491.    
 Catch=   23282.4224598911     
 Abd=  3.8306723E+08
 Catch=   955106.991129456     
 Abd=  2.8833938E+07
 Catch=   118656.239891678     
 Abd=  3.8365184E+07
 Catch=   219450.681407086     
 Time step =         2144
 Abd=  3.1341820E+07
 Catch=   482786.569234145     
 Abd=   1384486.    
 Catch=   12880.3304248748     
 Abd=   1004677.    
 Catch=   35474.0200906186     
 Abd=   3257281.    
 Catch=   21217.7578358191     
 Abd=   431403.1    
 Catch=   10366.4311718291     
 Abd=   147.5512    
 Catch=  0.510789059531191     
 Abd=   163999.7    
 Catch=   476.630720654629     
 Abd=   644440.8    
 Catch=   39778.0611015203     
 Abd=   996424.4    
 Catch=   63524.3417266685     
 Abd=   506324.8    
 Catch=   3293.62090445972     
 Abd=   25305.72    
 Catch=   63.2293442025312     
 Abd=  1.7410644E+07
 Catch=   182211.683588729     
 Abd=  1.3846023E+07
 Catch=   129986.182309567     
 Abd=   1712709.    
 Catch=   38551.3256705856     
 Abd=   6051324.    
 Catch=   107456.336504730     
 Abd=   2084921.    
 Catch=   24684.2046463462     
 Abd=  1.2691409E+08
 Catch=   2857420.91809382     
 Abd=  1.8384268E+07
 Catch=   119419.657778768     
 Abd=  2.0348236E+07
 Catch=   169258.165743996     
 Abd=   1911444.    
 Catch=   23767.9352895545     
 Abd=   32929.44    
 Catch=   148.076159433148     
 Abd=   783521.4    
 Catch=   37092.9224706402     
 Abd=   1048246.    
 Catch=   59519.2267863045     
 Abd=   192743.0    
 Catch=   6435.72585838637     
 Abd=   3996.925    
 Catch=   413.810578514763     
 Abd=   8401060.    
 Catch=   172445.848109018     
 Abd=   1011319.    
 Catch=   19966.8076767706     
 Abd=  3.3555100E+07
 Catch=   378369.331537724     
 Abd=   6063071.    
 Catch=   18312.6324532263     
 Abd=   4664528.    
 Catch=   18367.5551383376     
 Abd=   1847953.    
 Catch=   222800.107627671     
 Abd=   1847953.    
 Catch=   222800.107627671     
 Abd=   45449.13    
 Catch=   6588.74770429450     
 Abd=  1.1114800E+07
 Catch=   35239.6651154263     
 Abd=   3995978.    
 Catch=   23398.3560702270     
 Abd=  3.8267286E+08
 Catch=   956797.131074511     
 Abd=  2.8669322E+07
 Catch=   118718.231417020     
 Abd=  3.8482356E+07
 Catch=   220509.739316792     
 Time step =         2145
 NetCDF Error:NetCDF: Numeric conversion not representable
Program ADRDisp finished with exit code 0 at: Wed 03 Jun 2026 12:43:44 PM PDT
Compressing DBEM outputs
Compressed as TIPMIP_COMBINED_tipmip_pelc_TipmipSppPel11_netcdf.tar.gz
Creating netCDF
Finished!
