Extracting environmental data
Environmental data extracted
Current working directory is /project/6006523/jepa/tipping_points/scripts/run_dbem
Starting run at:Fri 26 Jun 2026 03:36:24 AM PDT
“Starting task: 10”
 SppListRoot: 
 ~/projects/def-wailung/Data/Species/TaxonList/tipping_point/                   
                                                                                
                                                                                
                    
 Species list: 10  
 TipmipSppDem10.txt  
 Initializing, loading files...
          36
 600203    
 /localscratch/jepa.45909105.0/tipmip_dem_c0/600203                             
  
 Read Parameters...
 Running Taxon B_boops             
 ~/projects/def-wailung/Data/Species/Distributions/S600203.csv                  
                                          
  3.310016217792365E-007
 Thread           0  starting...
 600319    
 /localscratch/jepa.45909105.0/tipmip_dem_c0/600319                             
  
 Read Parameters...
 Running Taxon B_saida             
 ~/projects/def-wailung/Data/Species/Distributions/S600319.csv                  
                                          
  1.457899108213700E-007
 Thread           0  starting...
 690052    
 /localscratch/jepa.45909105.0/tipmip_dem_c0/690052                             
  
 Read Parameters...
 Running Taxon C_sapidus           
 ~/projects/def-wailung/Data/Species/Distributions/S690052.csv                  
                                          
  3.961501409452951E-007
 Thread           0  starting...
 600653    
 /localscratch/jepa.45909105.0/tipmip_dem_c0/600653                             
  
 Read Parameters...
 Running Taxon C_squamosus         
 ~/projects/def-wailung/Data/Species/Distributions/S600653.csv                  
                                          
  3.115795394652565E-007
 Thread           0  starting...
 600662    
 /localscratch/jepa.45909105.0/tipmip_dem_c0/600662                             
  
 Read Parameters...
 Running Taxon C_coelolepis        
 ~/projects/def-wailung/Data/Species/Distributions/S600662.csv                  
                                          
  3.699199145401623E-007
 Thread           0  starting...
 607110    
 /localscratch/jepa.45909105.0/tipmip_dem_c0/607110                             
  
 Read Parameters...
 Running Taxon C_myersi            
 ~/projects/def-wailung/Data/Species/Distributions/S607110.csv                  
                                          
  1.771822119782662E-007
 Thread           0  starting...
 690009    
 /localscratch/jepa.45909105.0/tipmip_dem_c0/690009                             
  
 Read Parameters...
 Running Taxon C_virginica         
 ~/projects/def-wailung/Data/Species/Distributions/S690009.csv                  
                                          
  4.103529700776320E-007
 Thread           0  starting...
 607111    
 /localscratch/jepa.45909105.0/tipmip_dem_c0/607111                             
  
 Read Parameters...
 Running Taxon C_antarcticus       
 ~/projects/def-wailung/Data/Species/Distributions/S607111.csv                  
                                          
  1.765641971822606E-007
 Thread           0  starting...
 600467    
 /localscratch/jepa.45909105.0/tipmip_dem_c0/600467                             
  
 Read Parameters...
 Running Taxon D_eleginoides       
 ~/projects/def-wailung/Data/Species/Distributions/S600467.csv                  
                                          
  4.713543640202377E-007
 Thread           0  starting...
 690042    
 /localscratch/jepa.45909105.0/tipmip_dem_c0/690042                             
  
 Read Parameters...
 Running Taxon P_merguiensis       
 ~/projects/def-wailung/Data/Species/Distributions/S690042.csv                  
                                          
  3.454145856351953E-007
 Thread           0  starting...
 600308    
 /localscratch/jepa.45909105.0/tipmip_dem_c0/600308                             
  
 Read Parameters...
 Running Taxon G_macrocephalus     
 ~/projects/def-wailung/Data/Species/Distributions/S600308.csv                  
                                          
  2.506870652405625E-007
 Thread           0  starting...
 604239    
 /localscratch/jepa.45909105.0/tipmip_dem_c0/604239                             
  
 Read Parameters...
 Running Taxon H_platessoides      
 ~/projects/def-wailung/Data/Species/Distributions/S604239.csv                  
                                          
  3.467426750356497E-007
 Thread           0  starting...
 690321    
 /localscratch/jepa.45909105.0/tipmip_dem_c0/690321                             
  
 Read Parameters...
 Running Taxon J_edwardsii         
 ~/projects/def-wailung/Data/Species/Distributions/S690321.csv                  
                                          
  3.078636114892678E-007
 Thread           0  starting...
 600346    
 /localscratch/jepa.45909105.0/tipmip_dem_c0/600346                             
  
 Read Parameters...
 Running Taxon L_calcarifer        
 ~/projects/def-wailung/Data/Species/Distributions/S600346.csv                  
                                          
  2.750892981047136E-007
 Thread           0  starting...
 690054    
 /localscratch/jepa.45909105.0/tipmip_dem_c0/690054                             
  
 Read Parameters...
 Running Taxon P_stylirostris      
 ~/projects/def-wailung/Data/Species/Distributions/S690054.csv                  
                                          
  3.808056102663215E-007
 Thread           0  starting...
 600417    
 /localscratch/jepa.45909105.0/tipmip_dem_c0/600417                             
  
 Read Parameters...
 Running Taxon M_ancylodon         
 ~/projects/def-wailung/Data/Species/Distributions/S600417.csv                  
                                          
  3.867293439152598E-007
 Thread           0  starting...
 601825    
 /localscratch/jepa.45909105.0/tipmip_dem_c0/601825                             
  
 Read Parameters...
 Running Taxon M_novaezelandiae    
 ~/projects/def-wailung/Data/Species/Distributions/S601825.csv                  
                                          
  3.318812143238148E-007
 Thread           0  starting...
 601381    
 /localscratch/jepa.45909105.0/tipmip_dem_c0/601381                             
  
 Read Parameters...
 Running Taxon M_aeglefinus        
 ~/projects/def-wailung/Data/Species/Distributions/S601381.csv                  
                                          
  3.431483735285569E-007
 Thread           0  starting...
 690432    
 /localscratch/jepa.45909105.0/tipmip_dem_c0/690432                             
  
 Read Parameters...
 Running Taxon P_latisulcatus      
 ~/projects/def-wailung/Data/Species/Distributions/S690432.csv                  
                                          
  2.883495457528528E-007
 Thread           0  starting...
 600030    
 /localscratch/jepa.45909105.0/tipmip_dem_c0/600030                             
  
 Read Parameters...
 Running Taxon M_merluccius        
 ~/projects/def-wailung/Data/Species/Distributions/S600030.csv                  
                                          
  3.421611575169514E-007
 Thread           0  starting...
 607620    
 /localscratch/jepa.45909105.0/tipmip_dem_c0/607620                             
  
 Read Parameters...
 Running Taxon M_furnieri          
 ~/projects/def-wailung/Data/Species/Distributions/S607620.csv                  
                                          
  4.698841393671049E-007
 Thread           0  starting...
 600408    
 /localscratch/jepa.45909105.0/tipmip_dem_c0/600408                             
  
 Read Parameters...
 Running Taxon M_undulatus         
 ~/projects/def-wailung/Data/Species/Distributions/S600408.csv                  
                                          
  3.235813595843239E-007
 Thread           0  starting...
 607618    
 /localscratch/jepa.45909105.0/tipmip_dem_c0/607618                             
  
 Read Parameters...
 Running Taxon M_mobular           
 ~/projects/def-wailung/Data/Species/Distributions/S607618.csv                  
                                          
  3.159536885415372E-007
 Thread           0  starting...
 610220    
 /localscratch/jepa.45909105.0/tipmip_dem_c0/610220                             
  
 Read Parameters...
 Running Taxon A_thalassinus       
 ~/projects/def-wailung/Data/Species/Distributions/S610220.csv                  
                                          
  3.220671756212212E-007
 Thread           0  starting...
 600240    
 /localscratch/jepa.45909105.0/tipmip_dem_c0/600240                             
  
 Read Parameters...
 Running Taxon O_gorbuscha         
 ~/projects/def-wailung/Data/Species/Distributions/S600240.csv                  
                                          
  2.513762828453835E-007
 Thread           0  starting...
 606426    
 /localscratch/jepa.45909105.0/tipmip_dem_c0/606426                             
  
 Read Parameters...
 Running Taxon C_auratus           
 ~/projects/def-wailung/Data/Species/Distributions/S606426.csv                  
                                          
  2.815158711708677E-007
 Thread           0  starting...
 690269    
 /localscratch/jepa.45909105.0/tipmip_dem_c0/690269                             
  
 Read Parameters...
 Running Taxon P_borealis          
 ~/projects/def-wailung/Data/Species/Distributions/S690269.csv                  
                                          
  3.298395402144827E-007
 Thread           0  starting...
 690071    
 /localscratch/jepa.45909105.0/tipmip_dem_c0/690071                             
  
 Read Parameters...
 Running Taxon P_argus             
 ~/projects/def-wailung/Data/Species/Distributions/S690071.csv                  
                                          
  2.994199999952763E-007
 Thread           0  starting...
 690039    
 /localscratch/jepa.45909105.0/tipmip_dem_c0/690039                             
  
 Read Parameters...
 Running Taxon P_cygnus            
 ~/projects/def-wailung/Data/Species/Distributions/S690039.csv                  
                                          
  1.903838149890369E-007
 Thread           0  starting...
 690060    
 /localscratch/jepa.45909105.0/tipmip_dem_c0/690060                             
  
 Read Parameters...
 Running Taxon P_viridis           
 ~/projects/def-wailung/Data/Species/Distributions/S690060.csv                  
                                          
  2.945997497636465E-007
 Thread           0  starting...
 690011    
 /localscratch/jepa.45909105.0/tipmip_dem_c0/690011                             
  
 Read Parameters...
 Running Taxon P_magellanicus      
 ~/projects/def-wailung/Data/Species/Distributions/S690011.csv                  
                                          
  4.179602516440893E-007
 Thread           0  starting...
 601343    
 /localscratch/jepa.45909105.0/tipmip_dem_c0/601343                             
  
 Read Parameters...
 Running Taxon P_virens            
 ~/projects/def-wailung/Data/Species/Distributions/S601343.csv                  
                                          
  3.519301658716502E-007
 Thread           0  starting...
 600504    
 /localscratch/jepa.45909105.0/tipmip_dem_c0/600504                             
  
 Read Parameters...
 Running Taxon S_alutus            
 ~/projects/def-wailung/Data/Species/Distributions/S600504.csv                  
                                          
  2.577637406879773E-007
 Thread           0  starting...
 600366    
 /localscratch/jepa.45909105.0/tipmip_dem_c0/600366                             
  
 Read Parameters...
 Running Taxon T_japonicus         
 ~/projects/def-wailung/Data/Species/Distributions/S600366.csv                  
                                          
  2.406798650220753E-007
 Thread           0  starting...
 690032    
 /localscratch/jepa.45909105.0/tipmip_dem_c0/690032                             
  
 Read Parameters...
 Running Taxon X_kroyeri           
 ~/projects/def-wailung/Data/Species/Distributions/S690032.csv                  
                                          
  2.915235429612474E-007
 Thread           0  starting...
 600069    
 /localscratch/jepa.45909105.0/tipmip_dem_c0/600069                             
  
 Read Parameters...
 Running Taxon G_morhua            
 ~/projects/def-wailung/Data/Species/Distributions/S600069.csv                  
                                          
  3.333470153075169E-007
 Thread           0  starting...
 Time step =         1811
 Catch=   457101.806781936     
 Abd=   1654624.    
 Catch=   981961.042845899     
 Abd=   2267702.    
 Catch=   313094.644316794     
 Abd=   134682.2    
 Catch=   60346.9927191261     
 Abd=   806926.8    
 Catch=   68685.4519438030     
 Abd=   168283.7    
 Catch=   1159.22539582055     
 Abd=   2133.360    
 Catch=   851530.693899590     
 Abd=   600994.4    
 Catch=   139.835592024804     
 Abd=   267.0479    
 Catch=   818683.970482262     
 Abd=   8581609.    
 Catch=   69109.7355245354     
 Abd=   10925.18    
 Catch=   5375400.56995584     
 Abd=  1.7485620E+07
 Catch=   1869625.04305019     
 Abd=  2.0446592E+07
 Catch=   7390.70742673097     
 Abd=   5763.046    
 Catch=   819254.541660615     
 Abd=   6262096.    
 Catch=   324318.235238904     
 Abd=   78034.58    
 Catch=                     NaN
 Abd=            NaN
 Catch=   1483918.64609043     
 Abd=   3362942.    
 Catch=   3666191.58212593     
 Abd=  2.0153228E+07
 Catch=   46003.2025796458     
 Abd=   27409.76    
 Catch=   1233452.53343501     
 Abd=   8496348.    
 Catch=   541824.714360485     
 Abd=   1189882.    
 Catch=   55909.0532376086     
 Abd=   53823.11    
 Catch=   15850.5020933913     
 Abd=   73028.20    
 Catch=   10074502.9260470     
 Abd=  1.0378517E+08
 Catch=   2330463.14093108     
 Abd=   3258932.    
 Catch=   625574.502411268     
 Abd=   6168393.    
 Catch=   1966115.73954287     
 Abd=   1158422.    
 Catch=   218751.966590325     
 Abd=   203729.4    
 Catch=                     NaN
 Abd=            NaN
 Catch=   421910.440318915     
 Abd=   104737.1    
 Catch=   100040.791692863     
 Abd=   94121.03    
 Catch=   1939607.30705041     
 Abd=   5923078.    
 Catch=   8215483.09295154     
 Abd=  8.5850728E+07
 Catch=   2574269.38765570     
 Abd=   3289542.    
 Catch=   228820.775488205     
 Abd=   164884.7    
 Catch=   60205933.4043495     
 Abd=  4.3857299E+08
 Time step =         1812
 Catch=   202822.989366737     
 Abd=   1038249.    
 Catch=   255626.495085046     
 Abd=   1234448.    
 Catch=   104025.168125337     
 Abd=   100045.6    
 Catch=   42101.2886990433     
 Abd=   619721.1    
 Catch=   42698.4461974571     
 Abd=   125460.7    
 Catch=   392.385283369842     
 Abd=   1160.026    
 Catch=   220575.730355197     
 Abd=   380878.0    
 Catch=   29.7080885272740     
 Abd=   98.52855    
 Catch=   420363.476986826     
 Abd=   5874895.    
 Catch=   50282.6676408429     
 Abd=   12206.15    
 Catch=   2371326.59335995     
 Abd=  1.0681994E+07
 Catch=   981741.630777126     
 Abd=  1.3432143E+07
 Catch=   1176.43552620461     
 Abd=   3287.369    
 Catch=   324899.762256008     
 Abd=   3658242.    
 Catch=   123603.127672541     
 Abd=   68296.08    
 Catch=                     NaN
 Abd=            NaN
 Catch=   439127.307361993     
 Abd=   1912285.    
 Catch=   913015.610497413     
 Abd=  1.0628053E+07
 Catch=   15033.7504846442     
 Abd=   18722.05    
 Catch=   368160.265381730     
 Abd=   4598344.    
 Catch=   172569.007140871     
 Abd=   700835.2    
 Catch=   11588.2661883653     
 Abd=   30851.64    
 Catch=   5929.42233623024     
 Abd=   44852.95    
 Catch=   4864319.15617857     
 Abd=  6.5001744E+07
 Catch=   696180.432167178     
 Abd=   1915068.    
 Catch=   287077.265005960     
 Abd=   3818422.    
 Catch=   650242.386963271     
 Abd=   799912.4    
 Catch=   76061.4447921716     
 Abd=   132973.5    
 Catch=                     NaN
 Abd=            NaN
 Catch=   164006.049541258     
 Abd=   91364.12    
 Catch=   16933.1003652698     
 Abd=   56512.31    
 Catch=   422874.968355919     
 Abd=   3104063.    
 Catch=   4700912.31116072     
 Abd=  5.7114728E+07
 Catch=   975876.625865679     
 Abd=   2195344.    
 Catch=   77915.2636321673     
 Abd=   111424.3    
 Catch=   34476803.3816269     
 Abd=  3.0137856E+08
 Time step =         1813
 Catch=   141003.844292362     
 Abd=   786226.2    
 Catch=   160919.517088742     
 Abd=   877405.3    
 Catch=   87280.4982245976     
 Abd=   91182.43    
 Catch=   33688.6630589480     
 Abd=   513428.3    
 Catch=   34155.7800331645     
 Abd=   106252.7    
 Catch=   245.742097979884     
 Abd=   812.4453    
 Catch=   161398.660555692     
 Abd=   310950.7    
 Catch=   12.1919144516878     
 Abd=   46.19685    
 Catch=   310019.829307653     
 Abd=   4599530.    
 Catch=   54129.6459590773     
 Abd=   12319.40    
 Catch=   1612979.34676725     
 Abd=   7962548.    
 Catch=   698771.441236458     
 Abd=  1.0231756E+07
 Catch=   784.843171349521     
 Abd=   2482.714    
 Catch=   211937.485090494     
 Abd=   2619654.    
 Catch=   116626.860288250     
 Abd=   67044.86    
 Catch=                     NaN
 Abd=            NaN
 Catch=   286562.730324060     
 Abd=   1398348.    
 Catch=   553255.852164862     
 Abd=   7238288.    
 Catch=   11775.4151065092     
 Abd=   16190.22    
 Catch=   227358.207929912     
 Abd=   3173066.    
 Catch=   115641.908667299     
 Abd=   521899.5    
 Catch=   7742.29218260571     
 Abd=   23306.09    
 Catch=   4051.23095976732     
 Abd=   33420.16    
 Catch=   3326781.18466185     
 Abd=  4.7919584E+07
 Catch=   471292.965188324     
 Abd=   1453248.    
 Catch=   195212.913200087     
 Abd=   2811038.    
 Catch=   512785.035752677     
 Abd=   694562.6    
 Catch=   56618.5257392486     
 Abd=   109491.2    
 Catch=                     NaN
 Abd=            NaN
 Catch=   154549.931565473     
 Abd=   89674.03    
 Catch=   11781.0763889040     
 Abd=   43998.43    
 Catch=   256686.725132019     
 Abd=   2133790.    
 Catch=   3345993.85740012     
 Abd=  4.3162072E+07
 Catch=   731961.086507981     
 Abd=   1800591.    
 Catch=   60072.9385100782     
 Abd=   94764.45    
 Catch=   25371182.8559906     
 Abd=  2.3511112E+08
 Time step =         1814
 Catch=   111891.892705751     
 Abd=   650216.9    
 Catch=   121576.208844876     
 Abd=   699358.2    
 Catch=   82376.1797735009     
 Abd=   88221.60    
 Catch=   28526.6018167883     
 Abd=   443346.9    
 Catch=   29893.9418754364     
 Abd=   95633.17    
 Catch=   179.595978084498     
 Abd=   613.6689    
 Catch=   138946.144962725     
 Abd=   279415.6    
 Catch=   6.09730841303435     
 Abd=   24.73627    
 Catch=   250792.633616499     
 Abd=   3829448.    
 Catch=   54221.5738927260     
 Abd=   12319.86    
 Catch=   1263602.37864234     
 Abd=   6515250.    
 Catch=   553130.275252665     
 Abd=   8381524.    
 Catch=   629.586565901126     
 Abd=   2095.702    
 Catch=   159442.387499358     
 Abd=   2059790.    
 Catch=   115668.398149783     
 Abd=   66861.18    
 Catch=                     NaN
 Abd=            NaN
 Catch=   222121.587336644     
 Abd=   1140274.    
 Catch=   399506.578584245     
 Abd=   5509805.    
 Catch=   10660.2098710047     
 Abd=   15177.61    
 Catch=   165902.283258742     
 Abd=   2433903.    
 Catch=   90937.0260215687     
 Abd=   430339.9    
 Catch=   6214.50841616137     
 Abd=   19691.39    
 Catch=   3161.28776182389     
 Abd=   27162.88    
 Catch=   2557115.18312159     
 Abd=  3.8245220E+07
 Catch=   378561.030200902     
 Abd=   1224901.    
 Catch=   150073.945345190     
 Abd=   2246428.    
 Catch=   465508.061552891     
 Abd=   652295.6    
 Catch=   49008.4891767663     
 Abd=   98692.66    
 Catch=                     NaN
 Abd=            NaN
 Catch=   153292.607415198     
 Abd=   89438.77    
 Catch=   9671.60951385335     
 Abd=   37736.62    
 Catch=   187839.698963197     
 Abd=   1650012.    
 Catch=   2622028.85843883     
 Abd=  3.4960560E+07
 Catch=   627720.662282781     
 Abd=   1601832.    
 Catch=   53549.8284699405     
 Abd=   87648.70    
 Catch=   20484892.9558208     
 Abd=  1.9575453E+08
 Time step =         1815
 Catch=   95056.4394958277     
 Abd=   565886.1    
 Catch=   100179.402889800     
 Abd=   593759.0    
 Catch=   80669.5844823206     
 Abd=   87145.98    
 Catch=   24977.6736057333     
 Abd=   393194.3    
 Catch=   27410.0685072813     
 Abd=   89114.83    
 Catch=   139.125412396861     
 Abd=   489.8764    
 Catch=   128068.476199755     
 Abd=   263012.4    
 Catch=   3.46042661965824     
 Abd=   14.97859    
 Catch=   212846.031672505     
 Abd=   3307512.    
 Catch=   54221.9270452616     
 Abd=   12319.86    
 Catch=   1063109.30363385     
 Abd=   5620516.    
 Catch=   463534.021364777     
 Abd=   7171626.    
 Catch=   548.276435624354     
 Abd=   1875.168    
 Catch=   128972.631339748     
 Abd=   1710169.    
 Catch=   115526.299565530     
 Abd=   66833.67    
 Catch=                     NaN
 Abd=            NaN
 Catch=   186921.051645054     
 Abd=   986821.6    
 Catch=   314194.851800200     
 Abd=   4464288.    
 Catch=   10187.5461584560     
 Abd=   14723.43    
 Catch=   131262.550134276     
 Abd=   1981380.    
 Catch=   77260.3560178511     
 Abd=   375475.0    
 Catch=   5417.38914615542     
 Abd=   17636.80    
 Catch=   2638.13515571401     
 Abd=   23217.76    
 Catch=   2092230.74558925     
 Abd=  3.2019984E+07
 Catch=   328688.646150508     
 Abd=   1091446.    
 Catch=   122998.137832052     
 Abd=   1884366.    
 Catch=   445409.702341867     
 Abd=   633252.9    
 Catch=   45259.4235639358     
 Abd=   92996.09    
 Catch=                     NaN
 Abd=            NaN
 Catch=   153115.115708754     
 Abd=   89404.75    
 Catch=   8517.74870859756     
 Abd=   34003.86    
 Catch=   150167.550841620     
 Abd=   1359169.    
 Catch=   2172059.89259022     
 Abd=  2.9572084E+07
 Catch=   571336.381022699     
 Abd=   1486896.    
 Catch=   50587.1748478319     
 Abd=   84213.88    
 Catch=   17414455.6155428     
 Abd=  1.6961178E+08
 Time step =         1816
 Catch=   84155.1953393647     
 Abd=   508863.7    
 Catch=   86836.8017765843     
 Abd=   524538.2    
 Catch=   80040.5533639963     
 Abd=   86744.83    
 Catch=   22369.4955657668     
 Abd=   355369.4    
 Catch=   25837.4998147398     
 Abd=   84858.55    
 Catch=   113.968836782601     
 Abd=   411.7287    
 Catch=   122203.531329852     
 Abd=   253846.8    
 Catch=   2.17341222802380     
 Abd=   9.777822    
 Catch=   186227.522017954     
 Abd=   2929036.    
 Catch=   54221.9267017388     
 Abd=   12319.86    
 Catch=   933529.481325137     
 Abd=   5016162.    
 Catch=   402652.215963974     
 Abd=   6317650.    
 Catch=   499.731280413900     
 Abd=   1737.241    
 Catch=   109076.605441063     
 Abd=   1471521.    
 Catch=   115505.016735971     
 Abd=   66829.55    
 Catch=                     NaN
 Abd=            NaN
 Catch=   164928.733812697     
 Abd=   886083.1    
 Catch=   259797.363122373     
 Abd=   3761750.    
 Catch=   9970.11834926957     
 Abd=   14509.15    
 Catch=   109022.316568114     
 Abd=   1676908.    
 Catch=   68669.8612255411     
 Abd=   339355.3    
 Catch=   4941.89199794205     
 Abd=   16350.11    
 Catch=   2293.89342817863     
 Abd=   20508.67    
 Catch=   1781063.46995531     
 Abd=  2.7686416E+07
 Catch=   298135.877441059     
 Abd=   1005760.    
 Catch=   104902.055506678     
 Abd=   1632243.    
 Catch=   436113.414526904     
 Abd=   624205.9    
 Catch=   43210.2765548294     
 Abd=   89769.77    
 Catch=                     NaN
 Abd=            NaN
 Catch=   153089.067574780     
 Abd=   89399.66    
 Catch=   7797.00081005646     
 Abd=   31564.12    
 Catch=   126228.367991454     
 Abd=   1164092.    
 Catch=   1865822.41987709     
 Abd=  2.5772840E+07
 Catch=   537744.135988331     
 Abd=   1416764.    
 Catch=   49115.5194164206     
 Abd=   82458.19    
 Catch=   15300769.6682202     
 Abd=  1.5096507E+08
 Time step =         1817
 Catch=   76568.1066261935     
 Abd=   468014.7    
 Catch=   77801.6694728419     
 Abd=   476108.2    
 Catch=   79804.6679899501     
 Abd=   86593.55    
 Catch=   20365.5035205876     
 Abd=   325770.9    
 Catch=   24789.7302435943     
 Abd=   81964.38    
 Catch=   97.5222199367717     
 Abd=   357.4073    
 Catch=   118861.113712825     
 Abd=   248519.3    
 Catch=   1.45837302542926     
 Abd=   6.743172    
 Catch=   166480.072985622     
 Abd=   2641883.    
 Catch=   54221.9267017388     
 Abd=   12319.86    
 Catch=   843408.894281910     
 Abd=   4583477.    
 Catch=   358540.713028959     
 Abd=   5682620.    
 Catch=   468.488900123862     
 Abd=   1645.904    
 Catch=   95089.6924760428     
 Abd=   1298761.    
 Catch=   115501.787177522     
 Abd=   66828.92    
 Catch=                     NaN
 Abd=            NaN
 Catch=   150022.976997001     
 Abd=   815612.2    
 Catch=   222019.663444180     
 Abd=   3258158.    
 Catch=   9866.31162363605     
 Abd=   14405.62    
 Catch=   93561.3736685218     
 Abd=   1458041.    
 Catch=   62839.2139716898     
 Abd=   314082.2    
 Catch=   4634.99244826803     
 Abd=   15494.38    
 Catch=   2050.46120389673     
 Abd=   18536.00    
 Catch=   1558551.50394992     
 Abd=  2.4503920E+07
 Catch=   277924.758865652     
 Abd=   947355.4    
 Catch=   91943.6500423458     
 Abd=   1446631.    
 Catch=   431636.819399849     
 Abd=   619785.7    
 Catch=   42026.0279081098     
 Abd=   87866.80    
 Catch=                     NaN
 Abd=            NaN
 Catch=   153085.086582011     
 Abd=   89398.86    
 Catch=   7312.60797500720     
 Abd=   29879.11    
 Catch=   109647.708123470     
 Abd=   1024821.    
 Catch=   1644219.86949112     
 Abd=  2.2949436E+07
 Catch=   517186.779109021     
 Abd=   1374115.    
 Catch=   48352.3674118796     
 Abd=   81534.58    
 Catch=   13755258.9111943     
 Abd=  1.3699112E+08
 Time step =         1818
 Catch=   71020.5064224312     
 Abd=   437533.6    
 Catch=   71333.9552206527     
 Abd=   440635.7    
 Catch=   79715.5244661631     
 Abd=   86536.31    
 Catch=   18775.4150597027     
 Abd=   301961.1    
 Catch=   24067.1725411226     
 Abd=   79939.88    
 Catch=   85.4469936469840     
 Abd=   316.4075    
 Catch=   116896.074870657     
 Abd=   245351.3    
 Catch=   1.01560337517804     
 Abd=   4.765996    
 Catch=   151249.441023502     
 Abd=   2416797.    
 Catch=   54221.9267017388     
 Abd=   12319.86    
 Catch=   777520.094998458     
 Abd=   4260294.    
 Catch=   325108.780282154     
 Abd=   5192140.    
 Catch=   447.407656565115     
 Abd=   1583.107    
 Catch=   84746.1660890581     
 Abd=   1168223.    
 Catch=   115501.333738581     
 Abd=   66828.83    
 Catch=                     NaN
 Abd=            NaN
 Catch=   139366.854794773     
 Abd=   764131.0    
 Catch=   194337.930679702     
 Abd=   2880798.    
 Catch=   9815.86214842961     
 Abd=   14355.00    
 Catch=   82185.9284711531     
 Abd=   1293393.    
 Catch=   58672.0591613132     
 Abd=   295632.3    
 Catch=   4426.82332404767     
 Abd=   14902.38    
 Catch=   1869.48961895620     
 Abd=   17039.40    
 Catch=   1391969.96853691     
 Abd=  2.2075034E+07
 Catch=   263863.471160776     
 Abd=   905875.1    
 Catch=   82211.2881755973     
 Abd=   1304420.    
 Catch=   429432.529841203     
 Abd=   617590.6    
 Catch=   41318.9187916900     
 Abd=   86716.34    
 Catch=                     NaN
 Abd=            NaN
 Catch=   153084.609247656     
 Abd=   89398.82    
 Catch=   6971.96128794584     
 Abd=   28672.82    
 Catch=   97563.2753735060     
 Abd=   921166.2    
 Catch=   1476255.05255099     
 Abd=  2.0767800E+07
 Catch=   504966.603364123     
 Abd=   1349742.    
 Catch=   47947.8619963062     
 Abd=   81041.29    
 Catch=   12575772.4000359     
 Abd=  1.2613110E+08
 Time step =         1819
 Catch=   66817.9311096312     
 Abd=   414091.4    
 Catch=   66515.8917812732     
 Abd=   413758.8    
 Catch=   79681.7413935034     
 Abd=   86514.52    
 Catch=   17482.3462352796     
 Abd=   282388.9    
 Catch=   23556.5902899722     
 Abd=   78494.70    
 Catch=   76.4079607366749     
 Abd=   285.8898    
 Catch=   115719.618759399     
 Abd=   243441.8    
 Catch=  0.724685096520200     
 Abd=   3.399495    
 Catch=   139161.788574473     
 Abd=   2235937.    
 Catch=   54221.9267017388     
 Abd=   12319.86    
 Catch=   727485.795992667     
 Abd=   4010772.    
 Catch=   298911.622911064     
 Abd=   4802250.    
 Catch=   432.726818346983     
 Abd=   1538.811    
 Catch=   76801.2319433207     
 Abd=   1066290.    
 Catch=   115501.232626921     
 Abd=   66828.81    
 Catch=                     NaN
 Abd=            NaN
 Catch=   131459.189293361     
 Abd=   725324.1    
 Catch=   173226.626764417     
 Abd=   2587739.    
 Catch=   9791.12056362300     
 Abd=   14330.10    
 Catch=   73501.1237226981     
 Abd=   1165881.    
 Catch=   55582.4447174072     
 Abd=   281737.9    
 Catch=   4280.82743760694     
 Abd=   14481.45    
 Catch=   1730.06614693437     
 Abd=   15868.20    
 Catch=   1262924.70246549     
 Abd=  2.0164860E+07
 Catch=   253728.308429459     
 Abd=   875527.5    
 Catch=   74639.2722857377     
 Abd=   1192055.    
 Catch=   428332.068817808     
 Abd=   616488.4    
 Catch=   40888.0607709365     
 Abd=   86009.66    
 Catch=                     NaN
 Abd=            NaN
 Catch=   153084.507860115     
 Abd=   89398.77    
 Catch=   6725.05261188694     
 Abd=   27787.70    
 Catch=   88420.3086215312     
 Abd=   841395.6    
 Catch=   1344608.25648710     
 Abd=  1.9033544E+07
 Catch=   498382.852386065     
 Abd=   1337821.    
 Catch=   47730.9453035529     
 Abd=   80775.69    
 Catch=   11646151.6393622     
 Abd=  1.1745086E+08
 Time step =         1820
 Catch=   63548.3886616744     
 Abd=   395640.5    
 Catch=   62817.8578385437     
 Abd=   392859.8    
 Catch=   79668.9128298444     
 Abd=   86506.27    
 Catch=   16410.0036688754     
 Abd=   266011.5    
 Catch=   23189.3745753197     
 Abd=   77447.44    
 Catch=   69.5581393074931     
 Abd=   261.8408    
 Catch=   115007.601463298     
 Abd=   242281.4    
 Catch=  0.508083719237840     
 Abd=   2.414970    
 Catch=   129351.969876421     
 Abd=   2087688.    
 Catch=   54221.9267017388     
 Abd=   12319.86    
 Catch=   688363.225424936     
 Abd=   3813188.    
 Catch=   277851.602230716     
 Abd=   4485294.    
 Catch=   422.277641792960     
 Abd=   1506.999    
 Catch=   70516.9242631550     
 Abd=   984621.6    
 Catch=   115501.197302974     
 Abd=   66828.80    
 Catch=                     NaN
 Abd=            NaN
 Catch=   125427.476633580     
 Abd=   695371.6    
 Catch=   156587.895837258     
 Abd=   2353342.    
 Catch=   9778.93578321083     
 Abd=   14317.83    
 Catch=   66694.5625683521     
 Abd=   1064670.    
 Catch=   53228.1912843803     
 Abd=   271025.5    
 Catch=   4175.98709470157     
 Abd=   14176.14    
 Catch=   1619.57379939438     
 Abd=   14928.38    
 Catch=   1160209.99580456     
 Abd=  1.8625966E+07
 Catch=   246230.568151892     
 Abd=   852826.2    
 Catch=   68582.3197240626     
 Abd=   1101054.    
 Catch=   427777.226856313     
 Abd=   615930.4    
 Catch=   40622.0340158406     
 Abd=   85571.01    
 Catch=                     NaN
 Abd=            NaN
 Catch=   153084.463889821     
 Abd=   89398.77    
 Catch=   6542.26951672178     
 Abd=   27126.66    
 Catch=   81286.0624741499     
 Abd=   778275.6    
 Catch=   1238774.73528048     
 Abd=  1.7623544E+07
 Catch=   495583.607868328     
 Abd=   1334007.    
 Catch=   47613.8875988550     
 Abd=   80632.03    
 Catch=   10894828.7008720     
 Abd=  1.1035751E+08
 Time step =         1821
 Catch=   60951.5176138705     
 Abd=   380853.6    
 Catch=   59912.8553236794     
 Abd=   376273.8    
 Catch=   79663.9992381169     
 Abd=   86503.11    
 Catch=   15506.0214037396     
 Abd=   252103.8    
 Catch=   22921.8975169320     
 Abd=   76680.70    
 Catch=   63.8909690288322     
 Abd=   240.8818    
 Catch=   114573.834799493     
 Abd=   241572.8    
 Catch=  0.359677262116536     
 Abd=   1.572116    
 Catch=   121244.396969070     
 Abd=   1964146.    
 Catch=   54221.9267017388     
 Abd=   12319.86    
 Catch=   657072.871072019     
 Abd=   3653568.    
 Catch=   260576.971765801     
 Abd=   4222971.    
 Catch=   414.724496761518     
 Abd=   1483.855    
 Catch=   65429.9011923964     
 Abd=   917827.8    
 Catch=   115501.211454070     
 Abd=   66828.80    
 Catch=                     NaN
 Abd=            NaN
 Catch=   120729.135208202     
 Abd=   671824.8    
 Catch=   143129.884995065     
 Abd=   2161701.    
 Catch=   9772.92054469038     
 Abd=   14311.76    
 Catch=   61232.9533505907     
 Abd=   982553.1    
 Catch=   51396.2864344172     
 Abd=   262611.4    
 Catch=   4099.37802602567     
 Abd=   13951.36    
 Catch=   1530.06267164936     
 Abd=   14159.50    
 Catch=   1076642.48350819     
 Abd=  1.7361524E+07
 Catch=   240573.673242879     
 Abd=   835548.1    
 Catch=   63627.5487286477     
 Abd=   1025861.    
 Catch=   427495.584266652     
 Abd=   615646.1    
 Catch=   40456.2758355634     
 Abd=   85296.58    
 Catch=                     NaN
 Abd=            NaN
 Catch=   153084.468038284     
 Abd=   89398.77    
 Catch=   6404.87950605716     
 Abd=   26626.59    
 Catch=   75577.7030256156     
 Abd=   727196.6    
 Catch=   1151939.99490895     
 Abd=  1.6456074E+07
 Catch=   495119.970703407     
 Abd=   1334809.    
 Catch=   47550.5061356415     
 Abd=   80554.18    
 Catch=   10275367.6470233     
 Abd=  1.0445739E+08
 Time step =         1822
 Catch=   58855.0136691071     
 Abd=   368825.5    
 Catch=   57588.4764326793     
 Abd=   362893.4    
 Catch=   79662.1597261450     
 Abd=   86501.97    
 Catch=   14733.5618334373     
 Abd=   240146.4    
 Catch=   22725.2550053502     
 Abd=   76114.61    
 Catch=   58.9494498476366     
 Abd=   223.3333    
 Catch=   114308.513705192     
 Abd=   241138.6    
 Catch=  0.237633532759583     
 Abd=   1.140359    
 Catch=   114441.125774904     
 Abd=   1859754.    
 Catch=   54221.9267017388     
 Abd=   12319.86    
 Catch=   631585.830771689     
 Abd=   3522470.    
 Catch=   246173.397092630     
 Abd=   4002612.    
 Catch=   409.203697202234     
 Abd=   1466.858    
 Catch=   61233.8146544945     
 Abd=   862259.2    
 Catch=   115501.198440852     
 Abd=   66828.80    
 Catch=                     NaN
 Abd=            NaN
 Catch=   117008.752702524     
 Abd=   653043.3    
 Catch=   132038.154713177     
 Abd=   2002498.    
 Catch=   9769.94529108663     
 Abd=   14308.75    
 Catch=   56761.1311588242     
 Abd=   914700.6    
 Catch=   49946.8052255407     
 Abd=   255905.0    
 Catch=   4042.65663394250     
 Abd=   13783.97    
 Catch=   1456.19980531838     
 Abd=   13519.89    
 Catch=   1007419.50576675     
 Abd=  1.6305563E+07
 Catch=   236238.792312723     
 Abd=   822217.0    
 Catch=   59500.0655273696     
 Abd=   962710.8    
 Catch=   427351.348451026     
 Abd=   615499.0    
 Catch=   40352.2986401430     
 Abd=   85123.91    
 Catch=                     NaN
 Abd=            NaN
 Catch=   153084.415481284     
 Abd=   89398.76    
 Catch=   6300.44498923136     
 Abd=   26244.66    
 Catch=   70913.9662017497     
 Abd=   685057.8    
 Catch=   1079497.33021394     
 Abd=  1.5474714E+07
 Catch=   495854.694075846     
 Abd=   1337611.    
 Catch=   47516.1173269268     
 Abd=   80511.91    
 Catch=   9756417.99773509     
 Abd=  9.9479488E+07
 Time step =         1823
 Catch=   57139.3913104457     
 Abd=   358925.0    
 Catch=   55700.6241523557     
 Abd=   351951.7    
 Catch=   79661.4909622109     
 Abd=   86501.52    
 Catch=   14065.8767149920     
 Abd=   229755.3    
 Catch=   22579.4984520478     
 Abd=   75693.13    
 Catch=   54.9691932913486     
 Abd=   209.0408    
 Catch=   114145.791404821     
 Abd=   240872.0    
 Catch=                     NaN
 Abd=            NaN
 Catch=   108658.111398716     
 Abd=   1770485.    
 Catch=   54221.9267017388     
 Abd=   12319.86    
 Catch=   610508.016661503     
 Abd=   3413294.    
 Catch=   233997.770803130     
 Abd=   3815163.    
 Catch=   405.135399778875     
 Abd=   1454.291    
 Catch=   57717.7100097111     
 Abd=   815351.7    
 Catch=   115501.176982765     
 Abd=   66828.77    
 Catch=                     NaN
 Abd=            NaN
 Catch=   114023.839133641     
 Abd=   637885.9    
 Catch=   122758.828992698     
 Abd=   1868333.    
 Catch=   9768.47513714158     
 Abd=   14307.27    
 Catch=   53037.5501256184     
 Abd=   857759.1    
 Catch=   48784.4841695217     
 Abd=   250494.2    
 Catch=   4000.22341782672     
 Abd=   13658.17    
 Catch=   1394.38034251555     
 Abd=   12981.15    
 Catch=   949210.100423681     
 Abd=  1.5411442E+07
 Catch=   232875.591064481     
 Abd=   811814.5    
 Catch=   56009.6329301603     
 Abd=   908939.8    
 Catch=   427276.595709213     
 Abd=   615422.8    
 Catch=   40286.7312202286     
 Abd=   85014.84    
 Catch=                     NaN
 Abd=            NaN
 Catch=   153084.427268964     
 Abd=   89398.73    
 Catch=   6220.39090894588     
 Abd=   25950.83    
 Catch=   67035.1151348780     
 Abd=   649721.9    
 Catch=   1018212.71200556     
 Abd=  1.4639184E+07
 Catch=   496998.062194906     
 Abd=   1340777.    
 Catch=   47497.4373863585     
 Abd=   80488.91    
 Catch=   9315991.29645912     
 Abd=  9.5229792E+07
 Time step =         1824
 Catch=   55720.1775182995     
 Abd=   350690.8    
 Catch=   54148.1685459743     
 Abd=   342902.9    
 Catch=   79661.2224757553     
 Abd=   86501.37    
 Catch=   13482.9112597443     
 Abd=   220639.4    
 Catch=   22470.6901387030     
 Abd=   75377.75    
 Catch=   51.5297945775081     
 Abd=   196.3550    
 Catch=   114045.872310584     
 Abd=   240708.4    
 Catch=                     NaN
 Abd=            NaN
 Catch=   103687.356454875     
 Abd=   1693355.    
 Catch=   54221.9267017388     
 Abd=   12319.86    
 Catch=   592852.942263191     
 Abd=   3321319.    
 Catch=   223584.814737990     
 Abd=   3653989.    
 Catch=   402.119442101191     
 Abd=   1444.950    
 Catch=   54731.3324942664     
 Abd=   775268.1    
 Catch=   115501.156100235     
 Abd=   66828.79    
 Catch=                     NaN
 Abd=            NaN
 Catch=   111603.423816550     
 Abd=   625535.6    
 Catch=   114889.682780683     
 Abd=   1753854.    
 Catch=   9767.74023688120     
 Abd=   14306.52    
 Catch=   49891.9633759781     
 Abd=   809335.9    
 Catch=   47841.9702206331     
 Abd=   246081.3    
 Catch=   3968.21926264905     
 Abd=   13562.94    
 Catch=   1342.02019917528     
 Abd=   12522.25    
 Catch=   899632.888143933     
 Abd=  1.4645444E+07
 Catch=   230239.416376232     
 Abd=   803623.6    
 Catch=   53020.1777752791     
 Abd=   862613.6    
 Catch=   427237.557856160     
 Abd=   615382.6    
 Catch=   40245.2725913929     
 Abd=   84945.72    
 Catch=                     NaN
 Abd=            NaN
 Catch=   153084.423908241     
 Abd=   89398.73    
 Catch=   6158.63683787597     
 Abd=   25723.56    
 Catch=   63759.1219584402     
 Abd=   619663.1    
 Catch=   965750.400487324     
 Abd=  1.3920030E+07
 Catch=   498112.186033484     
 Abd=   1343544.    
 Catch=   47487.2956981311     
 Abd=   80476.41    
 Catch=   8938065.50860755     
 Abd=  9.1564336E+07
 Time step =         1825
 Catch=   54534.9009116320     
 Abd=   343786.6    
 Catch=   52858.1170112335     
 Abd=   335347.1    
 Catch=   79661.1261354024     
 Abd=   86501.27    
 Catch=   12969.3417039310     
 Abd=   212573.5    
 Catch=   22389.0877430800     
 Abd=   75140.72    
 Catch=   48.4623058466304     
 Abd=   184.5542    
 Catch=   113984.470508860     
 Abd=   240607.6    
 Catch=                     NaN
 Abd=            NaN
 Catch=   99372.8140209821     
 Abd=   1626099.    
 Catch=   54221.9267017388     
 Abd=   12319.86    
 Catch=   577906.296360940     
 Abd=   3243070.    
 Catch=   214590.348160648     
 Abd=   3514133.    
 Catch=   399.873689944662     
 Abd=   1437.981    
 Catch=   52165.9261595101     
 Abd=   740648.6    
 Catch=   115501.184287108     
 Abd=   66828.80    
 Catch=                     NaN
 Abd=            NaN
 Catch=   109623.440658902     
 Abd=   615392.8    
 Catch=   108139.938561410     
 Abd=   1655131.    
 Catch=   9767.37972328047     
 Abd=   14306.17    
 Catch=   47201.8280785185     
 Abd=   767690.8    
 Catch=   47070.0544206464     
 Abd=   242454.2    
 Catch=   3943.92037968833     
 Abd=   13490.41    
 Catch=   1297.19749127740     
 Abd=   12127.54    
 Catch=   856944.689605715     
 Abd=  1.3982528E+07
 Catch=   228155.747184699     
 Abd=   797123.0    
 Catch=   50431.4714031637     
 Abd=   822295.0    
 Catch=   427216.566971229     
 Abd=   615360.8    
 Catch=   40218.9363385541     
 Abd=   84901.78    
 Catch=                     NaN
 Abd=            NaN
 Catch=   153084.401539210     
 Abd=   89398.72    
 Catch=   6110.76724202095     
 Abd=   25546.99    
 Catch=   60955.9842834804     
 Abd=   593794.8    
 Catch=   920383.014556652     
 Abd=  1.3295217E+07
 Catch=   499026.681020851     
 Abd=   1345700.    
 Catch=   47481.8009577455     
 Abd=   80469.73    
 Catch=   8610651.68873582     
 Abd=  8.8374720E+07
 Time step =         1826
 Catch=   53537.5266338538     
 Abd=   337955.9    
 Catch=   51776.4835255137     
 Abd=   328985.5    
 Catch=   79661.0656689691     
 Abd=   86501.24    
 Catch=   12513.2919419436     
 Abd=   205385.9    
 Catch=   22327.5490118677     
 Abd=   74961.24    
 Catch=   45.3769207138019     
 Abd=   172.1271    
 Catch=   113946.648033547     
 Abd=   240545.6    
 Catch=                     NaN
 Abd=            NaN
 Catch=   95595.5223878477     
 Abd=   1566980.    
 Catch=   54221.9267017388     
 Abd=   12319.86    
 Catch=   565137.673313643     
 Abd=   3175947.    
 Catch=   206754.493700168     
 Abd=   3391808.    
 Catch=   398.196036288258     
 Abd=   1432.768    
 Catch=   49940.2141156388     
 Abd=   710476.6    
 Catch=   115501.204756139     
 Abd=   66828.80    
 Catch=                     NaN
 Abd=            NaN
 Catch=   107991.917563513     
 Abd=   607006.8    
 Catch=   102290.639219296     
 Abd=   1569151.    
 Catch=   9767.20164535251     
 Abd=   14305.99    
 Catch=   44877.1711150115     
 Abd=   731532.2    
 Catch=   46433.2202966701     
 Abd=   239450.4    
 Catch=   3925.36875174688     
 Abd=   13434.89    
 Catch=   1258.48200144579     
 Abd=   11785.11    
 Catch=   819836.768446138     
 Abd=  1.3403697E+07
 Catch=   226496.890223622     
 Abd=   791931.9    
 Catch=   48168.5914360310     
 Abd=   786893.2    
 Catch=   427205.417585953     
 Abd=   615349.4    
 Catch=   40202.1936107341     
 Abd=   84873.77    
 Catch=                     NaN
 Abd=            NaN
 Catch=   153084.414700402     
 Abd=   89398.77    
 Catch=   6073.52002199474     
 Abd=   25409.40    
 Catch=   58531.8807634232     
 Abd=   571315.8    
 Catch=   880808.952642851     
 Abd=  1.2748011E+07
 Catch=   499720.673266932     
 Abd=   1347302.    
 Catch=   47478.8320823536     
 Abd=   80466.05    
 Catch=   8324626.69441084     
 Abd=  8.5577280E+07
 Time step =         1827
 Catch=   52692.5833574209     
 Abd=   333000.7    
 Catch=   50862.4300728153     
 Abd=   323589.4    
 Catch=   79661.0605683868     
 Abd=   86501.20    
 Catch=   12105.6003406734     
 Abd=   198937.9    
 Catch=   22280.9731163520     
 Abd=   74825.48    
 Catch=   42.2711246763311     
 Abd=   160.7230    
 Catch=   113923.398272685     
 Abd=   240507.5    
 Catch=                     NaN
 Abd=            NaN
 Catch=   92263.4828048583     
 Abd=   1514646.    
 Catch=   54221.9267017388     
 Abd=   12319.86    
 Catch=   554144.426087608     
 Abd=   3117944.    
 Catch=   199877.023519023     
 Abd=   3284071.    
 Catch=   396.939540198522     
 Abd=   1428.860    
 Catch=   47992.4641447948     
 Abd=   683965.9    
 Catch=   115501.220732235     
 Abd=   66828.81    
 Catch=                     NaN
 Abd=            NaN
 Catch=   106639.205840991     
 Abd=   600034.3    
 Catch=   97173.7152449831     
 Abd=   1493600.    
 Catch=   9767.11804479582     
 Abd=   14305.89    
 Catch=   42850.4614575669     
 Abd=   699875.8    
 Catch=   45904.1402049883     
 Abd=   236946.8    
 Catch=   3911.13931217629     
 Abd=   13392.22    
 Catch=   1224.76820055834     
 Abd=   11485.81    
 Catch=   787309.567324158     
 Abd=  1.2894336E+07
 Catch=   225168.596721768     
 Abd=   787764.0    
 Catch=   46173.9192053735     
 Abd=   755566.6    
 Catch=   427199.281314657     
 Abd=   615342.5    
 Catch=   40191.4894516461     
 Abd=   84855.84    
 Catch=                     NaN
 Abd=            NaN
 Catch=   153084.471210030     
 Abd=   89398.77    
 Catch=   6044.45758778490     
 Abd=   25301.90    
 Catch=   56416.5025074676     
 Abd=   551616.4    
 Catch=   846026.265490050     
 Abd=  1.2265311E+07
 Catch=   500231.799647029     
 Abd=   1348476.    
 Catch=   47477.1862109993     
 Abd=   80464.00    
 Catch=   8072901.63190835     
 Abd=  8.3106872E+07
 Time step =         1828
 Catch=   51972.6360105692     
 Abd=   328767.2    
 Catch=   50084.7263802279     
 Abd=   318984.1    
 Catch=   79661.0289084245     
 Abd=   86501.24    
 Catch=   11738.8184220804     
 Abd=   193123.2    
 Catch=   22245.6649303696     
 Abd=   74722.34    
 Catch=   39.5812521128082     
 Abd=   150.5490    
 Catch=   113909.049613818     
 Abd=   240483.9    
 Catch=                     NaN
 Abd=            NaN
 Catch=   89304.3914697358     
 Abd=   1468020.    
 Catch=   54221.9267017388     
 Abd=   12319.86    
 Catch=   544614.973305147     
 Abd=   3067503.    
 Catch=   193801.312963851     
 Abd=   3188605.    
 Catch=   395.996971103471     
 Abd=   1425.926    
 Catch=   46274.9326582683     
 Abd=   660506.8    
 Catch=   115501.197640444     
 Abd=   66828.80    
 Catch=                     NaN
 Abd=            NaN
 Catch=   105511.775513055     
 Abd=   594208.5    
 Catch=   92659.8052119970     
 Abd=   1426690.    
 Catch=   9767.07061829449     
 Abd=   14305.87    
 Catch=   41069.2877032904     
 Abd=   671945.1    
 Catch=   45461.9443993601     
 Abd=   234848.3    
 Catch=   3900.18044785554     
 Abd=   13359.29    
 Catch=   1195.20539873217     
 Abd=   11222.55    
 Catch=   758586.601362324     
 Abd=  1.2442986E+07
 Catch=   224099.423202912     
 Abd=   784400.5    
 Catch=   44402.7223153864     
 Abd=   727653.2    
 Catch=   427195.593247475     
 Abd=   615338.4    
 Catch=   40184.6406865859     
 Abd=   84844.39    
 Catch=                     NaN
 Abd=            NaN
 Catch=   153084.436597062     
 Abd=   89398.75    
 Catch=   6021.72777733662     
 Abd=   25217.75    
 Catch=   54555.8210201423     
 Abd=   534224.6    
 Catch=   815244.301602931     
 Abd=  1.1836746E+07
 Catch=   500606.051934863     
 Abd=   1349334.    
 Catch=   47476.2951825225     
 Abd=   80462.92    
 Catch=   7849912.36228966     
 Abd=  8.0911600E+07
 Time step =         1829
 Catch=   51356.0857318923     
 Abd=   325134.0    
 Catch=   49419.1350776825     
 Abd=   315030.3    
 Catch=   79661.0564959573     
 Abd=   86501.24    
 Catch=   11407.2373410790     
 Abd=   187853.4    
 Catch=   22218.7721482964     
 Abd=   74643.56    
 Catch=   37.0497066262747     
 Abd=   141.0545    
 Catch=   113900.193434374     
 Abd=   240469.3    
 Catch=                     NaN
 Abd=            NaN
 Catch=   86660.2783699067     
 Abd=   1426232.    
 Catch=   54221.9267017388     
 Abd=   12319.86    
 Catch=   536304.128435779     
 Abd=   3023386.    
 Catch=   188403.118663112     
 Abd=   3103556.    
 Catch=   395.288790728733     
 Abd=   1423.720    
 Catch=   44750.1251413683     
 Abd=   639609.1    
 Catch=   115501.196680681     
 Abd=   66828.80    
 Catch=                     NaN
 Abd=            NaN
 Catch=   104567.821094311     
 Abd=   589320.9    
 Catch=   88648.0013941732     
 Abd=   1367014.    
 Catch=   9767.06728479981     
 Abd=   14305.86    
 Catch=   39492.0667833504     
 Abd=   647122.9    
 Catch=   45090.3730360765     
 Abd=   233079.5    
 Catch=   3891.70965807018     
 Abd=   13333.79    
 Catch=   1169.13213063397     
 Abd=   10989.60    
 Catch=   733057.211822936     
 Abd=  1.2040600E+07
 Catch=   223235.044585263     
 Abd=   781675.8    
 Catch=   42819.7067728540     
 Abd=   702626.4    
 Catch=   427193.491888065     
 Abd=   615336.1    
 Catch=   40180.2671837223     
 Abd=   84837.03    
 Catch=                     NaN
 Abd=            NaN
 Catch=   153084.415842465     
 Abd=   89398.74    
 Catch=   6003.92593928871     
 Abd=   25151.80    
 Catch=   52907.6757520045     
 Abd=   518768.3    
 Catch=   787836.362969826     
 Abd=  1.1454062E+07
 Catch=   500879.530128529     
 Abd=   1349961.    
 Catch=   47475.8130763824     
 Abd=   80462.34    
 Catch=   7651211.60163941     
 Abd=  7.8949936E+07
 Time step =         1830
 Catch=   50825.9055592893     
 Abd=   322003.2    
 Catch=   48846.2308017059     
 Abd=   311619.1    
 Catch=   79661.0675518554     
 Abd=   86501.25    
 Catch=   11106.0517770252     
 Abd=   183056.2    
 Catch=   22198.1765340646     
 Abd=   74582.89    
 Catch=   34.8562773022756     
 Abd=   133.2555    
 Catch=   113894.757657849     
 Abd=   240460.4    
 Catch=                     NaN
 Abd=            NaN
 Catch=   84284.4671929934     
 Abd=   1388590.    
 Catch=   54221.9267017388     
 Abd=   12319.86    
 Catch=   529017.120909414     
 Abd=   2984609.    
 Catch=   183582.581237146     
 Abd=   3027428.    
 Catch=   394.756172251609     
 Abd=   1422.061    
 Catch=   43387.9671190868     
 Abd=   620888.9    
 Catch=   115501.222328087     
 Abd=   66828.80    
 Catch=                     NaN
 Abd=            NaN
 Catch=   103774.427299557     
 Abd=   585205.0    
 Catch=   85059.2614101509     
 Abd=   1313473.    
 Catch=   9767.06712660672     
 Abd=   14305.86    
 Catch=   38085.8397700755     
 Abd=   624921.2    
 Catch=   44776.4680601450     
 Abd=   231582.6    
 Catch=   3885.14390410112     
 Abd=   13314.01    
 Catch=   1145.98489880365     
 Abd=   10782.19    
 Catch=   710235.564090562     
 Abd=  1.1679915E+07
 Catch=   222533.390253455     
 Abd=   779460.2    
 Catch=   41396.3784328548     
 Abd=   680058.1    
 Catch=   427192.100945558     
 Abd=   615334.6    
 Catch=   40177.4471346270     
 Abd=   84832.28    
 Catch=                     NaN
 Abd=            NaN
 Catch=   153084.412682360     
 Abd=   89398.75    
 Catch=   5989.96273997114     
 Abd=   25100.03    
 Catch=   51438.6269398749     
 Abd=   504951.1    
 Catch=   763297.253255018     
 Abd=  1.1110496E+07
 Catch=   501078.001919237     
 Abd=   1350412.    
 Catch=   47475.5483382614     
 Abd=   80461.98    
 Catch=   7473202.40117586     
 Abd=  7.7188176E+07
 Time step =         1831
 Catch=   50368.1674495521     
 Abd=   319295.1    
 Catch=   48350.8174190611     
 Abd=   308662.4    
 Catch=   79661.0681404590     
 Abd=   86501.24    
 Catch=   10831.3243600045     
 Abd=   178670.4    
 Catch=   22182.1769363685     
 Abd=   74535.17    
 Catch=   33.1243596089793     
 Abd=   127.4853    
 Catch=   113891.411130327     
 Abd=   240455.0    
 Catch=                     NaN
 Abd=            NaN
 Catch=   82139.1839389830     
 Abd=   1354518.    
 Catch=   54221.9267017388     
 Abd=   12319.86    
 Catch=   522597.799019645     
 Abd=   2950371.    
 Catch=   179258.226786219     
 Abd=   2958986.    
 Catch=   394.355416741603     
 Abd=   1420.812    
 Catch=   42164.5628871935     
 Abd=   604030.6    
 Catch=   115501.221938024     
 Abd=   66828.80    
 Catch=                     NaN
 Abd=            NaN
 Catch=   103105.270170712     
 Abd=   581728.2    
 Catch=   81830.6278754479     
 Abd=   1265171.    
 Catch=   9767.06712545277     
 Abd=   14305.86    
 Catch=   36824.5592456025     
 Abd=   604952.6    
 Catch=   44510.2617030256     
 Abd=   230310.5    
 Catch=   3880.03987520695     
 Abd=   13298.60    
 Catch=   1125.31832910566     
 Abd=   10596.59    
 Catch=   689728.546387174     
 Abd=  1.1354997E+07
 Catch=   221961.791280770     
 Abd=   777651.4    
 Catch=   40109.6646081144     
 Abd=   659609.2    
 Catch=   427191.289043732     
 Abd=   615333.6    
 Catch=   40175.6326396965     
 Abd=   84829.27    
 Catch=                     NaN
 Abd=            NaN
 Catch=   153084.421030927     
 Abd=   89398.73    
 Catch=   5978.99634007533     
 Abd=   25059.36    
 Catch=   50121.7742812569     
 Abd=   492529.4    
 Catch=   741210.898339837     
 Abd=  1.0800482E+07
 Catch=   501218.864305958     
 Abd=   1350725.    
 Catch=   47475.3933605826     
 Abd=   80461.81    
 Catch=   7312984.22925365     
 Abd=  7.5598952E+07
 Time step =         1832
 Catch=   49971.5947504278     
 Abd=   316945.1    
 Catch=   47920.4492559251     
 Abd=   306088.2    
 Catch=   79661.0619486574     
 Abd=   86501.24    
 Catch=   10579.7195668391     
 Abd=   174648.0    
 Catch=   22169.5074898723     
 Abd=   74497.63    
 Catch=   31.8127978901575     
 Abd=   122.5836    
 Catch=   113889.400074360     
 Abd=   240451.7    
 Catch=                     NaN
 Abd=            NaN
 Catch=   80193.3319877345     
 Abd=   1323549.    
 Catch=   54221.9267017388     
 Abd=   12319.86    
 Catch=   516918.533580148     
 Abd=   2920020.    
 Catch=   175363.161158316     
 Abd=   2897222.    
 Catch=   394.053626637481     
 Abd=   1419.870    
 Catch=   41060.2513284776     
 Abd=   588776.5    
 Catch=   115501.188360670     
 Abd=   66828.80    
 Catch=                     NaN
 Abd=            NaN
 Catch=   102539.217366878     
 Abd=   578783.1    
 Catch=   78910.4506461872     
 Abd=   1221369.    
 Catch=   9767.06712545277     
 Abd=   14305.86    
 Catch=   35687.3370813450     
 Abd=   586903.3    
 Catch=   44283.6131704762     
 Abd=   229225.2    
 Catch=   3876.06331273917     
 Abd=   13286.58    
 Catch=   1106.81285072312     
 Abd=   10430.17    
 Catch=   671213.655508807     
 Abd=  1.1060990E+07
 Catch=   221494.580161390     
 Abd=   776170.8    
 Catch=   38941.2633321274     
 Abd=   640999.9    
 Catch=   427190.543034219     
 Abd=   615332.8    
 Catch=   40174.4698743107     
 Abd=   84827.30    
 Catch=                     NaN
 Abd=            NaN
 Catch=   153084.421669971     
 Abd=   89398.74    
 Catch=   5970.38076574564     
 Abd=   25027.40    
 Catch=   48934.4551744819     
 Abd=   481296.8    
 Catch=   721235.533133962     
 Abd=  1.0519449E+07
 Catch=   501314.254849111     
 Abd=   1350929.    
 Catch=   47475.3167346354     
 Abd=   80461.70    
 Catch=   7168152.65774987     
 Abd=  7.4159344E+07
 Time step =         1833
 Catch=   49626.9567256676     
 Abd=   314898.8    
 Catch=   47545.0443239417     
 Abd=   303837.2    
 Catch=   79661.0414007316     
 Abd=   86501.22    
 Catch=   10348.6000854955     
 Abd=   170947.0    
 Catch=   22159.6044934949     
 Abd=   74468.23    
 Catch=   30.6185379219255     
 Abd=   118.2312    
 Catch=   113888.139035397     
 Abd=   240449.6    
 Catch=                     NaN
 Abd=            NaN
 Catch=   78421.3202049342     
 Abd=   1295294.    
 Catch=   54221.9267017388     
 Abd=   12319.86    
 Catch=   511874.695138245     
 Abd=   2893014.    
 Catch=   171842.022347957     
 Abd=   2841292.    
 Catch=   393.826070894662     
 Abd=   1419.161    
 Catch=   40058.9222083433     
 Abd=   574916.4    
 Catch=   115501.221605318     
 Abd=   66828.83    
 Catch=                     NaN
 Abd=            NaN
 Catch=   102059.154813162     
 Abd=   576282.2    
 Catch=   76256.0220815814     
 Abd=   1181458.    
 Catch=   9767.06712545277     
 Abd=   14305.86    
 Catch=   34657.1236334015     
 Abd=   570516.4    
 Catch=   44089.9153562729     
 Abd=   228296.1    
 Catch=   3872.95726899938     
 Abd=   13277.19    
 Catch=   1090.18001185133     
 Abd=   10280.26    
 Catch=   654425.395735856     
 Abd=  1.0793852E+07
 Catch=   221111.540281565     
 Abd=   774955.4    
 Catch=   37875.6424691932     
 Abd=   623989.1    
 Catch=   427189.985347547     
 Abd=   615331.7    
 Catch=   40173.7088980382     
 Abd=   84826.01    
 Catch=                     NaN
 Abd=            NaN
 Catch=   153084.432353811     
 Abd=   89398.75    
 Catch=   5963.61002182781     
 Abd=   25002.28    
 Catch=   47858.1964562602     
 Abd=   471091.2    
 Catch=   703089.252091120     
 Abd=  1.0263612E+07
 Catch=   501372.916129486     
 Abd=   1351044.    
 Catch=   47475.2771472382     
 Abd=   80461.66    
 Catch=   7036715.06891832     
 Abd=  7.2850528E+07
 Time step =         1834
 Catch=   49326.4295035326     
 Abd=   313112.8    
 Catch=   47216.1391276981     
 Abd=   301861.9    
 Catch=   79661.0505322054     
 Abd=   86501.24    
 Catch=   10135.6196661880     
 Abd=   167531.2    
 Catch=   22151.8666065234     
 Abd=   74445.38    
 Catch=   29.5738281563462     
 Abd=   114.3995    
 Catch=   113887.333607892     
 Abd=   240448.3    
 Catch=                     NaN
 Abd=            NaN
 Catch=   76801.8116079353     
 Abd=   1269426.    
 Catch=   54221.9267017388     
 Abd=   12319.86    
 Catch=   507379.696863654     
 Abd=   2868908.    
 Catch=   168648.355461441     
 Abd=   2790483.    
 Catch=   393.654481570978     
 Abd=   1418.625    
 Catch=   39147.3010078470     
 Abd=   562273.9    
 Catch=   115501.241158983     
 Abd=   66828.81    
 Catch=                     NaN
 Abd=            NaN
 Catch=   101651.061421882     
 Abd=   574153.8    
 Catch=   73832.0055500029     
 Abd=   1144931.    
 Catch=   9767.06712545277     
 Abd=   14305.86    
 Catch=   33719.9359767439     
 Abd=   555579.8    
 Catch=   43923.8013977185     
 Abd=   227498.1    
 Catch=   3870.52591502965     
 Abd=   13269.83    
 Catch=   1075.17405426213     
 Abd=   10144.87    
 Catch=   639144.038011677     
 Abd=  1.0550256E+07
 Catch=   220796.489003799     
 Abd=   773953.2    
 Catch=   36899.7451717225     
 Abd=   608384.4    
 Catch=   427189.382752466     
 Abd=   615331.0    
 Catch=   40173.2289047421     
 Abd=   84825.23    
 Catch=                     NaN
 Abd=            NaN
 Catch=   153084.457471313     
 Abd=   89398.77    
 Catch=   5958.28491854500     
 Abd=   24982.51    
 Catch=   46878.3728048902     
 Abd=   461781.7    
 Catch=   686537.504069157     
 Abd=  1.0029796E+07
 Catch=   501401.830083774     
 Abd=   1351087.    
 Catch=   47475.2640245074     
 Abd=   80461.66    
 Catch=   6917012.92385526     
 Abd=  7.1656448E+07
 Time step =         1835
 Catch=   49063.8704369335     
 Abd=   311550.6    
 Catch=   46927.0580754181     
 Abd=   300121.9    
 Catch=   79661.0545950953     
 Abd=   86501.23    
 Catch=   9938.75521662431     
 Abd=   164368.2    
 Catch=   22145.8472201474     
 Abd=   74427.48    
 Catch=   28.6135808401641     
 Abd=   110.6104    
 Catch=   113886.871275307     
 Abd=   240447.5    
 Catch=                     NaN
 Abd=            NaN
 Catch=   75316.7961845339     
 Abd=   1245669.    
 Catch=   54221.9267017388     
 Abd=   12319.86    
 Catch=   503361.406064590     
 Abd=   2847326.    
 Catch=   165743.141854614     
 Abd=   2744195.    
 Catch=   393.525342182564     
 Abd=   1418.223    
 Catch=   38314.2937107983     
 Abd=   550702.2    
 Catch=   115501.206389194     
 Abd=   66828.80    
 Catch=                     NaN
 Abd=            NaN
 Catch=   101303.343730167     
 Abd=   572338.1    
 Catch=   71609.1157839564     
 Abd=   1111369.    
 Catch=   9767.06712545277     
 Abd=   14305.86    
 Catch=   32864.1668695679     
 Abd=   541916.1    
 Catch=   43780.9399047773     
 Abd=   226810.6    
 Catch=   3868.62060041060     
 Abd=   13264.06    
 Catch=   1061.59808773827     
 Abd=   10022.08    
 Catch=   625186.542686214     
 Abd=  1.0327386E+07
 Catch=   220536.491720926     
 Abd=   773126.2    
 Catch=   36002.9521544894     
 Abd=   594019.6    
 Catch=   427189.003837595     
 Abd=   615330.5    
 Catch=   40172.9259421796     
 Abd=   84824.66    
 Catch=                     NaN
 Abd=            NaN
 Catch=   153084.446058033     
 Abd=   89398.75    
 Catch=   5954.09369425231     
 Abd=   24966.96    
 Catch=   45983.0419410175     
 Abd=   453260.4    
 Catch=   671384.605756511     
 Abd=   9815380.    
 Catch=   501407.574091288     
 Abd=   1351077.    
 Catch=   47475.2591382912     
 Abd=   80461.65    
 Catch=   6807642.04581721     
 Abd=  7.0563768E+07
 Time step =         1836
 Catch=   48833.9239190416     
 Abd=   310180.9    
 Catch=   46671.9192980470     
 Abd=   298584.4    
 Catch=   79661.0525014488     
 Abd=   86501.24    
 Catch=   9756.21195017437     
 Abd=   161432.1    
 Catch=   22141.0255114581     
 Abd=   74412.71    
 Catch=   27.7254927429502     
 Abd=   107.4346    
 Catch=   113886.558393271     
 Abd=   240447.0    
 Catch=                     NaN
 Abd=            NaN
 Catch=   73951.0994704142     
 Abd=   1223790.    
 Catch=   54221.9267017388     
 Abd=   12319.86    
 Catch=   499758.726972045     
 Abd=   2827951.    
 Catch=   163092.904010981     
 Abd=   2701917.    
 Catch=   393.427992095797     
 Abd=   1417.919    
 Catch=   37550.5734037008     
 Abd=   540075.3    
 Catch=   115501.213206743     
 Abd=   66828.81    
 Catch=                     NaN
 Abd=            NaN
 Catch=   101006.452670723     
 Abd=   570786.6    
 Catch=   69562.9745446634     
 Abd=   1080420.    
 Catch=   9767.06712545277     
 Abd=   14305.86    
 Catch=   32080.0601063182     
 Abd=   529376.5    
 Catch=   43657.6597639163     
 Abd=   226216.5    
 Catch=   3867.12540144595     
 Abd=   13259.52    
 Catch=   1049.26147445246     
 Abd=   9910.188    
 Catch=   612395.679783743     
 Abd=  1.0122822E+07
 Catch=   220321.841703232     
 Abd=   772441.7    
 Catch=   35176.0494549133     
 Abd=   580750.4    
 Catch=   427188.594597744     
 Abd=   615330.1    
 Catch=   40172.7008845664     
 Abd=   84824.31    
 Catch=                     NaN
 Abd=            NaN
 Catch=   153084.401754274     
 Abd=   89398.73    
 Catch=   5950.79636443563     
 Abd=   24954.71    
 Catch=   45162.2196625547     
 Abd=   445435.8    
 Catch=   657466.018787993     
 Abd=   9618101.    
 Catch=   501395.818399935     
 Abd=   1351026.    
 Catch=   47475.2565091421     
 Abd=   80461.66    
 Catch=   6707413.79047979     
 Abd=  6.9561000E+07
 Time step =         1837
 Catch=   48632.0786662356     
 Abd=   308977.2    
 Catch=   46446.1475318840     
 Abd=   297221.7    
 Catch=   79661.0606108517     
 Abd=   86501.25    
 Catch=   9586.54674684925     
 Abd=   158698.6    
 Catch=   22137.0518896775     
 Abd=   74400.84    
 Catch=   26.9417774473520     
 Abd=   104.4301    
 Catch=   113886.410154730     
 Abd=   240446.7    
 Catch=                     NaN
 Abd=            NaN
 Catch=   72691.6311039553     
 Abd=   1203586.    
 Catch=   54221.9267017388     
 Abd=   12319.86    
 Catch=   496520.682181515     
 Abd=   2810516.    
 Catch=   160669.386140271     
 Abd=   2663209.    
 Catch=   393.354538316926     
 Abd=   1417.690    
 Catch=   36848.1476031523     
 Abd=   530284.4    
 Catch=   115501.221225077     
 Abd=   66828.78    
 Catch=                     NaN
 Abd=            NaN
 Catch=   100752.570894926     
 Abd=   569458.6    
 Catch=   67672.9142509597     
 Abd=   1051779.    
 Catch=   9767.06712545277     
 Abd=   14305.86    
 Catch=   31359.3543786013     
 Abd=   517833.1    
 Catch=   43550.9982559870     
 Abd=   225701.8    
 Catch=   3865.94786168055     
 Abd=   13255.94    
 Catch=   1037.99571472397     
 Abd=   9807.982    
 Catch=   600639.388011721     
 Abd=   9934538.    
 Catch=   220143.698185207     
 Abd=   771872.1    
 Catch=   34411.1115610768     
 Abd=   568457.9    
 Catch=   427188.548119100     
 Abd=   615330.2    
 Catch=   40172.5574578503     
 Abd=   84824.05    
 Catch=                     NaN
 Abd=            NaN
 Catch=   153084.411635583     
 Abd=   89398.73    
 Catch=   5948.19956008945     
 Abd=   24945.06    
 Catch=   44407.4067993410     
 Abd=   438230.3    
 Catch=   644641.182763298     
 Abd=   9436059.    
 Catch=   501370.843197181     
 Abd=   1350944.    
 Catch=   47475.2440219662     
 Abd=   80461.62    
 Catch=   6615308.36651147     
 Abd=  6.8638344E+07
 Time step =         1838
 Catch=   48454.5920746446     
 Abd=   307916.9    
 Catch=   46245.7700461850     
 Abd=   296009.4    
 Catch=   79661.0525796090     
 Abd=   86501.24    
 Catch=   9428.39993643656     
 Abd=   156148.7    
 Catch=   22133.7580162088     
 Abd=   74390.36    
 Catch=   26.1718966562379     
 Abd=   101.3735    
 Catch=   113886.270896846     
 Abd=   240446.5    
 Catch=                     NaN
 Abd=            NaN
 Catch=   71527.2213587076     
 Abd=   1184885.    
 Catch=   54221.9267017388     
 Abd=   12319.86    
 Catch=   493603.386257070     
 Abd=   2794788.    
 Catch=   158448.018319888     
 Abd=   2627691.    
 Catch=   393.298956340747     
 Abd=   1417.516    
 Catch=   36200.0637995448     
 Abd=   521240.1    
 Catch=   115501.209548492     
 Abd=   66828.81    
 Catch=                     NaN
 Abd=            NaN
 Catch=   100535.097207125     
 Abd=   568320.4    
 Catch=   65920.8608090315     
 Abd=   1025187.    
 Catch=   9767.06712545277     
 Abd=   14305.86    
 Catch=   30694.9784134099     
 Abd=   507177.0    
 Catch=   43458.4829888569     
 Abd=   225254.8    
 Catch=   3865.01955847009     
 Abd=   13253.13    
 Catch=   1027.69937364452     
 Abd=   9714.431    
 Catch=   589803.760853367     
 Abd=   9760774.    
 Catch=   219995.492164283     
 Abd=   771398.7    
 Catch=   33701.4813718967     
 Abd=   557039.8    
 Catch=   427188.463002869     
 Abd=   615329.7    
 Catch=   40172.4624841871     
 Abd=   84823.88    
 Catch=                     NaN
 Abd=            NaN
 Catch=   153084.458279656     
 Abd=   89398.75    
 Catch=   5946.15183029616     
 Abd=   24937.46    
 Catch=   43711.3827811852     
 Abd=   431576.8    
 Catch=   632790.173986551     
 Abd=   9267606.    
 Catch=   501336.745012306     
 Abd=   1350843.    
 Catch=   47475.2410713354     
 Abd=   80461.61    
 Catch=   6530464.29744042     
 Abd=  6.7787344E+07
 Time step =         1839
 Catch=   48298.0606442310     
 Abd=   306981.8    
 Catch=   46067.2163657160     
 Abd=   294928.5    
 Catch=   79661.0662364557     
 Abd=   86501.24    
 Catch=   9280.70251011315     
 Abd=   153764.5    
 Catch=   22130.9665439393     
 Abd=   74381.98    
 Catch=   25.4348488615851     
 Abd=   98.68024    
 Catch=   113886.201786180     
 Abd=   240446.4    
 Catch=                     NaN
 Abd=            NaN
 Catch=   70448.2689949935     
 Abd=   1167538.    
 Catch=   54221.9267017388     
 Abd=   12319.86    
 Catch=   490969.216156862     
 Abd=   2780572.    
 Catch=   156407.799658358     
 Abd=   2595037.    
 Catch=   393.256991322811     
 Abd=   1417.385    
 Catch=   35600.6537671614     
 Abd=   512863.1    
 Catch=   115501.204918016     
 Abd=   66828.80    
 Catch=                     NaN
 Abd=            NaN
 Catch=   100348.539881751     
 Abd=   567342.9    
 Catch=   64291.8368519165     
 Abd=   1000429.    
 Catch=   9767.06712545277     
 Abd=   14305.86    
 Catch=   30080.8881621256     
 Abd=   497314.9    
 Catch=   43378.0083110855     
 Abd=   224865.4    
 Catch=   3864.29025271610     
 Abd=   13250.91    
 Catch=   1018.26579886291     
 Abd=   9628.700    
 Catch=   579791.580550509     
 Abd=   9599998.    
 Catch=   219871.879910796     
 Abd=   771002.5    
 Catch=   33041.5004266185     
 Abd=   546403.9    
 Catch=   427187.707718737     
 Abd=   615328.1    
 Catch=   40172.3887286192     
 Abd=   84823.77    
 Catch=                     NaN
 Abd=            NaN
 Catch=   153084.434548468     
 Abd=   89398.75    
 Catch=   5944.53966466910     
 Abd=   24931.48    
 Catch=   43067.8949163943     
 Abd=   425417.9    
 Catch=   621810.437868293     
 Abd=   9111344.    
 Catch=   501296.372370925     
 Abd=   1350728.    
 Catch=   47475.2298187731     
 Abd=   80461.56    
 Catch=   6452112.03565270     
 Abd=  6.7000536E+07
 Time step =         1840
 Catch=   48159.9277488124     
 Abd=   306155.9    
 Catch=   45907.8307624969     
 Abd=   293962.2    
 Catch=   79661.0656786972     
 Abd=   86501.25    
 Catch=   9142.47078298924     
 Abd=   151530.8    
 Catch=   22128.7071121375     
 Abd=   74375.12    
 Catch=   24.8287842177732     
 Abd=   96.60026    
 Catch=   113886.145971947     
 Abd=   240446.3    
 Catch=                     NaN
 Abd=            NaN
 Catch=   69446.2747796017     
 Abd=   1151410.    
 Catch=   54221.9267017388     
 Abd=   12319.86    
 Catch=   488586.173497130     
 Abd=   2767701.    
 Catch=   154530.355239778     
 Abd=   2564960.    
 Catch=   393.225507886323     
 Abd=   1417.287    
 Catch=   35044.7663738644     
 Abd=   505083.0    
 Catch=   115501.189709139     
 Abd=   66828.80    
 Catch=                     NaN
 Abd=            NaN
 Catch=   100188.184213740     
 Abd=   566502.3    
 Catch=   62773.3370030665     
 Abd=   977322.9    
 Catch=   9767.06712545277     
 Abd=   14305.86    
 Catch=   29511.8754802306     
 Abd=   488166.0    
 Catch=   43307.8608628640     
 Abd=   224525.6    
 Catch=   3863.71349693787     
 Abd=   13249.16    
 Catch=   1009.61958169871     
 Abd=   9550.064    
 Catch=   570516.756776290     
 Abd=   9450896.    
 Catch=   219768.398781726     
 Abd=   770670.9    
 Catch=   32426.0185635977     
 Abd=   536474.4    
 Catch=   427186.726152905     
 Abd=   615327.2    
 Catch=   40172.3430841352     
 Abd=   84823.67    
 Catch=                     NaN
 Abd=            NaN
 Catch=   153084.435043618     
 Abd=   89398.75    
 Catch=   5943.27301721006     
 Abd=   24926.78    
 Catch=   42471.5839539174     
 Abd=   419704.4    
 Catch=   611613.022566575     
 Abd=   8966042.    
 Catch=   501252.054440376     
 Abd=   1350604.    
 Catch=   47475.2054364427     
 Abd=   80461.56    
 Catch=   6379599.08145279     
 Abd=  6.6271600E+07
 Time step =         1841
 Catch=   48037.8470870762     
 Abd=   305425.8    
 Catch=   45765.1214162583     
 Abd=   293095.8    
 Catch=   79661.0668497159     
 Abd=   86501.23    
 Catch=   9012.82383024127     
 Abd=   149433.7    
 Catch=   22126.9053347179     
 Abd=   74369.75    
 Catch=   24.3324307344017     
 Abd=   94.77577    
 Catch=   113886.137664057     
 Abd=   240446.3    
 Catch=                     NaN
 Abd=            NaN
 Catch=   68514.0293921590     
 Abd=   1136391.    
 Catch=   54221.9267017388     
 Abd=   12319.86    
 Catch=   486426.626236018     
 Abd=   2756027.    
 Catch=   152799.452201147     
 Abd=   2537208.    
 Catch=   393.201752179185     
 Abd=   1417.213    
 Catch=   34527.8894863432     
 Abd=   497843.2    
 Catch=   115501.191466032     
 Abd=   66828.78    
 Catch=                     NaN
 Abd=            NaN
 Catch=   100050.220057506     
 Abd=   565778.3    
 Catch=   61354.4715805589     
 Abd=   955707.5    
 Catch=   9767.06712545277     
 Abd=   14305.86    
 Catch=   28983.4184060516     
 Abd=   479659.4    
 Catch=   43246.5507183472     
 Abd=   224228.3    
 Catch=   3863.25801859293     
 Abd=   13247.77    
 Catch=   1001.68285050099     
 Abd=   9477.830    
 Catch=   561905.873751822     
 Abd=   9312314.    
 Catch=   219681.670609483     
 Abd=   770392.5    
 Catch=   31850.7564189858     
 Abd=   527184.0    
 Catch=   427186.208044809     
 Abd=   615326.4    
 Catch=   40172.3093648640     
 Abd=   84823.62    
 Catch=                     NaN
 Abd=            NaN
 Catch=   153084.427838015     
 Abd=   89398.75    
 Catch=   5942.27699742301     
 Abd=   24923.08    
 Catch=   41917.7974242035     
 Abd=   414392.6    
 Catch=   602120.064436122     
 Abd=   8830622.    
 Catch=   501205.257086494     
 Abd=   1350477.    
 Catch=   47475.2225081044     
 Abd=   80461.59    
 Catch=   6312351.86518797     
 Abd=  6.5594960E+07
 Time step =         1842
 Catch=   47929.8358368939     
 Abd=   304779.0    
 Catch=   45637.0326232525     
 Abd=   292317.1    
 Catch=   79661.0364707866     
 Abd=   86501.21    
 Catch=   8890.98923478324     
 Abd=   147461.1    
 Catch=   22125.4318030489     
 Abd=   74365.34    
 Catch=   23.8833617853451     
 Abd=   93.00555    
 Catch=   113886.147911931     
 Abd=   240446.4    
 Catch=                     NaN
 Abd=            NaN
 Catch=   67645.0719422439     
 Abd=   1122380.    
 Catch=   54221.9267017388     
 Abd=   12319.86    
 Catch=   484466.279085585     
 Abd=   2745420.    
 Catch=   151201.225432985     
 Abd=   2511562.    
 Catch=   393.183845807452     
 Abd=   1417.157    
 Catch=   34046.4118640070     
 Abd=   491090.1    
 Catch=   115501.187765021     
 Abd=   66828.79    
 Catch=                     NaN
 Abd=            NaN
 Catch=   99931.3526114028     
 Abd=   565154.6    
 Catch=   60025.8006370212     
 Abd=   935445.0    
 Catch=   9767.06712545277     
 Abd=   14305.86    
 Catch=   28491.5549070253     
 Abd=   471733.7    
 Catch=   43192.8560521241     
 Abd=   223967.6    
 Catch=   3862.89708243865     
 Abd=   13246.67    
 Catch=   994.383793053691     
 Abd=   9411.281    
 Catch=   553895.167314189     
 Abd=   9183268.    
 Catch=   219608.768276507     
 Abd=   770158.0    
 Catch=   31311.9561550726     
 Abd=   518472.2    
 Catch=   427185.897802658     
 Abd=   615326.2    
 Catch=   40172.3093341498     
 Abd=   84823.62    
 Catch=                     NaN
 Abd=            NaN
 Catch=   153084.434102610     
 Abd=   89398.75    
 Catch=   5941.49128580471     
 Abd=   24920.16    
 Catch=   41402.4349090642     
 Abd=   409444.3    
 Catch=   593263.747465164     
 Abd=   8704155.    
 Catch=   501158.146892569     
 Abd=   1350351.    
 Catch=   47475.2424170100     
 Abd=   80461.66    
 Catch=   6249867.05267020     
 Abd=  6.4965592E+07
 Time step =         1843
 Catch=   47834.1190420625     
 Abd=   304205.7    
 Catch=   45521.7064392322     
 Abd=   291615.1    
 Catch=   79661.0529975756     
 Abd=   86501.26    
 Catch=   8776.28982043791     
 Abd=   145601.2    
 Catch=   22124.2243117994     
 Abd=   74361.55    
 Catch=   23.4600665120519     
 Abd=   91.50863    
 Catch=   113886.124593344     
 Abd=   240446.3    
 Catch=                     NaN
 Abd=            NaN
 Catch=   66833.8396551623     
 Abd=   1109291.    
 Catch=   54221.9267017388     
 Abd=   12319.86    
 Catch=   482683.895668417     
 Abd=   2735768.    
 Catch=   149723.184600180     
 Abd=   2487828.    
 Catch=   393.170263779884     
 Abd=   1417.115    
 Catch=   33596.8641654523     
 Abd=   484775.6    
 Catch=   115501.194370722     
 Abd=   66828.81    
 Catch=                     NaN
 Abd=            NaN
 Catch=   99828.9038056093     
 Abd=   564616.5    
 Catch=   58779.0324999150     
 Abd=   916412.6    
 Catch=   9767.06712545277     
 Abd=   14305.86    
 Catch=   28032.8417878994     
 Abd=   464335.1    
 Catch=   43145.7274547740     
 Abd=   223738.5    
 Catch=   3862.61072455854     
 Abd=   13245.79    
 Catch=   987.637355502246     
 Abd=   9349.552    
 Catch=   546428.383563483     
 Abd=   9062880.    
 Catch=   219547.142193248     
 Abd=   769958.6    
 Catch=   30806.2371143165     
 Abd=   510285.5    
 Catch=   427185.861985395     
 Abd=   615325.9    
 Catch=   40172.3039153651     
 Abd=   84823.62    
 Catch=                     NaN
 Abd=            NaN
 Catch=   153084.412667131     
 Abd=   89398.75    
 Catch=   5940.87040973862     
 Abd=   24917.85    
 Catch=   40921.9025070281     
 Abd=   404826.4    
 Catch=   584984.509787072     
 Abd=   8585806.    
 Catch=   501111.696799667     
 Abd=   1350227.    
 Catch=   47475.2600313616     
 Abd=   80461.67    
 Catch=   6191699.97172657     
 Abd=  6.4379240E+07
 Time step =         1844
 Catch=   47749.2099019426     
 Abd=   303696.7    
 Catch=   45417.6214358370     
 Abd=   290980.6    
 Catch=   79661.0705622284     
 Abd=   86501.27    
 Catch=   8668.05788846805     
 Abd=   143845.9    
 Catch=   22123.1957203941     
 Abd=   74358.41    
 Catch=   23.0979750464257     
 Abd=   90.01839    
 Catch=   113886.129846820     
 Abd=   240446.3    
 Catch=                     NaN
 Abd=            NaN
 Catch=   66075.1805457139     
 Abd=   1097038.    
 Catch=   54221.9267017388     
 Abd=   12319.86    
 Catch=   481060.738619885     
 Abd=   2726974.    
 Catch=   148354.509054698     
 Abd=   2465835.    
 Catch=   393.160012195683     
 Abd=   1417.083    
 Catch=   33176.1387659167     
 Abd=   478864.3    
 Catch=   115501.205437515     
 Abd=   66828.80    
 Catch=                     NaN
 Abd=            NaN
 Catch=   99740.4338307273     
 Abd=   564151.6    
 Catch=   57606.8542671327     
 Abd=   898502.4    
 Catch=   9767.06712545277     
 Abd=   14305.86    
 Catch=   27604.2353849533     
 Abd=   457415.8    
 Catch=   43104.2896573319     
 Abd=   223537.0    
 Catch=   3862.38162048682     
 Abd=   13245.09    
 Catch=   981.373545950544     
 Abd=   9292.263    
 Catch=   539456.747831245     
 Abd=   8950359.    
 Catch=   219494.755082651     
 Abd=   769788.9    
 Catch=   30330.5596409542     
 Abd=   502581.6    
 Catch=   427185.557392784     
 Abd=   615325.4    
 Catch=   40172.2911785520     
 Abd=   84823.61    
 Catch=                     NaN
 Abd=            NaN
 Catch=   153084.388237087     
 Abd=   89398.74    
 Catch=   5940.38148174285     
 Abd=   24916.04    
 Catch=   40473.0783022803     
 Abd=   400509.6    
 Catch=   577229.369612508     
 Abd=   8474842.    
 Catch=   501066.210095555     
 Abd=   1350106.    
 Catch=   47475.2814798680     
 Abd=   80461.69    
 Catch=   6137467.37334309     
 Abd=  6.3832096E+07
 Time step =         1845
 Catch=   47673.7838368572     
 Abd=   303244.4    
 Catch=   45323.4681485000     
 Abd=   290406.0    
 Catch=   79661.0558558107     
 Abd=   86501.22    
 Catch=   8565.81555775118     
 Abd=   142186.1    
 Catch=   22122.3524241108     
 Abd=   74355.96    
 Catch=   22.7136109702885     
 Abd=   88.54752    
 Catch=   113886.088521032     
 Abd=   240446.2    
 Catch=                     NaN
 Abd=            NaN
 Catch=   65364.7165907731     
 Abd=   1085555.    
 Catch=   54221.9267017388     
 Abd=   12319.86    
 Catch=   479580.914290214     
 Abd=   2718950.    
 Catch=   147085.345219235     
 Abd=   2445428.    
 Catch=   393.152362264299     
 Abd=   1417.059    
 Catch=   32781.9095032777     
 Abd=   473318.1    
 Catch=   115501.226813739     
 Abd=   66828.81    
 Catch=                     NaN
 Abd=            NaN
 Catch=   99663.9712310931     
 Abd=   563749.6    
 Catch=   56502.8611772419     
 Abd=   881619.4    
 Catch=   9767.06712545277     
 Abd=   14305.86    
 Catch=   27203.0637633348     
 Abd=   450933.9    
 Catch=   43067.7737883929     
 Abd=   223359.2    
 Catch=   3862.20066268988     
 Abd=   13244.55    
 Catch=   975.545832236482     
 Abd=   9238.807    
 Catch=   532935.155396756     
 Abd=   8845024.    
 Catch=   219450.145698767     
 Abd=   769644.9    
 Catch=   29882.5164606553     
 Abd=   495319.4    
 Catch=   427185.255872383     
 Abd=   615325.4    
 Catch=   40172.2784521829     
 Abd=   84823.61    
 Catch=                     NaN
 Abd=            NaN
 Catch=   153084.438793649     
 Abd=   89398.73    
 Catch=   5939.99647732728     
 Abd=   24914.61    
 Catch=   40053.1782736225     
 Abd=   396467.5    
 Catch=   569951.343583122     
 Abd=   8370610.    
 Catch=   501022.269147860     
 Abd=   1349990.    
 Catch=   47475.2675633089     
 Abd=   80461.66    
 Catch=   6086815.93597372     
 Abd=  6.3320640E+07
 Time step =         1846
 Catch=   47606.7156625192     
 Abd=   302841.9    
 Catch=   45238.0885847719     
 Abd=   289884.2    
 Catch=   79661.0391440181     
 Abd=   86501.23    
 Catch=   8469.06205151295     
 Abd=   140614.2    
 Catch=   22121.7377652267     
 Abd=   74354.05    
 Catch=   22.3473027152682     
 Abd=   87.13455    
 Catch=   113886.084366718     
 Abd=   240446.2    
 Catch=                     NaN
 Abd=            NaN
 Catch=   64698.3731678010     
 Abd=   1074780.    
 Catch=   54221.9267017388     
 Abd=   12319.86    
 Catch=   478229.986817598     
 Abd=   2711621.    
 Catch=   145906.963028426     
 Abd=   2426470.    
 Catch=   393.146740220137     
 Abd=   1417.042    
 Catch=   32411.7212302293     
 Abd=   468105.6    
 Catch=   115501.204147058     
 Abd=   66828.80    
 Catch=                     NaN
 Abd=            NaN
 Catch=   99597.8160012134     
 Abd=   563401.6    
 Catch=   55461.3517877764     
 Abd=   865679.2    
 Catch=   9767.06712545277     
 Abd=   14305.86    
 Catch=   26826.9497911473     
 Abd=   444851.8    
 Catch=   43035.5338739205     
 Abd=   223201.9    
 Catch=   3862.05939166539     
 Abd=   13244.12    
 Catch=   970.124814568970     
 Abd=   9189.273    
 Catch=   526824.760775108     
 Abd=   8746249.    
 Catch=   219411.999077435     
 Abd=   769521.6    
 Catch=   29459.8556003747     
 Abd=   488461.7    
 Catch=   427185.143071914     
 Abd=   615325.2    
 Catch=   40172.2953555956     
 Abd=   84823.65    
 Catch=                     NaN
 Abd=            NaN
 Catch=   153084.414076405     
 Abd=   89398.75    
 Catch=   5939.69457431653     
 Abd=   24913.49    
 Catch=   39659.7066009297     
 Abd=   392677.3    
 Catch=   563109.134197208     
 Abd=   8272535.    
 Catch=   500980.428717252     
 Abd=   1349882.    
 Catch=   47475.2439572470     
 Abd=   80461.59    
 Catch=   6039436.93406065     
 Abd=  6.2841920E+07
 Time step =         1847
 Catch=   47547.0317578918     
 Abd=   302483.6    
 Catch=   45160.4371762114     
 Abd=   289409.1    
 Catch=   79661.0553150122     
 Abd=   86501.23    
 Catch=   8377.37178222837     
 Abd=   139122.5    
 Catch=   22121.1724296001     
 Abd=   74352.23    
 Catch=   22.0025923814507     
 Abd=   85.83850    
 Catch=   113886.092076100     
 Abd=   240446.2    
 Catch=                     NaN
 Abd=            NaN
 Catch=   64072.7064144679     
 Abd=   1064655.    
 Catch=   54221.9267017388     
 Abd=   12319.86    
 Catch=   476995.491405181     
 Abd=   2704922.    
 Catch=   144811.709027983     
 Abd=   2408840.    
 Catch=   393.142538628653     
 Abd=   1417.028    
 Catch=   32063.5329281517     
 Abd=   463202.0    
 Catch=   115501.216112889     
 Abd=   66828.82    
 Catch=                     NaN
 Abd=            NaN
 Catch=   99540.5319937285     
 Abd=   563100.2    
 Catch=   54477.2449715877     
 Abd=   850606.2    
 Catch=   9767.06712545277     
 Abd=   14305.86    
 Catch=   26473.7713401709     
 Abd=   439136.4    
 Catch=   43006.9970788198     
 Abd=   223062.7    
 Catch=   3861.94637726718     
 Abd=   13243.77    
 Catch=   965.084037273610     
 Abd=   9142.846    
 Catch=   521091.118713648     
 Abd=   8653494.    
 Catch=   219379.479083947     
 Abd=   769415.5    
 Catch=   29060.4215335141     
 Abd=   481976.5    
 Catch=   427184.901460603     
 Abd=   615324.4    
 Catch=   40172.3096656525     
 Abd=   84823.65    
 Catch=                     NaN
 Abd=            NaN
 Catch=   153084.421998004     
 Abd=   89398.76    
 Catch=   5939.45846082216     
 Abd=   24912.61    
 Catch=   39290.5217682535     
 Abd=   389118.4    
 Catch=   556666.069599253     
 Abd=   8180114.    
 Catch=   500941.361702460     
 Abd=   1349779.    
 Catch=   47475.2399135600     
 Abd=   80461.62    
 Catch=   5995056.59954822     
 Abd=  6.2393200E+07
 Time step =         1848
 Catch=   47493.8137609049     
 Abd=   302163.5    
 Catch=   45089.6843434741     
 Abd=   288975.9    
 Catch=   79661.0500813888     
 Abd=   86501.26    
 Catch=   8290.29508670640     
 Abd=   137705.9    
 Catch=   22120.6500484344     
 Abd=   74350.56    
 Catch=   21.6655737765097     
 Abd=   84.45294    
 Catch=   113886.087687673     
 Abd=   240446.2    
 Catch=                     NaN
 Abd=            NaN
 Catch=   63484.3931793632     
 Abd=   1055129.    
 Catch=   54221.9267017388     
 Abd=   12319.86    
 Catch=   475866.673641259     
 Abd=   2698792.    
 Catch=   143792.572810259     
 Abd=   2392426.    
 Catch=   393.139177347889     
 Abd=   1417.018    
 Catch=   31735.7599354480     
 Abd=   458580.6    
 Catch=   115501.229483388     
 Abd=   66828.81    
 Catch=                     NaN
 Abd=            NaN
 Catch=   99490.9066357124     
 Abd=   562838.8    
 Catch=   53546.0185253531     
 Abd=   836332.9    
 Catch=   9767.06712545277     
 Abd=   14305.86    
 Catch=   26141.6530233239     
 Abd=   433758.1    
 Catch=   42981.7214305005     
 Abd=   222939.3    
 Catch=   3861.85667356493     
 Abd=   13243.50    
 Catch=   960.342523723142     
 Abd=   9099.299    
 Catch=   515703.125693646     
 Abd=   8566278.    
 Catch=   219351.510152946     
 Abd=   769324.9    
 Catch=   28682.3851702335     
 Abd=   475832.1    
 Catch=   427184.385849286     
 Abd=   615324.1    
 Catch=   40172.3119886063     
 Abd=   84823.69    
 Catch=                     NaN
 Abd=            NaN
 Catch=   153084.450675175     
 Abd=   89398.77    
 Catch=   5939.27323369558     
 Abd=   24911.93    
 Catch=   38943.6165643959     
 Abd=   385772.2    
 Catch=   550590.081699770     
 Abd=   8092894.    
 Catch=   500904.235432723     
 Abd=   1349682.    
 Catch=   47475.2443052066     
 Abd=   80461.62    
 Catch=   5953430.66371388     
 Abd=  6.1971988E+07
 Time step =         1849
 Catch=   47446.3320406538     
 Abd=   301878.5    
 Catch=   45025.0795246083     
 Abd=   288579.8    
 Catch=   79661.0509718586     
 Abd=   86501.23    
 Catch=   8207.54720059512     
 Abd=   136358.8    
 Catch=   22120.2165737407     
 Abd=   74349.32    
 Catch=   21.2909351003029     
 Abd=   82.91424    
 Catch=   113886.063762520     
 Abd=   240446.2    
 Catch=                     NaN
 Abd=            NaN
 Catch=   62930.5922752118     
 Abd=   1046155.    
 Catch=   54221.9267017388     
 Abd=   12319.86    
 Catch=   474832.630557125     
 Abd=   2693173.    
 Catch=   142843.481955025     
 Abd=   2377134.    
 Catch=   393.136663406676     
 Abd=   1417.010    
 Catch=   31426.6069484109     
 Abd=   454219.3    
 Catch=   115501.218486436     
 Abd=   66828.80    
 Catch=                     NaN
 Abd=            NaN
 Catch=   99447.8376047733     
 Abd=   562612.0    
 Catch=   52663.5618637866     
 Abd=   822797.6    
 Catch=   9767.06712545277     
 Abd=   14305.86    
 Catch=   25828.8940255537     
 Abd=   428689.8    
 Catch=   42959.2993082026     
 Abd=   222829.7    
 Catch=   3861.78678489741     
 Abd=   13243.29    
 Catch=   955.919257561487     
 Abd=   9058.809    
 Catch=   510633.461969842     
 Abd=   8484148.    
 Catch=   219327.367069382     
 Abd=   769246.0    
 Catch=   28324.0146149624     
 Abd=   470005.5    
 Catch=   427184.141006544     
 Abd=   615323.9    
 Catch=   40172.3226519813     
 Abd=   84823.68    
 Catch=                     NaN
 Abd=            NaN
 Catch=   153084.469660961     
 Abd=   89398.77    
 Catch=   5939.12262864075     
 Abd=   24911.36    
 Catch=   38617.2414206853     
 Abd=   382621.9    
 Catch=   544852.065493466     
 Abd=   8010468.    
 Catch=   500869.680768871     
 Abd=   1349593.    
 Catch=   47475.2609179067     
 Abd=   80461.69    
 Catch=   5914336.76800587     
 Abd=  6.1576232E+07
 Time step =         1850
 Catch=   47403.9868508012     
 Abd=   301624.0    
 Catch=   44965.9573672092     
 Abd=   288216.9    
 Catch=   79661.0414316298     
 Abd=   86501.24    
 Catch=   8128.80229075490     
 Abd=   135074.0    
 Catch=   22119.8375625367     
 Abd=   74347.98    
 Catch=   20.8989573668416     
 Abd=   81.39497    
 Catch=   113886.082320254     
 Abd=   240446.2    
 Catch=                     NaN
 Abd=            NaN
 Catch=   62408.7323183611     
 Abd=   1037698.    
 Catch=   54221.9267017388     
 Abd=   12319.86    
 Catch=   473884.628609592     
 Abd=   2688020.    
 Catch=   141958.801510227     
 Abd=   2362874.    
 Catch=   393.134758283300     
 Abd=   1417.004    
 Catch=   31134.7052247444     
 Abd=   450100.0    
 Catch=   115501.212459727     
 Abd=   66828.80    
 Catch=                     NaN
 Abd=            NaN
 Catch=   99410.4034081734     
 Abd=   562414.6    
 Catch=   51826.2326370748     
 Abd=   809946.5    
 Catch=   9767.06712545277     
 Abd=   14305.86    
 Catch=   25533.9788393582     
 Abd=   423907.2    
 Catch=   42939.3302703730     
 Abd=   222731.0    
 Catch=   3861.73012532703     
 Abd=   13243.11    
 Catch=   951.802709953447     
 Abd=   9021.045    
 Catch=   505856.959246342     
 Abd=   8406739.    
 Catch=   219306.434961421     
 Abd=   769177.6    
 Catch=   27983.9372127934     
 Abd=   464473.5    
 Catch=   427184.057314487     
 Abd=   615323.8    
 Catch=   40172.3247811512     
 Abd=   84823.67    
 Catch=                     NaN
 Abd=            NaN
 Catch=   153084.408478476     
 Abd=   89398.73    
 Catch=   5939.00233329975     
 Abd=   24910.92    
 Catch=   38309.8339417973     
 Abd=   379653.4    
 Catch=   539425.925052008     
 Abd=   7932466.    
 Catch=   500837.822902572     
 Abd=   1349509.    
 Catch=   47475.2693685054     
 Abd=   80461.67    
 Catch=   5877581.03949604     
 Abd=  6.1203896E+07
 Time step =         1851
 Catch=   47366.1472666386     
 Abd=   301396.2    
 Catch=   44911.7004171157     
 Abd=   287883.3    
 Catch=   79661.0579354274     
 Abd=   86501.23    
 Catch=   8053.66817734648     
 Abd=   133849.4    
 Catch=   22119.4980269242     
 Abd=   74347.02    
 Catch=   20.5398306685954     
 Abd=   80.15022    
 Catch=   113886.097042026     
 Abd=   240446.2    
 Catch=                     NaN
 Abd=            NaN
 Catch=   61916.4885950280     
 Abd=   1029713.    
 Catch=   54221.9267017388     
 Abd=   12319.86    
 Catch=   473015.257491344     
 Abd=   2683294.    
 Catch=   141133.380775588     
 Abd=   2349562.    
 Catch=   393.133582620733     
 Abd=   1417.001    
 Catch=   30858.7743173659     
 Abd=   446202.0    
 Catch=   115501.223655238     
 Abd=   66828.81    
 Catch=                     NaN
 Abd=            NaN
 Catch=   99377.8574542701     
 Abd=   562242.9    
 Catch=   51030.7470631422     
 Abd=   797730.5    
 Catch=   9767.06712545277     
 Abd=   14305.86    
 Catch=   25255.4542057519     
 Abd=   419386.3    
 Catch=   42921.3681119157     
 Abd=   222642.1    
 Catch=   3861.68437647572     
 Abd=   13242.98    
 Catch=   947.953726551298     
 Abd=   8985.661    
 Catch=   501351.570954638     
 Abd=   8333670.    
 Catch=   219288.097289946     
 Abd=   769117.2    
 Catch=   27660.8273143833     
 Abd=   459209.8    
 Catch=   427184.071522963     
 Abd=   615323.8    
 Catch=   40172.3164948240     
 Abd=   84823.66    
 Catch=                     NaN
 Abd=            NaN
 Catch=   153084.427099967     
 Abd=   89398.75    
 Catch=   5938.90995039585     
 Abd=   24910.57    
 Catch=   38019.9701578254     
 Abd=   376852.5    
 Catch=   534287.395900977     
 Abd=   7858556.    
 Catch=   500807.976525262     
 Abd=   1349432.    
 Catch=   47475.2700047123     
 Abd=   80461.67    
 Catch=   5842983.87025463     
 Abd=  6.0853232E+07
 Time step =         1852
 Catch=   47332.2582735190     
 Abd=   301192.3    
 Catch=   44861.8352458740     
 Abd=   287576.8    
 Catch=   79661.0441467835     
 Abd=   86501.24    
 Catch=   7982.01053556446     
 Abd=   132680.8    
 Catch=   22119.1927978962     
 Abd=   74345.91    
 Catch=   20.2632914175232     
 Abd=   79.16063    
 Catch=   113886.087941150     
 Abd=   240446.2    
 Catch=                     NaN
 Abd=            NaN
 Catch=   61451.6134927958     
 Abd=   1022171.    
 Catch=   54221.9267017388     
 Abd=   12319.86    
 Catch=   472217.233132787     
 Abd=   2678952.    
 Catch=   140362.666445175     
 Abd=   2337128.    
 Catch=   393.132799771644     
 Abd=   1417.000    
 Catch=   30597.5278729990     
 Abd=   442507.7    
 Catch=   115501.205394089     
 Abd=   66828.80    
 Catch=                     NaN
 Abd=            NaN
 Catch=   99349.5341997460     
 Abd=   562093.8    
 Catch=   50274.1610241262     
 Abd=   786105.4    
 Catch=   9767.06712545277     
 Abd=   14305.86    
 Catch=   24991.9560754633     
 Abd=   415106.2    
 Catch=   42905.1708197453     
 Abd=   222562.6    
 Catch=   3861.65138139491     
 Abd=   13242.88    
 Catch=   944.357289471600     
 Abd=   8952.727    
 Catch=   497097.463432160     
 Abd=   8264636.    
 Catch=   219272.132403078     
 Abd=   769065.1    
 Catch=   27353.2301276541     
 Abd=   454197.7    
 Catch=   427183.900701188     
 Abd=   615323.3    
 Catch=   40172.3120836398     
 Abd=   84823.66    
 Catch=                     NaN
 Abd=            NaN
 Catch=   153084.428431382     
 Abd=   89398.73    
 Catch=   5938.83637927712     
 Abd=   24910.30    
 Catch=   37746.3647629873     
 Abd=   374207.7    
 Catch=   529415.459500753     
 Abd=   7788435.    
 Catch=   500780.591338948     
 Abd=   1349361.    
 Catch=   47475.2584874031     
 Abd=   80461.66    
 Catch=   5810379.27437868     
 Abd=  6.0522556E+07
 Time step =         1853
 Catch=   47301.9701483110     
 Abd=   301009.8    
 Catch=   44815.9104362919     
 Abd=   287293.8    
 Catch=   79661.0482784334     
 Abd=   86501.24    
 Catch=   7913.58965881827     
 Abd=   131564.3    
 Catch=   22118.9379283824     
 Abd=   74345.38    
 Catch=   19.9629664316306     
 Abd=   77.75387    
 Catch=   113886.096248160     
 Abd=   240446.3    
 Catch=                     NaN
 Abd=            NaN
 Catch=   61012.3962599955     
 Abd=   1015042.    
 Catch=   54221.9267017388     
 Abd=   12319.86    
 Catch=   471484.161981107     
 Abd=   2674963.    
 Catch=   139642.408382193     
 Abd=   2325504.    
 Catch=   393.132683329194     
 Abd=   1417.000    
 Catch=   30349.7962220422     
 Abd=   439002.1    
 Catch=   115501.186523239     
 Abd=   66828.80    
 Catch=                     NaN
 Abd=            NaN
 Catch=   99324.9507900009     
 Abd=   561964.0    
 Catch=   49553.7846562253     
 Abd=   775030.6    
 Catch=   9767.06712545277     
 Abd=   14305.86    
 Catch=   24742.3406882675     
 Abd=   411049.2    
 Catch=   42890.7268846103     
 Abd=   222492.0    
 Catch=   3861.62368079257     
 Abd=   13242.79    
 Catch=   941.011764267034     
 Abd=   8922.085    
 Catch=   493075.815383337     
 Abd=   8199346.    
 Catch=   219258.131543265     
 Abd=   769019.0    
 Catch=   27060.1758828810     
 Abd=   449419.8    
 Catch=   427183.841501568     
 Abd=   615323.4    
 Catch=   40172.3216335616     
 Abd=   84823.67    
 Catch=                     NaN
 Abd=            NaN
 Catch=   153084.407434076     
 Abd=   89398.77    
 Catch=   5938.78106665389     
 Abd=   24910.10    
 Catch=   37487.8814659920     
 Abd=   371707.6    
 Catch=   524791.134965646     
 Abd=   7721840.    
 Catch=   500755.399250326     
 Abd=   1349296.    
 Catch=   47475.2510499361     
 Abd=   80461.62    
 Catch=   5779620.72292187     
 Abd=  6.0210496E+07
 Time step =         1854
 Catch=   47274.8233298168     
 Abd=   300846.4    
 Catch=   44773.5203701340     
 Abd=   287032.6    
 Catch=   79661.0485176351     
 Abd=   86501.24    
 Catch=   7848.19979159170     
 Abd=   130496.9    
 Catch=   22118.7896308746     
 Abd=   74344.86    
 Catch=   19.6058578778371     
 Abd=   76.37957    
 Catch=   113886.102861490     
 Abd=   240446.2    
 Catch=                     NaN
 Abd=            NaN
 Catch=   60596.9466477010     
 Abd=   1008295.    
 Catch=   54221.9267017388     
 Abd=   12319.86    
 Catch=   470810.205017903     
 Abd=   2671294.    
 Catch=   138968.856136676     
 Abd=   2314628.    
 Catch=   393.132683329194     
 Abd=   1417.000    
 Catch=   30114.5938526236     
 Abd=   435674.0    
 Catch=   115501.204562697     
 Abd=   66828.78    
 Catch=                     NaN
 Abd=            NaN
 Catch=   99303.5339932750     
 Abd=   561851.0    
 Catch=   48867.1578266994     
 Abd=   764469.4    
 Catch=   9767.06712545277     
 Abd=   14305.86    
 Catch=   24505.6251730238     
 Abd=   407200.1    
 Catch=   42877.8142479262     
 Abd=   222428.7    
 Catch=   3861.60170521534     
 Abd=   13242.72    
 Catch=   937.891144124901     
 Abd=   8893.292    
 Catch=   489270.130307404     
 Abd=   8137523.    
 Catch=   219245.689733986     
 Abd=   768978.0    
 Catch=   26780.6626552161     
 Abd=   444862.5    
 Catch=   427183.769144859     
 Abd=   615323.2    
 Catch=   40172.3233432191     
 Abd=   84823.69    
 Catch=                     NaN
 Abd=            NaN
 Catch=   153084.463711635     
 Abd=   89398.75    
 Catch=   5938.73606673171     
 Abd=   24909.93    
 Catch=   37243.4152930562     
 Abd=   369341.9    
 Catch=   520396.482377228     
 Abd=   7658520.    
 Catch=   500731.791663580     
 Abd=   1349235.    
 Catch=   47475.2181390169     
 Abd=   80461.58    
 Catch=   5750579.87912447     
 Abd=  5.9915708E+07
 Time step =         1855
 Catch=   47250.4736697048     
 Abd=   300699.8    
 Catch=   44734.3394336225     
 Abd=   286790.8    
 Catch=   79661.0452235007     
 Abd=   86501.20    
 Catch=   7785.64475361883     
 Abd=   129475.3    
 Catch=   22118.6097765106     
 Abd=   74344.16    
 Catch=   19.2751987742333     
 Abd=   75.21908    
 Catch=   113886.087247805     
 Abd=   240446.2    
 Catch=                     NaN
 Abd=            NaN
 Catch=   60203.6065785522     
 Abd=   1001904.    
 Catch=   54221.9267017388     
 Abd=   12319.86    
 Catch=   470190.100193983     
 Abd=   2667916.    
 Catch=   138338.499816404     
 Abd=   2304449.    
 Catch=   393.132683329194     
 Abd=   1417.000    
 Catch=   29891.1861301417     
 Abd=   432511.1    
 Catch=   115501.221273721     
 Abd=   66828.80    
 Catch=                     NaN
 Abd=            NaN
 Catch=   99284.8396098072     
 Abd=   561752.3    
 Catch=   48211.8997208720     
 Abd=   754382.4    
 Catch=   9767.06712545277     
 Abd=   14305.86    
 Catch=   24280.9050635273     
 Abd=   403542.9    
 Catch=   42866.2634318316     
 Abd=   222371.9    
 Catch=   3861.58412549768     
 Abd=   13242.67    
 Catch=   934.939601591629     
 Abd=   8866.138    
 Catch=   485665.277405715     
 Abd=   8078946.    
 Catch=   219234.647380286     
 Abd=   768941.7    
 Catch=   26513.8956721683     
 Abd=   440508.3    
 Catch=   427183.718245347     
 Abd=   615323.0    
 Catch=   40172.3085731191     
 Abd=   84823.62    
 Catch=                     NaN
 Abd=            NaN
 Catch=   153084.432595559     
 Abd=   89398.75    
 Catch=   5938.70194944390     
 Abd=   24909.84    
 Catch=   37012.0287866069     
 Abd=   367102.2    
 Catch=   516215.832050148     
 Abd=   7598249.    
 Catch=   500710.202741785     
 Abd=   1349179.    
 Catch=   47475.2059789777     
 Abd=   80461.55    
 Catch=   5723131.29782051     
 Abd=  5.9636940E+07
 Time step =         1856
 Catch=   47228.6582885622     
 Abd=   300568.2    
 Catch=   44698.0200521232     
 Abd=   286566.6    
 Catch=   79661.0409580235     
 Abd=   86501.24    
 Catch=   7725.74398071449     
 Abd=   128496.4    
 Catch=   22118.3871054550     
 Abd=   74343.39    
 Catch=   19.0183179353855     
 Abd=   74.34485    
 Catch=   113886.094095672     
 Abd=   240446.2    
 Catch=                     NaN
 Abd=            NaN
 Catch=   59830.8922756793     
 Abd=   995847.8    
 Catch=   54221.9267017388     
 Abd=   12319.86    
 Catch=   469619.241193784     
 Abd=   2664810.    
 Catch=   137748.269169158     
 Abd=   2294914.    
 Catch=   393.132683329194     
 Abd=   1417.000    
 Catch=   29678.7652321648     
 Abd=   429501.4    
 Catch=   115501.173407453     
 Abd=   66828.78    
 Catch=                     NaN
 Abd=            NaN
 Catch=   99268.5568847388     
 Abd=   561666.2    
 Catch=   47585.6629992542     
 Abd=   744736.2    
 Catch=   9767.06712545277     
 Abd=   14305.86    
 Catch=   24067.3055334675     
 Abd=   400066.3    
 Catch=   42855.8800605528     
 Abd=   222319.8    
 Catch=   3861.57179376463     
 Abd=   13242.63    
 Catch=   932.169964090424     
 Abd=   8840.662    
 Catch=   482248.094784215     
 Abd=   8023396.    
 Catch=   219224.837294007     
 Abd=   768908.8    
 Catch=   26258.9227638072     
 Abd=   436346.8    
 Catch=   427183.487664359     
 Abd=   615322.8    
 Catch=   40172.3057578684     
 Abd=   84823.64    
 Catch=                     NaN
 Abd=            NaN
 Catch=   153084.426738210     
 Abd=   89398.75    
 Catch=   5938.69537651617     
 Abd=   24909.84    
 Catch=   36792.8612830281     
 Abd=   364980.0    
 Catch=   512234.461176594     
 Abd=   7540822.    
 Catch=   500690.164154894     
 Abd=   1349127.    
 Catch=   47475.1935460315     
 Abd=   80461.55    
 Catch=   5697163.84909234     
 Abd=  5.9373112E+07
 Time step =         1857
 Catch=   47209.0527508296     
 Abd=   300450.1    
 Catch=   44664.3358824036     
 Abd=   286358.6    
 Catch=   79661.0434515918     
 Abd=   86501.21    
 Catch=   7668.32367247348     
 Abd=   127556.7    
 Catch=   22118.1841371024     
 Abd=   74342.83    
 Catch=   18.8239941039686     
 Abd=   73.68069    
 Catch=   113886.090758516     
 Abd=   240446.3    
 Catch=                     NaN
 Abd=            NaN
 Catch=   59477.5981572391     
 Abd=   990102.0    
 Catch=   54221.9267017388     
 Abd=   12319.86    
 Catch=   469093.731825329     
 Abd=   2661944.    
 Catch=   137195.252850830     
 Abd=   2285977.    
 Catch=   393.132683329194     
 Abd=   1417.000    
 Catch=   29476.5528355729     
 Abd=   426635.7    
 Catch=   115501.181940699     
 Abd=   66828.78    
 Catch=                     NaN
 Abd=            NaN
 Catch=   99254.3392983609     
 Abd=   561591.1    
 Catch=   46986.4485372145     
 Abd=   735501.9    
 Catch=   9767.06712545277     
 Abd=   14305.86    
 Catch=   23864.1643993776     
 Abd=   396758.3    
 Catch=   42846.3809316216     
 Abd=   222273.2    
 Catch=   3861.56096905167     
 Abd=   13242.60    
 Catch=   929.580600470634     
 Abd=   8816.928    
 Catch=   479005.623520369     
 Abd=   7970649.    
 Catch=   219215.965586679     
 Abd=   768879.6    
 Catch=   26015.1198756978     
 Abd=   432365.4    
 Catch=   427183.412302548     
 Abd=   615322.6    
 Catch=   40172.3112286387     
 Abd=   84823.68    
 Catch=                     NaN
 Abd=            NaN
 Catch=   153084.429488529     
 Abd=   89398.74    
 Catch=   5938.69537651617     
 Abd=   24909.84    
 Catch=   36585.1050881212     
 Abd=   362967.4    
 Catch=   508439.114149856     
 Abd=   7486050.    
 Catch=   500671.622845012     
 Abd=   1349079.    
 Catch=   47475.1919445975     
 Abd=   80461.54    
 Catch=   5672573.98416575     
 Abd=  5.9123136E+07
 Time step =         1858
 Catch=   47191.4665690967     
 Abd=   300344.2    
 Catch=   44633.0360454842     
 Abd=   286164.8    
 Catch=   79661.0342640038     
 Abd=   86501.23    
 Catch=   7613.17866334405     
 Abd=   126653.8    
 Catch=   22118.0199551192     
 Abd=   74342.34    
 Catch=   18.6758448191908     
 Abd=   73.17255    
 Catch=   113886.131545946     
 Abd=   240446.4    
 Catch=                     NaN
 Abd=            NaN
 Catch=   59142.2337074064     
 Abd=   984647.4    
 Catch=   54221.9267017388     
 Abd=   12319.86    
 Catch=   468609.277986201     
 Abd=   2659304.    
 Catch=   136676.812041459     
 Abd=   2277598.    
 Catch=   393.132683329194     
 Abd=   1417.000    
 Catch=   29283.9091892171     
 Abd=   423905.2    
 Catch=   115501.188983830     
 Abd=   66828.80    
 Catch=                     NaN
 Abd=            NaN
 Catch=   99241.9116156659     
 Abd=   561525.4    
 Catch=   46412.6186618737     
 Abd=   726655.5    
 Catch=   9767.06712545277     
 Abd=   14305.86    
 Catch=   23670.7986101441     
 Abd=   393608.3    
 Catch=   42837.8425733243     
 Abd=   222231.2    
 Catch=   3861.55303065467     
 Abd=   13242.58    
 Catch=   927.166644749131     
 Abd=   8794.791    
 Catch=   475925.846109370     
 Abd=   7920536.    
 Catch=   219208.013219762     
 Abd=   768852.1    
 Catch=   25781.7521780080     
 Abd=   428552.5    
 Catch=   427183.234036761     
 Abd=   615322.0    
 Catch=   40172.3198196605     
 Abd=   84823.66    
 Catch=                     NaN
 Abd=            NaN
 Catch=   153084.415308974     
 Abd=   89398.75    
 Catch=   5938.69537651617     
 Abd=   24909.84    
 Catch=   36388.0297095647     
 Abd=   361057.7    
 Catch=   504817.591984572     
 Abd=   7433765.    
 Catch=   500654.516979212     
 Abd=   1349035.    
 Catch=   47475.2013230064     
 Abd=   80461.55    
 Catch=   5649270.70386708     
 Abd=  5.8886200E+07
 Time step =         1859
 Catch=   47175.6766089721     
 Abd=   300248.8    
 Catch=   44603.8603911143     
 Abd=   285984.1    
 Catch=   79661.0688696023     
 Abd=   86501.23    
 Catch=   7560.17665182766     
 Abd=   125786.6    
 Catch=   22117.7718879937     
 Abd=   74340.86    
 Catch=   18.5621827585584     
 Abd=   72.78159    
 Catch=   113886.117751765     
 Abd=   240446.3    
 Catch=                     NaN
 Abd=            NaN
 Catch=   58823.8347549199     
 Abd=   979467.9    
 Catch=   54221.9267017388     
 Abd=   12319.86    
 Catch=   468162.650938284     
 Abd=   2656870.    
 Catch=   136190.599541609     
 Abd=   2269736.    
 Catch=   393.132683329194     
 Abd=   1417.000    
 Catch=   29100.2640272187     
 Abd=   421298.3    
 Catch=   115501.197473285     
 Abd=   66828.80    
 Catch=                     NaN
 Abd=            NaN
 Catch=   99231.0783502206     
 Abd=   561468.4    
 Catch=   45862.7083031286     
 Abd=   718174.9    
 Catch=   9767.06712545277     
 Abd=   14305.86    
 Catch=   23486.5954900269     
 Abd=   390606.4    
 Catch=   42830.1647103601     
 Abd=   222193.4    
 Catch=   3861.54552718486     
 Abd=   13242.55    
 Catch=   924.909462401665     
 Abd=   8773.990    
 Catch=   472998.697607701     
 Abd=   7872889.    
 Catch=   219200.425865584     
 Abd=   768827.1    
 Catch=   25558.1670434441     
 Abd=   424897.2    
 Catch=   427182.795152867     
 Abd=   615321.6    
 Catch=   40172.3164599942     
 Abd=   84823.67    
 Catch=                     NaN
 Abd=            NaN
 Catch=   153084.401340531     
 Abd=   89398.72    
 Catch=   5938.69537651617     
 Abd=   24909.84    
 Catch=   36200.9592496702     
 Abd=   359244.2    
 Catch=   501359.211332244     
 Abd=   7383812.    
 Catch=   500638.732071919     
 Abd=   1348994.    
 Catch=   47475.2012141463     
 Abd=   80461.55    
 Catch=   5627175.54181595     
 Abd=  5.8661424E+07
 Time step =         1860
 Catch=   47161.4422112781     
 Abd=   300162.9    
 Catch=   44576.6281189909     
 Abd=   285815.4    
 Catch=   79661.0630616361     
 Abd=   86501.26    
 Catch=   7509.24789862427     
 Abd=   124953.0    
 Catch=   22117.2859376703     
 Abd=   74339.34    
 Catch=   18.4745136953197     
 Abd=   72.47923    
 Catch=   113886.115248572     
 Abd=   240446.2    
 Catch=                     NaN
 Abd=            NaN
 Catch=   58521.2970382553     
 Abd=   974543.5    
 Catch=   54221.9267017388     
 Abd=   12319.86    
 Catch=   467750.748684497     
 Abd=   2654625.    
 Catch=   135734.274767038     
 Abd=   2262356.    
 Catch=   393.132683329194     
 Abd=   1417.000    
 Catch=   28924.9104370183     
 Abd=   418810.2    
 Catch=   115501.195022497     
 Abd=   66828.81    
 Catch=                     NaN
 Abd=            NaN
 Catch=   99221.6199358577     
 Abd=   561418.2    
 Catch=   45335.3413634406     
 Abd=   710039.1    
 Catch=   9767.06712545277     
 Abd=   14305.86    
 Catch=   23310.9823397193     
 Abd=   387743.4    
 Catch=   42823.2340071968     
 Abd=   222159.3    
 Catch=   3861.53980128225     
 Abd=   13242.54    
 Catch=   922.784786791376     
 Abd=   8754.402    
 Catch=   470214.577801264     
 Abd=   7827552.    
 Catch=   219193.795844118     
 Abd=   768805.4    
 Catch=   25343.7449704571     
 Abd=   421391.9    
 Catch=   427182.443354547     
 Abd=   615321.0    
 Catch=   40172.3272253736     
 Abd=   84823.67    
 Catch=                     NaN
 Abd=            NaN
 Catch=   153084.421544163     
 Abd=   89398.75    
 Catch=   5938.69537651617     
 Abd=   24909.84    
 Catch=   36023.2620734228     
 Abd=   357521.3    
 Catch=   498053.533145855     
 Abd=   7336046.    
 Catch=   500624.000653411     
 Abd=   1348956.    
 Catch=   47475.2058596228     
 Abd=   80461.59    
 Catch=   5606207.84722608     
 Abd=  5.8448076E+07
 Time step =         1811
 Catch=   47148.6221324678     
 Abd=   300085.4    
 Catch=   44551.1879210132     
 Abd=   285657.6    
 Catch=   79661.0806011683     
 Abd=   86501.25    
 Catch=   7460.27111041793     
 Abd=   124151.1    
 Catch=   22116.9108980637     
 Abd=   74338.16    
 Catch=   18.4065811447477     
 Abd=   72.24445    
 Catch=   113886.097130787     
 Abd=   240446.2    
 Catch=                     NaN
 Abd=            NaN
 Catch=   58233.6343003704     
 Abd=   969860.9    
 Catch=   54221.9267017388     
 Abd=   12319.86    
 Catch=   467370.989910752     
 Abd=   2652555.    
 Catch=   135305.859552020     
 Abd=   2255427.    
 Catch=   393.132683329194     
 Abd=   1417.000    
 Catch=   28757.4446289968     
 Abd=   416432.6    
 Catch=   115501.211116382     
 Abd=   66828.78    
 Catch=                     NaN
 Abd=            NaN
 Catch=   99213.3436949831     
 Abd=   561374.4    
 Catch=   44829.2666292940     
 Abd=   702229.5    
 Catch=   9767.06712545277     
 Abd=   14305.86    
 Catch=   23143.4191051786     
 Abd=   385010.4    
 Catch=   42817.0131753162     
 Abd=   222128.6    
 Catch=   3861.53498671219     
 Abd=   13242.52    
 Catch=   920.782205282034     
 Abd=   8735.967    
 Catch=   467564.552920809     
 Abd=   7784382.    
 Catch=   219187.810018244     
 Abd=   768784.5    
 Catch=   25138.0283059566     
 Abd=   418025.2    
 Catch=   427182.156860874     
 Abd=   615320.8    
 Catch=   40172.3217301495     
 Abd=   84823.69    
 Catch=                     NaN
 Abd=            NaN
 Catch=   153084.412152815     
 Abd=   89398.73    
 Catch=   5938.69537651617     
 Abd=   24909.84    
 Catch=   35854.4179400694     
 Abd=   355883.6    
 Catch=   494890.922612590     
 Abd=   7290328.    
 Catch=   500610.717469629     
 Abd=   1348922.    
 Catch=   47475.2127996808     
 Abd=   80461.56    
 Catch=   5586291.09003313     
 Abd=  5.8245256E+07
 Time step =         1812
 Catch=   47137.1078505541     
 Abd=   300016.0    
 Catch=   44527.3848700635     
 Abd=   285509.8    
 Catch=   79661.0695200048     
 Abd=   86501.24    
 Catch=   7413.15044941500     
 Abd=   123379.3    
 Catch=   22116.4753435348     
 Abd=   74336.61    
 Catch=   18.3537178160895     
 Abd=   72.06137    
 Catch=   113886.079130742     
 Abd=   240446.2    
 Catch=                     NaN
 Abd=            NaN
 Catch=   57960.0430247663     
 Abd=   965405.9    
 Catch=   54221.9267017388     
 Abd=   12319.86    
 Catch=   467020.341927874     
 Abd=   2650641.    
 Catch=   134903.544758348     
 Abd=   2248917.    
 Catch=   393.132683329194     
 Abd=   1417.000    
 Catch=   28597.3624247854     
 Abd=   414159.1    
 Catch=   115501.187611256     
 Abd=   66828.78    
 Catch=                     NaN
 Abd=            NaN
 Catch=   99206.0750245467     
 Abd=   561335.9    
 Catch=   44343.3522325959     
 Abd=   694728.9    
 Catch=   9767.06712545277     
 Abd=   14305.86    
 Catch=   22983.4122451405     
 Abd=   382399.7    
 Catch=   42811.3620548726     
 Abd=   222100.7    
 Catch=   3861.53108744221     
 Abd=   13242.51    
 Catch=   918.892190260677     
 Abd=   8718.518    
 Catch=   465040.145429550     
 Abd=   7743247.    
 Catch=   219182.066190097     
 Abd=   768765.4    
 Catch=   24940.3828199952     
 Abd=   414791.4    
 Catch=   427182.013927592     
 Abd=   615320.6    
 Catch=   40172.3241537004     
 Abd=   84823.66    
 Catch=                     NaN
 Abd=            NaN
 Catch=   153084.430443976     
 Abd=   89398.75    
 Catch=   5938.69537651617     
 Abd=   24909.84    
 Catch=   35693.8237535928     
 Abd=   354325.5    
 Catch=   491862.997763327     
 Abd=   7246537.    
 Catch=   500598.421053334     
 Abd=   1348890.    
 Catch=   47475.2092715388     
 Abd=   80461.59    
 Catch=   5567356.16869624     
 Abd=  5.8052484E+07
 Time step =         1813
 Catch=   47126.7514845960     
 Abd=   299953.5    
 Catch=   44505.0582794322     
 Abd=   285371.2    
 Catch=   79661.0636069745     
 Abd=   86501.24    
 Catch=   7367.77678261868     
 Abd=   122635.9    
 Catch=   22116.0886365874     
 Abd=   74335.51    
 Catch=   18.3124375363775     
 Abd=   71.91814    
 Catch=   113886.094117421     
 Abd=   240446.2    
 Catch=                     NaN
 Abd=            NaN
 Catch=   57699.6058474892     
 Abd=   961163.8    
 Catch=   54221.9267017388     
 Abd=   12319.86    
 Catch=   466696.167415253     
 Abd=   2648872.    
 Catch=   134525.333886649     
 Abd=   2242796.    
 Catch=   393.132683329194     
 Abd=   1417.000    
 Catch=   28444.2057729292     
 Abd=   411982.9    
 Catch=   115501.201659939     
 Abd=   66828.80    
 Catch=                     NaN
 Abd=            NaN
 Catch=   99199.6985851496     
 Abd=   561302.2    
 Catch=   43876.5118762238     
 Abd=   687520.5    
 Catch=   9767.06712545277     
 Abd=   14305.86    
 Catch=   22830.5257846690     
 Abd=   379904.3    
 Catch=   42806.2308179002     
 Abd=   222075.4    
 Catch=   3861.52706075196     
 Abd=   13242.49    
 Catch=   917.115061013307     
 Abd=   8702.191    
 Catch=   462633.949872555     
 Abd=   7704020.    
 Catch=   219176.868980159     
 Abd=   768748.2    
 Catch=   24750.4853625678     
 Abd=   411682.7    
 Catch=   427181.821422112     
 Abd=   615320.4    
 Catch=   40172.3218092261     
 Abd=   84823.68    
 Catch=                     NaN
 Abd=            NaN
 Catch=   153084.448846220     
 Abd=   89398.75    
 Catch=   5938.69537651617     
 Abd=   24909.84    
 Catch=   35541.0463654328     
 Abd=   352842.9    
 Catch=   488961.873393258     
 Abd=   7204570.    
 Catch=   500586.937984872     
 Abd=   1348860.    
 Catch=   47475.2155582393     
 Abd=   80461.58    
 Catch=   5549355.13319313     
 Abd=  5.7869096E+07
 Time step =         1814
 Catch=   47117.4093018519     
 Abd=   299896.9    
 Catch=   44484.1319027757     
 Abd=   285241.2    
 Catch=   79661.0534712038     
 Abd=   86501.25    
 Catch=   7324.06336260507     
 Abd=   121919.5    
 Catch=   22115.8223887764     
 Abd=   74334.83    
 Catch=   18.2800787302380     
 Abd=   71.80566    
 Catch=   113886.083982127     
 Abd=   240446.2    
 Catch=                     NaN
 Abd=            NaN
 Catch=   57451.5709413941     
 Abd=   957121.8    
 Catch=   54221.9267017388     
 Abd=   12319.86    
 Catch=   466396.523858284     
 Abd=   2647236.    
 Catch=   134169.746673181     
 Abd=   2237040.    
 Catch=   393.132683329194     
 Abd=   1417.000    
 Catch=   28297.5694784504     
 Abd=   409899.8    
 Catch=   115501.217533682     
 Abd=   66828.82    
 Catch=                     NaN
 Abd=            NaN
 Catch=   99194.1534275934     
 Abd=   561273.0    
 Catch=   43427.7814472665     
 Abd=   680590.6    
 Catch=   9767.06712545277     
 Abd=   14305.86    
 Catch=   22684.3317389835     
 Abd=   377517.6    
 Catch=   42801.5892395027     
 Abd=   222052.5    
 Catch=   3861.52516376495     
 Abd=   13242.49    
 Catch=   915.450790696225     
 Abd=   8686.894    
 Catch=   460338.547019269     
 Abd=   7666586.    
 Catch=   219172.191371083     
 Abd=   768732.4    
 Catch=   24567.8484610369     
 Abd=   408688.9    
 Catch=   427181.874189248     
 Abd=   615320.6    
 Catch=   40172.3280181071     
 Abd=   84823.69    
 Catch=                     NaN
 Abd=            NaN
 Catch=   153084.431732260     
 Abd=   89398.75    
 Catch=   5938.69537651617     
 Abd=   24909.84    
 Catch=   35395.6214733554     
 Abd=   351431.4    
 Catch=   486180.097676541     
 Abd=   7164306.    
 Catch=   500576.190885214     
 Abd=   1348832.    
 Catch=   47475.2200796492     
 Abd=   80461.62    
 Catch=   5532218.43448773     
 Abd=  5.7694452E+07
 Time step =         1815
 Catch=   47108.9665704481     
 Abd=   299846.0    
 Catch=   44464.4919506744     
 Abd=   285119.1    
 Catch=   79661.0421464711     
 Abd=   86501.22    
 Catch=   7281.91679909741     
 Abd=   121228.5    
 Catch=   22115.5787270328     
 Abd=   74333.47    
 Catch=   18.2546342448490     
 Abd=   71.71709    
 Catch=   113886.094001953     
 Abd=   240446.2    
 Catch=                     NaN
 Abd=            NaN
 Catch=   57215.2012980837     
 Abd=   953270.1    
 Catch=   54221.9267017388     
 Abd=   12319.86    
 Catch=   466119.474221581     
 Abd=   2645725.    
 Catch=   133835.397440435     
 Abd=   2231628.    
 Catch=   393.132683329194     
 Abd=   1417.000    
 Catch=   28157.1659809228     
 Abd=   407904.7    
 Catch=   115501.198007291     
 Abd=   66828.79    
 Catch=                     NaN
 Abd=            NaN
 Catch=   99189.2932950553     
 Abd=   561247.2    
 Catch=   42996.2539888325     
 Abd=   673924.0    
 Catch=   9767.06712545277     
 Abd=   14305.86    
 Catch=   22544.4662520980     
 Abd=   375233.4    
 Catch=   42797.3739813563     
 Abd=   222031.6    
 Catch=   3861.52446108751     
 Abd=   13242.49    
 Catch=   913.891550226186     
 Abd=   8672.555    
 Catch=   458147.522941359     
 Abd=   7630852.    
 Catch=   219167.713093096     
 Abd=   768717.0    
 Catch=   24391.9101451483     
 Abd=   405807.1    
 Catch=   427181.963830905     
 Abd=   615320.7    
 Catch=   40172.3272063820     
 Abd=   84823.67    
 Catch=                     NaN
 Abd=            NaN
 Catch=   153084.459481928     
 Abd=   89398.78    
 Catch=   5938.69537651617     
 Abd=   24909.84    
 Catch=   35257.1320931907     
 Abd=   350086.8    
 Catch=   483510.238937793     
 Abd=   7125651.    
 Catch=   500566.582148728     
 Abd=   1348807.    
 Catch=   47475.2524182161     
 Abd=   80461.64    
 Catch=   5515902.12894709     
 Abd=  5.7528176E+07
 Time step =         1816
 Catch=   47101.3514620983     
 Abd=   299800.1    
 Catch=   44446.0131779318     
 Abd=   285004.1    
 Catch=   79661.0383412156     
 Abd=   86501.24    
 Catch=   7241.26070408125     
 Abd=   120561.9    
 Catch=   22115.0951655775     
 Abd=   74332.05    
 Catch=   18.2345648974419     
 Abd=   71.64713    
 Catch=   113886.101688158     
 Abd=   240446.3    
 Catch=                     NaN
 Abd=            NaN
 Catch=   56989.8647786913     
 Abd=   949596.1    
 Catch=   54221.9267017388     
 Abd=   12319.86    
 Catch=   465863.556453866     
 Abd=   2644328.    
 Catch=   133520.932525404     
 Abd=   2226536.    
 Catch=   393.132683329194     
 Abd=   1417.000    
 Catch=   28022.6746246976     
 Abd=   405992.1    
 Catch=   115501.215333307     
 Abd=   66828.80    
 Catch=                     NaN
 Abd=            NaN
 Catch=   99185.0305836593     
 Abd=   561224.6    
 Catch=   42581.0037180846     
 Abd=   667507.4    
 Catch=   9767.06712545277     
 Abd=   14305.86    
 Catch=   22410.5683617916     
 Abd=   373045.9    
 Catch=   42793.5113351544     
 Abd=   222012.5    
 Catch=   3861.52310365439     
 Abd=   13242.48    
 Catch=   912.428799787962     
 Abd=   8659.098    
 Catch=   456055.599224662     
 Abd=   7596716.    
 Catch=   219163.468933519     
 Abd=   768702.6    
 Catch=   24222.4794454289     
 Abd=   403030.5    
 Catch=   427181.766253333     
 Abd=   615320.2    
 Catch=   40172.3298661095     
 Abd=   84823.69    
 Catch=                     NaN
 Abd=            NaN
 Catch=   153084.469156822     
 Abd=   89398.78    
 Catch=   5938.69537651617     
 Abd=   24909.84    
 Catch=   35125.1790548577     
 Abd=   348805.4    
 Catch=   480946.467741517     
 Abd=   7088521.    
 Catch=   500557.097901891     
 Abd=   1348781.    
 Catch=   47475.2524182588     
 Abd=   80461.64    
 Catch=   5500359.90841747     
 Abd=  5.7369684E+07
 Time step =         1817
 Catch=   47094.5104968782     
 Abd=   299758.6    
 Catch=   44428.5862426121     
 Abd=   284895.5    
 Catch=   79661.0897999530     
 Abd=   86501.26    
 Catch=   7202.02553399779     
 Abd=   119917.3    
 Catch=   22114.7079318196     
 Abd=   74330.82    
 Catch=   18.2186872332728     
 Abd=   71.59164    
 Catch=   113886.110330289     
 Abd=   240446.3    
 Catch=                     NaN
 Abd=            NaN
 Catch=   56774.9069954397     
 Abd=   946091.1    
 Catch=   54221.9267017388     
 Abd=   12319.86    
 Catch=   465626.770499077     
 Abd=   2643034.    
 Catch=   133224.928224549     
 Abd=   2221742.    
 Catch=   393.132683329194     
 Abd=   1417.000    
 Catch=   27893.6756606779     
 Abd=   404157.4    
 Catch=   115501.206971450     
 Abd=   66828.81    
 Catch=                     NaN
 Abd=            NaN
 Catch=   99181.2728277476     
 Abd=   561204.7    
 Catch=   42181.2572252067     
 Abd=   661329.5    
 Catch=   9767.06712545277     
 Abd=   14305.86    
 Catch=   22282.2883749225     
 Abd=   370949.5    
 Catch=   42789.9915590993     
 Abd=   221995.0    
 Catch=   3861.52211907108     
 Abd=   13242.48    
 Catch=   911.055606404813     
 Abd=   8646.465    
 Catch=   454056.537012569     
 Abd=   7564092.    
 Catch=   219159.394471772     
 Abd=   768688.3    
 Catch=   24059.2219127710     
 Abd=   400354.2    
 Catch=   427181.740580680     
 Abd=   615320.5    
 Catch=   40172.3320787219     
 Abd=   84823.69    
 Catch=                     NaN
 Abd=            NaN
 Catch=   153084.467538574     
 Abd=   89398.76    
 Catch=   5938.69537651617     
 Abd=   24909.84    
 Catch=   34999.4323503581     
 Abd=   347584.1    
 Catch=   478483.134577895     
 Abd=   7052836.    
 Catch=   500547.398144642     
 Abd=   1348756.    
 Catch=   47475.2479328828     
 Abd=   80461.63    
 Catch=   5485533.26773846     
 Abd=  5.7218440E+07
 Time step =         1818
 Catch=   47088.3011305397     
 Abd=   299721.0    
 Catch=   44412.1474072541     
 Abd=   284793.2    
 Catch=   79661.0769309119     
 Abd=   86501.25    
 Catch=   7164.08507183023     
 Abd=   119294.9    
 Catch=   22114.4350648976     
 Abd=   74330.22    
 Catch=   18.2060818155272     
 Abd=   71.54759    
 Catch=   113886.126221380     
 Abd=   240446.2    
 Catch=                     NaN
 Abd=            NaN
 Catch=   56569.7259779907     
 Abd=   942744.4    
 Catch=   54221.9267017388     
 Abd=   12319.86    
 Catch=   465407.687733140     
 Abd=   2641838.    
 Catch=   132946.275507331     
 Abd=   2217230.    
 Catch=   393.132683329194     
 Abd=   1417.000    
 Catch=   27769.9022107328     
 Abd=   402396.1    
 Catch=   115501.235871397     
 Abd=   66828.81    
 Catch=                     NaN
 Abd=            NaN
 Catch=   99177.9393646416     
 Abd=   561186.9    
 Catch=   41796.3072518996     
 Abd=   655378.8    
 Catch=   9767.06712545277     
 Abd=   14305.86    
 Catch=   22159.3293864857     
 Abd=   368939.6    
 Catch=   42786.8024872424     
 Abd=   221979.2    
 Catch=   3861.52006375851     
 Abd=   13242.47    
 Catch=   909.766023957061     
 Abd=   8634.592    
 Catch=   452145.080255227     
 Abd=   7532887.    
 Catch=   219155.515618921     
 Abd=   768675.5    
 Catch=   23901.8026240086     
 Abd=   397771.3    
 Catch=   427181.944439154     
 Abd=   615320.7    
 Catch=   40172.3249818183     
 Abd=   84823.69    
 Catch=                     NaN
 Abd=            NaN
 Catch=   153084.443856644     
 Abd=   89398.77    
 Catch=   5938.69537651617     
 Abd=   24909.84    
 Catch=   34879.5224009716     
 Abd=   346419.0    
 Catch=   476114.607065868     
 Abd=   7018509.    
 Catch=   500538.462702638     
 Abd=   1348733.    
 Catch=   47475.2515150487     
 Abd=   80461.64    
 Catch=   5471390.36427546     
 Abd=  5.7074144E+07
 Time step =         1819
 Catch=   47082.6717763808     
 Abd=   299686.9    
 Catch=   44396.6567770627     
 Abd=   284696.6    
 Catch=   79661.0536118630     
 Abd=   86501.24    
 Catch=   7127.44005705426     
 Abd=   118693.5    
 Catch=   22114.2765399941     
 Abd=   74329.61    
 Catch=   18.1960662933664     
 Abd=   71.51251    
 Catch=   113886.103505503     
 Abd=   240446.3    
 Catch=                     NaN
 Abd=            NaN
 Catch=   56373.8365342266     
 Abd=   939548.9    
 Catch=   54221.9267017388     
 Abd=   12319.86    
 Catch=   465204.962738893     
 Abd=   2640732.    
 Catch=   132683.901985345     
 Abd=   2212978.    
 Catch=   393.132683329194     
 Abd=   1417.000    
 Catch=   27651.0425385433     
 Abd=   400702.8    
 Catch=   115501.248658743     
 Abd=   66828.81    
 Catch=                     NaN
 Abd=            NaN
 Catch=   99175.0078506019     
 Abd=   561171.2    
 Catch=   41425.4200903611     
 Abd=   649643.9    
 Catch=   9767.06712545277     
 Abd=   14305.86    
 Catch=   22041.3930222832     
 Abd=   367011.0    
 Catch=   42783.8935420553     
 Abd=   221964.8    
 Catch=   3861.51905810848     
 Abd=   13242.47    
 Catch=   908.553176532223     
 Abd=   8623.422    
 Catch=   450316.723866241     
 Abd=   7503027.    
 Catch=   219151.928429421     
 Abd=   768663.2    
 Catch=   23749.8160306262     
 Abd=   395278.9    
 Catch=   427181.898145648     
 Abd=   615320.8    
 Catch=   40172.3227476313     
 Abd=   84823.66    
 Catch=                     NaN
 Abd=            NaN
 Catch=   153084.417774140     
 Abd=   89398.73    
 Catch=   5938.69537651617     
 Abd=   24909.84    
 Catch=   34765.1299164628     
 Abd=   345307.7    
 Catch=   473835.684846535     
 Abd=   6985472.    
 Catch=   500530.538139411     
 Abd=   1348713.    
 Catch=   47475.2458107578     
 Abd=   80461.61    
 Catch=   5457891.73671738     
 Abd=  5.6936432E+07
 Time step =         1820
 Catch=   47077.5707424255     
 Abd=   299656.0    
 Catch=   44381.9760408669     
 Abd=   284604.9    
 Catch=   79661.0503741574     
 Abd=   86501.25    
 Catch=   7092.01739570142     
 Abd=   118112.1    
 Catch=   22114.0465062045     
 Abd=   74328.64    
 Catch=   18.1880751442421     
 Abd=   71.48450    
 Catch=   113886.107851648     
 Abd=   240446.4    
 Catch=                     NaN
 Abd=            NaN
 Catch=   56186.7247674085     
 Abd=   936495.8    
 Catch=   54221.9267017388     
 Abd=   12319.86    
 Catch=   465017.304581137     
 Abd=   2639706.    
 Catch=   132436.679262666     
 Abd=   2208973.    
 Catch=   393.132683329194     
 Abd=   1417.000    
 Catch=   27536.7419369017     
 Abd=   399076.0    
 Catch=   115501.208716585     
 Abd=   66828.80    
 Catch=                     NaN
 Abd=            NaN
 Catch=   99172.4421432044     
 Abd=   561157.9    
 Catch=   41067.9214886673     
 Abd=   644115.4    
 Catch=   9767.06712545277     
 Abd=   14305.86    
 Catch=   21928.2091481777     
 Abd=   365159.9    
 Catch=   42781.2239900602     
 Abd=   221951.6    
 Catch=   3861.52017108692     
 Abd=   13242.48    
 Catch=   907.412624427997     
 Abd=   8612.913    
 Catch=   448566.492140302     
 Abd=   7474436.    
 Catch=   219148.570611649     
 Abd=   768652.0    
 Catch=   23603.1662351122     
 Abd=   392872.8    
 Catch=   427181.986374874     
 Abd=   615320.8    
 Catch=   40172.3138822013     
 Abd=   84823.66    
 Catch=                     NaN
 Abd=            NaN
 Catch=   153084.428330199     
 Abd=   89398.77    
 Catch=   5938.69537651617     
 Abd=   24909.84    
 Catch=   34655.9996794838     
 Abd=   344247.1    
 Catch=   471641.689714556     
 Abd=   6953658.    
 Catch=   500523.404907526     
 Abd=   1348694.    
 Catch=   47475.2426353484     
 Abd=   80461.62    
 Catch=   5445004.52465704     
 Abd=  5.6804848E+07
 Time step =         1821
 Catch=   47072.9713358712     
 Abd=   299628.3    
 Catch=   44368.0872804246     
 Abd=   284518.2    
 Catch=   79661.0324880195     
 Abd=   86501.22    
 Catch=   7057.77213497834     
 Abd=   117550.0    
 Catch=   22113.7480185306     
 Abd=   74327.89    
 Catch=   18.1816738306262     
 Abd=   71.46198    
 Catch=   113886.131065286     
 Abd=   240446.3    
 Catch=                     NaN
 Abd=            NaN
 Catch=   56007.9418157084     
 Abd=   933578.4    
 Catch=   54221.9267017388     
 Abd=   12319.86    
 Catch=   464843.425182089     
 Abd=   2638756.    
 Catch=   132203.790235212     
 Abd=   2205200.    
 Catch=   393.132683329194     
 Abd=   1417.000    
 Catch=   27426.9101884481     
 Abd=   397512.6    
 Catch=   115501.193818778     
 Abd=   66828.80    
 Catch=                     NaN
 Abd=            NaN
 Catch=   99170.2036362413     
 Abd=   561145.9    
 Catch=   40723.2320203442     
 Abd=   638783.6    
 Catch=   9767.06712545277     
 Abd=   14305.86    
 Catch=   21819.5493857206     
 Abd=   363382.2    
 Catch=   42778.7803242842     
 Abd=   221939.5    
 Catch=   3861.52113888346     
 Abd=   13242.47    
 Catch=   906.338676108725     
 Abd=   8603.017    
 Catch=   446890.398422761     
 Abd=   7447056.    
 Catch=   219145.408437239     
 Abd=   768641.2    
 Catch=   23461.4968137442     
 Abd=   390548.2    
 Catch=   427182.099619677     
 Abd=   615320.8    
 Catch=   40172.3219533619     
 Abd=   84823.70    
 Catch=                     NaN
 Abd=            NaN
 Catch=   153084.460116761     
 Abd=   89398.78    
 Catch=   5938.69537651617     
 Abd=   24909.84    
 Catch=   34551.8430251655     
 Abd=   343234.8    
 Catch=   469528.382682565     
 Abd=   6923003.    
 Catch=   500516.851425611     
 Abd=   1348678.    
 Catch=   47475.2481624335     
 Abd=   80461.63    
 Catch=   5432689.81404856     
 Abd=  5.6679112E+07
 Time step =         1822
 Catch=   47068.8145862336     
 Abd=   299603.1    
 Catch=   44354.9149715649     
 Abd=   284436.2    
 Catch=   79661.0236605526     
 Abd=   86501.25    
 Catch=   7024.64541888605     
 Abd=   117005.9    
 Catch=   22113.6081000384     
 Abd=   74327.56    
 Catch=   18.1765226594330     
 Abd=   71.44386    
 Catch=   113886.154823821     
 Abd=   240446.4    
 Catch=                     NaN
 Abd=            NaN
 Catch=   55837.0169633759     
 Abd=   930787.9    
 Catch=   54221.9267017388     
 Abd=   12319.86    
 Catch=   464682.221106026     
 Abd=   2637875.    
 Catch=   131984.283237694     
 Abd=   2201642.    
 Catch=   393.132683329194     
 Abd=   1417.000    
 Catch=   27321.3045160824     
 Abd=   396008.7    
 Catch=   115501.203006097     
 Abd=   66828.80    
 Catch=                     NaN
 Abd=            NaN
 Catch=   99168.2038500944     
 Abd=   561135.4    
 Catch=   40390.7354178169     
 Abd=   633639.8    
 Catch=   9767.06712545277     
 Abd=   14305.86    
 Catch=   21715.1662707826     
 Abd=   361674.2    
 Catch=   42776.5438763007     
 Abd=   221928.4    
 Catch=   3861.51856231893     
 Abd=   13242.47    
 Catch=   905.326721700054     
 Abd=   8593.689    
 Catch=   445284.745527522     
 Abd=   7420814.    
 Catch=   219142.561138413     
 Abd=   768631.7    
 Catch=   23324.6072795839     
 Abd=   388299.4    
 Catch=   427182.115412799     
 Abd=   615320.9    
 Catch=   40172.3300366083     
 Abd=   84823.66    
 Catch=                     NaN
 Abd=            NaN
 Catch=   153084.461807050     
 Abd=   89398.77    
 Catch=   5938.69537651617     
 Abd=   24909.84    
 Catch=   34452.4062678248     
 Abd=   342268.3    
 Catch=   467491.267937879     
 Abd=   6893448.    
 Catch=   500511.017560765     
 Abd=   1348663.    
 Catch=   47475.2586201575     
 Abd=   80461.67    
 Catch=   5420915.11127268     
 Abd=  5.6558848E+07
 Time step =         1823
 Catch=   47065.0316398063     
 Abd=   299580.1    
 Catch=   44342.4311912874     
 Abd=   284358.0    
 Catch=   79661.0449802115     
 Abd=   86501.23    
 Catch=   6992.58394327314     
 Abd=   116479.3    
 Catch=   22113.4891727398     
 Abd=   74327.11    
 Catch=   18.1723834563445     
 Abd=   71.42924    
 Catch=   113886.162692355     
 Abd=   240446.4    
 Catch=                     NaN
 Abd=            NaN
 Catch=   55673.5337380133     
 Abd=   928118.5    
 Catch=   54221.9267017388     
 Abd=   12319.86    
 Catch=   464533.007806374     
 Abd=   2637059.    
 Catch=   131777.226776654     
 Abd=   2198285.    
 Catch=   393.132683329194     
 Abd=   1417.000    
 Catch=   27219.6961620722     
 Abd=   394561.4    
 Catch=   115501.210653482     
 Abd=   66828.82    
 Catch=                     NaN
 Abd=            NaN
 Catch=   99166.5206333543     
 Abd=   561126.6    
 Catch=   40069.9214504363     
 Abd=   628676.1    
 Catch=   9767.06712545277     
 Abd=   14305.86    
 Catch=   21614.8470825507     
 Abd=   360032.1    
 Catch=   42774.5047029720     
 Abd=   221918.2    
 Catch=   3861.51603290778     
 Abd=   13242.46    
 Catch=   904.372669175771     
 Abd=   8584.883    
 Catch=   443745.539552406     
 Abd=   7395653.    
 Catch=   219139.874157239     
 Abd=   768622.4    
 Catch=   23192.1779194742     
 Abd=   386126.0    
 Catch=   427182.264626401     
 Abd=   615321.1    
 Catch=   40172.3132009450     
 Abd=   84823.63    
 Catch=                     NaN
 Abd=            NaN
 Catch=   153084.411607845     
 Abd=   89398.72    
 Catch=   5938.69537651617     
 Abd=   24909.84    
 Catch=   34357.4473590054     
 Abd=   341345.1    
 Catch=   465527.006269897     
 Abd=   6864940.    
 Catch=   500505.549102306     
 Abd=   1348649.    
 Catch=   47475.2606291383     
 Abd=   80461.66    
 Catch=   5409653.13197616     
 Abd=  5.6443848E+07
 Time step =         1824
 Catch=   47061.6049789307     
 Abd=   299559.4    
 Catch=   44330.5448068372     
 Abd=   284283.8    
 Catch=   79661.0534300747     
 Abd=   86501.26    
 Catch=   6961.54137676040     
 Abd=   115969.4    
 Catch=   22113.4104487765     
 Abd=   74326.95    
 Catch=   18.1690405439034     
 Abd=   71.41749    
 Catch=   113886.170644407     
 Abd=   240446.3    
 Catch=                     NaN
 Abd=            NaN
 Catch=   55517.1117122516     
 Abd=   925564.2    
 Catch=   54221.9267017388     
 Abd=   12319.86    
 Catch=   464394.685238292     
 Abd=   2636304.    
 Catch=   131581.994964892     
 Abd=   2195122.    
 Catch=   393.132683329194     
 Abd=   1417.000    
 Catch=   27121.9070843445     
 Abd=   393168.4    
 Catch=   115501.246710144     
 Abd=   66828.81    
 Catch=                     NaN
 Abd=            NaN
 Catch=   99165.0056907455     
 Abd=   561118.4    
 Catch=   39760.2768793807     
 Abd=   623884.1    
 Catch=   9767.06712545277     
 Abd=   14305.86    
 Catch=   21518.3807651293     
 Abd=   358452.8    
 Catch=   42772.6138234471     
 Abd=   221908.7    
 Catch=   3861.51456330042     
 Abd=   13242.46    
 Catch=   903.471374214110     
 Abd=   8576.510    
 Catch=   442269.404218104     
 Abd=   7371518.    
 Catch=   219137.353042106     
 Abd=   768613.5    
 Catch=   23064.1100664519     
 Abd=   384022.9    
 Catch=   427182.228657321     
 Abd=   615320.9    
 Catch=   40172.2951785491     
 Abd=   84823.59    
 Catch=                     NaN
 Abd=            NaN
 Catch=   153084.440677854     
 Abd=   89398.77    
 Catch=   5938.69537651617     
 Abd=   24909.84    
 Catch=   34266.7247241508     
 Abd=   340462.8    
 Catch=   463631.817904411     
 Abd=   6837429.    
 Catch=   500500.820868209     
 Abd=   1348637.    
 Catch=   47475.2621988170     
 Abd=   80461.66    
 Catch=   5398880.03480188     
 Abd=  5.6333760E+07
 Time step =         1825
 Catch=   47058.4904576394     
 Abd=   299540.5    
 Catch=   44319.2904599457     
 Abd=   284213.5    
 Catch=   79661.0711085932     
 Abd=   86501.25    
 Catch=   6931.47701999771     
 Abd=   115475.4    
 Catch=   22113.2901508207     
 Abd=   74326.38    
 Catch=   18.1663398889030     
 Abd=   71.40792    
 Catch=   113886.090121805     
 Abd=   240446.2    
 Catch=                     NaN
 Abd=            NaN
 Catch=   55367.3534025484     
 Abd=   923117.6    
 Catch=   54221.9267017388     
 Abd=   12319.86    
 Catch=   464266.685994939     
 Abd=   2635605.    
 Catch=   131397.870905442     
 Abd=   2192135.    
 Catch=   393.132683329194     
 Abd=   1417.000    
 Catch=   27027.7334873087     
 Abd=   391826.1    
 Catch=   115501.231859522     
 Abd=   66828.81    
 Catch=                     NaN
 Abd=            NaN
 Catch=   99163.6784585859     
 Abd=   561111.2    
 Catch=   39461.3247139748     
 Abd=   619257.1    
 Catch=   9767.06712545277     
 Abd=   14305.86    
 Catch=   21425.5796493033     
 Abd=   356933.0    
 Catch=   42770.8595990720     
 Abd=   221900.1    
 Catch=   3861.51470040322     
 Abd=   13242.46    
 Catch=   902.578111068268     
 Abd=   8567.862    
 Catch=   440853.317130430     
 Abd=   7348363.    
 Catch=   219134.795844144     
 Abd=   768604.6    
 Catch=   22940.1820111105     
 Abd=   381985.6    
 Catch=   427181.999073806     
 Abd=   615320.8    
 Catch=   40172.2832003112     
 Abd=   84823.60    
 Catch=                     NaN
 Abd=            NaN
 Catch=   153084.438815854     
 Abd=   89398.75    
 Catch=   5938.69537651617     
 Abd=   24909.84    
 Catch=   34180.0200472439     
 Abd=   339619.7    
 Catch=   461802.007019181     
 Abd=   6810855.    
 Catch=   500496.347768165     
 Abd=   1348624.    
 Catch=   47475.2559048170     
 Abd=   80461.65    
 Catch=   5388564.85428780     
 Abd=  5.6228352E+07
 Time step =         1826
 Catch=   47055.6768026327     
 Abd=   299523.4    
 Catch=   44308.5971695972     
 Abd=   284146.5    
 Catch=   79661.0419455527     
 Abd=   86501.23    
 Catch=   6902.34372832226     
 Abd=   114996.5    
 Catch=   22113.1038397216     
 Abd=   74325.67    
 Catch=   18.1641452789272     
 Abd=   71.40017    
 Catch=   113886.078799275     
 Abd=   240446.3    
 Catch=                     NaN
 Abd=            NaN
 Catch=   55223.9555597389     
 Abd=   920775.4    
 Catch=   54221.9267017388     
 Abd=   12319.86    
 Catch=   464148.089164548     
 Abd=   2634956.    
 Catch=   131224.131597466     
 Abd=   2189319.    
 Catch=   393.132683329194     
 Abd=   1417.000    
 Catch=   26937.0056414016     
 Abd=   390532.8    
 Catch=   115501.203812784     
 Abd=   66828.80    
 Catch=                     NaN
 Abd=            NaN
 Catch=   99162.4473923535     
 Abd=   561104.8    
 Catch=   39172.6033747107     
 Abd=   614787.6    
 Catch=   9767.06712545277     
 Abd=   14305.86    
 Catch=   21336.2572231378     
 Abd=   355470.1    
 Catch=   42769.2531759248     
 Abd=   221892.1    
 Catch=   3861.51393599992     
 Abd=   13242.45    
 Catch=   901.672860100571     
 Abd=   8559.380    
 Catch=   439494.478186967     
 Abd=   7326140.    
 Catch=   219132.284598262     
 Abd=   768596.0    
 Catch=   22820.1161920874     
 Abd=   380011.7    
 Catch=   427181.954964847     
 Abd=   615320.7    
 Catch=   40172.2882509123     
 Abd=   84823.62    
 Catch=                     NaN
 Abd=            NaN
 Catch=   153084.409903273     
 Abd=   89398.73    
 Catch=   5938.69537651617     
 Abd=   24909.84    
 Catch=   34097.1686908207     
 Abd=   338814.0    
 Catch=   460034.668380309     
 Abd=   6785188.    
 Catch=   500491.950042271     
 Abd=   1348613.    
 Catch=   47475.2561139116     
 Abd=   80461.67    
 Catch=   5378680.44409675     
 Abd=  5.6127268E+07
 Time step =         1827
 Catch=   47053.1367446030     
 Abd=   299508.2    
 Catch=   44298.3877386557     
 Abd=   284082.5    
 Catch=   79661.0569471553     
 Abd=   86501.25    
 Catch=   6874.09897965286     
 Abd=   114531.2    
 Catch=   22112.9171105642     
 Abd=   74325.17    
 Catch=   18.1623512608841     
 Abd=   71.39381    
 Catch=   113886.094928578     
 Abd=   240446.2    
 Catch=                     NaN
 Abd=            NaN
 Catch=   55086.6205440666     
 Abd=   918531.1    
 Catch=   54221.9267017388     
 Abd=   12319.86    
 Catch=   464037.869244112     
 Abd=   2634354.    
 Catch=   131060.208086585     
 Abd=   2186660.    
 Catch=   393.132683329194     
 Abd=   1417.000    
 Catch=   26849.5532565839     
 Abd=   389286.2    
 Catch=   115501.197606304     
 Abd=   66828.80    
 Catch=                     NaN
 Abd=            NaN
 Catch=   99161.4241652943     
 Abd=   561099.5    
 Catch=   38893.6788246070     
 Abd=   610469.2    
 Catch=   9767.06712545277     
 Abd=   14305.86    
 Catch=   21250.2589845263     
 Abd=   354060.1    
 Catch=   42767.7836125660     
 Abd=   221884.7    
 Catch=   3861.51253897354     
 Abd=   13242.45    
 Catch=   900.795502252811     
 Abd=   8551.230    
 Catch=   438189.535753794     
 Abd=   7304784.    
 Catch=   219129.944511989     
 Abd=   768588.2    
 Catch=   22703.7377730612     
 Abd=   378098.6    
 Catch=   427181.997170338     
 Abd=   615320.6    
 Catch=   40172.2841790930     
 Abd=   84823.59    
 Catch=                     NaN
 Abd=            NaN
 Catch=   153084.425482531     
 Abd=   89398.75    
 Catch=   5938.69537651617     
 Abd=   24909.84    
 Catch=   34017.9757897120     
 Abd=   338043.8    
 Catch=   458326.803720230     
 Abd=   6760376.    
 Catch=   500488.096765151     
 Abd=   1348603.    
 Catch=   47475.2515491634     
 Abd=   80461.64    
 Catch=   5369212.26413106     
 Abd=  5.6030488E+07
 Time step =         1828
 Catch=   47050.8502594754     
 Abd=   299494.1    
 Catch=   44288.6296548965     
 Abd=   284021.4    
 Catch=   79661.0457609747     
 Abd=   86501.25    
 Catch=   6846.65383434698     
 Abd=   114080.0    
 Catch=   22112.8245818391     
 Abd=   74324.91    
 Catch=   18.1608984469480     
 Abd=   71.38867    
 Catch=   113886.084015662     
 Abd=   240446.2    
 Catch=                     NaN
 Abd=            NaN
 Catch=   54954.9916882350     
 Abd=   916379.6    
 Catch=   54221.9267017388     
 Abd=   12319.86    
 Catch=   463935.705840032     
 Abd=   2633796.    
 Catch=   130905.381381193     
 Abd=   2184149.    
 Catch=   393.132683329194     
 Abd=   1417.000    
 Catch=   26765.2073372856     
 Abd=   388083.0    
 Catch=   115501.207852645     
 Abd=   66828.78    
 Catch=                     NaN
 Abd=            NaN
 Catch=   99160.5291739211     
 Abd=   561094.6    
 Catch=   38624.1366562250     
 Abd=   606295.8    
 Catch=   9767.06712545277     
 Abd=   14305.86    
 Catch=   21167.3516080739     
 Abd=   352701.6    
 Catch=   42766.3707738633     
 Abd=   221877.5    
 Catch=   3861.51240892201     
 Abd=   13242.46    
 Catch=   899.960862636922     
 Abd=   8543.525    
 Catch=   436935.795763261     
 Abd=   7284274.    
 Catch=   219127.762869219     
 Abd=   768580.8    
 Catch=   22590.9633925306     
 Abd=   376244.4    
 Catch=   427181.983564343     
 Abd=   615320.8    
 Catch=   40172.2844026806     
 Abd=   84823.59    
 Catch=                     NaN
 Abd=            NaN
 Catch=   153084.452110416     
 Abd=   89398.77    
 Catch=   5938.69537651617     
 Abd=   24909.84    
 Catch=   33942.2548842129     
 Abd=   337307.0    
 Catch=   456675.687044251     
 Abd=   6736384.    
 Catch=   500484.336196377     
 Abd=   1348594.    
 Catch=   47475.2469310583     
 Abd=   80461.64    
 Catch=   5360139.25370753     
 Abd=  5.5937720E+07
 Time step =         1829
 Catch=   47048.7222872787     
 Abd=   299481.3    
 Catch=   44279.3278218020     
 Abd=   283963.1    
 Catch=   79661.0788176882     
 Abd=   86501.26    
 Catch=   6820.03596383208     
 Abd=   113642.4    
 Catch=   22112.7211030639     
 Abd=   74324.42    
 Catch=   18.1597125714430     
 Abd=   71.38443    
 Catch=   113886.079315402     
 Abd=   240446.2    
 Catch=                     NaN
 Abd=            NaN
 Catch=   54828.7968492020     
 Abd=   914317.2    
 Catch=   54221.9267017388     
 Abd=   12319.86    
 Catch=   463840.970517661     
 Abd=   2633277.    
 Catch=   130759.264102240     
 Abd=   2181779.    
 Catch=   393.132683329194     
 Abd=   1417.000    
 Catch=   26683.8293715983     
 Abd=   386921.4    
 Catch=   115501.211651264     
 Abd=   66828.81    
 Catch=                     NaN
 Abd=            NaN
 Catch=   99159.7246003140     
 Abd=   561090.4    
 Catch=   38363.6126688894     
 Abd=   602261.4    
 Catch=   9767.06712545277     
 Abd=   14305.86    
 Catch=   21087.4595567786     
 Abd=   351392.1    
 Catch=   42765.0702024738     
 Abd=   221871.0    
 Catch=   3861.51471774899     
 Abd=   13242.46    
 Catch=   899.171359082693     
 Abd=   8536.227    
 Catch=   435731.216653306     
 Abd=   7264558.    
 Catch=   219125.602106710     
 Abd=   768573.2    
 Catch=   22481.5964606301     
 Abd=   374445.7    
 Catch=   427181.974910467     
 Abd=   615320.6    
 Catch=   40172.2813544026     
 Abd=   84823.59    
 Catch=                     NaN
 Abd=            NaN
 Catch=   153084.417034910     
 Abd=   89398.73    
 Catch=   5938.69537651617     
 Abd=   24909.84    
 Catch=   33869.8176153421     
 Abd=   336602.3    
 Catch=   455078.676065332     
 Abd=   6713172.    
 Catch=   500480.959388731     
 Abd=   1348584.    
 Catch=   47475.2432392308     
 Abd=   80461.63    
 Catch=   5351437.82891653     
 Abd=  5.5848708E+07
 Time step =         1830
 Catch=   47046.8115764204     
 Abd=   299469.6    
 Catch=   44270.4558401176     
 Abd=   283907.5    
 Catch=   79661.0853643386     
 Abd=   86501.25    
 Catch=   6794.20884152054     
 Abd=   113217.6    
 Catch=   22112.5151151357     
 Abd=   74323.70    
 Catch=   18.1587337472901     
 Abd=   71.38096    
 Catch=   113886.102367247     
 Abd=   240446.3    
 Catch=                     NaN
 Abd=            NaN
 Catch=   54707.8274587117     
 Abd=   912339.5    
 Catch=   54221.9267017388     
 Abd=   12319.86    
 Catch=   463753.163043392     
 Abd=   2632798.    
 Catch=   130621.237075475     
 Abd=   2179539.    
 Catch=   393.132683329194     
 Abd=   1417.000    
 Catch=   26605.2311519651     
 Abd=   385799.9    
 Catch=   115501.220175109     
 Abd=   66828.80    
 Catch=                     NaN
 Abd=            NaN
 Catch=   99159.0059895732     
 Abd=   561086.6    
 Catch=   38111.7481912462     
 Abd=   598360.8    
 Catch=   9767.06712545277     
 Abd=   14305.86    
 Catch=   21010.4381025578     
 Abd=   350129.6    
 Catch=   42763.8399367879     
 Abd=   221864.8    
 Catch=   3861.51465405834     
 Abd=   13242.45    
 Catch=   898.423257549140     
 Abd=   8529.316    
 Catch=   434573.060067974     
 Abd=   7245600.    
 Catch=   219123.563951454     
 Abd=   768566.1    
 Catch=   22375.5077389992     
 Abd=   372701.9    
 Catch=   427181.960684390     
 Abd=   615320.8    
 Catch=   40172.2910044173     
 Abd=   84823.62    
 Catch=                     NaN
 Abd=            NaN
 Catch=   153084.450006206     
 Abd=   89398.77    
 Catch=   5938.69537651617     
 Abd=   24909.84    
 Catch=   33800.5363973275     
 Abd=   335928.3    
 Catch=   453533.408802027     
 Abd=   6690710.    
 Catch=   500477.508884671     
 Abd=   1348575.    
 Catch=   47475.2484086586     
 Abd=   80461.63    
 Catch=   5343087.15877499     
 Abd=  5.5763272E+07
 Time step =         1831
 Catch=   47045.0583532490     
 Abd=   299458.9    
 Catch=   44261.9627397832     
 Abd=   283854.2    
 Catch=   79661.0614715200     
 Abd=   86501.24    
 Catch=   6769.13842444058     
 Abd=   112805.2    
 Catch=   22112.3314101023     
 Abd=   74323.11    
 Catch=   18.1579287996112     
 Abd=   71.37811    
 Catch=   113886.124901683     
 Abd=   240446.3    
 Catch=                     NaN
 Abd=            NaN
 Catch=   54591.8014310705     
 Abd=   910442.1    
 Catch=   54221.9267017388     
 Abd=   12319.86    
 Catch=   463671.571980868     
 Abd=   2632351.    
 Catch=   130490.857897925     
 Abd=   2177424.    
 Catch=   393.132683329194     
 Abd=   1417.000    
 Catch=   26529.3114270517     
 Abd=   384716.6    
 Catch=   115501.195421801     
 Abd=   66828.80    
 Catch=                     NaN
 Abd=            NaN
 Catch=   99158.3849577295     
 Abd=   561083.3    
 Catch=   37868.2132364799     
 Abd=   594588.4    
 Catch=   9767.06712545277     
 Abd=   14305.86    
 Catch=   20936.1507981753     
 Abd=   348911.5    
 Catch=   42762.6655571240     
 Abd=   221858.9    
 Catch=   3861.51342152972     
 Abd=   13242.45    
 Catch=   897.714489656959     
 Abd=   8522.715    
 Catch=   433459.110695448     
 Abd=   7227359.    
 Catch=   219121.649513756     
 Abd=   768559.7    
 Catch=   22272.6302304349     
 Abd=   371009.2    
 Catch=   427182.065977128     
 Abd=   615320.8    
 Catch=   40172.2968911693     
 Abd=   84823.63    
 Catch=                     NaN
 Abd=            NaN
 Catch=   153084.434700334     
 Abd=   89398.77    
 Catch=   5938.69537651617     
 Abd=   24909.84    
 Catch=   33734.2491474852     
 Abd=   335283.2    
 Catch=   452037.605390189     
 Abd=   6668958.    
 Catch=   500474.250460476     
 Abd=   1348567.    
 Catch=   47475.2432713113     
 Abd=   80461.59    
 Catch=   5335075.47610096     
 Abd=  5.5681280E+07
 Time step =         1832
 Catch=   47043.4352610898     
 Abd=   299449.1    
 Catch=   44253.8650080442     
 Abd=   283803.6    
 Catch=   79661.0618416634     
 Abd=   86501.23    
 Catch=   6744.79333974689     
 Abd=   112404.7    
 Catch=   22112.1584432015     
 Abd=   74322.53    
 Catch=   18.1572715759315     
 Abd=   71.37576    
 Catch=   113886.128466204     
 Abd=   240446.3    
 Catch=                     NaN
 Abd=            NaN
 Catch=   54480.4496145867     
 Abd=   908621.0    
 Catch=   54221.9267017388     
 Abd=   12319.86    
 Catch=   463595.638939168     
 Abd=   2631935.    
 Catch=   130367.660266685     
 Abd=   2175425.    
 Catch=   393.132683329194     
 Abd=   1417.000    
 Catch=   26455.9816730555     
 Abd=   383670.0    
 Catch=   115501.215419754     
 Abd=   66828.81    
 Catch=                     NaN
 Abd=            NaN
 Catch=   99157.8601899694     
 Abd=   561080.5    
 Catch=   37632.6642502534     
 Abd=   590939.6    
 Catch=   9767.06712545277     
 Abd=   14305.86    
 Catch=   20864.4745438593     
 Abd=   347736.1    
 Catch=   42761.5735176717     
 Abd=   221853.5    
 Catch=   3861.51338978882     
 Abd=   13242.45    
 Catch=   897.025492650570     
 Abd=   8516.172    
 Catch=   432387.539298723     
 Abd=   7209817.    
 Catch=   219119.780220763     
 Abd=   768553.4    
 Catch=   22172.8632904953     
 Abd=   369374.9    
 Catch=   427181.995260483     
 Abd=   615320.8    
 Catch=   40172.3055647646     
 Abd=   84823.64    
 Catch=                     NaN
 Abd=            NaN
 Catch=   153084.427918379     
 Abd=   89398.75    
 Catch=   5938.69537651617     
 Abd=   24909.84    
 Catch=   33670.8307623664     
 Abd=   334666.2    
 Catch=   450588.991189913     
 Abd=   6647890.    
 Catch=   500471.327103691     
 Abd=   1348559.    
 Catch=   47475.2301189375     
 Abd=   80461.58    
 Catch=   5327381.47988429     
 Abd=  5.5602536E+07
 Time step =         1833
 Catch=   47041.9651311061     
 Abd=   299440.1    
 Catch=   44246.1311183174     
 Abd=   283755.1    
 Catch=   79661.0548242420     
 Abd=   86501.24    
 Catch=   6721.14928062522     
 Abd=   112015.6    
 Catch=   22112.0145968032     
 Abd=   74322.20    
 Catch=   18.1567523505268     
 Abd=   71.37396    
 Catch=   113886.085860414     
 Abd=   240446.2    
 Catch=                     NaN
 Abd=            NaN
 Catch=   54373.6180327751     
 Abd=   906873.6    
 Catch=   54221.9267017388     
 Abd=   12319.86    
 Catch=   463525.106591496     
 Abd=   2631550.    
 Catch=   130251.227691278     
 Abd=   2173536.    
 Catch=   393.132683329194     
 Abd=   1417.000    
 Catch=   26385.1394104458     
 Abd=   382655.6    
 Catch=   115501.240629216     
 Abd=   66828.82    
 Catch=                     NaN
 Abd=            NaN
 Catch=   99157.3691625575     
 Abd=   561077.9    
 Catch=   37404.7817379082     
 Abd=   587409.0    
 Catch=   9767.06712545277     
 Abd=   14305.86    
 Catch=   20795.2985812219     
 Abd=   346601.6    
 Catch=   42760.5917332790     
 Abd=   221848.6    
 Catch=   3861.51409567493     
 Abd=   13242.46    
 Catch=   896.317121349856     
 Abd=   8509.314    
 Catch=   431356.518758528     
 Abd=   7192928.    
 Catch=   219118.006637590     
 Abd=   768547.1    
 Catch=   22077.0262535780     
 Abd=   367802.5    
 Catch=   427182.022365767     
 Abd=   615320.8    
 Catch=   40172.3067645579     
 Abd=   84823.62    
 Catch=                     NaN
 Abd=            NaN
 Catch=   153084.436297677     
 Abd=   89398.75    
 Catch=   5938.69537651617     
 Abd=   24909.84    
 Catch=   33610.1364606980     
 Abd=   334075.4    
 Catch=   449185.309394875     
 Abd=   6627470.    
 Catch=   500468.564041209     
 Abd=   1348552.    
 Catch=   47475.2109578088     
 Abd=   80461.56    
 Catch=   5319988.34630103     
 Abd=  5.5526832E+07
 Time step =         1834
 Catch=   47040.6395022614     
 Abd=   299432.1    
 Catch=   44238.7235332472     
 Abd=   283708.4    
 Catch=   79661.0516855043     
 Abd=   86501.23    
 Catch=   6698.17449565094     
 Abd=   111637.6    
 Catch=   22111.9597765248     
 Abd=   74322.09    
 Catch=   18.1563189180938     
 Abd=   71.37240    
 Catch=   113886.082298385     
 Abd=   240446.2    
 Catch=                     NaN
 Abd=            NaN
 Catch=   54271.0037145629     
 Abd=   905195.2    
 Catch=   54221.9267017388     
 Abd=   12319.86    
 Catch=   463459.884722564     
 Abd=   2631194.    
 Catch=   130141.169790610     
 Abd=   2171750.    
 Catch=   393.132683329194     
 Abd=   1417.000    
 Catch=   26316.4472159526     
 Abd=   381674.9    
 Catch=   115501.222924779     
 Abd=   66828.81    
 Catch=                     NaN
 Abd=            NaN
 Catch=   99156.9461648410     
 Abd=   561075.6    
 Catch=   37184.3003736985     
 Abd=   583993.1    
 Catch=   9767.06712545277     
 Abd=   14305.86    
 Catch=   20728.5144949575     
 Abd=   345505.8    
 Catch=   42759.6772832232     
 Abd=   221844.1    
 Catch=   3861.51481073454     
 Abd=   13242.46    
 Catch=   895.608723835756     
 Abd=   8502.773    
 Catch=   430363.889711063     
 Abd=   7176666.    
 Catch=   219116.285464687     
 Abd=   768541.7    
 Catch=   21984.1639916479     
 Abd=   366273.1    
 Catch=   427182.115204659     
 Abd=   615320.9    
 Catch=   40172.2878234992     
 Abd=   84823.58    
 Catch=                     NaN
 Abd=            NaN
 Catch=   153084.433304578     
 Abd=   89398.74    
 Catch=   5938.69537651617     
 Abd=   24909.84    
 Catch=   33552.0470512027     
 Abd=   333510.1    
 Catch=   447824.972122911     
 Abd=   6607680.    
 Catch=   500465.734741988     
 Abd=   1348544.    
 Catch=   47475.2190855158     
 Abd=   80461.60    
 Catch=   5312887.72275444     
 Abd=  5.5454160E+07
 Time step =         1835
 Catch=   47039.4333416928     
 Abd=   299425.1    
 Catch=   44231.6033296594     
 Abd=   283663.8    
 Catch=   79661.0483007668     
 Abd=   86501.23    
 Catch=   6675.84715574094     
 Abd=   111270.1    
 Catch=   22111.9230091579     
 Abd=   74322.02    
 Catch=   18.1559523827096     
 Abd=   71.37105    
 Catch=   113886.113979540     
 Abd=   240446.3    
 Catch=                     NaN
 Abd=            NaN
 Catch=   54172.4784962491     
 Abd=   903583.7    
 Catch=   54221.9267017388     
 Abd=   12319.86    
 Catch=   463399.292671780     
 Abd=   2630862.    
 Catch=   130037.156819313     
 Abd=   2170062.    
 Catch=   393.132683329194     
 Abd=   1417.000    
 Catch=   26250.0197103798     
 Abd=   380726.4    
 Catch=   115501.211241028     
 Abd=   66828.81    
 Catch=                     NaN
 Abd=            NaN
 Catch=   99156.5620808387     
 Abd=   561073.4    
 Catch=   36970.9304616726     
 Abd=   580687.0    
 Catch=   9767.06712545277     
 Abd=   14305.86    
 Catch=   20664.0017287337     
 Abd=   344447.3    
 Catch=   42758.8239340295     
 Abd=   221839.8    
 Catch=   3861.51528071386     
 Abd=   13242.46    
 Catch=   894.941889028950     
 Abd=   8496.646    
 Catch=   429407.641859467     
 Abd=   7161000.    
 Catch=   219114.838692201     
 Abd=   768536.5    
 Catch=   21893.8448409825     
 Abd=   364785.6    
 Catch=   427182.214520270     
 Abd=   615320.8    
 Catch=   40172.2849708398     
 Abd=   84823.59    
 Catch=                     NaN
 Abd=            NaN
 Catch=   153084.429724721     
 Abd=   89398.75    
 Catch=   5938.69537651617     
 Abd=   24909.84    
 Catch=   33496.4590995285     
 Abd=   332969.2    
 Catch=   446506.085554672     
 Abd=   6588488.    
 Catch=   500463.162734187     
 Abd=   1348538.    
 Catch=   47475.2211242898     
 Abd=   80461.59    
 Catch=   5306062.55036286     
 Abd=  5.5384264E+07
 Time step =         1836
 Catch=   47038.4019786707     
 Abd=   299418.9    
 Catch=   44224.7582192172     
 Abd=   283620.8    
 Catch=   79661.0475333837     
 Abd=   86501.21    
 Catch=   6654.13895263643     
 Abd=   110912.8    
 Catch=   22111.9245823037     
 Abd=   74322.05    
 Catch=   18.1556393946783     
 Abd=   71.36994    
 Catch=   113886.102985065     
 Abd=   240446.2    
 Catch=                     NaN
 Abd=            NaN
 Catch=   54077.8885718698     
 Abd=   902036.0    
 Catch=   54221.9267017388     
 Abd=   12319.86    
 Catch=   463342.791748730     
 Abd=   2630552.    
 Catch=   129938.805007864     
 Abd=   2168464.    
 Catch=   393.132683329194     
 Abd=   1417.000    
 Catch=   26185.7816512845     
 Abd=   379809.1    
 Catch=   115501.228450995     
 Abd=   66828.80    
 Catch=                     NaN
 Abd=            NaN
 Catch=   99156.1661171895     
 Abd=   561071.4    
 Catch=   36764.4233736913     
 Abd=   577487.0    
 Catch=   9767.06712545277     
 Abd=   14305.86    
 Catch=   20601.6730872490     
 Abd=   343424.5    
 Catch=   42758.0572053292     
 Abd=   221836.0    
 Catch=   3861.51426062615     
 Abd=   13242.46    
 Catch=   894.316999261447     
 Abd=   8490.898    
 Catch=   428486.614309977     
 Abd=   7145910.    
 Catch=   219113.267244124     
 Abd=   768530.9    
 Catch=   21805.9980558154     
 Abd=   363339.8    
 Catch=   427182.006369065     
 Abd=   615320.6    
 Catch=   40172.2820510523     
 Abd=   84823.60    
 Catch=                     NaN
 Abd=            NaN
 Catch=   153084.426460271     
 Abd=   89398.75    
 Catch=   5938.69537651617     
 Abd=   24909.84    
 Catch=   33443.2383033952     
 Abd=   332451.0    
 Catch=   445226.750059167     
 Abd=   6569868.    
 Catch=   500460.593113175     
 Abd=   1348531.    
 Catch=   47475.2355614270     
 Abd=   80461.62    
 Catch=   5299501.78591926     
 Abd=  5.5317092E+07
 Time step =         1837
 Catch=   47037.4492888910     
 Abd=   299412.9    
 Catch=   44218.2089977072     
 Abd=   283579.7    
 Catch=   79661.0174888850     
 Abd=   86501.20    
 Catch=   6633.03023117280     
 Abd=   110565.2    
 Catch=   22111.9272906449     
 Abd=   74322.05    
 Catch=   18.1553817067727     
 Abd=   71.36900    
 Catch=   113886.100930086     
 Abd=   240446.2    
 Catch=                     NaN
 Abd=            NaN
 Catch=   53987.0020764253     
 Abd=   900548.3    
 Catch=   54221.9267017388     
 Abd=   12319.86    
 Catch=   463290.310456879     
 Abd=   2630265.    
 Catch=   129845.773452928     
 Abd=   2166955.    
 Catch=   393.132683329194     
 Abd=   1417.000    
 Catch=   26123.5994815137     
 Abd=   378920.5    
 Catch=   115501.227777146     
 Abd=   66828.81    
 Catch=                     NaN
 Abd=            NaN
 Catch=   99155.8619274873     
 Abd=   561070.1    
 Catch=   36564.5247918008     
 Abd=   574389.1    
 Catch=   9767.06712545277     
 Abd=   14305.86    
 Catch=   20541.4386223319     
 Abd=   342435.9    
 Catch=   42757.3522561046     
 Abd=   221832.5    
 Catch=   3861.51399778892     
 Abd=   13242.45    
 Catch=   893.730241001915     
 Abd=   8485.498    
 Catch=   427599.245188250     
 Abd=   7131366.    
 Catch=   219111.803666612     
 Abd=   768525.9    
 Catch=   21720.6017326699     
 Abd=   361933.9    
 Catch=   427181.923629287     
 Abd=   615320.8    
 Catch=   40172.2964839515     
 Abd=   84823.62    
 Catch=                     NaN
 Abd=            NaN
 Catch=   153084.423621201     
 Abd=   89398.73    
 Catch=   5938.69537651617     
 Abd=   24909.84    
 Catch=   33392.2674736297     
 Abd=   331954.9    
 Catch=   443985.360710450     
 Abd=   6551795.    
 Catch=   500458.306522746     
 Abd=   1348525.    
 Catch=   47475.2206858164     
 Abd=   80461.58    
 Catch=   5293193.94172029     
 Abd=  5.5252464E+07
 Time step =         1838
 Catch=   47036.5718435129     
 Abd=   299407.6    
 Catch=   44211.9323553028     
 Abd=   283540.3    
 Catch=   79661.0151022115     
 Abd=   86501.22    
 Catch=   6612.49852184751     
 Abd=   110227.2    
 Catch=   22111.9266968376     
 Abd=   74322.05    
 Catch=   18.1551746718399     
 Abd=   71.36830    
 Catch=   113886.074612319     
 Abd=   240446.2    
 Catch=                     NaN
 Abd=            NaN
 Catch=   53899.5900173461     
 Abd=   899117.6    
 Catch=   54221.9267017388     
 Abd=   12319.86    
 Catch=   463241.276493836     
 Abd=   2629994.    
 Catch=   129757.828914089     
 Abd=   2165526.    
 Catch=   393.132683329194     
 Abd=   1417.000    
 Catch=   26063.4113444177     
 Abd=   378061.1    
 Catch=   115501.205567793     
 Abd=   66828.78    
 Catch=                     NaN
 Abd=            NaN
 Catch=   99155.6183182877     
 Abd=   561068.5    
 Catch=   36370.9925121967     
 Abd=   571389.6    
 Catch=   9767.06712545277     
 Abd=   14305.86    
 Catch=   20483.2085599011     
 Abd=   341480.1    
 Catch=   42756.7220486834     
 Abd=   221829.4    
 Catch=   3861.51195653609     
 Abd=   13242.45    
 Catch=   893.178537376638     
 Abd=   8480.412    
 Catch=   426743.897767675     
 Abd=   7117344.    
 Catch=   219110.440044779     
 Abd=   768521.6    
 Catch=   21637.5505807381     
 Abd=   360566.4    
 Catch=   427182.120368162     
 Abd=   615321.0    
 Catch=   40172.2955332838     
 Abd=   84823.60    
 Catch=                     NaN
 Abd=            NaN
 Catch=   153084.424450885     
 Abd=   89398.74    
 Catch=   5938.69537651617     
 Abd=   24909.84    
 Catch=   33343.4577119725     
 Abd=   331479.6    
 Catch=   442780.013201095     
 Abd=   6534244.    
 Catch=   500456.078965707     
 Abd=   1348519.    
 Catch=   47475.2148680386     
 Abd=   80461.61    
 Catch=   5287124.45718838     
 Abd=  5.5190288E+07
 Time step =         1839
 Catch=   47035.7942199374     
 Abd=   299402.9    
 Catch=   44205.9018320899     
 Abd=   283502.2    
 Catch=   79661.0339142465     
 Abd=   86501.23    
 Catch=   6592.52227535606     
 Abd=   109898.2    
 Catch=   22111.9259544402     
 Abd=   74322.05    
 Catch=   18.1550069728895     
 Abd=   71.36771    
 Catch=   113886.075908451     
 Abd=   240446.2    
 Catch=                     NaN
 Abd=            NaN
 Catch=   53815.5157256385     
 Abd=   897741.4    
 Catch=   54221.9267017388     
 Abd=   12319.86    
 Catch=   463195.494822670     
 Abd=   2629745.    
 Catch=   129674.605417086     
 Abd=   2164176.    
 Catch=   393.132683329194     
 Abd=   1417.000    
 Catch=   26005.1499761797     
 Abd=   377228.4    
 Catch=   115501.183753357     
 Abd=   66828.79    
 Catch=                     NaN
 Abd=            NaN
 Catch=   99155.3675942759     
 Abd=   561067.2    
 Catch=   36183.5955175508     
 Abd=   568485.2    
 Catch=   9767.06712545277     
 Abd=   14305.86    
 Catch=   20426.8891154525     
 Abd=   340555.2    
 Catch=   42756.1162858016     
 Abd=   221826.4    
 Catch=   3861.51181376984     
 Abd=   13242.44    
 Catch=   892.660040910313     
 Abd=   8475.644    
 Catch=   425919.338625221     
 Abd=   7103830.    
 Catch=   219109.099661831     
 Abd=   768516.8    
 Catch=   21556.7183722096     
 Abd=   359235.2    
 Catch=   427182.181081805     
 Abd=   615320.8    
 Catch=   40172.2983142288     
 Abd=   84823.62    
 Catch=                     NaN
 Abd=            NaN
 Catch=   153084.406672546     
 Abd=   89398.73    
 Catch=   5938.69537651617     
 Abd=   24909.84    
 Catch=   33296.6861555677     
 Abd=   331024.2    
 Catch=   441609.958611018     
 Abd=   6517212.    
 Catch=   500453.882479480     
 Abd=   1348513.    
 Catch=   47475.2402530294     
 Abd=   80461.65    
 Catch=   5281281.80735567     
 Abd=  5.5130432E+07
 Time step =         1840
 Catch=   47035.0679188307     
 Abd=   299398.5    
 Catch=   44200.0806596377     
 Abd=   283465.6    
 Catch=   79661.0508933548     
 Abd=   86501.23    
 Catch=   6573.08310731259     
 Abd=   109578.0    
 Catch=   22111.9218146962     
 Abd=   74322.02    
 Catch=   18.1548669623972     
 Abd=   71.36719    
 Catch=   113886.088700274     
 Abd=   240446.2    
 Catch=                     NaN
 Abd=            NaN
 Catch=   53734.7227142758     
 Abd=   896419.2    
 Catch=   54221.9267017388     
 Abd=   12319.86    
 Catch=   463153.334785898     
 Abd=   2629516.    
 Catch=   129595.894894806     
 Abd=   2162898.    
 Catch=   393.132683329194     
 Abd=   1417.000    
 Catch=   25948.7322341784     
 Abd=   376421.0    
 Catch=   115501.182277661     
 Abd=   66828.80    
 Catch=                     NaN
 Abd=            NaN
 Catch=   99155.1419692137     
 Abd=   561065.9    
 Catch=   36002.1158878124     
 Abd=   565672.5    
 Catch=   9767.06712545277     
 Abd=   14305.86    
 Catch=   20372.4002543776     
 Abd=   339660.6    
 Catch=   42755.5676422603     
 Abd=   221823.7    
 Catch=   3861.51210834265     
 Abd=   13242.45    
 Catch=   892.172339920804     
 Abd=   8471.146    
 Catch=   425124.314282732     
 Abd=   7090796.    
 Catch=   219107.808608455     
 Abd=   768512.4    
 Catch=   21478.0508019852     
 Abd=   357937.5    
 Catch=   427182.003547989     
 Abd=   615320.8    
 Catch=   40172.3066892820     
 Abd=   84823.62    
 Catch=                     NaN
 Abd=            NaN
 Catch=   153084.462926546     
 Abd=   89398.78    
 Catch=   5938.69537651617     
 Abd=   24909.84    
 Catch=   33251.9076452751     
 Abd=   330588.5    
 Catch=   440473.747717404     
 Abd=   6500660.    
 Catch=   500451.735716985     
 Abd=   1348508.    
 Catch=   47475.2414823284     
 Abd=   80461.59    
 Catch=   5275663.18296883     
 Abd=  5.5072864E+07
 Time step =         1841
 Catch=   47034.3828435188     
 Abd=   299394.2    
 Catch=   44194.4830868171     
 Abd=   283430.3    
 Catch=   79661.0679089221     
 Abd=   86501.25    
 Catch=   6554.15771475311     
 Abd=   109266.2    
 Catch=   22111.9036134434     
 Abd=   74321.95    
 Catch=   18.1547425542487     
 Abd=   71.36674    
 Catch=   113886.097643397     
 Abd=   240446.3    
 Catch=                     NaN
 Abd=            NaN
 Catch=   53657.0344603799     
 Abd=   895146.8    
 Catch=   54221.9267017388     
 Abd=   12319.86    
 Catch=   463114.217248488     
 Abd=   2629302.    
 Catch=   129521.459859009     
 Abd=   2161689.    
 Catch=   393.132683329194     
 Abd=   1417.000    
 Catch=   25893.9800903438     
 Abd=   375638.3    
 Catch=   115501.233599248     
 Abd=   66828.81    
 Catch=                     NaN
 Abd=            NaN
 Catch=   99154.9538310712     
 Abd=   561064.9    
 Catch=   35826.3705982700     
 Abd=   562947.9    
 Catch=   9767.06712545277     
 Abd=   14305.86    
 Catch=   20319.6811829428     
 Abd=   338794.8    
 Catch=   42755.0692705577     
 Abd=   221821.2    
 Catch=   3861.51283071578     
 Abd=   13242.45    
 Catch=   891.712312781111     
 Abd=   8466.898    
 Catch=   424357.124785465     
 Abd=   7078212.    
 Catch=   219106.633103455     
 Abd=   768508.0    
 Catch=   21401.3535966748     
 Abd=   356671.8    
 Catch=   427182.098405531     
 Abd=   615320.8    
 Catch=   40172.3134581131     
 Abd=   84823.66    
 Catch=                     NaN
 Abd=            NaN
 Catch=   153084.465515551     
 Abd=   89398.78    
 Catch=   5938.69537651617     
 Abd=   24909.84    
 Catch=   33209.0110180721     
 Abd=   330170.6    
 Catch=   439369.494570423     
 Abd=   6484574.    
 Catch=   500449.997058607     
 Abd=   1348504.    
 Catch=   47475.2140847727     
 Abd=   80461.58    
 Catch=   5270253.45742074     
 Abd=  5.5017408E+07
 Time step =         1842
 Catch=   47033.7292647056     
 Abd=   299390.2    
 Catch=   44189.0669804911     
 Abd=   283396.1    
 Catch=   79661.0494531939     
 Abd=   86501.24    
 Catch=   6535.72294854973     
 Abd=   108962.5    
 Catch=   22111.8980019356     
 Abd=   74321.95    
 Catch=   18.1546403167533     
 Abd=   71.36639    
 Catch=   113886.133743830     
 Abd=   240446.2    
 Catch=                     NaN
 Abd=            NaN
 Catch=   53582.2402110394     
 Abd=   893922.4    
 Catch=   54221.9267017388     
 Abd=   12319.86    
 Catch=   463077.894780055     
 Abd=   2629102.    
 Catch=   129451.009317749     
 Abd=   2160546.    
 Catch=   393.132683329194     
 Abd=   1417.000    
 Catch=   25840.9023459991     
 Abd=   374878.6    
 Catch=   115501.176190110     
 Abd=   66828.77    
 Catch=                     NaN
 Abd=            NaN
 Catch=   99154.7981234227     
 Abd=   561064.2    
 Catch=   35656.1134590670     
 Abd=   560308.7    
 Catch=   9767.06712545277     
 Abd=   14305.86    
 Catch=   20268.6500665078     
 Abd=   337956.5    
 Catch=   42754.5991090196     
 Abd=   221818.8    
 Catch=   3861.51273768295     
 Abd=   13242.45    
 Catch=   891.277718886749     
 Abd=   8462.891    
 Catch=   423616.597385482     
 Abd=   7066065.    
 Catch=   219105.358358268     
 Abd=   768503.8    
 Catch=   21326.5333394463     
 Abd=   355439.0    
 Catch=   427182.112198763     
 Abd=   615320.8    
 Catch=   40172.3144002651     
 Abd=   84823.66    
 Catch=                     NaN
 Abd=            NaN
 Catch=   153084.478628666     
 Abd=   89398.77    
 Catch=   5938.69537651617     
 Abd=   24909.84    
 Catch=   33167.9118536488     
 Abd=   329770.6    
 Catch=   438296.248015486     
 Abd=   6468938.    
 Catch=   500448.316311722     
 Abd=   1348499.    
 Catch=   47475.2064749053     
 Abd=   80461.56    
 Catch=   5265039.12737071     
 Abd=  5.4963948E+07
 Time step =         1843
 Catch=   47033.1458166664     
 Abd=   299386.8    
 Catch=   44183.8451986790     
 Abd=   283363.5    
 Catch=   79661.0553030210     
 Abd=   86501.25    
 Catch=   6517.76510468967     
 Abd=   108666.6    
 Catch=   22111.8984192149     
 Abd=   74321.95    
 Catch=   18.1545627841430     
 Abd=   71.36612    
 Catch=   113886.083959839     
 Abd=   240446.2    
 Catch=                     NaN
 Abd=            NaN
 Catch=   53510.2765364479     
 Abd=   892742.8    
 Catch=   54221.9267017388     
 Abd=   12319.86    
 Catch=   463043.923363140     
 Abd=   2628916.    
 Catch=   129384.317232494     
 Abd=   2159462.    
 Catch=   393.132683329194     
 Abd=   1417.000    
 Catch=   25789.3882456958     
 Abd=   374141.1    
 Catch=   115501.181456366     
 Abd=   66828.81    
 Catch=                     NaN
 Abd=            NaN
 Catch=   99154.6711896557     
 Abd=   561063.6    
 Catch=   35491.1661954675     
 Abd=   557751.2    
 Catch=   9767.06712545277     
 Abd=   14305.86    
 Catch=   20219.2280659361     
 Abd=   337144.5    
 Catch=   42754.1448779373     
 Abd=   221816.5    
 Catch=   3861.51240898336     
 Abd=   13242.45    
 Catch=   890.867194700540     
 Abd=   8459.102    
 Catch=   422901.430136556     
 Abd=   7054332.    
 Catch=   219104.104785316     
 Abd=   768499.5    
 Catch=   21253.6552493288     
 Abd=   354238.8    
 Catch=   427182.005362292     
 Abd=   615320.7    
 Catch=   40172.3179376593     
 Abd=   84823.66    
 Catch=                     NaN
 Abd=            NaN
 Catch=   153084.430942571     
 Abd=   89398.77    
 Catch=   5938.69537651617     
 Abd=   24909.84    
 Catch=   33128.5290042443     
 Abd=   329387.0    
 Catch=   437252.866087170     
 Abd=   6453733.    
 Catch=   500446.617541521     
 Abd=   1348494.    
 Catch=   47475.2138998755     
 Abd=   80461.58    
 Catch=   5260012.37097533     
 Abd=  5.4912404E+07
 Time step =         1844
 Catch=   47032.6428543351     
 Abd=   299383.7    
 Catch=   44178.8586676541     
 Abd=   283331.9    
 Catch=   79661.0876998087     
 Abd=   86501.25    
 Catch=   6500.27057678103     
 Abd=   108378.3    
 Catch=   22111.8971833503     
 Abd=   74321.92    
 Catch=   18.1544891184884     
 Abd=   71.36582    
 Catch=   113886.068725782     
 Abd=   240446.2    
 Catch=                     NaN
 Abd=            NaN
 Catch=   53440.9494169723     
 Abd=   891607.4    
 Catch=   54221.9267017388     
 Abd=   12319.86    
 Catch=   463012.277603185     
 Abd=   2628742.    
 Catch=   129321.108226597     
 Abd=   2158436.    
 Catch=   393.132683329194     
 Abd=   1417.000    
 Catch=   25739.3668755360     
 Abd=   373425.8    
 Catch=   115501.215319410     
 Abd=   66828.80    
 Catch=                     NaN
 Abd=            NaN
 Catch=   99154.5402420005     
 Abd=   561062.8    
 Catch=   35331.3419461928     
 Abd=   555273.4    
 Catch=   9767.06712545277     
 Abd=   14305.86    
 Catch=   20171.3633430221     
 Abd=   336358.1    
 Catch=   42753.7329053124     
 Abd=   221814.4    
 Catch=   3861.51326759568     
 Abd=   13242.45    
 Catch=   890.479611351477     
 Abd=   8455.521    
 Catch=   422211.069601579     
 Abd=   7043015.    
 Catch=   219102.912160726     
 Abd=   768495.4    
 Catch=   21182.6857218149     
 Abd=   353069.2    
 Catch=   427181.950462654     
 Abd=   615320.6    
 Catch=   40172.3165667060     
 Abd=   84823.68    
 Catch=                     NaN
 Abd=            NaN
 Catch=   153084.443759017     
 Abd=   89398.75    
 Catch=   5938.69537651617     
 Abd=   24909.84    
 Catch=   33090.7984508364     
 Abd=   329019.7    
 Catch=   436238.029995795     
 Abd=   6438942.    
 Catch=   500445.038756580     
 Abd=   1348490.    
 Catch=   47475.2303308012     
 Abd=   80461.64    
 Catch=   5255167.50371266     
 Abd=  5.4862716E+07
 Time step =         1845
 Catch=   47032.1936954219     
 Abd=   299381.1    
 Catch=   44174.0293289860     
 Abd=   283301.7    
 Catch=   79661.0687151899     
 Abd=   86501.25    
 Catch=   6483.22484088152     
 Abd=   108097.5    
 Catch=   22111.8799037412     
 Abd=   74321.88    
 Catch=   18.1544352991983     
 Abd=   71.36566    
 Catch=   113886.101753550     
 Abd=   240446.3    
 Catch=                     NaN
 Abd=            NaN
 Catch=   53374.2228408689     
 Abd=   890514.6    
 Catch=   54221.9267017388     
 Abd=   12319.86    
 Catch=   462982.897559524     
 Abd=   2628582.    
 Catch=   129261.332492181     
 Abd=   2157465.    
 Catch=   393.132683329194     
 Abd=   1417.000    
 Catch=   25690.8525916616     
 Abd=   372730.9    
 Catch=   115501.199282815     
 Abd=   66828.78    
 Catch=                     NaN
 Abd=            NaN
 Catch=   99154.4392454228     
 Abd=   561062.2    
 Catch=   35176.4806010722     
 Abd=   552872.2    
 Catch=   9767.06712545277     
 Abd=   14305.86    
 Catch=   20124.9946794981     
 Abd=   335596.2    
 Catch=   42753.3282001772     
 Abd=   221812.4    
 Catch=   3861.51390850274     
 Abd=   13242.46    
 Catch=   890.112868543874     
 Abd=   8452.135    
 Catch=   421544.667221783     
 Abd=   7032077.    
 Catch=   219101.781713273     
 Abd=   768491.4    
 Catch=   21113.5282347806     
 Abd=   351929.4    
 Catch=   427181.920592555     
 Abd=   615320.6    
 Catch=   40172.3143274474     
 Abd=   84823.64    
 Catch=                     NaN
 Abd=            NaN
 Catch=   153084.410919657     
 Abd=   89398.75    
 Catch=   5938.69537651617     
 Abd=   24909.84    
 Catch=   33054.6446896725     
 Abd=   328667.6    
 Catch=   435250.731587496     
 Abd=   6424554.    
 Catch=   500443.457065756     
 Abd=   1348486.    
 Catch=   47475.2636629398     
 Abd=   80461.66    
 Catch=   5250498.86495466     
 Abd=  5.4814868E+07
 Time step =         1846
 Catch=   47031.7744354469     
 Abd=   299378.3    
 Catch=   44169.3732835195     
 Abd=   283272.1    
 Catch=   79661.0573256245     
 Abd=   86501.24    
 Catch=   6466.61192526927     
 Abd=   107823.6    
 Catch=   22111.8683791550     
 Abd=   74321.83    
 Catch=   18.1544046788140     
 Abd=   71.36558    
 Catch=   113886.099811660     
 Abd=   240446.2    
 Catch=                     NaN
 Abd=            NaN
 Catch=   53310.0223550027     
 Abd=   889463.0    
 Catch=   54221.9267017388     
 Abd=   12319.86    
 Catch=   462955.711190748     
 Abd=   2628433.    
 Catch=   129204.769483333     
 Abd=   2156546.    
 Catch=   393.132683329194     
 Abd=   1417.000    
 Catch=   25643.7106252358     
 Abd=   372056.8    
 Catch=   115501.189693246     
 Abd=   66828.80    
 Catch=                     NaN
 Abd=            NaN
 Catch=   99154.3659907915     
 Abd=   561061.9    
 Catch=   35026.3996436782     
 Abd=   550545.4    
 Catch=   9767.06712545277     
 Abd=   14305.86    
 Catch=   20080.0633512476     
 Abd=   334857.6    
 Catch=   42752.9726237185     
 Abd=   221810.6    
 Catch=   3861.51399629807     
 Abd=   13242.45    
 Catch=   889.765630448255     
 Abd=   8448.926    
 Catch=   420900.835035877     
 Abd=   7021512.    
 Catch=   219100.681114507     
 Abd=   768487.3    
 Catch=   21046.1231222357     
 Abd=   350818.7    
 Catch=   427181.841183862     
 Abd=   615320.4    
 Catch=   40172.3193466684     
 Abd=   84823.69    
 Catch=                     NaN
 Abd=            NaN
 Catch=   153084.396403757     
 Abd=   89398.72    
 Catch=   5938.69537651617     
 Abd=   24909.84    
 Catch=   33020.0113581325     
 Abd=   328330.4    
 Catch=   434290.075588222     
 Abd=   6410550.    
 Catch=   500442.216858113     
 Abd=   1348483.    
 Catch=   47475.2497896567     
 Abd=   80461.64    
 Catch=   5245998.96612813     
 Abd=  5.4768712E+07
 Time step =         1847
 Catch=   47031.3596864441     
 Abd=   299375.7    
 Catch=   44164.8429160931     
 Abd=   283243.7    
 Catch=   79661.0609605565     
 Abd=   86501.25    
 Catch=   6450.41076824996     
 Abd=   107556.4    
 Catch=   22111.8537765826     
 Abd=   74321.77    
 Catch=   18.1543694446412     
 Abd=   71.36539    
 Catch=   113886.093880095     
 Abd=   240446.2    
 Catch=                     NaN
 Abd=            NaN
 Catch=   53248.1681588191     
 Abd=   888449.8    
 Catch=   54221.9267017388     
 Abd=   12319.86    
 Catch=   462930.376869338     
 Abd=   2628294.    
 Catch=   129151.141007619     
 Abd=   2155676.    
 Catch=   393.132683329194     
 Abd=   1417.000    
 Catch=   25597.9589468621     
 Abd=   371401.9    
 Catch=   115501.186635074     
 Abd=   66828.79    
 Catch=                     NaN
 Abd=            NaN
 Catch=   99154.3095944442     
 Abd=   561061.8    
 Catch=   34880.9494528140     
 Abd=   548289.8    
 Catch=   9767.06712545277     
 Abd=   14305.86    
 Catch=   20036.5081290253     
 Abd=   334142.0    
 Catch=   42752.6370999266     
 Abd=   221809.0    
 Catch=   3861.51269695619     
 Abd=   13242.45    
 Catch=   889.433195561987     
 Abd=   8445.723    
 Catch=   420278.890147774     
 Abd=   7011307.    
 Catch=   219099.483864177     
 Abd=   768483.2    
 Catch=   20980.4412772099     
 Abd=   349736.1    
 Catch=   427181.791525152     
 Abd=   615320.6    
 Catch=   40172.3308928770     
 Abd=   84823.68    
 Catch=                     NaN
 Abd=            NaN
 Catch=   153084.444870129     
 Abd=   89398.77    
 Catch=   5938.69537651617     
 Abd=   24909.84    
 Catch=   32986.8180071632     
 Abd=   328007.1    
 Catch=   433355.170026884     
 Abd=   6396918.    
 Catch=   500440.976393203     
 Abd=   1348480.    
 Catch=   47475.2454619100     
 Abd=   80461.62    
 Catch=   5241657.33909834     
 Abd=  5.4724144E+07
 Time step =         1848
 Catch=   47030.9835540011     
 Abd=   299373.6    
 Catch=   44160.5044810567     
 Abd=   283216.3    
 Catch=   79661.0420147833     
 Abd=   86501.23    
 Catch=   6434.60331357443     
 Abd=   107295.9    
 Catch=   22111.8406603023     
 Abd=   74321.76    
 Catch=   18.1543302282553     
 Abd=   71.36527    
 Catch=   113886.085284286     
 Abd=   240446.2    
 Catch=                     NaN
 Abd=            NaN
 Catch=   53188.5597740843     
 Abd=   887473.0    
 Catch=   54221.9267017388     
 Abd=   12319.86    
 Catch=   462906.679833764     
 Abd=   2628164.    
 Catch=   129100.400973573     
 Abd=   2154850.    
 Catch=   393.132683329194     
 Abd=   1417.000    
 Catch=   25553.5536613484     
 Abd=   370765.8    
 Catch=   115501.214933706     
 Abd=   66828.80    
 Catch=                     NaN
 Abd=            NaN
 Catch=   99154.2563892078     
 Abd=   561061.1    
 Catch=   34739.9796596648     
 Abd=   546104.1    
 Catch=   9767.06712545277     
 Abd=   14305.86    
 Catch=   19994.3024898076     
 Abd=   333448.2    
 Catch=   42752.3226366766     
 Abd=   221807.3    
 Catch=   3861.51383613643     
 Abd=   13242.46    
 Catch=   889.088846756344     
 Abd=   8442.485    
 Catch=   419677.692213863     
 Abd=   7001436.    
 Catch=   219098.364037823     
 Abd=   768479.4    
 Catch=   20916.4241081978     
 Abd=   348680.6    
 Catch=   427181.934579521     
 Abd=   615320.8    
 Catch=   40172.3216261043     
 Abd=   84823.66    
 Catch=                     NaN
 Abd=            NaN
 Catch=   153084.445908246     
 Abd=   89398.75    
 Catch=   5938.69537651617     
 Abd=   24909.84    
 Catch=   32954.9944885444     
 Abd=   327696.9    
 Catch=   432444.859237489     
 Abd=   6383646.    
 Catch=   500439.699329371     
 Abd=   1348476.    
 Catch=   47475.2471627187     
 Abd=   80461.61    
 Catch=   5237466.93834829     
 Abd=  5.4681152E+07
 Time step =         1849
 Catch=   47030.6706123536     
 Abd=   299371.8    
 Catch=   44156.2967992621     
 Abd=   283189.8    
 Catch=   79661.0707877558     
 Abd=   86501.25    
 Catch=   6419.19531151069     
 Abd=   107041.9    
 Catch=   22111.8400616965     
 Abd=   74321.76    
 Catch=   18.1543011860918     
 Abd=   71.36520    
 Catch=   113886.088407338     
 Abd=   240446.3    
 Catch=                     NaN
 Abd=            NaN
 Catch=   53131.1497732573     
 Abd=   886531.5    
 Catch=   54221.9267017388     
 Abd=   12319.86    
 Catch=   462884.425772897     
 Abd=   2628042.    
 Catch=   129052.305464944     
 Abd=   2154070.    
 Catch=   393.132683329194     
 Abd=   1417.000    
 Catch=   25510.3645248035     
 Abd=   370147.6    
 Catch=   115501.206950305     
 Abd=   66828.81    
 Catch=                     NaN
 Abd=            NaN
 Catch=   99154.1858933210     
 Abd=   561061.1    
 Catch=   34603.3764675873     
 Abd=   543985.9    
 Catch=   9767.06712545277     
 Abd=   14305.86    
 Catch=   19953.3705156378     
 Abd=   332775.2    
 Catch=   42752.0250255683     
 Abd=   221805.9    
 Catch=   3861.51491169766     
 Abd=   13242.46    
 Catch=   888.758206361324     
 Abd=   8439.407    
 Catch=   419096.454027440     
 Abd=   6991900.    
 Catch=   219097.229814674     
 Abd=   768475.1    
 Catch=   20853.9710361142     
 Abd=   347651.1    
 Catch=   427181.989790048     
 Abd=   615320.9    
 Catch=   40172.3123061039     
 Abd=   84823.62    
 Catch=                     NaN
 Abd=            NaN
 Catch=   153084.454531895     
 Abd=   89398.75    
 Catch=   5938.69537651617     
 Abd=   24909.84    
 Catch=   32924.4693179631     
 Abd=   327399.8    
 Catch=   431558.360029422     
 Abd=   6370716.    
 Catch=   500438.482242016     
 Abd=   1348473.    
 Catch=   47475.2502716653     
 Abd=   80461.66    
 Catch=   5233418.69198185     
 Abd=  5.4639604E+07
 Time step =         1850
 Catch=   47030.3855517487     
 Abd=   299370.0    
 Catch=   44152.2418314365     
 Abd=   283164.2    
 Catch=   79661.0746693411     
 Abd=   86501.25    
 Catch=   6404.17281111300     
 Abd=   106794.2    
 Catch=   22111.8408324404     
 Abd=   74321.76    
 Catch=   18.1542967700238     
 Abd=   71.36519    
 Catch=   113886.120266783     
 Abd=   240446.4    
 Catch=                     NaN
 Abd=            NaN
 Catch=   53075.7835005060     
 Abd=   885624.8    
 Catch=   54221.9267017388     
 Abd=   12319.86    
 Catch=   462863.644126074     
 Abd=   2627928.    
 Catch=   129006.783155850     
 Abd=   2153330.    
 Catch=   393.132683329194     
 Abd=   1417.000    
 Catch=   25468.4025195001     
 Abd=   369547.3    
 Catch=   115501.235871397     
 Abd=   66828.81    
 Catch=                     NaN
 Abd=            NaN
 Catch=   99154.1597420253     
 Abd=   561060.8    
 Catch=   34470.9437055045     
 Abd=   541932.1    
 Catch=   9767.06712545277     
 Abd=   14305.86    
 Catch=   19913.6603116183     
 Abd=   332122.3    
 Catch=   42751.7550086681     
 Abd=   221804.5    
 Catch=   3861.51583032183     
 Abd=   13242.46    
 Catch=   888.429753582853     
 Abd=   8436.219    
 Catch=   418534.645711912     
 Abd=   6982678.    
 Catch=   219096.064658087     
 Abd=   768471.4    
 Catch=   20793.0351831637     
 Abd=   346646.1    
 Catch=   427182.081697988     
 Abd=   615320.6    
 Catch=   40172.3037099673     
 Abd=   84823.66    
 Catch=                     NaN
 Abd=            NaN
 Catch=   153084.430917905     
 Abd=   89398.75    
 Catch=   5938.69537651617     
 Abd=   24909.84    
 Catch=   32895.2229139679     
 Abd=   327115.0    
 Catch=   430694.640666030     
 Abd=   6358120.    
 Catch=   500437.231163612     
 Abd=   1348470.    
 Catch=   47475.2597672005     
 Abd=   80461.66    
 Catch=   5229514.41765686     
 Abd=  5.4599568E+07
 Time step =         1851
 Catch=   47030.0942120487     
 Abd=   299368.1    
 Catch=   44148.3201218175     
 Abd=   283139.6    
 Catch=   79661.0854465420     
 Abd=   86501.25    
 Catch=   6389.52352725378     
 Abd=   106552.7    
 Catch=   22111.8406947889     
 Abd=   74321.76    
 Catch=   18.1542783259471     
 Abd=   71.36505    
 Catch=   113886.165540016     
 Abd=   240446.4    
 Catch=                     NaN
 Abd=            NaN
 Catch=   53022.4602126181     
 Abd=   884750.6    
 Catch=   54221.9267017388     
 Abd=   12319.86    
 Catch=   462844.431161017     
 Abd=   2627824.    
 Catch=   128963.676974303     
 Abd=   2152630.    
 Catch=   393.132683329194     
 Abd=   1417.000    
 Catch=   25427.6565278527     
 Abd=   368963.9    
 Catch=   115501.248658743     
 Abd=   66828.81    
 Catch=                     NaN
 Abd=            NaN
 Catch=   99154.0867093520     
 Abd=   561060.5    
 Catch=   34342.5512963645     
 Abd=   539940.9    
 Catch=   9767.06712545277     
 Abd=   14305.86    
 Catch=   19875.1400408007     
 Abd=   331488.8    
 Catch=   42751.4998076538     
 Abd=   221803.2    
 Catch=   3861.51521260867     
 Abd=   13242.46    
 Catch=   888.094223710123     
 Abd=   8433.087    
 Catch=   417991.276025211     
 Abd=   6973754.    
 Catch=   219095.010321482     
 Abd=   768467.7    
 Catch=   20733.5885891587     
 Abd=   345665.9    
 Catch=   427181.900087480     
 Abd=   615320.6    
 Catch=   40172.3202580793     
 Abd=   84823.69    
 Catch=                     NaN
 Abd=            NaN
 Catch=   153084.422153261     
 Abd=   89398.75    
 Catch=   5938.69537651617     
 Abd=   24909.84    
 Catch=   32867.1999296553     
 Abd=   326842.0    
 Catch=   429853.227979389     
 Abd=   6345845.    
 Catch=   500436.212043668     
 Abd=   1348467.    
 Catch=   47475.2487383711     
 Abd=   80461.67    
 Catch=   5225745.78120736     
 Abd=  5.4560896E+07
 Time step =         1852
 Catch=   47029.8284155485     
 Abd=   299366.6    
 Catch=   44144.5474303222     
 Abd=   283115.8    
 Catch=   79661.0669642675     
 Abd=   86501.24    
 Catch=   6375.23170714263     
 Abd=   106317.1    
 Catch=   22111.8340520268     
 Abd=   74321.70    
 Catch=   18.1542517681693     
 Abd=   71.36498    
 Catch=   113886.158897387     
 Abd=   240446.4    
 Catch=                     NaN
 Abd=            NaN
 Catch=   52971.0466104087     
 Abd=   883907.7    
 Catch=   54221.9267017388     
 Abd=   12319.86    
 Catch=   462826.567328754     
 Abd=   2627724.    
 Catch=   128922.755730072     
 Abd=   2151963.    
 Catch=   393.132683329194     
 Abd=   1417.000    
 Catch=   25388.0170429901     
 Abd=   368396.4    
 Catch=   115501.208716585     
 Abd=   66828.80    
 Catch=                     NaN
 Abd=            NaN
 Catch=   99154.0634661772     
 Abd=   561060.2    
 Catch=   34218.0783330583     
 Abd=   538011.0    
 Catch=   9767.06712545277     
 Abd=   14305.86    
 Catch=   19837.7545840413     
 Abd=   330874.0    
 Catch=   42751.2578348718     
 Abd=   221802.0    
 Catch=   3861.51528594173     
 Abd=   13242.46    
 Catch=   887.772947654267     
 Abd=   8430.119    
 Catch=   417465.471510793     
 Abd=   6965123.    
 Catch=   219094.012319828     
 Abd=   768464.6    
 Catch=   20675.5758258223     
 Abd=   344708.8    
 Catch=   427181.960798911     
 Abd=   615320.8    
 Catch=   40172.3263848784     
 Abd=   84823.66    
 Catch=                     NaN
 Abd=            NaN
 Catch=   153084.435006620     
 Abd=   89398.75    
 Catch=   5938.69537651617     
 Abd=   24909.84    
 Catch=   32840.3343125286     
 Abd=   326580.4    
 Catch=   429033.352648629     
 Abd=   6333886.    
 Catch=   500435.144813891     
 Abd=   1348465.    
 Catch=   47475.2604835097     
 Abd=   80461.62    
 Catch=   5222102.54137104     
 Abd=  5.4523472E+07
 Time step =         1853
 Catch=   47029.6142947957     
 Abd=   299365.3    
 Catch=   44140.8989161164     
 Abd=   283092.6    
 Catch=   79661.0624505595     
 Abd=   86501.25    
 Catch=   6361.28212707656     
 Abd=   106087.0    
 Catch=   22111.8237027002     
 Abd=   74321.70    
 Catch=   18.1542312987746     
 Abd=   71.36490    
 Catch=   113886.156380450     
 Abd=   240446.4    
 Catch=                     NaN
 Abd=            NaN
 Catch=   52921.4473545979     
 Abd=   883092.3    
 Catch=   54221.9267017388     
 Abd=   12319.86    
 Catch=   462809.540627235     
 Abd=   2627630.    
 Catch=   128884.029155533     
 Abd=   2151336.    
 Catch=   393.132683329194     
 Abd=   1417.000    
 Catch=   25349.4466974815     
 Abd=   367843.6    
 Catch=   115501.193818778     
 Abd=   66828.80    
 Catch=                     NaN
 Abd=            NaN
 Catch=   99154.0450681944     
 Abd=   561060.3    
 Catch=   34097.4449742786     
 Abd=   536139.9    
 Catch=   9767.06712545277     
 Abd=   14305.86    
 Catch=   19801.4716811140     
 Abd=   330277.3    
 Catch=   42751.0177323626     
 Abd=   221800.8    
 Catch=   3861.51492727381     
 Abd=   13242.46    
 Catch=   887.468531110322     
 Abd=   8427.304    
 Catch=   416956.954756298     
 Abd=   6956772.    
 Catch=   219093.106501639     
 Abd=   768461.1    
 Catch=   20618.9277519131     
 Abd=   343773.8    
 Catch=   427181.939368042     
 Abd=   615320.6    
 Catch=   40172.3203664224     
 Abd=   84823.66    
 Catch=                     NaN
 Abd=            NaN
 Catch=   153084.432469123     
 Abd=   89398.77    
 Catch=   5938.69537651617     
 Abd=   24909.84    
 Catch=   32814.5695886947     
 Abd=   326329.3    
 Catch=   428234.093587694     
 Abd=   6322223.    
 Catch=   500434.431664647     
 Abd=   1348462.    
 Catch=   47475.2463633028     
 Abd=   80461.63    
 Catch=   5218582.86313066     
 Abd=  5.4487344E+07
 Time step =         1854
 Catch=   47029.4418287373     
 Abd=   299364.4    
 Catch=   44137.3433110025     
 Abd=   283070.2    
 Catch=   79661.0436979073     
 Abd=   86501.24    
 Catch=   6347.67055452831     
 Abd=   105862.5    
 Catch=   22111.8231732126     
 Abd=   74321.70    
 Catch=   18.1542201065844     
 Abd=   71.36490    
 Catch=   113886.158967555     
 Abd=   240446.3    
 Catch=                     NaN
 Abd=            NaN
 Catch=   52873.4610317026     
 Abd=   882305.8    
 Catch=   54221.9267017388     
 Abd=   12319.86    
 Catch=   462793.546404854     
 Abd=   2627544.    
 Catch=   128847.323671291     
 Abd=   2150738.    
 Catch=   393.132683329194     
 Abd=   1417.000    
 Catch=   25311.9164792789     
 Abd=   367306.2    
 Catch=   115501.203006097     
 Abd=   66828.80    
 Catch=                     NaN
 Abd=            NaN
 Catch=   99154.0205306612     
 Abd=   561060.1    
 Catch=   33980.4626082926     
 Abd=   534325.8    
 Catch=   9767.06712545277     
 Abd=   14305.86    
 Catch=   19766.2623886705     
 Abd=   329698.2    
 Catch=   42750.7934128325     
 Abd=   221799.6    
 Catch=   3861.51566045452     
 Abd=   13242.46    
 Catch=   887.180388523087     
 Abd=   8424.639    
 Catch=   416464.767929001     
 Abd=   6948686.    
 Catch=   219092.202076330     
 Abd=   768458.2    
 Catch=   20563.5715395776     
 Abd=   342859.6    
 Catch=   427181.900900936     
 Abd=   615320.5    
 Catch=   40172.3108413131     
 Abd=   84823.64    
 Catch=                     NaN
 Abd=            NaN
 Catch=   153084.448366990     
 Abd=   89398.75    
 Catch=   5938.69537651617     
 Abd=   24909.84    
 Catch=   32789.8583480712     
 Abd=   326088.6    
 Catch=   427454.580071514     
 Abd=   6310846.    
 Catch=   500433.600773369     
 Abd=   1348460.    
 Catch=   47475.2504138256     
 Abd=   80461.66    
 Catch=   5215181.12193419     
 Abd=  5.4452392E+07
 Time step =         1855
 Catch=   47029.2959759850     
 Abd=   299363.4    
 Catch=   44133.9038532158     
 Abd=   283048.5    
 Catch=   79661.0518990806     
 Abd=   86501.24    
 Catch=   6334.38534680320     
 Abd=   105643.4    
 Catch=   22111.8145980991     
 Abd=   74321.62    
 Catch=   18.1542205923687     
 Abd=   71.36490    
 Catch=   113886.088305141     
 Abd=   240446.2    
 Catch=                     NaN
 Abd=            NaN
 Catch=   52827.1793602242     
 Abd=   881546.8    
 Catch=   54221.9267017388     
 Abd=   12319.86    
 Catch=   462779.011215074     
 Abd=   2627465.    
 Catch=   128812.474951896     
 Abd=   2150172.    
 Catch=   393.132683329194     
 Abd=   1417.000    
 Catch=   25275.4231551226     
 Abd=   366783.9    
 Catch=   115501.210653482     
 Abd=   66828.82    
 Catch=                     NaN
 Abd=            NaN
 Catch=   99154.0070535521     
 Abd=   561060.0    
 Catch=   33867.0698438899     
 Abd=   532567.4    
 Catch=   9767.06712545277     
 Abd=   14305.86    
 Catch=   19732.0814753619     
 Abd=   329136.0    
 Catch=   42750.5822232378     
 Abd=   221798.7    
 Catch=   3861.51568485380     
 Abd=   13242.46    
 Catch=   886.907046533894     
 Abd=   8422.111    
 Catch=   415988.312342300     
 Abd=   6940866.    
 Catch=   219091.379216429     
 Abd=   768455.2    
 Catch=   20509.4688641290     
 Abd=   341966.9    
 Catch=   427181.934800921     
 Abd=   615320.8    
 Catch=   40172.3100677423     
 Abd=   84823.66    
 Catch=                     NaN
 Abd=            NaN
 Catch=   153084.435418072     
 Abd=   89398.77    
 Catch=   5938.69537651617     
 Abd=   24909.84    
 Catch=   32766.1584745680     
 Abd=   325857.8    
 Catch=   426694.222242861     
 Abd=   6299750.    
 Catch=   500432.757615555     
 Abd=   1348459.    
 Catch=   47475.2390274730     
 Abd=   80461.59    
 Catch=   5211894.34346972     
 Abd=  5.4418688E+07
 Time step =         1856
 Catch=   47029.1171152724     
 Abd=   299362.2    
 Catch=   44130.5730279162     
 Abd=   283027.6    
 Catch=   79661.0505869920     
 Abd=   86501.23    
 Catch=   6321.41802738251     
 Abd=   105429.5    
 Catch=   22111.7916246546     
 Abd=   74321.55    
 Catch=   18.1542157602765     
 Abd=   71.36485    
 Catch=   113886.059326763     
 Abd=   240446.2    
 Catch=                     NaN
 Abd=            NaN
 Catch=   52782.5729810352     
 Abd=   880816.1    
 Catch=   54221.9267017388     
 Abd=   12319.86    
 Catch=   462765.715251118     
 Abd=   2627392.    
 Catch=   128779.489530680     
 Abd=   2149636.    
 Catch=   393.132683329194     
 Abd=   1417.000    
 Catch=   25239.9446268076     
 Abd=   366274.7    
 Catch=   115501.246710144     
 Abd=   66828.81    
 Catch=                     NaN
 Abd=            NaN
 Catch=   99153.9961657901     
 Abd=   561060.0    
 Catch=   33757.1197758635     
 Abd=   530861.9    
 Catch=   9767.06712545277     
 Abd=   14305.86    
 Catch=   19698.8906514654     
 Abd=   328589.8    
 Catch=   42750.4077526841     
 Abd=   221797.7    
 Catch=   3861.51540944656     
 Abd=   13242.46    
 Catch=   886.647523884078     
 Abd=   8419.708    
 Catch=   415527.246703878     
 Abd=   6933290.    
 Catch=   219090.484281802     
 Abd=   768452.1    
 Catch=   20456.6367326054     
 Abd=   341095.4    
 Catch=   427181.967780754     
 Abd=   615320.6    
 Catch=   40172.3182625075     
 Abd=   84823.66    
 Catch=                     NaN
 Abd=            NaN
 Catch=   153084.453857728     
 Abd=   89398.77    
 Catch=   5938.69537651617     
 Abd=   24909.84    
 Catch=   32743.4431083916     
 Abd=   325636.6    
 Catch=   425952.436395721     
 Abd=   6288925.    
 Catch=   500432.199661052     
 Abd=   1348457.    
 Catch=   47475.2318982487     
 Abd=   80461.60    
 Catch=   5208719.49012809     
 Abd=  5.4386084E+07
 Time step =         1857
 Catch=   47028.9834205736     
 Abd=   299361.6    
 Catch=   44127.3768618201     
 Abd=   283007.5    
 Catch=   79661.0572798496     
 Abd=   86501.25    
 Catch=   6308.75466657525     
 Abd=   105220.6    
 Catch=   22111.7581607738     
 Abd=   74321.44    
 Catch=   18.1542011572621     
 Abd=   71.36481    
 Catch=   113886.092645663     
 Abd=   240446.2    
 Catch=                     NaN
 Abd=            NaN
 Catch=   52739.5318018263     
 Abd=   880109.5    
 Catch=   54221.9267017388     
 Abd=   12319.86    
 Catch=   462753.163582036     
 Abd=   2627324.    
 Catch=   128748.203575799     
 Abd=   2149127.    
 Catch=   393.132683329194     
 Abd=   1417.000    
 Catch=   25205.3873071466     
 Abd=   365779.0    
 Catch=   115501.231859522     
 Abd=   66828.81    
 Catch=                     NaN
 Abd=            NaN
 Catch=   99153.9750746067     
 Abd=   561060.0    
 Catch=   33650.4904291179     
 Abd=   529208.4    
 Catch=   9767.06712545277     
 Abd=   14305.86    
 Catch=   19666.6419399495     
 Abd=   328059.2    
 Catch=   42750.2370857997     
 Abd=   221796.8    
 Catch=   3861.51574964093     
 Abd=   13242.46    
 Catch=   886.401272702182     
 Abd=   8417.437    
 Catch=   415081.029891064     
 Abd=   6925962.    
 Catch=   219089.586886038     
 Abd=   768449.1    
 Catch=   20405.0145446005     
 Abd=   340243.3    
 Catch=   427181.967912206     
 Abd=   615320.9    
 Catch=   40172.3262393156     
 Abd=   84823.69    
 Catch=                     NaN
 Abd=            NaN
 Catch=   153084.428568400     
 Abd=   89398.73    
 Catch=   5938.69537651617     
 Abd=   24909.84    
 Catch=   32721.6933190569     
 Abd=   325424.8    
 Catch=   425228.770283342     
 Abd=   6278358.    
 Catch=   500431.427006959     
 Abd=   1348455.    
 Catch=   47475.2314041200     
 Abd=   80461.59    
 Catch=   5205649.23708276     
 Abd=  5.4354512E+07
 Time step =         1858
 Catch=   47028.8726829431     
 Abd=   299360.9    
 Catch=   44124.2655984149     
 Abd=   282987.6    
 Catch=   79661.0586470340     
 Abd=   86501.25    
 Catch=   6296.38684925150     
 Abd=   105016.5    
 Catch=   22111.7413455236     
 Abd=   74321.42    
 Catch=   18.1541884806672     
 Abd=   71.36475    
 Catch=   113886.083541666     
 Abd=   240446.2    
 Catch=                     NaN
 Abd=            NaN
 Catch=   52697.9478150466     
 Abd=   879427.5    
 Catch=   54221.9267017388     
 Abd=   12319.86    
 Catch=   462741.564067541     
 Abd=   2627260.    
 Catch=   128718.527540829     
 Abd=   2148645.    
 Catch=   393.132683329194     
 Abd=   1417.000    
 Catch=   25171.6968912468     
 Abd=   365296.2    
 Catch=   115501.203812784     
 Abd=   66828.80    
 Catch=                     NaN
 Abd=            NaN
 Catch=   99153.9457696113     
 Abd=   561059.7    
 Catch=   33547.1290512053     
 Abd=   527605.3    
 Catch=   9767.06712545277     
 Abd=   14305.86    
 Catch=   19635.3085988820     
 Abd=   327543.6    
 Catch=   42750.0701853012     
 Abd=   221796.0    
 Catch=   3861.51572024135     
 Abd=   13242.47    
 Catch=   886.168233098090     
 Abd=   8415.279    
 Catch=   414648.810385278     
 Abd=   6918862.    
 Catch=   219088.735707338     
 Abd=   768446.1    
 Catch=   20354.5725316112     
 Abd=   339410.8    
 Catch=   427182.040863398     
 Abd=   615320.6    
 Catch=   40172.3297555741     
 Abd=   84823.69    
 Catch=                     NaN
 Abd=            NaN
 Catch=   153084.432579410     
 Abd=   89398.77    
 Catch=   5938.69537651617     
 Abd=   24909.84    
 Catch=   32700.8190652898     
 Abd=   325221.6    
 Catch=   424522.325783205     
 Abd=   6268046.    
 Catch=   500430.691990853     
 Abd=   1348453.    
 Catch=   47475.2299540052     
 Abd=   80461.61    
 Catch=   5202675.42360812     
 Abd=  5.4323960E+07
 Time step =         1859
 Catch=   47028.7338906137     
 Abd=   299359.9    
 Catch=   44121.1969648550     
 Abd=   282968.3    
 Catch=   79661.0879256472     
 Abd=   86501.27    
 Catch=   6284.30457125019     
 Abd=   104817.1    
 Catch=   22111.7311428083     
 Abd=   74321.39    
 Catch=   18.1541758635059     
 Abd=   71.36469    
 Catch=   113886.109756295     
 Abd=   240446.3    
 Catch=                     NaN
 Abd=            NaN
 Catch=   52657.8510003963     
 Abd=   878770.2    
 Catch=   54221.9267017388     
 Abd=   12319.86    
 Catch=   462730.754928738     
 Abd=   2627201.    
 Catch=   128690.324116505     
 Abd=   2148186.    
 Catch=   393.132683329194     
 Abd=   1417.000    
 Catch=   25138.8780147356     
 Abd=   364826.1    
 Catch=   115501.197606304     
 Abd=   66828.80    
 Catch=                     NaN
 Abd=            NaN
 Catch=   99153.9075896358     
 Abd=   561059.4    
 Catch=   33446.9122134782     
 Abd=   526051.0    
 Catch=   9767.06712545277     
 Abd=   14305.86    
 Catch=   19604.8653040263     
 Abd=   327042.6    
 Catch=   42749.9283718419     
 Abd=   221795.4    
 Catch=   3861.51715986649     
 Abd=   13242.46    
 Catch=   885.946527952318     
 Abd=   8413.225    
 Catch=   414230.250951585     
 Abd=   6911985.    
 Catch=   219087.936557890     
 Abd=   768443.4    
 Catch=   20305.2645594891     
 Abd=   338597.0    
 Catch=   427181.954536508     
 Abd=   615320.7    
 Catch=   40172.3323464526     
 Abd=   84823.67    
 Catch=                     NaN
 Abd=            NaN
 Catch=   153084.441312491     
 Abd=   89398.75    
 Catch=   5938.69537651617     
 Abd=   24909.84    
 Catch=   32680.8187644996     
 Abd=   325026.7    
 Catch=   423832.879829227     
 Abd=   6257978.    
 Catch=   500429.905109923     
 Abd=   1348450.    
 Catch=   47475.2475954764     
 Abd=   80461.62    
 Catch=   5199799.04161335     
 Abd=  5.4294432E+07
 Time step =         1860
 Catch=   47028.6386804808     
 Abd=   299359.5    
 Catch=   44118.2409560799     
 Abd=   282949.7    
 Catch=   79661.0844316139     
 Abd=   86501.25    
 Catch=   6272.50285140366     
 Abd=   104622.4    
 Catch=   22111.7297018972     
 Abd=   74321.39    
 Catch=   18.1541624513833     
 Abd=   71.36465    
 Catch=   113886.121006356     
 Abd=   240446.3    
 Catch=                     NaN
 Abd=            NaN
 Catch=   52619.1123915230     
 Abd=   878134.4    
 Catch=   54221.9267017388     
 Abd=   12319.86    
 Catch=   462720.682955180     
 Abd=   2627145.    
 Catch=   128663.655910871     
 Abd=   2147752.    
 Catch=   393.132683329194     
 Abd=   1417.000    
 Catch=   25106.9396637766     
 Abd=   364368.7    
 Catch=   115501.207852645     
 Abd=   66828.78    
 Catch=                     NaN
 Abd=            NaN
 Catch=   99153.8942421548     
 Abd=   561059.6    
 Catch=   33349.7360081790     
 Abd=   524543.8    
 Catch=   9767.06712545277     
 Abd=   14305.86    
 Catch=   19575.2738802245     
 Abd=   326555.5    
 Catch=   42749.7906190236     
 Abd=   221794.6    
 Catch=   3861.51646545364     
 Abd=   13242.46    
 Catch=   885.728336563249     
 Abd=   8411.117    
 Catch=   413824.763192508     
 Abd=   6905322.    
 Catch=   219087.145398668     
 Abd=   768440.5    
 Catch=   20257.0595403908     
 Abd=   337801.2    
 Catch=   427181.966581655     
 Abd=   615320.8    
 Catch=   40172.3136660557     
 Abd=   84823.62    
 Catch=                     NaN
 Abd=            NaN
 Catch=   153084.430501503     
 Abd=   89398.73    
 Catch=   5938.69537651617     
 Abd=   24909.84    
 Catch=   32661.6463574792     
 Abd=   324839.9    
 Catch=   423159.600396847     
 Abd=   6248152.    
 Catch=   500428.990679899     
 Abd=   1348448.    
 Catch=   47475.2323644102     
 Abd=   80461.59    
 Catch=   5197020.07947667     
 Abd=  5.4265888E+07
 Time step =         1811
 Catch=   47028.5699332531     
 Abd=   299359.1    
 Catch=   44115.4040352781     
 Abd=   282931.8    
 Catch=   79661.0504180753     
 Abd=   86501.23    
 Catch=   6260.97525805454     
 Abd=   104432.2    
 Catch=   22111.7291715235     
 Abd=   74321.38    
 Catch=   18.1541489473979     
 Abd=   71.36461    
 Catch=   113886.091264701     
 Abd=   240446.2    
 Catch=                     NaN
 Abd=            NaN
 Catch=   52581.7331431432     
 Abd=   877521.7    
 Catch=   54221.9267017388     
 Abd=   12319.86    
 Catch=   462711.056158279     
 Abd=   2627092.    
 Catch=   128638.319765451     
 Abd=   2147340.    
 Catch=   393.132683329194     
 Abd=   1417.000    
 Catch=   25075.8727868171     
 Abd=   363923.3    
 Catch=   115501.211651264     
 Abd=   66828.81    
 Catch=                     NaN
 Abd=            NaN
 Catch=   99153.9538288139     
 Abd=   561060.0    
 Catch=   33255.4910233183     
 Abd=   523081.9    
 Catch=   9767.06712545277     
 Abd=   14305.86    
 Catch=   19546.5042079840     
 Abd=   326082.1    
 Catch=   42749.6296170645     
 Abd=   221793.8    
 Catch=   3861.51612300905     
 Abd=   13242.46    
 Catch=   885.510837131848     
 Abd=   8409.115    
 Catch=   413431.604479058     
 Abd=   6898859.    
 Catch=   219086.324338497     
 Abd=   768437.4    
 Catch=   20209.9231377600     
 Abd=   337023.3    
 Catch=   427181.933702013     
 Abd=   615320.6    
 Catch=   40172.3114094971     
 Abd=   84823.66    
 Catch=                     NaN
 Abd=            NaN
 Catch=   153084.419022753     
 Abd=   89398.77    
 Catch=   5938.69537651617     
 Abd=   24909.84    
 Catch=   32643.2528467556     
 Abd=   324660.6    
 Catch=   422502.499430590     
 Abd=   6238552.    
 Catch=   500428.176418529     
 Abd=   1348446.    
 Catch=   47475.2291558202     
 Abd=   80461.59    
 Catch=   5194328.09485881     
 Abd=  5.4238232E+07
 Time step =         1812
 Catch=   47028.4879646776     
 Abd=   299358.4    
 Catch=   44112.6325022291     
 Abd=   282914.2    
 Catch=   79661.0451927065     
 Abd=   86501.23    
 Catch=   6249.70964389328     
 Abd=   104246.3    
 Catch=   22111.7285904339     
 Abd=   74321.41    
 Catch=   18.1541465134577     
 Abd=   71.36461    
 Catch=   113886.060653063     
 Abd=   240446.2    
 Catch=                     NaN
 Abd=            NaN
 Catch=   52545.6710217491     
 Abd=   876929.9    
 Catch=   54221.9267017388     
 Abd=   12319.86    
 Catch=   462702.218251000     
 Abd=   2627044.    
 Catch=   128614.256666463     
 Abd=   2146949.    
 Catch=   393.132683329194     
 Abd=   1417.000    
 Catch=   25045.5868597757     
 Abd=   363488.7    
 Catch=   115501.220175109     
 Abd=   66828.80    
 Catch=                     NaN
 Abd=            NaN
 Catch=   99153.9717426898     
 Abd=   561059.9    
 Catch=   33164.0971755775     
 Abd=   521664.3    
 Catch=   9767.06712545277     
 Abd=   14305.86    
 Catch=   19518.5501404300     
 Abd=   325622.0    
 Catch=   42749.4952489563     
 Abd=   221793.2    
 Catch=   3861.51505877744     
 Abd=   13242.46    
 Catch=   885.307046829552     
 Abd=   8407.241    
 Catch=   413050.673261658     
 Abd=   6892599.    
 Catch=   219085.451881925     
 Abd=   768434.7    
 Catch=   20163.8396667637     
 Abd=   336262.3    
 Catch=   427182.015331936     
 Abd=   615320.6    
 Catch=   40172.3100935426     
 Abd=   84823.64    
 Catch=                     NaN
 Abd=            NaN
 Catch=   153084.466545081     
 Abd=   89398.75    
 Catch=   5938.69537651617     
 Abd=   24909.84    
 Catch=   32625.5990278933     
 Abd=   324488.7    
 Catch=   421860.325139906     
 Abd=   6229174.    
 Catch=   500427.719996716     
 Abd=   1348445.    
 Catch=   47475.2391566533     
 Abd=   80461.62    
 Catch=   5191724.90578339     
 Abd=  5.4211504E+07
 Time step =         1813
 Catch=   47028.4109778797     
 Abd=   299358.1    
 Catch=   44109.9588527787     
 Abd=   282897.3    
 Catch=   79661.0380561833     
 Abd=   86501.21    
 Catch=   6238.69594869955     
 Abd=   104064.5    
 Catch=   22111.7384665877     
 Abd=   74321.41    
 Catch=   18.1541464971286     
 Abd=   71.36461    
 Catch=   113886.063222137     
 Abd=   240446.1    
 Catch=                     NaN
 Abd=            NaN
 Catch=   52510.8508443884     
 Abd=   876359.1    
 Catch=   54221.9267017388     
 Abd=   12319.86    
 Catch=   462693.969670511     
 Abd=   2626998.    
 Catch=   128591.418023532     
 Abd=   2146578.    
 Catch=   393.132683329194     
 Abd=   1417.000    
 Catch=   25016.0405291522     
 Abd=   363065.1    
 Catch=   115501.195421801     
 Abd=   66828.80    
 Catch=                     NaN
 Abd=            NaN
 Catch=   99153.9735635532     
 Abd=   561060.0    
 Catch=   33075.4730864107     
 Abd=   520289.8    
 Catch=   9767.06712545277     
 Abd=   14305.86    
 Catch=   19491.3838187046     
 Abd=   325174.8    
 Catch=   42749.3693934244     
 Abd=   221792.5    
 Catch=   3861.51521746940     
 Abd=   13242.46    
 Catch=   885.115427458086     
 Abd=   8405.479    
 Catch=   412681.423030927     
 Abd=   6886532.    
 Catch=   219084.655237008     
 Abd=   768432.0    
 Catch=   20118.7720361900     
 Abd=   335518.3    
 Catch=   427181.886646062     
 Abd=   615320.5    
 Catch=   40172.3067201103     
 Abd=   84823.61    
 Catch=                     NaN
 Abd=            NaN
 Catch=   153084.434464901     
 Abd=   89398.75    
 Catch=   5938.69537651617     
 Abd=   24909.84    
 Catch=   32608.6765773297     
 Abd=   324323.8    
 Catch=   421232.972626935     
 Abd=   6220012.    
 Catch=   500427.154408919     
 Abd=   1348443.    
 Catch=   47475.2407014397     
 Abd=   80461.59    
 Catch=   5189203.70118412     
 Abd=  5.4185552E+07
 Time step =         1814
 Catch=   47028.3470304217     
 Abd=   299357.8    
 Catch=   44107.3332255305     
 Abd=   282880.6    
 Catch=   79661.0197399396     
 Abd=   86501.22    
 Catch=   6227.93249102374     
 Abd=   103886.8    
 Catch=   22111.7369685256     
 Abd=   74321.41    
 Catch=   18.1541464971286     
 Abd=   71.36461    
 Catch=   113886.075509669     
 Abd=   240446.2    
 Catch=                     NaN
 Abd=            NaN
 Catch=   52477.2339000970     
 Abd=   875807.2    
 Catch=   54221.9267017388     
 Abd=   12319.86    
 Catch=   462686.152914306     
 Abd=   2626956.    
 Catch=   128569.748338550     
 Abd=   2146225.    
 Catch=   393.132683329194     
 Abd=   1417.000    
 Catch=   24987.2541432828     
 Abd=   362652.6    
 Catch=   115501.215419754     
 Abd=   66828.81    
 Catch=                     NaN
 Abd=            NaN
 Catch=   99153.9548200074     
 Abd=   561059.6    
 Catch=   32989.5314427958     
 Abd=   518956.8    
 Catch=   9767.06712545277     
 Abd=   14305.86    
 Catch=   19464.9458194946     
 Abd=   324739.5    
 Catch=   42749.2412451608     
 Abd=   221791.9    
 Catch=   3861.51516605418     
 Abd=   13242.46    
 Catch=   884.935379357735     
 Abd=   8403.819    
 Catch=   412323.470125612     
 Abd=   6880640.    
 Catch=   219083.975815127     
 Abd=   768429.4    
 Catch=   20074.6903996777     
 Abd=   334790.6    
 Catch=   427181.778946340     
 Abd=   615320.4    
 Catch=   40172.2862572089     
 Abd=   84823.59    
 Catch=                     NaN
 Abd=            NaN
 Catch=   153084.431877101     
 Abd=   89398.75    
 Catch=   5938.69537651617     
 Abd=   24909.84    
 Catch=   32592.4354426371     
 Abd=   324165.5    
 Catch=   420620.034042260     
 Abd=   6211056.    
 Catch=   500426.643474620     
 Abd=   1348442.    
 Catch=   47475.2147935235     
 Abd=   80461.58    
 Catch=   5186760.12085521     
 Abd=  5.4160432E+07
 Time step =         1815
 Catch=   47028.3150845055     
 Abd=   299357.4    
 Catch=   44104.7775212436     
 Abd=   282864.5    
 Catch=   79661.0222858769     
 Abd=   86501.22    
 Catch=   6217.40507302709     
 Abd=   103713.0    
 Catch=   22111.7370301632     
 Abd=   74321.41    
 Catch=   18.1541464971286     
 Abd=   71.36461    
 Catch=   113886.097959960     
 Abd=   240446.3    
 Catch=                     NaN
 Abd=            NaN
 Catch=   52444.7027337159     
 Abd=   875273.2    
 Catch=   54221.9267017388     
 Abd=   12319.86    
 Catch=   462679.123710356     
 Abd=   2626917.    
 Catch=   128549.141456032     
 Abd=   2145890.    
 Catch=   393.132683329194     
 Abd=   1417.000    
 Catch=   24959.2241736885     
 Abd=   362250.8    
 Catch=   115501.240629216     
 Abd=   66828.82    
 Catch=                     NaN
 Abd=            NaN
 Catch=   99153.9080050284     
 Abd=   561059.8    
 Catch=   32906.1922455602     
 Abd=   517664.3    
 Catch=   9767.06712545277     
 Abd=   14305.86    
 Catch=   19439.2269381133     
 Abd=   324315.9    
 Catch=   42749.1298389057     
 Abd=   221791.2    
 Catch=   3861.51619195035     
 Abd=   13242.46    
 Catch=   884.766012916445     
 Abd=   8402.257    
 Catch=   411976.061722446     
 Abd=   6874934.    
 Catch=   219083.106154575     
 Abd=   768426.6    
 Catch=   20031.5843959090     
 Abd=   334077.9    
 Catch=   427181.653740244     
 Abd=   615320.4    
 Catch=   40172.2907828421     
 Abd=   84823.62    
 Catch=                     NaN
 Abd=            NaN
 Catch=   153084.438780345     
 Abd=   89398.77    
 Catch=   5938.69537651617     
 Abd=   24909.84    
 Catch=   32576.8571205076     
 Abd=   324013.8    
 Catch=   420020.896677698     
 Abd=   6202301.    
 Catch=   500425.796443971     
 Abd=   1348440.    
 Catch=   47475.2225435427     
 Abd=   80461.61    
 Catch=   5184393.84763056     
 Abd=  5.4136144E+07
 Time step =         1816
 Catch=   47028.2603673725     
 Abd=   299357.2    
 Catch=   44102.3192160106     
 Abd=   282849.2    
 Catch=   79661.0315566601     
 Abd=   86501.23    
 Catch=   6207.10979543956     
 Abd=   103543.1    
 Catch=   22111.7369654113     
 Abd=   74321.41    
 Catch=   18.1541464971286     
 Abd=   71.36461    
 Catch=   113886.100085165     
 Abd=   240446.2    
 Catch=                     NaN
 Abd=            NaN
 Catch=   52413.2267179953     
 Abd=   874756.2    
 Catch=   54221.9267017388     
 Abd=   12319.86    
 Catch=   462672.461432362     
 Abd=   2626880.    
 Catch=   128529.561275797     
 Abd=   2145572.    
 Catch=   393.132683329194     
 Abd=   1417.000    
 Catch=   24931.8989241129     
 Abd=   361859.1    
 Catch=   115501.222924779     
 Abd=   66828.81    
 Catch=                     NaN
 Abd=            NaN
 Catch=   99153.9417359595     
 Abd=   561059.7    
 Catch=   32825.3833034793     
 Abd=   516411.0    
 Catch=   9767.06712545277     
 Abd=   14305.86    
 Catch=   19414.2053425338     
 Abd=   323904.0    
 Catch=   42749.0072778054     
 Abd=   221790.7    
 Catch=   3861.51634326818     
 Abd=   13242.46    
 Catch=   884.605679666784     
 Abd=   8400.775    
 Catch=   411639.220971129     
 Abd=   6869393.    
 Catch=   219082.522367209     
 Abd=   768424.9    
 Catch=   19989.3584158280     
 Abd=   333379.9    
 Catch=   427181.703548316     
 Abd=   615320.4    
 Catch=   40172.2997277873     
 Abd=   84823.63    
 Catch=                     NaN
 Abd=            NaN
 Catch=   153084.431309459     
 Abd=   89398.73    
 Catch=   5938.69537651617     
 Abd=   24909.84    
 Catch=   32561.9175605113     
 Abd=   323868.3    
 Catch=   419435.145631361     
 Abd=   6193747.    
 Catch=   500425.348908561     
 Abd=   1348439.    
 Catch=   47475.2342326891     
 Abd=   80461.61    
 Catch=   5182101.73011932     
 Abd=  5.4112584E+07
 Time step =         1817
 Catch=   47028.2080964624     
 Abd=   299356.9    
 Catch=   44099.9550524117     
 Abd=   282834.1    
 Catch=   79661.0710006267     
 Abd=   86501.26    
 Catch=   6197.04600224459     
 Abd=   103377.0    
 Catch=   22111.7368862453     
 Abd=   74321.41    
 Catch=   18.1541464971286     
 Abd=   71.36461    
 Catch=   113886.092036255     
 Abd=   240446.2    
 Catch=                     NaN
 Abd=            NaN
 Catch=   52382.8130797701     
 Abd=   874257.4    
 Catch=   54221.9267017388     
 Abd=   12319.86    
 Catch=   462665.904757896     
 Abd=   2626844.    
 Catch=   128511.092947126     
 Abd=   2145272.    
 Catch=   393.132683329194     
 Abd=   1417.000    
 Catch=   24905.2426180597     
 Abd=   361476.8    
 Catch=   115501.211241028     
 Abd=   66828.81    
 Catch=                     NaN
 Abd=            NaN
 Catch=   99153.9319466211     
 Abd=   561059.8    
 Catch=   32747.0154540872     
 Abd=   515195.3    
 Catch=   9767.06712545277     
 Abd=   14305.86    
 Catch=   19389.8662964210     
 Abd=   323503.1    
 Catch=   42748.9161501293     
 Abd=   221790.3    
 Catch=   3861.51543198879     
 Abd=   13242.46    
 Catch=   884.454984455909     
 Abd=   8399.388    
 Catch=   411312.345770658     
 Abd=   6864020.    
 Catch=   219081.942207267     
 Abd=   768422.4    
 Catch=   19947.9896095277     
 Abd=   332695.2    
 Catch=   427181.761167724     
 Abd=   615320.4    
 Catch=   40172.3029900267     
 Abd=   84823.63    
 Catch=                     NaN
 Abd=            NaN
 Catch=   153084.406928001     
 Abd=   89398.72    
 Catch=   5938.69537651617     
 Abd=   24909.84    
 Catch=   32547.5938236548     
 Abd=   323728.8    
 Catch=   418862.695128135     
 Abd=   6185382.    
 Catch=   500425.011162781     
 Abd=   1348438.    
 Catch=   47475.2314761984     
 Abd=   80461.59    
 Catch=   5179884.86234513     
 Abd=  5.4089776E+07
 Time step =         1818
 Catch=   47028.1675796268     
 Abd=   299356.6    
 Catch=   44097.6557987769     
 Abd=   282818.5    
 Catch=   79661.0638873312     
 Abd=   86501.25    
 Catch=   6187.20167485167     
 Abd=   103214.4    
 Catch=   22111.7368087394     
 Abd=   74321.41    
 Catch=   18.1541464971286     
 Abd=   71.36461    
 Catch=   113886.086117840     
 Abd=   240446.2    
 Catch=                     NaN
 Abd=            NaN
 Catch=   52353.3934710964     
 Abd=   873774.7    
 Catch=   54221.9267017388     
 Abd=   12319.86    
 Catch=   462659.974752429     
 Abd=   2626811.    
 Catch=   128493.507563276     
 Abd=   2144985.    
 Catch=   393.132683329194     
 Abd=   1417.000    
 Catch=   24879.2602046633     
 Abd=   361104.2    
 Catch=   115501.228450995     
 Abd=   66828.80    
 Catch=                     NaN
 Abd=            NaN
 Catch=   99153.9449103129     
 Abd=   561059.8    
 Catch=   32671.0173826031     
 Abd=   514016.6    
 Catch=   9767.06712545277     
 Abd=   14305.86    
 Catch=   19366.1750176675     
 Abd=   323113.1    
 Catch=   42748.8245375461     
 Abd=   221789.7    
 Catch=   3861.51589349582     
 Abd=   13242.46    
 Catch=   884.312473774103     
 Abd=   8398.072    
 Catch=   410995.521899832     
 Abd=   6858811.    
 Catch=   219081.189574868     
 Abd=   768420.2    
 Catch=   19907.4204712098     
 Abd=   332025.2    
 Catch=   427181.830719385     
 Abd=   615320.8    
 Catch=   40172.2996155815     
 Abd=   84823.64    
 Catch=                     NaN
 Abd=            NaN
 Catch=   153084.417066485     
 Abd=   89398.73    
 Catch=   5938.69537651617     
 Abd=   24909.84    
 Catch=   32533.8632473459     
 Abd=   323595.0    
 Catch=   418302.814113045     
 Abd=   6177198.    
 Catch=   500424.485081827     
 Abd=   1348437.    
 Catch=   47475.2329552386     
 Abd=   80461.64    
 Catch=   5177737.19320342     
 Abd=  5.4067692E+07
 Time step =         1819
 Catch=   47028.1414781009     
 Abd=   299356.6    
 Catch=   44095.2333761760     
 Abd=   282803.2    
 Catch=   79661.0743795418     
 Abd=   86501.25    
 Catch=   6177.57386066441     
 Abd=   103055.4    
 Catch=   22111.7367338098     
 Abd=   74321.41    
 Catch=   18.1541464971286     
 Abd=   71.36461    
 Catch=   113886.072270921     
 Abd=   240446.2    
 Catch=                     NaN
 Abd=            NaN
 Catch=   52324.9897510361     
 Abd=   873308.4    
 Catch=   54221.9267017388     
 Abd=   12319.86    
 Catch=   462654.288279650     
 Abd=   2626782.    
 Catch=   128476.842384149     
 Abd=   2144716.    
 Catch=   393.132683329194     
 Abd=   1417.000    
 Catch=   24853.9426661695     
 Abd=   360741.4    
 Catch=   115501.227777146     
 Abd=   66828.81    
 Catch=                     NaN
 Abd=            NaN
 Catch=   99153.9069711125     
 Abd=   561059.8    
 Catch=   32597.3203739854     
 Abd=   512873.6    
 Catch=   9767.06712545277     
 Abd=   14305.86    
 Catch=   19343.1295015177     
 Abd=   322733.3    
 Catch=   42748.7230415488     
 Abd=   221789.2    
 Catch=   3861.51530576314     
 Abd=   13242.46    
 Catch=   884.177707277793     
 Abd=   8396.823    
 Catch=   410688.051627047     
 Abd=   6853754.    
 Catch=   219080.641040351     
 Abd=   768418.2    
 Catch=   19867.7174709985     
 Abd=   331369.7    
 Catch=   427181.968878323     
 Abd=   615320.8    
 Catch=   40172.3065792881     
 Abd=   84823.62    
 Catch=                     NaN
 Abd=            NaN
 Catch=   153084.420840804     
 Abd=   89398.76    
 Catch=   5938.69537651617     
 Abd=   24909.84    
 Catch=   32520.6872496287     
 Abd=   323466.6    
 Catch=   417755.178241055     
 Abd=   6169197.    
 Catch=   500424.368044281     
 Abd=   1348436.    
 Catch=   47475.2512941278     
 Abd=   80461.64    
 Catch=   5175653.70220470     
 Abd=  5.4046276E+07
 Time step =         1820
 Catch=   47028.1348977040     
 Abd=   299356.5    
 Catch=   44092.8942069192     
 Abd=   282788.5    
 Catch=   79661.0781952043     
 Abd=   86501.27    
 Catch=   6168.15296848417     
 Abd=   102899.8    
 Catch=   22111.7366717170     
 Abd=   74321.41    
 Catch=   18.1541464971286     
 Abd=   71.36461    
 Catch=   113886.076052872     
 Abd=   240446.2    
 Catch=                     NaN
 Abd=            NaN
 Catch=   52297.4815231412     
 Abd=   872856.2    
 Catch=   54221.9267017388     
 Abd=   12319.86    
 Catch=   462649.561195752     
 Abd=   2626756.    
 Catch=   128461.061250826     
 Abd=   2144457.    
 Catch=   393.132683329194     
 Abd=   1417.000    
 Catch=   24829.2438243879     
 Abd=   360387.0    
 Catch=   115501.205567793     
 Abd=   66828.78    
 Catch=                     NaN
 Abd=            NaN
 Catch=   99153.8867808905     
 Abd=   561059.4    
 Catch=   32525.8741248711     
 Abd=   511765.7    
 Catch=   9767.06712545277     
 Abd=   14305.86    
 Catch=   19320.6803371045     
 Abd=   322363.7    
 Catch=   42748.6260153514     
 Abd=   221788.7    
 Catch=   3861.51403224286     
 Abd=   13242.45    
 Catch=   884.049871556703     
 Abd=   8395.647    
 Catch=   410389.566477689     
 Abd=   6848844.    
 Catch=   219080.044056386     
 Abd=   768416.2    
 Catch=   19828.8840767035     
 Abd=   330727.4    
 Catch=   427181.957337792     
 Abd=   615320.6    
 Catch=   40172.2966405273     
 Abd=   84823.62    
 Catch=                     NaN
 Abd=            NaN
 Catch=   153084.427009512     
 Abd=   89398.74    
 Catch=   5938.69537651617     
 Abd=   24909.84    
 Catch=   32508.0507812823     
 Abd=   323343.5    
 Catch=   417219.590036629     
 Abd=   6161370.    
 Catch=   500423.922863633     
 Abd=   1348435.    
 Catch=   47475.2332226464     
 Abd=   80461.58    
 Catch=   5173637.74782802     
 Abd=  5.4025556E+07
 Time step =         1821
 Catch=   47028.1163484565     
 Abd=   299356.3    
 Catch=   44090.6254709267     
 Abd=   282774.1    
 Catch=   79661.0648522090     
 Abd=   86501.25    
 Catch=   6158.93281488708     
 Abd=   102747.6    
 Catch=   22111.7366196964     
 Abd=   74321.41    
 Catch=   18.1541464971286     
 Abd=   71.36461    
 Catch=   113886.077668064     
 Abd=   240446.2    
 Catch=                     NaN
 Abd=            NaN
 Catch=   52270.8707587426     
 Abd=   872419.6    
 Catch=   54221.9267017388     
 Abd=   12319.86    
 Catch=   462645.055599753     
 Abd=   2626730.    
 Catch=   128445.919888073     
 Abd=   2144210.    
 Catch=   393.132683329194     
 Abd=   1417.000    
 Catch=   24805.1174997315     
 Abd=   360040.9    
 Catch=   115501.183753357     
 Abd=   66828.79    
 Catch=                     NaN
 Abd=            NaN
 Catch=   99153.9195338747     
 Abd=   561059.8    
 Catch=   32456.5958967243     
 Abd=   510691.2    
 Catch=   9767.06712545277     
 Abd=   14305.86    
 Catch=   19298.8396393101     
 Abd=   322004.0    
 Catch=   42748.5522405083     
 Abd=   221788.4    
 Catch=   3861.51308859519     
 Abd=   13242.45    
 Catch=   883.929596909584     
 Abd=   8394.529    
 Catch=   410099.702851537     
 Abd=   6844079.    
 Catch=   219079.550768100     
 Abd=   768414.6    
 Catch=   19790.7921448345     
 Abd=   330098.1    
 Catch=   427181.908616430     
 Abd=   615320.8    
 Catch=   40172.2890076824     
 Abd=   84823.61    
 Catch=                     NaN
 Abd=            NaN
 Catch=   153084.403111134     
 Abd=   89398.73    
 Catch=   5938.69537651617     
 Abd=   24909.84    
 Catch=   32495.9247455649     
 Abd=   323225.3    
 Catch=   416695.785570051     
 Abd=   6153712.    
 Catch=   500423.488544357     
 Abd=   1348433.    
 Catch=   47475.2260253373     
 Abd=   80461.61    
 Catch=   5171678.70106900     
 Abd=  5.4005392E+07
 Time step =         1822
 Catch=   47028.0840773788     
 Abd=   299356.1    
 Catch=   44088.4238650547     
 Abd=   282760.2    
 Catch=   79661.0689006045     
 Abd=   86501.23    
 Catch=   6149.90934582290     
 Abd=   102598.5    
 Catch=   22111.7365733904     
 Abd=   74321.41    
 Catch=   18.1541464971286     
 Abd=   71.36461    
 Catch=   113886.090667802     
 Abd=   240446.3    
 Catch=                     NaN
 Abd=            NaN
 Catch=   52245.1506486752     
 Abd=   871997.1    
 Catch=   54221.9267017388     
 Abd=   12319.86    
 Catch=   462640.637011481     
 Abd=   2626707.    
 Catch=   128431.547653543     
 Abd=   2143978.    
 Catch=   393.132683329194     
 Abd=   1417.000    
 Catch=   24781.5857333706     
 Abd=   359703.4    
 Catch=   115501.182277661     
 Abd=   66828.80    
 Catch=                     NaN
 Abd=            NaN
 Catch=   99153.9251091743     
 Abd=   561059.8    
 Catch=   32389.4077516229     
 Abd=   509649.0    
 Catch=   9767.06712545277     
 Abd=   14305.86    
 Catch=   19277.5712892949     
 Abd=   321653.5    
 Catch=   42748.4814950265     
 Abd=   221788.0    
 Catch=   3861.51382454642     
 Abd=   13242.45    
 Catch=   883.814973496324     
 Abd=   8393.475    
 Catch=   409818.739733552     
 Abd=   6839457.    
 Catch=   219079.125706002     
 Abd=   768412.9    
 Catch=   19753.4997430850     
 Abd=   329482.1    
 Catch=   427181.991530306     
 Abd=   615320.6    
 Catch=   40172.2893923631     
 Abd=   84823.59    
 Catch=                     NaN
 Abd=            NaN
 Catch=   153084.424082664     
 Abd=   89398.75    
 Catch=   5938.69537651617     
 Abd=   24909.84    
 Catch=   32484.2755751939     
 Abd=   323111.8    
 Catch=   416183.227949003     
 Abd=   6146223.    
 Catch=   500423.072373196     
 Abd=   1348433.    
 Catch=   47475.2370121456     
 Abd=   80461.61    
 Catch=   5169781.30212432     
 Abd=  5.3985884E+07
 Time step =         1823
 Catch=   47028.0554254296     
 Abd=   299355.9    
 Catch=   44086.2969881091     
 Abd=   282746.9    
 Catch=   79661.0482094639     
 Abd=   86501.24    
 Catch=   6141.07632943684     
 Abd=   102452.7    
 Catch=   22111.7365307403     
 Abd=   74321.41    
 Catch=   18.1541464971286     
 Abd=   71.36461    
 Catch=   113886.098895235     
 Abd=   240446.3    
 Catch=                     NaN
 Abd=            NaN
 Catch=   52220.2824586496     
 Abd=   871589.4    
 Catch=   54221.9267017388     
 Abd=   12319.86    
 Catch=   462636.517879112     
 Abd=   2626682.    
 Catch=   128418.050849192     
 Abd=   2143758.    
 Catch=   393.132683329194     
 Abd=   1417.000    
 Catch=   24758.6174939187     
 Abd=   359372.8    
 Catch=   115501.233599248     
 Abd=   66828.81    
 Catch=                     NaN
 Abd=            NaN
 Catch=   99153.9410432853     
 Abd=   561059.7    
 Catch=   32324.2648389461     
 Abd=   508638.8    
 Catch=   9767.06712545277     
 Abd=   14305.86    
 Catch=   19256.8497566053     
 Abd=   321312.0    
 Catch=   42748.4127726701     
 Abd=   221787.7    
 Catch=   3861.51328534044     
 Abd=   13242.45    
 Catch=   883.706068293118     
 Abd=   8392.465    
 Catch=   409546.015424282     
 Abd=   6834974.    
 Catch=   219078.593543537     
 Abd=   768410.9    
 Catch=   19716.9841338818     
 Abd=   328878.8    
 Catch=   427182.112733093     
 Abd=   615321.0    
 Catch=   40172.2852732097     
 Abd=   84823.60    
 Catch=                     NaN
 Abd=            NaN
 Catch=   153084.439025301     
 Abd=   89398.75    
 Catch=   5938.69537651617     
 Abd=   24909.84    
 Catch=   32473.1228711688     
 Abd=   323003.2    
 Catch=   415681.776977515     
 Abd=   6138888.    
 Catch=   500422.539032466     
 Abd=   1348431.    
 Catch=   47475.2445640158     
 Abd=   80461.62    
 Catch=   5167937.06704662     
 Abd=  5.3966916E+07
 Time step =         1824
 Catch=   47028.0151048409     
 Abd=   299355.7    
 Catch=   44084.2473617442     
 Abd=   282733.9    
 Catch=   79661.0621948356     
 Abd=   86501.24    
 Catch=   6132.43144566308     
 Abd=   102309.9    
 Catch=   22111.7364910760     
 Abd=   74321.41    
 Catch=   18.1541464971286     
 Abd=   71.36461    
 Catch=   113886.106935498     
 Abd=   240446.3    
 Catch=                     NaN
 Abd=            NaN
 Catch=   52196.2330597991     
 Abd=   871193.9    
 Catch=   54221.9267017388     
 Abd=   12319.86    
 Catch=   462632.479970465     
 Abd=   2626661.    
 Catch=   128405.202237272     
 Abd=   2143550.    
 Catch=   393.132683329194     
 Abd=   1417.000    
 Catch=   24736.1359842901     
 Abd=   359050.3    
 Catch=   115501.176190110     
 Abd=   66828.77    
 Catch=                     NaN
 Abd=            NaN
 Catch=   99153.8897888795     
 Abd=   561059.4    
 Catch=   32261.0971620537     
 Abd=   507658.9    
 Catch=   9767.06712545277     
 Abd=   14305.86    
 Catch=   19236.6708618027     
 Abd=   320979.8    
 Catch=   42748.3404416297     
 Abd=   221787.3    
 Catch=   3861.51412079076     
 Abd=   13242.46    
 Catch=   883.603014998486     
 Abd=   8391.518    
 Catch=   409280.986948777     
 Abd=   6830610.    
 Catch=   219078.032741235     
 Abd=   768409.2    
 Catch=   19681.2224229447     
 Abd=   328288.1    
 Catch=   427182.116548567     
 Abd=   615320.9    
 Catch=   40172.2915782886     
 Abd=   84823.61    
 Catch=                     NaN
 Abd=            NaN
 Catch=   153084.434524526     
 Abd=   89398.74    
 Catch=   5938.69537651617     
 Abd=   24909.84    
 Catch=   32462.4344821786     
 Abd=   322899.1    
 Catch=   415190.773732072     
 Abd=   6131714.    
 Catch=   500422.327195980     
 Abd=   1348431.    
 Catch=   47475.2645381968     
 Abd=   80461.70    
 Catch=   5166148.76934829     
 Abd=  5.3948496E+07
 Time step =         1825
 Catch=   47027.9833077318     
 Abd=   299355.4    
 Catch=   44082.2610349942     
 Abd=   282721.3    
 Catch=   79661.0650926284     
 Abd=   86501.25    
 Catch=   6123.96933531016     
 Abd=   102170.1    
 Catch=   22111.7364527590     
 Abd=   74321.41    
 Catch=   18.1541464971286     
 Abd=   71.36461    
 Catch=   113886.088210259     
 Abd=   240446.2    
 Catch=                     NaN
 Abd=            NaN
 Catch=   52172.8892453537     
 Abd=   870810.3    
 Catch=   54221.9267017388     
 Abd=   12319.86    
 Catch=   462629.007880708     
 Abd=   2626642.    
 Catch=   128392.989529800     
 Abd=   2143350.    
 Catch=   393.132683329194     
 Abd=   1417.000    
 Catch=   24714.1953524949     
 Abd=   358735.7    
 Catch=   115501.181456366     
 Abd=   66828.81    
 Catch=                     NaN
 Abd=            NaN
 Catch=   99153.9130683824     
 Abd=   561059.7    
 Catch=   32199.8480229081     
 Abd=   506709.1    
 Catch=   9767.06712545277     
 Abd=   14305.86    
 Catch=   19217.0298411352     
 Abd=   320656.1    
 Catch=   42748.2861188218     
 Abd=   221787.0    
 Catch=   3861.51562669019     
 Abd=   13242.46    
 Catch=   883.505422609879     
 Abd=   8390.604    
 Catch=   409023.753103525     
 Abd=   6826380.    
 Catch=   219077.550293854     
 Abd=   768407.4    
 Catch=   19646.2136214281     
 Abd=   327709.7    
 Catch=   427182.054772052     
 Abd=   615320.9    
 Catch=   40172.2831038759     
 Abd=   84823.59    
 Catch=                     NaN
 Abd=            NaN
 Catch=   153084.432789621     
 Abd=   89398.75    
 Catch=   5938.69537651617     
 Abd=   24909.84    
 Catch=   32452.1774201131     
 Abd=   322799.2    
 Catch=   414710.103583786     
 Abd=   6124682.    
 Catch=   500422.217070451     
 Abd=   1348431.    
 Catch=   47475.2675194275     
 Abd=   80461.67    
 Catch=   5164411.85187572     
 Abd=  5.3930632E+07
 Time step =         1826
 Catch=   47027.9615738194     
 Abd=   299355.3    
 Catch=   44080.3225341102     
 Abd=   282709.0    
 Catch=   79661.0390719600     
 Abd=   86501.25    
 Catch=   6115.67844309445     
 Abd=   102033.1    
 Catch=   22111.7364170539     
 Abd=   74321.41    
 Catch=   18.1541464971286     
 Abd=   71.36461    
 Catch=   113886.067272551     
 Abd=   240446.2    
 Catch=                     NaN
 Abd=            NaN
 Catch=   52150.3012888315     
 Abd=   870439.2    
 Catch=   54221.9267017388     
 Abd=   12319.86    
 Catch=   462625.463126412     
 Abd=   2626623.    
 Catch=   128381.336541759     
 Abd=   2143160.    
 Catch=   393.132683329194     
 Abd=   1417.000    
 Catch=   24692.7872023236     
 Abd=   358428.5    
 Catch=   115501.215319410     
 Abd=   66828.80    
 Catch=                     NaN
 Abd=            NaN
 Catch=   99153.9297685421     
 Abd=   561059.6    
 Catch=   32140.4630024732     
 Abd=   505788.0    
 Catch=   9767.06712545277     
 Abd=   14305.86    
 Catch=   19197.8810501702     
 Abd=   320340.4    
 Catch=   42748.2260438933     
 Abd=   221786.8    
 Catch=   3861.51642583994     
 Abd=   13242.46    
 Catch=   883.411594139775     
 Abd=   8389.736    
 Catch=   408773.992559346     
 Abd=   6822274.    
 Catch=   219076.966031857     
 Abd=   768405.2    
 Catch=   19611.9350678897     
 Abd=   327143.6    
 Catch=   427182.065822057     
 Abd=   615320.8    
 Catch=   40172.2895395556     
 Abd=   84823.60    
 Catch=                     NaN
 Abd=            NaN
 Catch=   153084.421728951     
 Abd=   89398.73    
 Catch=   5938.69537651617     
 Abd=   24909.84    
 Catch=   32442.3356100352     
 Abd=   322703.2    
 Catch=   414239.369263806     
 Abd=   6117801.    
 Catch=   500422.021750814     
 Abd=   1348430.    
 Catch=   47475.2537259193     
 Abd=   80461.61    
 Catch=   5162728.72253015     
 Abd=  5.3913344E+07
 Time step =         1827
 Catch=   47027.9458726285     
 Abd=   299355.2    
 Catch=   44078.3938602774     
 Abd=   282696.6    
 Catch=   79661.0514238401     
 Abd=   86501.23    
 Catch=   6107.55639001568     
 Abd=   101898.9    
 Catch=   22111.7363847285     
 Abd=   74321.41    
 Catch=   18.1541464971286     
 Abd=   71.36461    
 Catch=   113886.098144861     
 Abd=   240446.3    
 Catch=                     NaN
 Abd=            NaN
 Catch=   52128.4428337857     
 Abd=   870080.4    
 Catch=   54221.9267017388     
 Abd=   12319.86    
 Catch=   462622.453264802     
 Abd=   2626606.    
 Catch=   128370.280810816     
 Abd=   2142980.    
 Catch=   393.132683329194     
 Abd=   1417.000    
 Catch=   24671.8679393248     
 Abd=   358128.2    
 Catch=   115501.199282815     
 Abd=   66828.78    
 Catch=                     NaN
 Abd=            NaN
 Catch=   99153.8993729276     
 Abd=   561059.5    
 Catch=   32082.8728737021     
 Abd=   504895.0    
 Catch=   9767.06712545277     
 Abd=   14305.86    
 Catch=   19179.2059660332     
 Abd=   320032.7    
 Catch=   42748.1880857429     
 Abd=   221786.7    
 Catch=   3861.51707126601     
 Abd=   13242.46    
 Catch=   883.322955628247     
 Abd=   8388.916    
 Catch=   408531.533720747     
 Abd=   6818282.    
 Catch=   219076.411606830     
 Abd=   768403.8    
 Catch=   19578.3550634099     
 Abd=   326588.5    
 Catch=   427182.063072533     
 Abd=   615320.8    
 Catch=   40172.2956315466     
 Abd=   84823.65    
 Catch=                     NaN
 Abd=            NaN
 Catch=   153084.474478475     
 Abd=   89398.81    
 Catch=   5938.69537651617     
 Abd=   24909.84    
 Catch=   32432.9069625405     
 Abd=   322611.5    
 Catch=   413778.622148117     
 Abd=   6111065.    
 Catch=   500421.537823537     
 Abd=   1348428.    
 Catch=   47475.2274246418     
 Abd=   80461.58    
 Catch=   5161097.80376323     
 Abd=  5.3896536E+07
 Time step =         1828
 Catch=   47027.9494647371     
 Abd=   299355.3    
 Catch=   44076.4867142648     
 Abd=   282684.7    
 Catch=   79661.0622478581     
 Abd=   86501.25    
 Catch=   6099.60392041077     
 Abd=   101767.5    
 Catch=   22111.7363565099     
 Abd=   74321.41    
 Catch=   18.1541464971286     
 Abd=   71.36461    
 Catch=   113886.077672801     
 Abd=   240446.1    
 Catch=                     NaN
 Abd=            NaN
 Catch=   52107.2728751812     
 Abd=   869733.1    
 Catch=   54221.9267017388     
 Abd=   12319.86    
 Catch=   462619.195869843     
 Abd=   2626589.    
 Catch=   128359.780763455     
 Abd=   2142811.    
 Catch=   393.132683329194     
 Abd=   1417.000    
 Catch=   24651.4249327526     
 Abd=   357835.0    
 Catch=   115501.189693246     
 Abd=   66828.80    
 Catch=                     NaN
 Abd=            NaN
 Catch=   99153.8837793581     
 Abd=   561059.6    
 Catch=   32027.0451615719     
 Abd=   504029.1    
 Catch=   9767.06712545277     
 Abd=   14305.86    
 Catch=   19161.0182856947     
 Abd=   319733.0    
 Catch=   42748.1500250329     
 Abd=   221786.2    
 Catch=   3861.51623381602     
 Abd=   13242.46    
 Catch=   883.238304631804     
 Abd=   8388.133    
 Catch=   408295.910524930     
 Abd=   6814404.    
 Catch=   219075.991213565     
 Abd=   768401.9    
 Catch=   19545.4243132888     
 Abd=   326044.0    
 Catch=   427182.067835463     
 Abd=   615320.8    
 Catch=   40172.3119635633     
 Abd=   84823.66    
 Catch=                     NaN
 Abd=            NaN
 Catch=   153084.503040152     
 Abd=   89398.78    
 Catch=   5938.69537651617     
 Abd=   24909.84    
 Catch=   32423.8689470107     
 Abd=   322523.4    
 Catch=   413327.337506234     
 Abd=   6104462.    
 Catch=   500421.107284596     
 Abd=   1348428.    
 Catch=   47475.2300812014     
 Abd=   80461.62    
 Catch=   5159515.86228774     
 Abd=  5.3880304E+07
 Time step =         1829
 Catch=   47027.9414739799     
 Abd=   299355.1    
 Catch=   44074.6708749245     
 Abd=   282673.2    
 Catch=   79661.0431171831     
 Abd=   86501.20    
 Catch=   6091.81636193776     
 Abd=   101638.9    
 Catch=   22111.7363314829     
 Abd=   74321.41    
 Catch=   18.1541464971286     
 Abd=   71.36461    
 Catch=   113886.053514831     
 Abd=   240446.1    
 Catch=                     NaN
 Abd=            NaN
 Catch=   52086.7983216728     
 Abd=   869396.5    
 Catch=   54221.9267017388     
 Abd=   12319.86    
 Catch=   462616.481615791     
 Abd=   2626573.    
 Catch=   128349.816169709     
 Abd=   2142647.    
 Catch=   393.132683329194     
 Abd=   1417.000    
 Catch=   24631.4619359889     
 Abd=   357548.5    
 Catch=   115501.186635074     
 Abd=   66828.79    
 Catch=                     NaN
 Abd=            NaN
 Catch=   99153.8925333808     
 Abd=   561059.5    
 Catch=   31972.9227831793     
 Abd=   503189.8    
 Catch=   9767.06712545277     
 Abd=   14305.86    
 Catch=   19143.3020024109     
 Abd=   319441.1    
 Catch=   42748.0807885126     
 Abd=   221786.0    
 Catch=   3861.51483930525     
 Abd=   13242.46    
 Catch=   883.157826618564     
 Abd=   8387.389    
 Catch=   408066.641765383     
 Abd=   6810632.    
 Catch=   219075.528313344     
 Abd=   768400.6    
 Catch=   19513.1455597131     
 Abd=   325509.8    
 Catch=   427181.945945983     
 Abd=   615320.8    
 Catch=   40172.3242973240     
 Abd=   84823.69    
 Catch=                     NaN
 Abd=            NaN
 Catch=   153084.494977326     
 Abd=   89398.78    
 Catch=   5938.69537651617     
 Abd=   24909.84    
 Catch=   32415.1818002317     
 Abd=   322438.7    
 Catch=   412885.148179663     
 Abd=   6097998.    
 Catch=   500420.856066486     
 Abd=   1348427.    
 Catch=   47475.2458464610     
 Abd=   80461.63    
 Catch=   5157980.18988402     
 Abd=  5.3864464E+07
 Time step =         1830
 Catch=   47027.8927828249     
 Abd=   299355.0    
 Catch=   44072.9269746074     
 Abd=   282662.2    
 Catch=   79661.0142013884     
 Abd=   86501.21    
 Catch=   6084.18537173976     
 Abd=   101512.8    
 Catch=   22111.7363078431     
 Abd=   74321.41    
 Catch=   18.1541464971286     
 Abd=   71.36461    
 Catch=   113886.060517097     
 Abd=   240446.2    
 Catch=                     NaN
 Abd=            NaN
 Catch=   52066.9441706672     
 Abd=   869070.2    
 Catch=   54221.9267017388     
 Abd=   12319.86    
 Catch=   462613.873392689     
 Abd=   2626559.    
 Catch=   128340.251219441     
 Abd=   2142492.    
 Catch=   393.132683329194     
 Abd=   1417.000    
 Catch=   24611.9741558528     
 Abd=   357268.8    
 Catch=   115501.214933706     
 Abd=   66828.80    
 Catch=                     NaN
 Abd=            NaN
 Catch=   99153.8929750467     
 Abd=   561059.6    
 Catch=   31920.4623592251     
 Abd=   502376.3    
 Catch=   9767.06712545277     
 Abd=   14305.86    
 Catch=   19126.0395676827     
 Abd=   319156.6    
 Catch=   42748.0193660685     
 Abd=   221785.7    
 Catch=   3861.51442808942     
 Abd=   13242.45    
 Catch=   883.081727210572     
 Abd=   8386.682    
 Catch=   407843.723504451     
 Abd=   6806960.    
 Catch=   219075.134466814     
 Abd=   768399.1    
 Catch=   19481.4742441714     
 Abd=   324986.3    
 Catch=   427181.914398973     
 Abd=   615320.9    
 Catch=   40172.3197294001     
 Abd=   84823.69    
 Catch=                     NaN
 Abd=            NaN
 Catch=   153084.480324158     
 Abd=   89398.78    
 Catch=   5938.69537651617     
 Abd=   24909.84    
 Catch=   32406.8438030655     
 Abd=   322357.5    
 Catch=   412451.973574853     
 Abd=   6091660.    
 Catch=   500420.643255424     
 Abd=   1348426.    
 Catch=   47475.2374401203     
 Abd=   80461.61    
 Catch=   5156485.73361045     
 Abd=  5.3849112E+07
 Time step =         1831
 Catch=   47027.8901554743     
 Abd=   299354.9    
 Catch=   44071.2111815030     
 Abd=   282651.3    
 Catch=   79661.0428189191     
 Abd=   86501.21    
 Catch=   6076.71380373621     
 Abd=   101389.3    
 Catch=   22111.7362860260     
 Abd=   74321.41    
 Catch=   18.1541464971286     
 Abd=   71.36461    
 Catch=   113886.088832694     
 Abd=   240446.3    
 Catch=                     NaN
 Abd=            NaN
 Catch=   52047.7653825771     
 Abd=   868755.2    
 Catch=   54221.9267017388     
 Abd=   12319.86    
 Catch=   462611.460400055     
 Abd=   2626546.    
 Catch=   128331.236545733     
 Abd=   2142346.    
 Catch=   393.132683329194     
 Abd=   1417.000    
 Catch=   24592.9295417926     
 Abd=   356995.2    
 Catch=   115501.206950305     
 Abd=   66828.81    
 Catch=                     NaN
 Abd=            NaN
 Catch=   99153.8951039996     
 Abd=   561059.4    
 Catch=   31869.6055539509     
 Abd=   501587.5    
 Catch=   9767.06712545277     
 Abd=   14305.86    
 Catch=   19109.2127320597     
 Abd=   318879.2    
 Catch=   42747.9668113495     
 Abd=   221785.4    
 Catch=   3861.51453403018     
 Abd=   13242.46    
 Catch=   883.008961286896     
 Abd=   8386.008    
 Catch=   407627.189064527     
 Abd=   6803400.    
 Catch=   219074.735001328     
 Abd=   768398.0    
 Catch=   19450.4229640403     
 Abd=   324472.9    
 Catch=   427182.090907054     
 Abd=   615320.8    
 Catch=   40172.2979969152     
 Abd=   84823.59    
 Catch=                     NaN
 Abd=            NaN
 Catch=   153084.508545251     
 Abd=   89398.80    
 Catch=   5938.69537651617     
 Abd=   24909.84    
 Catch=   32398.8540694455     
 Abd=   322279.6    
 Catch=   412027.518341805     
 Abd=   6085452.    
 Catch=   500420.362430121     
 Abd=   1348426.    
 Catch=   47475.2410383925     
 Abd=   80461.64    
 Catch=   5155039.11730886     
 Abd=  5.3834216E+07
 Time step =         1832
 Catch=   47027.8746770878     
 Abd=   299354.8    
 Catch=   44069.5597367567     
 Abd=   282640.9    
 Catch=   79661.0068404883     
 Abd=   86501.18    
 Catch=   6069.39361618171     
 Abd=   101268.4    
 Catch=   22111.7362655225     
 Abd=   74321.41    
 Catch=   18.1541464971286     
 Abd=   71.36461    
 Catch=   113886.097665257     
 Abd=   240446.3    
 Catch=                     NaN
 Abd=            NaN
 Catch=   52029.1770165261     
 Abd=   868449.9    
 Catch=   54221.9267017388     
 Abd=   12319.86    
 Catch=   462609.362752204     
 Abd=   2626535.    
 Catch=   128322.698973722     
 Abd=   2142207.    
 Catch=   393.132683329194     
 Abd=   1417.000    
 Catch=   24574.3130548636     
 Abd=   356728.1    
 Catch=   115501.235871397     
 Abd=   66828.81    
 Catch=                     NaN
 Abd=            NaN
 Catch=   99153.8554413517     
 Abd=   561059.4    
 Catch=   31820.2857851808     
 Abd=   500822.6    
 Catch=   9767.06712545277     
 Abd=   14305.86    
 Catch=   19092.8046317841     
 Abd=   318608.7    
 Catch=   42747.9099535447     
 Abd=   221785.2    
 Catch=   3861.51508407335     
 Abd=   13242.46    
 Catch=   882.939401043511     
 Abd=   8385.361    
 Catch=   407416.642185713     
 Abd=   6799932.    
 Catch=   219074.418598984     
 Abd=   768396.8    
 Catch=   19419.9681051018     
 Abd=   323969.6    
 Catch=   427182.026245586     
 Abd=   615320.9    
 Catch=   40172.2931936701     
 Abd=   84823.62    
 Catch=                     NaN
 Abd=            NaN
 Catch=   153084.496591344     
 Abd=   89398.77    
 Catch=   5938.69537651617     
 Abd=   24909.84    
 Catch=   32391.1749627018     
 Abd=   322204.8    
 Catch=   411611.559218922     
 Abd=   6079366.    
 Catch=   500420.096072550     
 Abd=   1348424.    
 Catch=   47475.2509615645     
 Abd=   80461.62    
 Catch=   5153631.91885968     
 Abd=  5.3819688E+07
 Time step =         1833
 Catch=   47027.8415824119     
 Abd=   299354.6    
 Catch=   44067.9372378057     
 Abd=   282630.6    
 Catch=   79661.0132219891     
 Abd=   86501.19    
 Catch=   6062.22265339911     
 Abd=   101149.9    
 Catch=   22111.7362455423     
 Abd=   74321.41    
 Catch=   18.1541464971286     
 Abd=   71.36461    
 Catch=   113886.115226121     
 Abd=   240446.2    
 Catch=                     NaN
 Abd=            NaN
 Catch=   52011.1446093298     
 Abd=   868153.0    
 Catch=   54221.9267017388     
 Abd=   12319.86    
 Catch=   462607.445470811     
 Abd=   2626524.    
 Catch=   128314.576648515     
 Abd=   2142074.    
 Catch=   393.132683329194     
 Abd=   1417.000    
 Catch=   24556.1095701949     
 Abd=   356466.6    
 Catch=   115501.248658743     
 Abd=   66828.81    
 Catch=                     NaN
 Abd=            NaN
 Catch=   99153.8809738038     
 Abd=   561059.4    
 Catch=   31772.4803288798     
 Abd=   500081.4    
 Catch=   9767.06712545277     
 Abd=   14305.86    
 Catch=   19076.8049361885     
 Abd=   318344.9    
 Catch=   42747.8640569751     
 Abd=   221784.9    
 Catch=   3861.51545507230     
 Abd=   13242.46    
 Catch=   882.872610915265     
 Abd=   8384.741    
 Catch=   407212.239646489     
 Abd=   6796569.    
 Catch=   219074.053045648     
 Abd=   768395.5    
 Catch=   19390.1075135075     
 Abd=   323475.8    
 Catch=   427182.084064584     
 Abd=   615320.9    
 Catch=   40172.3017175413     
 Abd=   84823.62    
 Catch=                     NaN
 Abd=            NaN
 Catch=   153084.431411561     
 Abd=   89398.76    
 Catch=   5938.69537651617     
 Abd=   24909.84    
 Catch=   32383.8202709707     
 Abd=   322133.2    
 Catch=   411203.898963561     
 Abd=   6073402.    
 Catch=   500419.654471522     
 Abd=   1348424.    
 Catch=   47475.2467958941     
 Abd=   80461.64    
 Catch=   5152261.98838715     
 Abd=  5.3805588E+07
 Time step =         1834
 Catch=   47027.8105400978     
 Abd=   299354.4    
 Catch=   44066.3448686333     
 Abd=   282620.6    
 Catch=   79661.0387751891     
 Abd=   86501.24    
 Catch=   6055.19892291941     
 Abd=   101033.8    
 Catch=   22111.7362274708     
 Abd=   74321.41    
 Catch=   18.1541464971286     
 Abd=   71.36461    
 Catch=   113886.082490669     
 Abd=   240446.2    
 Catch=                     NaN
 Abd=            NaN
 Catch=   51993.6609097962     
 Abd=   867866.4    
 Catch=   54221.9267017388     
 Abd=   12319.86    
 Catch=   462605.354930797     
 Abd=   2626512.    
 Catch=   128306.856508368     
 Abd=   2141949.    
 Catch=   393.132683329194     
 Abd=   1417.000    
 Catch=   24538.3101172629     
 Abd=   356211.2    
 Catch=   115501.208716585     
 Abd=   66828.80    
 Catch=                     NaN
 Abd=            NaN
 Catch=   99153.8642983816     
 Abd=   561059.4    
 Catch=   31726.1294146524     
 Abd=   499362.5    
 Catch=   9767.06712545277     
 Abd=   14305.86    
 Catch=   19061.1976335610     
 Abd=   318087.5    
 Catch=   42747.8148124844     
 Abd=   221784.7    
 Catch=   3861.51496113349     
 Abd=   13242.46    
 Catch=   882.808959649318     
 Abd=   8384.149    
 Catch=   407013.161279822     
 Abd=   6793288.    
 Catch=   219073.770233794     
 Abd=   768394.5    
 Catch=   19360.8342228193     
 Abd=   322992.3    
 Catch=   427182.124757574     
 Abd=   615320.8    
 Catch=   40172.2938417946     
 Abd=   84823.64    
 Catch=                     NaN
 Abd=            NaN
 Catch=   153084.467039099     
 Abd=   89398.75    
 Catch=   5938.69537651617     
 Abd=   24909.84    
 Catch=   32376.7697155675     
 Abd=   322064.5    
 Catch=   410804.275737883     
 Abd=   6067554.    
 Catch=   500419.622668958     
 Abd=   1348424.    
 Catch=   47475.2529079596     
 Abd=   80461.66    
 Catch=   5150931.48170213     
 Abd=  5.3791920E+07
 Time step =         1835
 Catch=   47027.7718525744     
 Abd=   299354.1    
 Catch=   44064.7955577618     
 Abd=   282610.8    
 Catch=   79661.0499024481     
 Abd=   86501.23    
 Catch=   6048.30892536926     
 Abd=   100919.9    
 Catch=   22111.7362102941     
 Abd=   74321.41    
 Catch=   18.1541464971286     
 Abd=   71.36461    
 Catch=   113886.086433503     
 Abd=   240446.2    
 Catch=                     NaN
 Abd=            NaN
 Catch=   51976.7365591474     
 Abd=   867587.5    
 Catch=   54221.9267017388     
 Abd=   12319.86    
 Catch=   462603.196047191     
 Abd=   2626499.    
 Catch=   128299.532908450     
 Abd=   2141829.    
 Catch=   393.132683329194     
 Abd=   1417.000    
 Catch=   24520.9043555503     
 Abd=   355961.2    
 Catch=   115501.193818778     
 Abd=   66828.80    
 Catch=                     NaN
 Abd=            NaN
 Catch=   99153.8445381277     
 Abd=   561059.1    
 Catch=   31681.1908574013     
 Abd=   498665.7    
 Catch=   9767.06712545277     
 Abd=   14305.86    
 Catch=   19045.9670576614     
 Abd=   317836.7    
 Catch=   42747.7938667439     
 Abd=   221784.6    
 Catch=   3861.51444024224     
 Abd=   13242.46    
 Catch=   882.747836580205     
 Abd=   8383.583    
 Catch=   406819.604054825     
 Abd=   6790105.    
 Catch=   219073.354455000     
 Abd=   768392.9    
 Catch=   19332.1498123969     
 Abd=   322518.0    
 Catch=   427181.956292363     
 Abd=   615320.8    
 Catch=   40172.3137962475     
 Abd=   84823.66    
 Catch=                     NaN
 Abd=            NaN
 Catch=   153084.427030211     
 Abd=   89398.72    
 Catch=   5938.69537651617     
 Abd=   24909.84    
 Catch=   32370.0116752298     
 Abd=   321998.7    
 Catch=   410412.345776209     
 Abd=   6061820.    
 Catch=   500419.223852785     
 Abd=   1348422.    
 Catch=   47475.2497348503     
 Abd=   80461.67    
 Catch=   5149641.11514074     
 Abd=  5.3778628E+07
 Time step =         1836
 Catch=   47027.7448303057     
 Abd=   299354.1    
 Catch=   44063.2944661089     
 Abd=   282601.3    
 Catch=   79661.0449839313     
 Abd=   86501.24    
 Catch=   6041.55792235165     
 Abd=   100808.4    
 Catch=   22111.7361939108     
 Abd=   74321.41    
 Catch=   18.1541464971286     
 Abd=   71.36461    
 Catch=   113886.082265204     
 Abd=   240446.2    
 Catch=                     NaN
 Abd=            NaN
 Catch=   51960.3015696574     
 Abd=   867317.4    
 Catch=   54221.9267017388     
 Abd=   12319.86    
 Catch=   462601.227322239     
 Abd=   2626489.    
 Catch=   128292.473028731     
 Abd=   2141714.    
 Catch=   393.132683329194     
 Abd=   1417.000    
 Catch=   24503.8641609135     
 Abd=   355716.2    
 Catch=   115501.203006097     
 Abd=   66828.80    
 Catch=                     NaN
 Abd=            NaN
 Catch=   99153.7878339705     
 Abd=   561058.9    
 Catch=   31637.6458978148     
 Abd=   497990.4    
 Catch=   9767.06712545277     
 Abd=   14305.86    
 Catch=   19031.1253649228     
 Abd=   317591.8    
 Catch=   42747.7625979074     
 Abd=   221784.4    
 Catch=   3861.51423722219     
 Abd=   13242.45    
 Catch=   882.689187151101     
 Abd=   8383.033    
 Catch=   406631.563104432     
 Abd=   6787010.    
 Catch=   219072.912499780     
 Abd=   768391.6    
 Catch=   19304.0179200095     
 Abd=   322052.9    
 Catch=   427181.920703481     
 Abd=   615320.4    
 Catch=   40172.3104421645     
 Abd=   84823.61    
 Catch=                     NaN
 Abd=            NaN
 Catch=   153084.442457626     
 Abd=   89398.77    
 Catch=   5938.69537651617     
 Abd=   24909.84    
 Catch=   32363.5166474974     
 Abd=   321935.2    
 Catch=   410028.087642204     
 Abd=   6056197.    
 Catch=   500418.994797662     
 Abd=   1348422.    
 Catch=   47475.2524458534     
 Abd=   80461.62    
 Catch=   5148386.70881708     
 Abd=  5.3765696E+07
 Time step =         1837
 Catch=   47027.7438422556     
 Abd=   299354.1    
 Catch=   44061.8318773582     
 Abd=   282592.0    
 Catch=   79661.0430620149     
 Abd=   86501.24    
 Catch=   6034.94686677470     
 Abd=   100699.1    
 Catch=   22111.7361811047     
 Abd=   74321.41    
 Catch=   18.1541464971286     
 Abd=   71.36461    
 Catch=   113886.085037272     
 Abd=   240446.3    
 Catch=                     NaN
 Abd=            NaN
 Catch=   51944.3730520096     
 Abd=   867055.9    
 Catch=   54221.9267017388     
 Abd=   12319.86    
 Catch=   462599.377943807     
 Abd=   2626479.    
 Catch=   128285.731357838     
 Abd=   2141605.    
 Catch=   393.132683329194     
 Abd=   1417.000    
 Catch=   24487.2021799971     
 Abd=   355477.1    
 Catch=   115501.210653482     
 Abd=   66828.82    
 Catch=                     NaN
 Abd=            NaN
 Catch=   99153.8000001309     
 Abd=   561059.0    
 Catch=   31595.4410609914     
 Abd=   497336.1    
 Catch=   9767.06712545277     
 Abd=   14305.86    
 Catch=   19016.6439811404     
 Abd=   317353.1    
 Catch=   42747.7226589594     
 Abd=   221784.2    
 Catch=   3861.51323729659     
 Abd=   13242.45    
 Catch=   882.632622179638     
 Abd=   8382.510    
 Catch=   406448.583283889     
 Abd=   6783995.    
 Catch=   219072.586191465     
 Abd=   768390.6    
 Catch=   19276.4387396583     
 Abd=   321596.9    
 Catch=   427181.722934303     
 Abd=   615320.5    
 Catch=   40172.2879345192     
 Abd=   84823.62    
 Catch=                     NaN
 Abd=            NaN
 Catch=   153084.462737691     
 Abd=   89398.78    
 Catch=   5938.69537651617     
 Abd=   24909.84    
 Catch=   32357.2753314013     
 Abd=   321874.7    
 Catch=   409651.359511818     
 Abd=   6050686.    
 Catch=   500418.935149023     
 Abd=   1348422.    
 Catch=   47475.2437255398     
 Abd=   80461.62    
 Catch=   5147166.96301357     
 Abd=  5.3753128E+07
 Time step =         1838
 Catch=   47027.7468777271     
 Abd=   299354.1    
 Catch=   44060.3946145639     
 Abd=   282582.9    
 Catch=   79661.0591647754     
 Abd=   86501.24    
 Catch=   6028.46316680704     
 Abd=   100591.9    
 Catch=   22111.7361692459     
 Abd=   74321.41    
 Catch=   18.1541464971286     
 Abd=   71.36461    
 Catch=   113886.113934150     
 Abd=   240446.3    
 Catch=                     NaN
 Abd=            NaN
 Catch=   51928.9438913620     
 Abd=   866802.5    
 Catch=   54221.9267017388     
 Abd=   12319.86    
 Catch=   462597.607897196     
 Abd=   2626470.    
 Catch=   128279.375959598     
 Abd=   2141501.    
 Catch=   393.132683329194     
 Abd=   1417.000    
 Catch=   24470.9141061651     
 Abd=   355243.4    
 Catch=   115501.246710144     
 Abd=   66828.81    
 Catch=                     NaN
 Abd=            NaN
 Catch=   99153.8034665347     
 Abd=   561058.9    
 Catch=   31554.5338596365     
 Abd=   496701.7    
 Catch=   9767.06712545277     
 Abd=   14305.86    
 Catch=   19002.5181973903     
 Abd=   317120.1    
 Catch=   42747.6667291969     
 Abd=   221783.8    
 Catch=   3861.51303641060     
 Abd=   13242.45    
 Catch=   882.579496672694     
 Abd=   8382.021    
 Catch=   406270.353576851     
 Abd=   6781061.    
 Catch=   219072.314777819     
 Abd=   768389.6    
 Catch=   19249.3779890859     
 Abd=   321149.4    
 Catch=   427181.994008275     
 Abd=   615320.9    
 Catch=   40172.2936546139     
 Abd=   84823.59    
 Catch=                     NaN
 Abd=            NaN
 Catch=   153084.454992245     
 Abd=   89398.75    
 Catch=   5938.69537651617     
 Abd=   24909.84    
 Catch=   32351.3166754171     
 Abd=   321816.4    
 Catch=   409282.009389430     
 Abd=   6045281.    
 Catch=   500419.023067210     
 Abd=   1348422.    
 Catch=   47475.2509884433     
 Abd=   80461.65    
 Catch=   5145979.05519826     
 Abd=  5.3740912E+07
 Time step =         1839
 Catch=   47027.7456826232     
 Abd=   299354.1    
 Catch=   44058.9937025897     
 Abd=   282573.9    
 Catch=   79661.0413004509     
 Abd=   86501.23    
 Catch=   6022.10202708002     
 Abd=   100486.8    
 Catch=   22111.7361579922     
 Abd=   74321.41    
 Catch=   18.1541464971286     
 Abd=   71.36461    
 Catch=   113886.093466980     
 Abd=   240446.2    
 Catch=                     NaN
 Abd=            NaN
 Catch=   51913.9554251843     
 Abd=   866555.9    
 Catch=   54221.9267017388     
 Abd=   12319.86    
 Catch=   462596.360428001     
 Abd=   2626462.    
 Catch=   128273.295896713     
 Abd=   2141402.    
 Catch=   393.132683329194     
 Abd=   1417.000    
 Catch=   24454.9891257433     
 Abd=   355014.5    
 Catch=   115501.231859522     
 Abd=   66828.81    
 Catch=                     NaN
 Abd=            NaN
 Catch=   99153.8296709860     
 Abd=   561059.2    
 Catch=   31514.8782311416     
 Abd=   496086.9    
 Catch=   9767.06712545277     
 Abd=   14305.86    
 Catch=   18988.7352127377     
 Abd=   316892.8    
 Catch=   42747.6198441322     
 Abd=   221783.7    
 Catch=   3861.51351556253     
 Abd=   13242.45    
 Catch=   882.529007822980     
 Abd=   8381.551    
 Catch=   406096.802257478     
 Abd=   6778199.    
 Catch=   219071.968501474     
 Abd=   768388.2    
 Catch=   19222.8192244439     
 Abd=   320709.2    
 Catch=   427182.005684106     
 Abd=   615320.8    
 Catch=   40172.2963424252     
 Abd=   84823.61    
 Catch=                     NaN
 Abd=            NaN
 Catch=   153084.435259682     
 Abd=   89398.75    
 Catch=   5938.69537651617     
 Abd=   24909.84    
 Catch=   32345.5797364733     
 Abd=   321760.6    
 Catch=   408919.630255274     
 Abd=   6039975.    
 Catch=   500418.848071132     
 Abd=   1348422.    
 Catch=   47475.2459710145     
 Abd=   80461.61    
 Catch=   5144827.40301702     
 Abd=  5.3729048E+07
 Time step =         1840
 Catch=   47027.7596899959     
 Abd=   299354.2    
 Catch=   44057.6207430663     
 Abd=   282565.2    
 Catch=   79661.0513974565     
 Abd=   86501.21    
 Catch=   6015.86549251313     
 Abd=   100383.6    
 Catch=   22111.7361477015     
 Abd=   74321.41    
 Catch=   18.1541464971286     
 Abd=   71.36461    
 Catch=   113886.084527465     
 Abd=   240446.2    
 Catch=                     NaN
 Abd=            NaN
 Catch=   51899.4565786121     
 Abd=   866317.6    
 Catch=   54221.9267017388     
 Abd=   12319.86    
 Catch=   462594.959751526     
 Abd=   2626454.    
 Catch=   128267.535724225     
 Abd=   2141308.    
 Catch=   393.132683329194     
 Abd=   1417.000    
 Catch=   24439.4125620503     
 Abd=   354790.6    
 Catch=   115501.203812784     
 Abd=   66828.80    
 Catch=                     NaN
 Abd=            NaN
 Catch=   99153.8361113083     
 Abd=   561059.4    
 Catch=   31476.4404808041     
 Abd=   495490.8    
 Catch=   9767.06712545277     
 Abd=   14305.86    
 Catch=   18975.2822938128     
 Abd=   316671.1    
 Catch=   42747.5815528590     
 Abd=   221783.4    
 Catch=   3861.51217594498     
 Abd=   13242.45    
 Catch=   882.479974215340     
 Abd=   8381.089    
 Catch=   405927.703803938     
 Abd=   6775420.    
 Catch=   219071.504407532     
 Abd=   768386.8    
 Catch=   19196.6932359133     
 Abd=   320277.1    
 Catch=   427181.959676782     
 Abd=   615320.6    
 Catch=   40172.2836769528     
 Abd=   84823.60    
 Catch=                     NaN
 Abd=            NaN
 Catch=   153084.416696794     
 Abd=   89398.75    
 Catch=   5938.69537651617     
 Abd=   24909.84    
 Catch=   32340.0785726510     
 Abd=   321706.9    
 Catch=   408564.133445493     
 Abd=   6034774.    
 Catch=   500418.757048303     
 Abd=   1348421.    
 Catch=   47475.2413129465     
 Abd=   80461.62    
 Catch=   5143707.13164153     
 Abd=  5.3717508E+07
 Time step =         1841
 Catch=   47027.7696878812     
 Abd=   299354.4    
 Catch=   44056.2807527076     
 Abd=   282556.8    
 Catch=   79661.0084374907     
 Abd=   86501.21    
 Catch=   6009.74939590759     
 Abd=   100282.5    
 Catch=   22111.7361379726     
 Abd=   74321.41    
 Catch=   18.1541464971286     
 Abd=   71.36461    
 Catch=   113886.095585203     
 Abd=   240446.3    
 Catch=                     NaN
 Abd=            NaN
 Catch=   51885.3893617779     
 Abd=   866086.2    
 Catch=   54221.9267017388     
 Abd=   12319.86    
 Catch=   462593.579372450     
 Abd=   2626447.    
 Catch=   128261.976133400     
 Abd=   2141217.    
 Catch=   393.132683329194     
 Abd=   1417.000    
 Catch=   24424.1387328800     
 Abd=   354571.2    
 Catch=   115501.197606304     
 Abd=   66828.80    
 Catch=                     NaN
 Abd=            NaN
 Catch=   99153.8548005223     
 Abd=   561059.1    
 Catch=   31439.1863141611     
 Abd=   494913.2    
 Catch=   9767.06712545277     
 Abd=   14305.86    
 Catch=   18962.1639309129     
 Abd=   316454.8    
 Catch=   42747.5571694252     
 Abd=   221783.4    
 Catch=   3861.51244599148     
 Abd=   13242.45    
 Catch=   882.432853139028     
 Abd=   8380.657    
 Catch=   405764.043725490     
 Abd=   6772725.    
 Catch=   219071.193113636     
 Abd=   768385.6    
 Catch=   19171.0472520247     
 Abd=   319852.9    
 Catch=   427181.994672331     
 Abd=   615320.8    
 Catch=   40172.2859276685     
 Abd=   84823.60    
 Catch=                     NaN
 Abd=            NaN
 Catch=   153084.440013189     
 Abd=   89398.73    
 Catch=   5938.69537651617     
 Abd=   24909.84    
 Catch=   32334.8001940281     
 Abd=   321655.4    
 Catch=   408215.590211500     
 Abd=   6029672.    
 Catch=   500418.433539342     
 Abd=   1348420.    
 Catch=   47475.2452061625     
 Abd=   80461.64    
 Catch=   5142618.27503024     
 Abd=  5.3706332E+07
 Time step =         1842
 Catch=   47027.8171287725     
 Abd=   299354.5    
 Catch=   44054.9803363458     
 Abd=   282548.6    
 Catch=   79661.0427328626     
 Abd=   86501.23    
 Catch=   6003.75109158129     
 Abd=   100183.4    
 Catch=   22111.7361286897     
 Abd=   74321.41    
 Catch=   18.1541464971286     
 Abd=   71.36461    
 Catch=   113886.120827909     
 Abd=   240446.4    
 Catch=                     NaN
 Abd=            NaN
 Catch=   51871.7171722942     
 Abd=   865861.4    
 Catch=   54221.9267017388     
 Abd=   12319.86    
 Catch=   462592.200713925     
 Abd=   2626438.    
 Catch=   128256.741597547     
 Abd=   2141132.    
 Catch=   393.132683329194     
 Abd=   1417.000    
 Catch=   24409.2016999799     
 Abd=   354356.9    
 Catch=   115501.207852645     
 Abd=   66828.78    
 Catch=                     NaN
 Abd=            NaN
 Catch=   99153.8216855633     
 Abd=   561059.1    
 Catch=   31403.0922221269     
 Abd=   494353.5    
 Catch=   9767.06712545277     
 Abd=   14305.86    
 Catch=   18949.3556703129     
 Abd=   316243.4    
 Catch=   42747.5217052557     
 Abd=   221783.2    
 Catch=   3861.51317251900     
 Abd=   13242.45    
 Catch=   882.388077549120     
 Abd=   8380.239    
 Catch=   405604.465814979     
 Abd=   6770092.    
 Catch=   219070.792385000     
 Abd=   768384.1    
 Catch=   19145.8876617695     
 Abd=   319436.9    
 Catch=   427181.966711730     
 Abd=   615320.6    
 Catch=   40172.3022846072     
 Abd=   84823.65    
 Catch=                     NaN
 Abd=            NaN
 Catch=   153084.423483501     
 Abd=   89398.77    
 Catch=   5938.69537651617     
 Abd=   24909.84    
 Catch=   32329.7327842355     
 Abd=   321605.2    
 Catch=   407873.428887858     
 Abd=   6024663.    
 Catch=   500418.249273634     
 Abd=   1348420.    
 Catch=   47475.2411433825     
 Abd=   80461.58    
 Catch=   5141559.49025138     
 Abd=  5.3695392E+07
 Time step =         1843
 Catch=   47027.8068492058     
 Abd=   299354.4    
 Catch=   44053.7278960789     
 Abd=   282540.7    
 Catch=   79661.0427498655     
 Abd=   86501.23    
 Catch=   5997.86920986696     
 Abd=   100086.1    
 Catch=   22111.7361200810     
 Abd=   74321.41    
 Catch=   18.1541464971286     
 Abd=   71.36461    
 Catch=   113886.157232941     
 Abd=   240446.4    
 Catch=                     NaN
 Abd=            NaN
 Catch=   51858.4318144857     
 Abd=   865642.5    
 Catch=   54221.9267017388     
 Abd=   12319.86    
 Catch=   462590.813536447     
 Abd=   2626432.    
 Catch=   128251.706832341     
 Abd=   2141050.    
 Catch=   393.132683329194     
 Abd=   1417.000    
 Catch=   24394.6055074104     
 Abd=   354147.2    
 Catch=   115501.211651264     
 Abd=   66828.81    
 Catch=                     NaN
 Abd=            NaN
 Catch=   99153.8178982291     
 Abd=   561058.9    
 Catch=   31368.1107414904     
 Abd=   493811.1    
 Catch=   9767.06712545277     
 Abd=   14305.86    
 Catch=   18936.8490367897     
 Abd=   316037.2    
 Catch=   42747.4930739129     
 Abd=   221783.0    
 Catch=   3861.51421918911     
 Abd=   13242.46    
 Catch=   882.344825857138     
 Abd=   8379.836    
 Catch=   405448.947877215     
 Abd=   6767534.    
 Catch=   219070.401979923     
 Abd=   768382.8    
 Catch=   19121.1960083876     
 Abd=   319028.7    
 Catch=   427181.891499774     
 Abd=   615320.6    
 Catch=   40172.3055210901     
 Abd=   84823.62    
 Catch=                     NaN
 Abd=            NaN
 Catch=   153084.457198608     
 Abd=   89398.77    
 Catch=   5938.69537651617     
 Abd=   24909.84    
 Catch=   32324.7946998154     
 Abd=   321557.1    
 Catch=   407537.704327362     
 Abd=   6019751.    
 Catch=   500418.015828771     
 Abd=   1348419.    
 Catch=   47475.2244143680     
 Abd=   80461.62    
 Catch=   5140527.66412668     
 Abd=  5.3684768E+07
 Time step =         1844
 Catch=   47027.7978173658     
 Abd=   299354.4    
 Catch=   44052.4860688041     
 Abd=   282532.8    
 Catch=   79661.0416909387     
 Abd=   86501.20    
 Catch=   5992.10114464871     
 Abd=   99990.78    
 Catch=   22111.7361122895     
 Abd=   74321.41    
 Catch=   18.1541464971286     
 Abd=   71.36461    
 Catch=   113886.129548064     
 Abd=   240446.3    
 Catch=                     NaN
 Abd=            NaN
 Catch=   51845.5598112264     
 Abd=   865431.2    
 Catch=   54221.9267017388     
 Abd=   12319.86    
 Catch=   462589.923697896     
 Abd=   2626427.    
 Catch=   128247.003035082     
 Abd=   2140974.    
 Catch=   393.132683329194     
 Abd=   1417.000    
 Catch=   24380.3045613239     
 Abd=   353941.5    
 Catch=   115501.220175109     
 Abd=   66828.80    
 Catch=                     NaN
 Abd=            NaN
 Catch=   99153.7853360809     
 Abd=   561058.8    
 Catch=   31334.2090020124     
 Abd=   493285.5    
 Catch=   9767.06712545277     
 Abd=   14305.86    
 Catch=   18924.6509739328     
 Abd=   315836.0    
 Catch=   42747.4882006556     
 Abd=   221783.0    
 Catch=   3861.51447866304     
 Abd=   13242.46    
 Catch=   882.303402524293     
 Abd=   8379.453    
 Catch=   405297.567326250     
 Abd=   6765036.    
 Catch=   219070.098334213     
 Abd=   768381.6    
 Catch=   19096.9734452594     
 Abd=   318627.9    
 Catch=   427181.954162018     
 Abd=   615320.8    
 Catch=   40172.2930155324     
 Abd=   84823.61    
 Catch=                     NaN
 Abd=            NaN
 Catch=   153084.419355090     
 Abd=   89398.73    
 Catch=   5938.69537651617     
 Abd=   24909.84    
 Catch=   32320.0526240895     
 Abd=   321511.0    
 Catch=   407208.466290635     
 Abd=   6014933.    
 Catch=   500417.634337882     
 Abd=   1348418.    
 Catch=   47475.2401174423     
 Abd=   80461.61    
 Catch=   5139521.88934331     
 Abd=  5.3674396E+07
 Time step =         1845
 Catch=   47027.7820808925     
 Abd=   299354.3    
 Catch=   44051.2813132948     
 Abd=   282525.1    
 Catch=   79661.0284036980     
 Abd=   86501.24    
 Catch=   5986.44380056154     
 Abd=   99897.20    
 Catch=   22111.7361043797     
 Abd=   74321.41    
 Catch=   18.1541464971286     
 Abd=   71.36461    
 Catch=   113886.098739416     
 Abd=   240446.3    
 Catch=                     NaN
 Abd=            NaN
 Catch=   51833.0839234190     
 Abd=   865226.2    
 Catch=   54221.9267017388     
 Abd=   12319.86    
 Catch=   462589.008348547     
 Abd=   2626422.    
 Catch=   128242.519335691     
 Abd=   2140900.    
 Catch=   393.132683329194     
 Abd=   1417.000    
 Catch=   24366.2792257128     
 Abd=   353739.9    
 Catch=   115501.195421801     
 Abd=   66828.80    
 Catch=                     NaN
 Abd=            NaN
 Catch=   99153.7413922417     
 Abd=   561058.6    
 Catch=   31301.3696493376     
 Abd=   492776.5    
 Catch=   9767.06712545277     
 Abd=   14305.86    
 Catch=   18912.7403857957     
 Abd=   315639.5    
 Catch=   42747.4688793196     
 Abd=   221782.9    
 Catch=   3861.51487596822     
 Abd=   13242.46    
 Catch=   882.263695330536     
 Abd=   8379.080    
 Catch=   405149.969233834     
 Abd=   6762607.    
 Catch=   219069.787842743     
 Abd=   768380.8    
 Catch=   19073.1852586270     
 Abd=   318234.7    
 Catch=   427181.989141775     
 Abd=   615320.7    
 Catch=   40172.2914232586     
 Abd=   84823.62    
 Catch=                     NaN
 Abd=            NaN
 Catch=   153084.427715798     
 Abd=   89398.73    
 Catch=   5938.69537651617     
 Abd=   24909.84    
 Catch=   32315.5116162192     
 Abd=   321466.7    
 Catch=   406885.187934919     
 Abd=   6010197.    
 Catch=   500417.665778544     
 Abd=   1348418.    
 Catch=   47475.2462436235     
 Abd=   80461.61    
 Catch=   5138541.49072325     
 Abd=  5.3664288E+07
 Time step =         1846
 Catch=   47027.7478847624     
 Abd=   299354.0    
 Catch=   44050.1225014982     
 Abd=   282517.9    
 Catch=   79661.0502003607     
 Abd=   86501.22    
 Catch=   5980.88834719492     
 Abd=   99805.27    
 Catch=   22111.7360971920     
 Abd=   74321.41    
 Catch=   18.1541464971286     
 Abd=   71.36461    
 Catch=   113886.129343583     
 Abd=   240446.4    
 Catch=                     NaN
 Abd=            NaN
 Catch=   51820.9940675116     
 Abd=   865027.7    
 Catch=   54221.9267017388     
 Abd=   12319.86    
 Catch=   462588.151538106     
 Abd=   2626416.    
 Catch=   128238.208985199     
 Abd=   2140831.    
 Catch=   393.132683329194     
 Abd=   1417.000    
 Catch=   24352.5252097994     
 Abd=   353542.3    
 Catch=   115501.215419754     
 Abd=   66828.81    
 Catch=                     NaN
 Abd=            NaN
 Catch=   99153.7110693278     
 Abd=   561058.3    
 Catch=   31269.5513378095     
 Abd=   492283.0    
 Catch=   9767.06712545277     
 Abd=   14305.86    
 Catch=   18901.1047615612     
 Abd=   315447.4    
 Catch=   42747.4355491576     
 Abd=   221782.7    
 Catch=   3861.51475872303     
 Abd=   13242.46    
 Catch=   882.225630598301     
 Abd=   8378.726    
 Catch=   405006.501666378     
 Abd=   6760243.    
 Catch=   219069.602861440     
 Abd=   768379.8    
 Catch=   19049.8492490517     
 Abd=   317848.3    
 Catch=   427182.070499279     
 Abd=   615320.8    
 Catch=   40172.2845582750     
 Abd=   84823.61    
 Catch=                     NaN
 Abd=            NaN
 Catch=   153084.449958978     
 Abd=   89398.78    
 Catch=   5938.69537651617     
 Abd=   24909.84    
 Catch=   32311.1585205840     
 Abd=   321424.3    
 Catch=   406567.802633427     
 Abd=   6005549.    
 Catch=   500417.503543856     
 Abd=   1348418.    
 Catch=   47475.2351101756     
 Abd=   80461.61    
 Catch=   5137585.84569102     
 Abd=  5.3654452E+07
 Time step =         1847
 Catch=   47027.7412620651     
 Abd=   299353.9    
 Catch=   44048.9798481579     
 Abd=   282510.3    
 Catch=   79661.0461935078     
 Abd=   86501.24    
 Catch=   5975.42942629693     
 Abd=   99714.92    
 Catch=   22111.7360905479     
 Abd=   74321.41    
 Catch=   18.1541464971286     
 Abd=   71.36461    
 Catch=   113886.168440228     
 Abd=   240446.4    
 Catch=                     NaN
 Abd=            NaN
 Catch=   51809.2644828369     
 Abd=   864834.4    
 Catch=   54221.9267017388     
 Abd=   12319.86    
 Catch=   462587.245228690     
 Abd=   2626413.    
 Catch=   128234.117669417     
 Abd=   2140764.    
 Catch=   393.132683329194     
 Abd=   1417.000    
 Catch=   24339.1025178752     
 Abd=   353349.7    
 Catch=   115501.240629216     
 Abd=   66828.82    
 Catch=                     NaN
 Abd=            NaN
 Catch=   99153.7093826110     
 Abd=   561058.8    
 Catch=   31238.7071416541     
 Abd=   491804.8    
 Catch=   9767.06712545277     
 Abd=   14305.86    
 Catch=   18889.7443905181     
 Abd=   315260.2    
 Catch=   42747.4086125559     
 Abd=   221782.6    
 Catch=   3861.51435432042     
 Abd=   13242.46    
 Catch=   882.188803650851     
 Abd=   8378.387    
 Catch=   404866.881211533     
 Abd=   6757945.    
 Catch=   219069.359662400     
 Abd=   768379.2    
 Catch=   19026.9006083845     
 Abd=   317468.6    
 Catch=   427181.966299997     
 Abd=   615320.6    
 Catch=   40172.2954443170     
 Abd=   84823.63    
 Catch=                     NaN
 Abd=            NaN
 Catch=   153084.469607511     
 Abd=   89398.78    
 Catch=   5938.69537651617     
 Abd=   24909.84    
 Catch=   32306.9934827995     
 Abd=   321383.8    
 Catch=   406256.121667217     
 Abd=   6000988.    
 Catch=   500417.475111869     
 Abd=   1348418.    
 Catch=   47475.2230362164     
 Abd=   80461.58    
 Catch=   5136663.78655740     
 Abd=  5.3644968E+07
 Time step =         1848
 Catch=   47027.7309219518     
 Abd=   299353.9    
 Catch=   44047.8175230959     
 Abd=   282503.0    
 Catch=   79661.0511870309     
 Abd=   86501.23    
 Catch=   5970.06256146503     
 Abd=   99626.09    
 Catch=   22111.7360836808     
 Abd=   74321.41    
 Catch=   18.1541464971286     
 Abd=   71.36461    
 Catch=   113886.163658602     
 Abd=   240446.4    
 Catch=                     NaN
 Abd=            NaN
 Catch=   51797.8696314375     
 Abd=   864647.0    
 Catch=   54221.9267017388     
 Abd=   12319.86    
 Catch=   462586.439329275     
 Abd=   2626408.    
 Catch=   128230.153718782     
 Abd=   2140698.    
 Catch=   393.132683329194     
 Abd=   1417.000    
 Catch=   24325.9597597596     
 Abd=   353160.8    
 Catch=   115501.222924779     
 Abd=   66828.81    
 Catch=                     NaN
 Abd=            NaN
 Catch=   99153.7397070945     
 Abd=   561058.6    
 Catch=   31208.8131884230     
 Abd=   491341.4    
 Catch=   9767.06712545277     
 Abd=   14305.86    
 Catch=   18878.6531781756     
 Abd=   315077.1    
 Catch=   42747.3812305617     
 Abd=   221782.4    
 Catch=   3861.51460673639     
 Abd=   13242.46    
 Catch=   882.154062538581     
 Abd=   8378.066    
 Catch=   404731.099527460     
 Abd=   6755712.    
 Catch=   219069.078911854     
 Abd=   768378.3    
 Catch=   19004.3423204158     
 Abd=   317095.0    
 Catch=   427182.001366120     
 Abd=   615320.8    
 Catch=   40172.3121358680     
 Abd=   84823.66    
 Catch=                     NaN
 Abd=            NaN
 Catch=   153084.463560323     
 Abd=   89398.77    
 Catch=   5938.69537651617     
 Abd=   24909.84    
 Catch=   32302.9855666821     
 Abd=   321344.6    
 Catch=   405950.360862885     
 Abd=   5996510.    
 Catch=   500417.268479263     
 Abd=   1348418.    
 Catch=   47475.2107825212     
 Abd=   80461.56    
 Catch=   5135765.57976662     
 Abd=  5.3635696E+07
 Time step =         1849
 Catch=   47027.7252455543     
 Abd=   299353.9    
 Catch=   44046.6773559126     
 Abd=   282495.7    
 Catch=   79661.0526380588     
 Abd=   86501.25    
 Catch=   5964.79477169518     
 Abd=   99539.02    
 Catch=   22111.7360778593     
 Abd=   74321.41    
 Catch=   18.1541464971286     
 Abd=   71.36461    
 Catch=   113886.147688255     
 Abd=   240446.2    
 Catch=                     NaN
 Abd=            NaN
 Catch=   51786.7991966129     
 Abd=   864464.6    
 Catch=   54221.9267017388     
 Abd=   12319.86    
 Catch=   462585.528413046     
 Abd=   2626402.    
 Catch=   128226.381128942     
 Abd=   2140638.    
 Catch=   393.132683329194     
 Abd=   1417.000    
 Catch=   24313.0773790684     
 Abd=   352975.8    
 Catch=   115501.211241028     
 Abd=   66828.81    
 Catch=                     NaN
 Abd=            NaN
 Catch=   99153.7655927259     
 Abd=   561058.9    
 Catch=   31179.8645055872     
 Abd=   490892.6    
 Catch=   9767.06712545277     
 Abd=   14305.86    
 Catch=   18867.8199029818     
 Abd=   314898.5    
 Catch=   42747.3536928725     
 Abd=   221782.4    
 Catch=   3861.51448829622     
 Abd=   13242.45    
 Catch=   882.120518753343     
 Abd=   8377.750    
 Catch=   404598.920987738     
 Abd=   6753531.    
 Catch=   219068.895030843     
 Abd=   768377.5    
 Catch=   18982.1824276961     
 Abd=   316728.8    
 Catch=   427181.971901088     
 Abd=   615320.7    
 Catch=   40172.3065585232     
 Abd=   84823.64    
 Catch=                     NaN
 Abd=            NaN
 Catch=   153084.442526744     
 Abd=   89398.77    
 Catch=   5938.69537651617     
 Abd=   24909.84    
 Catch=   32299.1498738832     
 Abd=   321307.3    
 Catch=   405649.841318219     
 Abd=   5992109.    
 Catch=   500417.246925082     
 Abd=   1348417.    
 Catch=   47475.2241201583     
 Abd=   80461.61    
 Catch=   5134891.05217695     
 Abd=  5.3626704E+07
 Time step =         1850
 Catch=   47027.7181990921     
 Abd=   299353.9    
 Catch=   44045.5422965219     
 Abd=   282488.5    
 Catch=   79661.0746358866     
 Abd=   86501.27    
 Catch=   5959.62831615595     
 Abd=   99453.59    
 Catch=   22111.7360722101     
 Abd=   74321.41    
 Catch=   18.1541464971286     
 Abd=   71.36461    
 Catch=   113886.083816785     
 Abd=   240446.2    
 Catch=                     NaN
 Abd=            NaN
 Catch=   51776.0423293946     
 Abd=   864287.6    
 Catch=   54221.9267017388     
 Abd=   12319.86    
 Catch=   462584.807018725     
 Abd=   2626400.    
 Catch=   128222.829682291     
 Abd=   2140579.    
 Catch=   393.132683329194     
 Abd=   1417.000    
 Catch=   24300.4573236713     
 Abd=   352794.1    
 Catch=   115501.228450995     
 Abd=   66828.80    
 Catch=                     NaN
 Abd=            NaN
 Catch=   99153.8006301560     
 Abd=   561059.0    
 Catch=   31151.8064518239     
 Abd=   490457.6    
 Catch=   9767.06712545277     
 Abd=   14305.86    
 Catch=   18857.2508967253     
 Abd=   314724.2    
 Catch=   42747.3540154610     
 Abd=   221782.4    
 Catch=   3861.51391269804     
 Abd=   13242.46    
 Catch=   882.088382537494     
 Abd=   8377.451    
 Catch=   404470.071485521     
 Abd=   6751410.    
 Catch=   219068.633669573     
 Abd=   768376.7    
 Catch=   18960.4283348599     
 Abd=   316368.7    
 Catch=   427182.042239815     
 Abd=   615320.9    
 Catch=   40172.3085723635     
 Abd=   84823.64    
 Catch=                     NaN
 Abd=            NaN
 Catch=   153084.442692881     
 Abd=   89398.75    
 Catch=   5938.69537651617     
 Abd=   24909.84    
 Catch=   32295.4598209650     
 Abd=   321271.2    
 Catch=   405354.725554134     
 Abd=   5987788.    
 Catch=   500416.906231360     
 Abd=   1348416.    
 Catch=   47475.2463168174     
 Abd=   80461.66    
 Catch=   5134039.13238736     
 Abd=  5.3617928E+07
 Time step =         1851
 Catch=   47027.7043548439     
 Abd=   299353.9    
 Catch=   44044.4433272771     
 Abd=   282481.7    
 Catch=   79661.0610991524     
 Abd=   86501.25    
 Catch=   5954.55986393264     
 Abd=   99369.77    
 Catch=   22111.7360666186     
 Abd=   74321.41    
 Catch=   18.1541464971286     
 Abd=   71.36461    
 Catch=   113886.086631458     
 Abd=   240446.2    
 Catch=                     NaN
 Abd=            NaN
 Catch=   51765.5764375706     
 Abd=   864115.4    
 Catch=   54221.9267017388     
 Abd=   12319.86    
 Catch=   462584.340398066     
 Abd=   2626396.    
 Catch=   128219.387114668     
 Abd=   2140523.    
 Catch=   393.132683329194     
 Abd=   1417.000    
 Catch=   24288.0701874671     
 Abd=   352616.2    
 Catch=   115501.227777146     
 Abd=   66828.81    
 Catch=                     NaN
 Abd=            NaN
 Catch=   99153.7954696425     
 Abd=   561058.9    
 Catch=   31124.6397998865     
 Abd=   490036.6    
 Catch=   9767.06712545277     
 Abd=   14305.86    
 Catch=   18846.9156340782     
 Abd=   314553.4    
 Catch=   42747.3415542120     
 Abd=   221782.3    
 Catch=   3861.51482058316     
 Abd=   13242.46    
 Catch=   882.056876917045     
 Abd=   8377.155    
 Catch=   404344.576864526     
 Abd=   6749342.    
 Catch=   219068.391807562     
 Abd=   768375.9    
 Catch=   18939.0574795754     
 Abd=   316015.3    
 Catch=   427182.169978999     
 Abd=   615320.9    
 Catch=   40172.3051580123     
 Abd=   84823.62    
 Catch=                     NaN
 Abd=            NaN
 Catch=   153084.434160577     
 Abd=   89398.75    
 Catch=   5938.69537651617     
 Abd=   24909.84    
 Catch=   32291.9098143714     
 Abd=   321236.7    
 Catch=   405064.887013918     
 Abd=   5983542.    
 Catch=   500416.829139351     
 Abd=   1348417.    
 Catch=   47475.2459936917     
 Abd=   80461.61    
 Catch=   5133210.22239207     
 Abd=  5.3609352E+07
 Time step =         1852
 Catch=   47027.7341288131     
 Abd=   299353.9    
 Catch=   44043.3808215440     
 Abd=   282475.0    
 Catch=   79661.0415770401     
 Abd=   86501.22    
 Catch=   5949.58657384092     
 Abd=   99287.58    
 Catch=   22111.7360619682     
 Abd=   74321.41    
 Catch=   18.1541464971286     
 Abd=   71.36461    
 Catch=   113886.093559207     
 Abd=   240446.2    
 Catch=                     NaN
 Abd=            NaN
 Catch=   51755.4010120425     
 Abd=   863948.1    
 Catch=   54221.9267017388     
 Abd=   12319.86    
 Catch=   462583.516746955     
 Abd=   2626392.    
 Catch=   128216.150516927     
 Abd=   2140472.    
 Catch=   393.132683329194     
 Abd=   1417.000    
 Catch=   24275.9587174387     
 Abd=   352442.0    
 Catch=   115501.205567793     
 Abd=   66828.78    
 Catch=                     NaN
 Abd=            NaN
 Catch=   99153.8279417150     
 Abd=   561059.2    
 Catch=   31098.3287743702     
 Abd=   489628.6    
 Catch=   9767.06712545277     
 Abd=   14305.86    
 Catch=   18836.8168126626     
 Abd=   314386.9    
 Catch=   42747.3291220411     
 Abd=   221782.2    
 Catch=   3861.51469883419     
 Abd=   13242.46    
 Catch=   882.026495529847     
 Abd=   8376.879    
 Catch=   404222.539075829     
 Abd=   6747332.    
 Catch=   219068.147323628     
 Abd=   768374.9    
 Catch=   18918.0858379922     
 Abd=   315668.4    
 Catch=   427182.049217934     
 Abd=   615320.5    
 Catch=   40172.3045241858     
 Abd=   84823.65    
 Catch=                     NaN
 Abd=            NaN
 Catch=   153084.473781448     
 Abd=   89398.78    
 Catch=   5938.69537651617     
 Abd=   24909.84    
 Catch=   32288.5230722820     
 Abd=   321203.8    
 Catch=   404780.305008663     
 Abd=   5979377.    
 Catch=   500416.764892188     
 Abd=   1348416.    
 Catch=   47475.2359736504     
 Abd=   80461.61    
 Catch=   5132401.79008500     
 Abd=  5.3601036E+07
 Time step =         1853
 Catch=   47027.7455574362     
 Abd=   299354.2    
 Catch=   44042.3524205934     
 Abd=   282468.4    
 Catch=   79661.0534312751     
 Abd=   86501.24    
 Catch=   5944.71025756723     
 Abd=   99206.95    
 Catch=   22111.7360572668     
 Abd=   74321.41    
 Catch=   18.1541464971286     
 Abd=   71.36461    
 Catch=   113886.087953133     
 Abd=   240446.2    
 Catch=                     NaN
 Abd=            NaN
 Catch=   51745.5397313440     
 Abd=   863785.9    
 Catch=   54221.9267017388     
 Abd=   12319.86    
 Catch=   462582.839667472     
 Abd=   2626389.    
 Catch=   128213.175963472     
 Abd=   2140423.    
 Catch=   393.132683329194     
 Abd=   1417.000    
 Catch=   24264.0854668291     
 Abd=   352271.5    
 Catch=   115501.183753357     
 Abd=   66828.79    
 Catch=                     NaN
 Abd=            NaN
 Catch=   99153.8535240922     
 Abd=   561059.4    
 Catch=   31072.8254629337     
 Abd=   489233.1    
 Catch=   9767.06712545277     
 Abd=   14305.86    
 Catch=   18826.9521325739     
 Abd=   314224.1    
 Catch=   42747.3033439020     
 Abd=   221782.0    
 Catch=   3861.51447168613     
 Abd=   13242.45    
 Catch=   881.997724809015     
 Abd=   8376.603    
 Catch=   404103.481211314     
 Abd=   6745368.    
 Catch=   219067.744204897     
 Abd=   768373.7    
 Catch=   18897.4743849067     
 Abd=   315327.0    
 Catch=   427181.832228877     
 Abd=   615320.6    
 Catch=   40172.3079662024     
 Abd=   84823.64    
 Catch=                     NaN
 Abd=            NaN
 Catch=   153084.462791321     
 Abd=   89398.77    
 Catch=   5938.69537651617     
 Abd=   24909.84    
 Catch=   32285.3063031406     
 Abd=   321172.6    
 Catch=   404500.899681351     
 Abd=   5975284.    
 Catch=   500416.471395944     
 Abd=   1348415.    
 Catch=   47475.2262662451     
 Abd=   80461.58    
 Catch=   5131614.29828787     
 Abd=  5.3592928E+07
 Time step =         1854
 Catch=   47027.7640600339     
 Abd=   299354.2    
 Catch=   44041.3333738753     
 Abd=   282461.9    
 Catch=   79661.0699038064     
 Abd=   86501.26    
 Catch=   5939.92746617111     
 Abd=   99127.84    
 Catch=   22111.7360526647     
 Abd=   74321.41    
 Catch=   18.1541464971286     
 Abd=   71.36461    
 Catch=   113886.103001265     
 Abd=   240446.3    
 Catch=                     NaN
 Abd=            NaN
 Catch=   51735.9865533864     
 Abd=   863628.9    
 Catch=   54221.9267017388     
 Abd=   12319.86    
 Catch=   462582.415911755     
 Abd=   2626387.    
 Catch=   128210.295620882     
 Abd=   2140377.    
 Catch=   393.132683329194     
 Abd=   1417.000    
 Catch=   24252.4588304350     
 Abd=   352104.5    
 Catch=   115501.182277661     
 Abd=   66828.80    
 Catch=                     NaN
 Abd=            NaN
 Catch=   99153.8768299707     
 Abd=   561059.4    
 Catch=   31048.1154789262     
 Abd=   488850.1    
 Catch=   9767.06712545277     
 Abd=   14305.86    
 Catch=   18817.3138628158     
 Abd=   314065.0    
 Catch=   42747.2748038799     
 Abd=   221781.9    
 Catch=   3861.51247732266     
 Abd=   13242.45    
 Catch=   881.969515309923     
 Abd=   8376.339    
 Catch=   403987.396324888     
 Abd=   6743452.    
 Catch=   219067.485756731     
 Abd=   768372.6    
 Catch=   18877.2157842242     
 Abd=   314991.8    
 Catch=   427181.866539763     
 Abd=   615320.6    
 Catch=   40172.2977548085     
 Abd=   84823.62    
 Catch=                     NaN
 Abd=            NaN
 Catch=   153084.466772608     
 Abd=   89398.77    
 Catch=   5938.69537651617     
 Abd=   24909.84    
 Catch=   32282.2198007463     
 Abd=   321142.6    
 Catch=   404226.234635122     
 Abd=   5971262.    
 Catch=   500416.291100166     
 Abd=   1348415.    
 Catch=   47475.2115226087     
 Abd=   80461.58    
 Catch=   5130848.77355049     
 Abd=  5.3585032E+07
 Time step =         1855
 Catch=   47027.7611530765     
 Abd=   299354.2    
 Catch=   44040.3317256865     
 Abd=   282455.6    
 Catch=   79661.0843904694     
 Abd=   86501.25    
 Catch=   5935.22691960002     
 Abd=   99050.06    
 Catch=   22111.7360486117     
 Abd=   74321.41    
 Catch=   18.1541464971286     
 Abd=   71.36461    
 Catch=   113886.092302950     
 Abd=   240446.2    
 Catch=                     NaN
 Abd=            NaN
 Catch=   51726.7202904141     
 Abd=   863477.0    
 Catch=   54221.9267017388     
 Abd=   12319.86    
 Catch=   462582.152205548     
 Abd=   2626386.    
 Catch=   128207.571286306     
 Abd=   2140330.    
 Catch=   393.132683329194     
 Abd=   1417.000    
 Catch=   24241.0644433589     
 Abd=   351940.3    
 Catch=   115501.233599248     
 Abd=   66828.81    
 Catch=                     NaN
 Abd=            NaN
 Catch=   99153.8588817379     
 Abd=   561059.2    
 Catch=   31024.1820521271     
 Abd=   488479.2    
 Catch=   9767.06712545277     
 Abd=   14305.86    
 Catch=   18807.9003573339     
 Abd=   313909.8    
 Catch=   42747.2664761219     
 Abd=   221781.9    
 Catch=   3861.51227226699     
 Abd=   13242.45    
 Catch=   881.942466734813     
 Abd=   8376.090    
 Catch=   403874.051195840     
 Abd=   6741584.    
 Catch=   219067.275496246     
 Abd=   768372.2    
 Catch=   18857.3132763110     
 Abd=   314662.5    
 Catch=   427181.881263712     
 Abd=   615320.4    
 Catch=   40172.3005309882     
 Abd=   84823.64    
 Catch=                     NaN
 Abd=            NaN
 Catch=   153084.445962442     
 Abd=   89398.75    
 Catch=   5938.69537651617     
 Abd=   24909.84    
 Catch=   32279.2567453504     
 Abd=   321113.6    
 Catch=   403956.702335956     
 Abd=   5967315.    
 Catch=   500416.219271656     
 Abd=   1348414.    
 Catch=   47475.2144506939     
 Abd=   80461.59    
 Catch=   5130101.30728679     
 Abd=  5.3577328E+07
 Time step =         1856
 Catch=   47027.7826306091     
 Abd=   299354.3    
 Catch=   44039.3359720980     
 Abd=   282449.1    
 Catch=   79661.0591713312     
 Abd=   86501.25    
 Catch=   5930.61602140456     
 Abd=   98973.81    
 Catch=   22111.7360448698     
 Abd=   74321.41    
 Catch=   18.1541464971286     
 Abd=   71.36461    
 Catch=   113886.086962159     
 Abd=   240446.2    
 Catch=                     NaN
 Abd=            NaN
 Catch=   51717.7314309297     
 Abd=   863328.6    
 Catch=   54221.9267017388     
 Abd=   12319.86    
 Catch=   462581.995564436     
 Abd=   2626384.    
 Catch=   128204.841036331     
 Abd=   2140286.    
 Catch=   393.132683329194     
 Abd=   1417.000    
 Catch=   24229.8899221780     
 Abd=   351779.9    
 Catch=   115501.176190110     
 Abd=   66828.77    
 Catch=                     NaN
 Abd=            NaN
 Catch=   99153.8662780239     
 Abd=   561059.4    
 Catch=   31001.0167148987     
 Abd=   488120.1    
 Catch=   9767.06712545277     
 Abd=   14305.86    
 Catch=   18798.7055785457     
 Abd=   313758.0    
 Catch=   42747.2547902406     
 Abd=   221781.8    
 Catch=   3861.51316197829     
 Abd=   13242.45    
 Catch=   881.917198219398     
 Abd=   8375.856    
 Catch=   403763.542454610     
 Abd=   6739764.    
 Catch=   219067.118337193     
 Abd=   768371.5    
 Catch=   18837.7754581808     
 Abd=   314339.4    
 Catch=   427181.751148207     
 Abd=   615320.4    
 Catch=   40172.3057989149     
 Abd=   84823.65    
 Catch=                     NaN
 Abd=            NaN
 Catch=   153084.430634777     
 Abd=   89398.75    
 Catch=   5938.69537651617     
 Abd=   24909.84    
 Catch=   32276.3902620878     
 Abd=   321085.5    
 Catch=   403691.754762394     
 Abd=   5963431.    
 Catch=   500416.024119952     
 Abd=   1348414.    
 Catch=   47475.2099033871     
 Abd=   80461.55    
 Catch=   5129373.85539770     
 Abd=  5.3569840E+07
 Time step =         1857
 Catch=   47027.7730013551     
 Abd=   299354.1    
 Catch=   44038.3540091937     
 Abd=   282442.9    
 Catch=   79661.0458860873     
 Abd=   86501.22    
 Catch=   5926.08960017061     
 Abd=   98898.97    
 Catch=   22111.7360409924     
 Abd=   74321.41    
 Catch=   18.1541464971286     
 Abd=   71.36461    
 Catch=   113886.109711108     
 Abd=   240446.3    
 Catch=                     NaN
 Abd=            NaN
 Catch=   51708.9522867499     
 Abd=   863183.8    
 Catch=   54221.9267017388     
 Abd=   12319.86    
 Catch=   462581.931698584     
 Abd=   2626384.    
 Catch=   128202.291361787     
 Abd=   2140245.    
 Catch=   393.132683329194     
 Abd=   1417.000    
 Catch=   24218.9259241643     
 Abd=   351622.1    
 Catch=   115501.181456366     
 Abd=   66828.81    
 Catch=                     NaN
 Abd=            NaN
 Catch=   99153.8525211279     
 Abd=   561059.1    
 Catch=   30978.5578623561     
 Abd=   487771.9    
 Catch=   9767.06712545277     
 Abd=   14305.86    
 Catch=   18789.7114183309     
 Abd=   313609.5    
 Catch=   42747.2526443558     
 Abd=   221781.9    
 Catch=   3861.51411565435     
 Abd=   13242.45    
 Catch=   881.892696368091     
 Abd=   8375.634    
 Catch=   403655.756812517     
 Abd=   6737984.    
 Catch=   219066.816911690     
 Abd=   768370.2    
 Catch=   18818.5611130988     
 Abd=   314021.0    
 Catch=   427181.860963994     
 Abd=   615320.8    
 Catch=   40172.3218477101     
 Abd=   84823.68    
 Catch=                     NaN
 Abd=            NaN
 Catch=   153084.416332067     
 Abd=   89398.76    
 Catch=   5938.69537651617     
 Abd=   24909.84    
 Catch=   32273.6310041764     
 Abd=   321058.8    
 Catch=   403431.346461223     
 Abd=   5959616.    
 Catch=   500415.973388531     
 Abd=   1348414.    
 Catch=   47475.2000453618     
 Abd=   80461.59    
 Catch=   5128667.45572137     
 Abd=  5.3562552E+07
 Time step =         1858
 Catch=   47027.7489612804     
 Abd=   299354.1    
 Catch=   44037.3609910933     
 Abd=   282436.5    
 Catch=   79661.0533994434     
 Abd=   86501.25    
 Catch=   5921.64426163171     
 Abd=   98825.38    
 Catch=   22111.7360375861     
 Abd=   74321.41    
 Catch=   18.1541464971286     
 Abd=   71.36461    
 Catch=   113886.126441642     
 Abd=   240446.2    
 Catch=                     NaN
 Abd=            NaN
 Catch=   51700.4459085342     
 Abd=   863044.2    
 Catch=   54221.9267017388     
 Abd=   12319.86    
 Catch=   462581.687310156     
 Abd=   2626382.    
 Catch=   128199.800542529     
 Abd=   2140204.    
 Catch=   393.132683329194     
 Abd=   1417.000    
 Catch=   24208.1711524631     
 Abd=   351467.6    
 Catch=   115501.215319410     
 Abd=   66828.80    
 Catch=                     NaN
 Abd=            NaN
 Catch=   99153.8212649341     
 Abd=   561059.4    
 Catch=   30956.8066814944     
 Abd=   487434.6    
 Catch=   9767.06712545277     
 Abd=   14305.86    
 Catch=   18780.9209353116     
 Abd=   313464.4    
 Catch=   42747.2683569196     
 Abd=   221781.9    
 Catch=   3861.51479908807     
 Abd=   13242.46    
 Catch=   881.869589938824     
 Abd=   8375.412    
 Catch=   403550.744060762     
 Abd=   6736256.    
 Catch=   219066.510815129     
 Abd=   768369.2    
 Catch=   18799.6592599476     
 Abd=   313708.5    
 Catch=   427181.994798288     
 Abd=   615320.8    
 Catch=   40172.3131279331     
 Abd=   84823.66    
 Catch=                     NaN
 Abd=            NaN
 Catch=   153084.423586327     
 Abd=   89398.75    
 Catch=   5938.69537651617     
 Abd=   24909.84    
 Catch=   32271.0033319593     
 Abd=   321033.2    
 Catch=   403175.445423798     
 Abd=   5955869.    
 Catch=   500415.966582899     
 Abd=   1348414.    
 Catch=   47475.2075693884     
 Abd=   80461.58    
 Catch=   5127978.66322283     
 Abd=  5.3555480E+07
 Time step =         1859
 Catch=   47027.7570152529     
 Abd=   299354.2    
 Catch=   44036.4052823920     
 Abd=   282430.6    
 Catch=   79661.0746771900     
 Abd=   86501.25    
 Catch=   5917.27877526043     
 Abd=   98753.23    
 Catch=   22111.7360347803     
 Abd=   74321.41    
 Catch=   18.1541464971286     
 Abd=   71.36461    
 Catch=   113886.095146377     
 Abd=   240446.2    
 Catch=                     NaN
 Abd=            NaN
 Catch=   51692.1862645173     
 Abd=   862908.6    
 Catch=   54221.9267017388     
 Abd=   12319.86    
 Catch=   462581.339217282     
 Abd=   2626380.    
 Catch=   128197.469042149     
 Abd=   2140166.    
 Catch=   393.132683329194     
 Abd=   1417.000    
 Catch=   24197.6315330528     
 Abd=   351315.8    
 Catch=   115501.199282815     
 Abd=   66828.78    
 Catch=                     NaN
 Abd=            NaN
 Catch=   99153.8606410316     
 Abd=   561059.2    
 Catch=   30935.7483448094     
 Abd=   487108.4    
 Catch=   9767.06712545277     
 Abd=   14305.86    
 Catch=   18772.3297190902     
 Abd=   313322.6    
 Catch=   42747.2698759496     
 Abd=   221781.9    
 Catch=   3861.51346216351     
 Abd=   13242.45    
 Catch=   881.846935913382     
 Abd=   8375.196    
 Catch=   403448.322007150     
 Abd=   6734567.    
 Catch=   219066.294392646     
 Abd=   768368.7    
 Catch=   18781.0898459861     
 Abd=   313400.8    
 Catch=   427181.973587505     
 Abd=   615320.8    
 Catch=   40172.3261506407     
 Abd=   84823.69    
 Catch=                     NaN
 Abd=            NaN
 Catch=   153084.454465830     
 Abd=   89398.77    
 Catch=   5938.69537651617     
 Abd=   24909.84    
 Catch=   32268.5033514067     
 Abd=   321008.9    
 Catch=   402923.910206059     
 Abd=   5952182.    
 Catch=   500415.956335937     
 Abd=   1348414.    
 Catch=   47475.2210714368     
 Abd=   80461.59    
 Catch=   5127308.03577475     
 Abd=  5.3548520E+07
 Time step =         1860
 Catch=   47027.7559870442     
 Abd=   299354.2    
 Catch=   44035.4914444246     
 Abd=   282424.7    
 Catch=   79661.0420347777     
 Abd=   86501.25    
 Catch=   5912.99645161196     
 Abd=   98682.35    
 Catch=   22111.7360312227     
 Abd=   74321.41    
 Catch=   18.1541464971286     
 Abd=   71.36461    
 Catch=   113886.104922561     
 Abd=   240446.3    
 Catch=                     NaN
 Abd=            NaN
 Catch=   51684.1450969590     
 Abd=   862775.9    
 Catch=   54221.9267017388     
 Abd=   12319.86    
 Catch=   462581.022751322     
 Abd=   2626379.    
 Catch=   128195.230856660     
 Abd=   2140130.    
 Catch=   393.132683329194     
 Abd=   1417.000    
 Catch=   24187.2876456922     
 Abd=   351167.1    
 Catch=   115501.189693246     
 Abd=   66828.80    
 Catch=                     NaN
 Abd=            NaN
 Catch=   99153.8554087286     
 Abd=   561059.2    
 Catch=   30915.3545181643     
 Abd=   486792.2    
 Catch=   9767.06712545277     
 Abd=   14305.86    
 Catch=   18763.9215613133     
 Abd=   313183.8    
 Catch=   42747.2477575070     
 Abd=   221781.8    
 Catch=   3861.51257447770     
 Abd=   13242.45    
 Catch=   881.824388726122     
 Abd=   8374.994    
 Catch=   403348.339869313     
 Abd=   6732916.    
 Catch=   219066.027326999     
 Abd=   768367.6    
 Catch=   18762.8041371284     
 Abd=   313098.1    
 Catch=   427182.096904529     
 Abd=   615320.8    
 Catch=   40172.3247703856     
 Abd=   84823.66    
 Catch=                     NaN
 Abd=            NaN
 Catch=   153084.453962495     
 Abd=   89398.75    
 Catch=   5938.69537651617     
 Abd=   24909.84    
 Catch=   32266.1073112744     
 Abd=   320985.5    
 Catch=   402676.556709580     
 Abd=   5948560.    
 Catch=   500415.969900069     
 Abd=   1348414.    
 Catch=   47475.2187501558     
 Abd=   80461.59    
 Catch=   5126652.21022177     
 Abd=  5.3541772E+07
 Time step =         1811
 Catch=   47027.7536706555     
 Abd=   299354.1    
 Catch=   44034.5734273924     
 Abd=   282418.9    
 Catch=   79661.0615907046     
 Abd=   86501.24    
 Catch=   5908.79046544891     
 Abd=   98612.76    
 Catch=   22111.7360285342     
 Abd=   74321.41    
 Catch=   18.1541464971286     
 Abd=   71.36461    
 Catch=   113886.161237537     
 Abd=   240446.4    
 Catch=                     NaN
 Abd=            NaN
 Catch=   51676.3294689803     
 Abd=   862647.1    
 Catch=   54221.9267017388     
 Abd=   12319.86    
 Catch=   462580.723202296     
 Abd=   2626377.    
 Catch=   128193.063556678     
 Abd=   2140094.    
 Catch=   393.132683329194     
 Abd=   1417.000    
 Catch=   24177.1254980384     
 Abd=   351020.9    
 Catch=   115501.186635074     
 Abd=   66828.79    
 Catch=                     NaN
 Abd=            NaN
 Catch=   99153.8199832902     
 Abd=   561058.9    
 Catch=   30895.5972380709     
 Abd=   486486.0    
 Catch=   9767.06712545277     
 Abd=   14305.86    
 Catch=   18755.7029974949     
 Abd=   313048.2    
 Catch=   42747.2321185558     
 Abd=   221781.6    
 Catch=   3861.51243993677     
 Abd=   13242.45    
 Catch=   881.802889005920     
 Abd=   8374.784    
 Catch=   403250.875259601     
 Abd=   6731312.    
 Catch=   219065.715237816     
 Abd=   768366.4    
 Catch=   18744.8353044434     
 Abd=   312800.9    
 Catch=   427181.967717218     
 Abd=   615320.8    
 Catch=   40172.3165285934     
 Abd=   84823.66    
 Catch=                     NaN
 Abd=            NaN
 Catch=   153084.459529615     
 Abd=   89398.77    
 Catch=   5938.69537651617     
 Abd=   24909.84    
 Catch=   32263.8109452334     
 Abd=   320963.2    
 Catch=   402433.418914591     
 Abd=   5944995.    
 Catch=   500415.938232584     
 Abd=   1348414.    
 Catch=   47475.2443586674     
 Abd=   80461.64    
 Catch=   5126014.43376619     
 Abd=  5.3535224E+07
 Time step =         1812
 Catch=   47027.7485337326     
 Abd=   299354.1    
 Catch=   44033.7161267062     
 Abd=   282413.7    
 Catch=   79661.0724988951     
 Abd=   86501.27    
 Catch=   5904.65786905566     
 Abd=   98544.39    
 Catch=   22111.7360260065     
 Abd=   74321.41    
 Catch=   18.1541464971286     
 Abd=   71.36461    
 Catch=   113886.124243601     
 Abd=   240446.2    
 Catch=                     NaN
 Abd=            NaN
 Catch=   51668.7171410630     
 Abd=   862521.5    
 Catch=   54221.9267017388     
 Abd=   12319.86    
 Catch=   462580.524229694     
 Abd=   2626376.    
 Catch=   128191.009722577     
 Abd=   2140062.    
 Catch=   393.132683329194     
 Abd=   1417.000    
 Catch=   24167.1588965533     
 Abd=   350877.7    
 Catch=   115501.214933706     
 Abd=   66828.80    
 Catch=                     NaN
 Abd=            NaN
 Catch=   99153.8081273076     
 Abd=   561059.0    
 Catch=   30876.4704936503     
 Abd=   486189.6    
 Catch=   9767.06712545277     
 Abd=   14305.86    
 Catch=   18747.6692593161     
 Abd=   312915.6    
 Catch=   42747.1898969902     
 Abd=   221781.5    
 Catch=   3861.51298911494     
 Abd=   13242.45    
 Catch=   881.781611267429     
 Abd=   8374.590    
 Catch=   403155.779840772     
 Abd=   6729741.    
 Catch=   219065.450369829     
 Abd=   768365.8    
 Catch=   18727.1830341512     
 Abd=   312508.7    
 Catch=   427181.955400832     
 Abd=   615320.7    
 Catch=   40172.3106256093     
 Abd=   84823.60    
 Catch=                     NaN
 Abd=            NaN
 Catch=   153084.475616520     
 Abd=   89398.77    
 Catch=   5938.69537651617     
 Abd=   24909.84    
 Catch=   32261.6047034223     
 Abd=   320941.7    
 Catch=   402194.359969262     
 Abd=   5941492.    
 Catch=   500415.820150761     
 Abd=   1348414.    
 Catch=   47475.2367107907     
 Abd=   80461.59    
 Catch=   5125397.13043149     
 Abd=  5.3528832E+07
 Time step =         1813
 Catch=   47027.7464357240     
 Abd=   299354.1    
 Catch=   44032.8931351772     
 Abd=   282408.2    
 Catch=   79661.0591693758     
 Abd=   86501.23    
 Catch=   5900.60138299247     
 Abd=   98477.33    
 Catch=   22111.7360230334     
 Abd=   74321.41    
 Catch=   18.1541464971286     
 Abd=   71.36461    
 Catch=   113886.099653946     
 Abd=   240446.3    
 Catch=                     NaN
 Abd=            NaN
 Catch=   51661.3023572787     
 Abd=   862399.7    
 Catch=   54221.9267017388     
 Abd=   12319.86    
 Catch=   462580.308137625     
 Abd=   2626374.    
 Catch=   128189.107122243     
 Abd=   2140030.    
 Catch=   393.132683329194     
 Abd=   1417.000    
 Catch=   24157.3882990157     
 Abd=   350737.2    
 Catch=   115501.206950305     
 Abd=   66828.81    
 Catch=                     NaN
 Abd=            NaN
 Catch=   99153.8117321310     
 Abd=   561059.1    
 Catch=   30857.9439159918     
 Abd=   485902.5    
 Catch=   9767.06712545277     
 Abd=   14305.86    
 Catch=   18739.8098648760     
 Abd=   312785.9    
 Catch=   42747.1680491808     
 Abd=   221781.3    
 Catch=   3861.51341422296     
 Abd=   13242.45    
 Catch=   881.761045819019     
 Abd=   8374.394    
 Catch=   403063.094924399     
 Abd=   6728217.    
 Catch=   219065.213304062     
 Abd=   768364.8    
 Catch=   18709.8246130454     
 Abd=   312221.2    
 Catch=   427181.979136318     
 Abd=   615320.6    
 Catch=   40172.2917947260     
 Abd=   84823.61    
 Catch=                     NaN
 Abd=            NaN
 Catch=   153084.456723529     
 Abd=   89398.75    
 Catch=   5938.69537651617     
 Abd=   24909.84    
 Catch=   32259.4887016343     
 Abd=   320920.9    
 Catch=   401959.125528287     
 Abd=   5938045.    
 Catch=   500415.732951348     
 Abd=   1348413.    
 Catch=   47475.2293452517     
 Abd=   80461.59    
 Catch=   5124790.09939895     
 Abd=  5.3522560E+07
 Time step =         1814
 Catch=   47027.7428310037     
 Abd=   299354.1    
 Catch=   44032.0594231770     
 Abd=   282403.1    
 Catch=   79661.0633319156     
 Abd=   86501.26    
 Catch=   5896.62116097916     
 Abd=   98411.51    
 Catch=   22111.7360210583     
 Abd=   74321.41    
 Catch=   18.1541464971286     
 Abd=   71.36461    
 Catch=   113886.114031974     
 Abd=   240446.3    
 Catch=                     NaN
 Abd=            NaN
 Catch=   51654.1181440225     
 Abd=   862281.8    
 Catch=   54221.9267017388     
 Abd=   12319.86    
 Catch=   462579.857966409     
 Abd=   2626372.    
 Catch=   128187.315341253     
 Abd=   2140001.    
 Catch=   393.132683329194     
 Abd=   1417.000    
 Catch=   24147.8079793166     
 Abd=   350599.2    
 Catch=   115501.235871397     
 Abd=   66828.81    
 Catch=                     NaN
 Abd=            NaN
 Catch=   99153.8388324367     
 Abd=   561059.2    
 Catch=   30840.0099413646     
 Abd=   485624.5    
 Catch=   9767.06712545277     
 Abd=   14305.86    
 Catch=   18732.1345991259     
 Abd=   312659.1    
 Catch=   42747.1521613974     
 Abd=   221781.3    
 Catch=   3861.51289783031     
 Abd=   13242.45    
 Catch=   881.741563548108     
 Abd=   8374.213    
 Catch=   402972.743260172     
 Abd=   6726727.    
 Catch=   219065.043940867     
 Abd=   768364.6    
 Catch=   18692.7591019176     
 Abd=   311938.6    
 Catch=   427181.938248585     
 Abd=   615320.7    
 Catch=   40172.2857500829     
 Abd=   84823.59    
 Catch=                     NaN
 Abd=            NaN
 Catch=   153084.453924407     
 Abd=   89398.75    
 Catch=   5938.69537651617     
 Abd=   24909.84    
 Catch=   32257.4314332984     
 Abd=   320900.9    
 Catch=   401727.901562742     
 Abd=   5934658.    
 Catch=   500415.715633310     
 Abd=   1348414.    
 Catch=   47475.2081451296     
 Abd=   80461.55    
 Catch=   5124196.05915479     
 Abd=  5.3516440E+07
 Time step =         1815
 Catch=   47027.7309808109     
 Abd=   299353.9    
 Catch=   44031.2444779007     
 Abd=   282397.9    
 Catch=   79661.0677787101     
 Abd=   86501.25    
 Catch=   5892.71112505884     
 Abd=   98346.75    
 Catch=   22111.7360186414     
 Abd=   74321.41    
 Catch=   18.1541464971286     
 Abd=   71.36461    
 Catch=   113886.092833478     
 Abd=   240446.2    
 Catch=                     NaN
 Abd=            NaN
 Catch=   51647.1427803627     
 Abd=   862166.8    
 Catch=   54221.9267017388     
 Abd=   12319.86    
 Catch=   462579.295713640     
 Abd=   2626368.    
 Catch=   128185.581733165     
 Abd=   2139972.    
 Catch=   393.132683329194     
 Abd=   1417.000    
 Catch=   24138.3899489032     
 Abd=   350463.9    
 Catch=   115501.248658743     
 Abd=   66828.81    
 Catch=                     NaN
 Abd=            NaN
 Catch=   99153.8530959155     
 Abd=   561059.2    
 Catch=   30822.6483316471     
 Abd=   485355.5    
 Catch=   9767.06712545277     
 Abd=   14305.86    
 Catch=   18724.6316656800     
 Abd=   312535.4    
 Catch=   42747.1362370463     
 Abd=   221781.2    
 Catch=   3861.51265964283     
 Abd=   13242.45    
 Catch=   881.722835136302     
 Abd=   8374.036    
 Catch=   402885.050821454     
 Abd=   6725282.    
 Catch=   219064.913178639     
 Abd=   768363.6    
 Catch=   18675.9394256906     
 Abd=   311660.0    
 Catch=   427181.978106856     
 Abd=   615320.8    
 Catch=   40172.2969555975     
 Abd=   84823.62    
 Catch=                     NaN
 Abd=            NaN
 Catch=   153084.434369951     
 Abd=   89398.75    
 Catch=   5938.69537651617     
 Abd=   24909.84    
 Catch=   32255.4660505245     
 Abd=   320881.8    
 Catch=   401500.644074713     
 Abd=   5931329.    
 Catch=   500415.636821887     
 Abd=   1348413.    
 Catch=   47475.1982473564     
 Abd=   80461.56    
 Catch=   5123619.37937870     
 Abd=  5.3510508E+07
 Time step =         1816
 Catch=   47027.7245186341     
 Abd=   299353.9    
 Catch=   44030.4397262661     
 Abd=   282392.7    
 Catch=   79661.0672956822     
 Abd=   86501.24    
 Catch=   5888.86839002995     
 Abd=   98283.19    
 Catch=   22111.7360165552     
 Abd=   74321.41    
 Catch=   18.1541464971286     
 Abd=   71.36461    
 Catch=   113886.084809394     
 Abd=   240446.2    
 Catch=                     NaN
 Abd=            NaN
 Catch=   51640.3123867317     
 Abd=   862053.9    
 Catch=   54221.9267017388     
 Abd=   12319.86    
 Catch=   462578.946395519     
 Abd=   2626366.    
 Catch=   128183.901526511     
 Abd=   2139946.    
 Catch=   393.132683329194     
 Abd=   1417.000    
 Catch=   24129.1484130447     
 Abd=   350330.7    
 Catch=   115501.208716585     
 Abd=   66828.80    
 Catch=                     NaN
 Abd=            NaN
 Catch=   99153.8603989661     
 Abd=   561059.3    
 Catch=   30805.8314969316     
 Abd=   485094.9    
 Catch=   9767.06712545277     
 Abd=   14305.86    
 Catch=   18717.2945435622     
 Abd=   312414.1    
 Catch=   42747.1296601221     
 Abd=   221781.2    
 Catch=   3861.51262559131     
 Abd=   13242.45    
 Catch=   881.704314904575     
 Abd=   8373.867    
 Catch=   402799.348941716     
 Abd=   6723870.    
 Catch=   219064.580531643     
 Abd=   768362.2    
 Catch=   18659.4139957927     
 Abd=   311386.7    
 Catch=   427182.037988369     
 Abd=   615320.8    
 Catch=   40172.2934939506     
 Abd=   84823.62    
 Catch=                     NaN
 Abd=            NaN
 Catch=   153084.431966576     
 Abd=   89398.77    
 Catch=   5938.69537651617     
 Abd=   24909.84    
 Catch=   32253.5905914123     
 Abd=   320863.6    
 Catch=   401277.112806789     
 Abd=   5928052.    
 Catch=   500415.654041312     
 Abd=   1348413.    
 Catch=   47475.2193482165     
 Abd=   80461.60    
 Catch=   5123058.18891258     
 Abd=  5.3504728E+07
 Time step =         1817
 Catch=   47027.7531620741     
 Abd=   299354.2    
 Catch=   44029.6225042612     
 Abd=   282387.4    
 Catch=   79661.0423320647     
 Abd=   86501.24    
 Catch=   5885.09473934456     
 Abd=   98220.71    
 Catch=   22111.7360148820     
 Abd=   74321.41    
 Catch=   18.1541464971286     
 Abd=   71.36461    
 Catch=   113886.092518618     
 Abd=   240446.2    
 Catch=                     NaN
 Abd=            NaN
 Catch=   51633.7073492781     
 Abd=   861945.6    
 Catch=   54221.9267017388     
 Abd=   12319.86    
 Catch=   462578.649418497     
 Abd=   2626366.    
 Catch=   128182.392713220     
 Abd=   2139922.    
 Catch=   393.132683329194     
 Abd=   1417.000    
 Catch=   24120.0683924044     
 Abd=   350200.3    
 Catch=   115501.193818778     
 Abd=   66828.80    
 Catch=                     NaN
 Abd=            NaN
 Catch=   99153.8350792688     
 Abd=   561059.1    
 Catch=   30789.5543872297     
 Abd=   484842.6    
 Catch=   9767.06712545277     
 Abd=   14305.86    
 Catch=   18710.1106193076     
 Abd=   312295.5    
 Catch=   42747.1228030103     
 Abd=   221781.1    
 Catch=   3861.51333395731     
 Abd=   13242.45    
 Catch=   881.687032817621     
 Abd=   8373.707    
 Catch=   402715.667981461     
 Abd=   6722489.    
 Catch=   219064.309655848     
 Abd=   768361.8    
 Catch=   18643.1626700110     
 Abd=   311117.5    
 Catch=   427182.061579171     
 Abd=   615320.9    
 Catch=   40172.3019740009     
 Abd=   84823.62    
 Catch=                     NaN
 Abd=            NaN
 Catch=   153084.450612554     
 Abd=   89398.75    
 Catch=   5938.69537651617     
 Abd=   24909.84    
 Catch=   32251.7799504790     
 Abd=   320845.8    
 Catch=   401057.311826139     
 Abd=   5924833.    
 Catch=   500415.713158619     
 Abd=   1348414.    
 Catch=   47475.2318017795     
 Abd=   80461.59    
 Catch=   5122510.25322410     
 Abd=  5.3499064E+07
 Time step =         1818
 Catch=   47027.7521697045     
 Abd=   299354.1    
 Catch=   44028.8396921567     
 Abd=   282382.5    
 Catch=   79661.0558731438     
 Abd=   86501.25    
 Catch=   5881.38298283844     
 Abd=   98159.30    
 Catch=   22111.7360127158     
 Abd=   74321.41    
 Catch=   18.1541464971286     
 Abd=   71.36461    
 Catch=   113886.102007781     
 Abd=   240446.3    
 Catch=                     NaN
 Abd=            NaN
 Catch=   51627.2814775491     
 Abd=   861839.5    
 Catch=   54221.9267017388     
 Abd=   12319.86    
 Catch=   462578.333844013     
 Abd=   2626363.    
 Catch=   128180.906498057     
 Abd=   2139896.    
 Catch=   393.132683329194     
 Abd=   1417.000    
 Catch=   24111.1648344943     
 Abd=   350071.3    
 Catch=   115501.203006097     
 Abd=   66828.80    
 Catch=                     NaN
 Abd=            NaN
 Catch=   99153.8356471340     
 Abd=   561059.2    
 Catch=   30773.7876441854     
 Abd=   484598.0    
 Catch=   9767.06712545277     
 Abd=   14305.86    
 Catch=   18703.0761409602     
 Abd=   312179.3    
 Catch=   42747.1040375118     
 Abd=   221781.1    
 Catch=   3861.51330808542     
 Abd=   13242.45    
 Catch=   881.671011432699     
 Abd=   8373.562    
 Catch=   402633.976098141     
 Abd=   6721138.    
 Catch=   219064.187636819     
 Abd=   768361.3    
 Catch=   18627.1921708083     
 Abd=   310853.5    
 Catch=   427181.954048185     
 Abd=   615320.6    
 Catch=   40172.3103327105     
 Abd=   84823.64    
 Catch=                     NaN
 Abd=            NaN
 Catch=   153084.397590784     
 Abd=   89398.73    
 Catch=   5938.69537651617     
 Abd=   24909.84    
 Catch=   32250.0490799829     
 Abd=   320829.1    
 Catch=   400841.378305194     
 Abd=   5921669.    
 Catch=   500415.791120363     
 Abd=   1348413.    
 Catch=   47475.2120625707     
 Abd=   80461.58    
 Catch=   5121976.74602727     
 Abd=  5.3493580E+07
 Time step =         1819
 Catch=   47027.7289002169     
 Abd=   299353.9    
 Catch=   44028.0665647308     
 Abd=   282377.6    
 Catch=   79661.0520782860     
 Abd=   86501.22    
 Catch=   5877.73443590841     
 Abd=   98098.95    
 Catch=   22111.7360113401     
 Abd=   74321.41    
 Catch=   18.1541464971286     
 Abd=   71.36461    
 Catch=   113886.106541627     
 Abd=   240446.3    
 Catch=                     NaN
 Abd=            NaN
 Catch=   51621.0339693652     
 Abd=   861736.6    
 Catch=   54221.9267017388     
 Abd=   12319.86    
 Catch=   462578.002155820     
 Abd=   2626360.    
 Catch=   128179.409014291     
 Abd=   2139872.    
 Catch=   393.132683329194     
 Abd=   1417.000    
 Catch=   24102.3726683007     
 Abd=   349944.9    
 Catch=   115501.210653482     
 Abd=   66828.82    
 Catch=                     NaN
 Abd=            NaN
 Catch=   99153.8383843061     
 Abd=   561059.0    
 Catch=   30758.5231073771     
 Abd=   484361.7    
 Catch=   9767.06712545277     
 Abd=   14305.86    
 Catch=   18696.2011817088     
 Abd=   312065.8    
 Catch=   42747.1090808786     
 Abd=   221781.1    
 Catch=   3861.51276440421     
 Abd=   13242.45    
 Catch=   881.654696409697     
 Abd=   8373.410    
 Catch=   402553.922679485     
 Abd=   6719824.    
 Catch=   219063.997852035     
 Abd=   768360.6    
 Catch=   18611.5182967170     
 Abd=   310593.8    
 Catch=   427181.877134987     
 Abd=   615320.5    
 Catch=   40172.3058756107     
 Abd=   84823.63    
 Catch=                     NaN
 Abd=            NaN
 Catch=   153084.407081808     
 Abd=   89398.73    
 Catch=   5938.69537651617     
 Abd=   24909.84    
 Catch=   32248.4057104036     
 Abd=   320813.1    
 Catch=   400628.771076411     
 Abd=   5918550.    
 Catch=   500415.717949607     
 Abd=   1348414.    
 Catch=   47475.2195647672     
 Abd=   80461.61    
 Catch=   5121456.07324304     
 Abd=  5.3488160E+07
 Time step =         1820
 Catch=   47027.7048041847     
 Abd=   299353.7    
 Catch=   44027.2888476567     
 Abd=   282372.7    
 Catch=   79661.0594279812     
 Abd=   86501.25    
 Catch=   5874.15208605600     
 Abd=   98039.66    
 Catch=   22111.7360098474     
 Abd=   74321.41    
 Catch=   18.1541464971286     
 Abd=   71.36461    
 Catch=   113886.120527827     
 Abd=   240446.3    
 Catch=                     NaN
 Abd=            NaN
 Catch=   51614.8853296148     
 Abd=   861634.9    
 Catch=   54221.9267017388     
 Abd=   12319.86    
 Catch=   462577.460702999     
 Abd=   2626358.    
 Catch=   128178.107907466     
 Abd=   2139851.    
 Catch=   393.132683329194     
 Abd=   1417.000    
 Catch=   24093.7521783393     
 Abd=   349820.7    
 Catch=   115501.246710144     
 Abd=   66828.81    
 Catch=                     NaN
 Abd=            NaN
 Catch=   99153.7850203621     
 Abd=   561058.8    
 Catch=   30743.7490128278     
 Abd=   484132.6    
 Catch=   9767.06712545277     
 Abd=   14305.86    
 Catch=   18689.4773609716     
 Abd=   311954.8    
 Catch=   42747.1080397034     
 Abd=   221781.1    
 Catch=   3861.51315575895     
 Abd=   13242.45    
 Catch=   881.639822632521     
 Abd=   8373.264    
 Catch=   402476.308899412     
 Abd=   6718542.    
 Catch=   219063.864758864     
 Abd=   768360.1    
 Catch=   18596.0592920887     
 Abd=   310337.6    
 Catch=   427181.761477867     
 Abd=   615320.5    
 Catch=   40172.3166452095     
 Abd=   84823.68    
 Catch=                     NaN
 Abd=            NaN
 Catch=   153084.411247949     
 Abd=   89398.75    
 Catch=   5938.69537651617     
 Abd=   24909.84    
 Catch=   32246.8276378155     
 Abd=   320797.7    
 Catch=   400419.626346434     
 Abd=   5915486.    
 Catch=   500415.585369985     
 Abd=   1348413.    
 Catch=   47475.2290940273     
 Abd=   80461.61    
 Catch=   5120944.88734107     
 Abd=  5.3482892E+07
 Time step =         1821
 Catch=   47027.6866602156     
 Abd=   299353.6    
 Catch=   44026.5317954235     
 Abd=   282367.9    
 Catch=   79661.1008256955     
 Abd=   86501.27    
 Catch=   5870.63688875012     
 Abd=   97981.55    
 Catch=   22111.7360080206     
 Abd=   74321.41    
 Catch=   18.1541464971286     
 Abd=   71.36461    
 Catch=   113886.161206402     
 Abd=   240446.3    
 Catch=                     NaN
 Abd=            NaN
 Catch=   51608.9337429060     
 Abd=   861537.4    
 Catch=   54221.9267017388     
 Abd=   12319.86    
 Catch=   462576.908322072     
 Abd=   2626354.    
 Catch=   128176.804073290     
 Abd=   2139830.    
 Catch=   393.132683329194     
 Abd=   1417.000    
 Catch=   24085.2678896443     
 Abd=   349698.7    
 Catch=   115501.231859522     
 Abd=   66828.81    
 Catch=                     NaN
 Abd=            NaN
 Catch=   99153.7465398773     
 Abd=   561058.8    
 Catch=   30729.4460607472     
 Abd=   483911.0    
 Catch=   9767.06712545277     
 Abd=   14305.86    
 Catch=   18682.9069640515     
 Abd=   311846.4    
 Catch=   42747.1003209406     
 Abd=   221781.0    
 Catch=   3861.51241625867     
 Abd=   13242.45    
 Catch=   881.624804779999     
 Abd=   8373.123    
 Catch=   402400.561693093     
 Abd=   6717292.    
 Catch=   219063.755943528     
 Abd=   768360.1    
 Catch=   18580.8328575864     
 Abd=   310085.5    
 Catch=   427181.881213482     
 Abd=   615320.5    
 Catch=   40172.3228136639     
 Abd=   84823.69    
 Catch=                     NaN
 Abd=            NaN
 Catch=   153084.432052137     
 Abd=   89398.74    
 Catch=   5938.69537651617     
 Abd=   24909.84    
 Catch=   32245.3180920252     
 Abd=   320783.1    
 Catch=   400213.718774932     
 Abd=   5912468.    
 Catch=   500415.377231342     
 Abd=   1348412.    
 Catch=   47475.2317570777     
 Abd=   80461.59    
 Catch=   5120448.27405931     
 Abd=  5.3477776E+07
 Time step =         1822
 Catch=   47027.6864855385     
 Abd=   299353.8    
 Catch=   44025.8172957246     
 Abd=   282363.4    
 Catch=   79661.0647892205     
 Abd=   86501.23    
 Catch=   5867.18357949873     
 Abd=   97924.30    
 Catch=   22111.7360067569     
 Abd=   74321.41    
 Catch=   18.1541464971286     
 Abd=   71.36461    
 Catch=   113886.129251774     
 Abd=   240446.2    
 Catch=                     NaN
 Abd=            NaN
 Catch=   51603.1591844487     
 Abd=   861442.6    
 Catch=   54221.9267017388     
 Abd=   12319.86    
 Catch=   462576.415093911     
 Abd=   2626353.    
 Catch=   128175.572692967     
 Abd=   2139809.    
 Catch=   393.132683329194     
 Abd=   1417.000    
 Catch=   24076.9421502791     
 Abd=   349578.7    
 Catch=   115501.203812784     
 Abd=   66828.80    
 Catch=                     NaN
 Abd=            NaN
 Catch=   99153.7777113556     
 Abd=   561058.9    
 Catch=   30715.5896578003     
 Abd=   483696.2    
 Catch=   9767.06712545277     
 Abd=   14305.86    
 Catch=   18676.4794654045     
 Abd=   311740.2    
 Catch=   42747.0995097314     
 Abd=   221781.0    
 Catch=   3861.51255806675     
 Abd=   13242.45    
 Catch=   881.609439241109     
 Abd=   8372.975    
 Catch=   402326.431270394     
 Abd=   6716071.    
 Catch=   219063.666824592     
 Abd=   768359.1    
 Catch=   18565.8557592682     
 Abd=   309837.4    
 Catch=   427181.759420381     
 Abd=   615320.3    
 Catch=   40172.3271760195     
 Abd=   84823.69    
 Catch=                     NaN
 Abd=            NaN
 Catch=   153084.427122294     
 Abd=   89398.73    
 Catch=   5938.69537651617     
 Abd=   24909.84    
 Catch=   32243.8685634040     
 Abd=   320768.9    
 Catch=   400011.294268703     
 Abd=   5909498.    
 Catch=   500415.325368690     
 Abd=   1348412.    
 Catch=   47475.2158126835     
 Abd=   80461.56    
 Catch=   5119963.12615683     
 Abd=  5.3472788E+07
 Time step =         1823
 Catch=   47027.7199331709     
 Abd=   299354.0    
 Catch=   44025.1287008975     
 Abd=   282359.0    
 Catch=   79661.0469520390     
 Abd=   86501.25    
 Catch=   5863.78290766048     
 Abd=   97868.02    
 Catch=   22111.7360065221     
 Abd=   74321.41    
 Catch=   18.1541464971286     
 Abd=   71.36461    
 Catch=   113886.090715115     
 Abd=   240446.2    
 Catch=                     NaN
 Abd=            NaN
 Catch=   51597.5790862522     
 Abd=   861350.5    
 Catch=   54221.9267017388     
 Abd=   12319.86    
 Catch=   462576.252461669     
 Abd=   2626351.    
 Catch=   128174.389117719     
 Abd=   2139790.    
 Catch=   393.132683329194     
 Abd=   1417.000    
 Catch=   24068.7588922625     
 Abd=   349461.0    
 Catch=   115501.197606304     
 Abd=   66828.80    
 Catch=                     NaN
 Abd=            NaN
 Catch=   99153.8267488731     
 Abd=   561059.2    
 Catch=   30702.1875404814     
 Abd=   483488.5    
 Catch=   9767.06712545277     
 Abd=   14305.86    
 Catch=   18670.1878602847     
 Abd=   311636.3    
 Catch=   42747.1079058740     
 Abd=   221781.1    
 Catch=   3861.51265395542     
 Abd=   13242.45    
 Catch=   881.594161192620     
 Abd=   8372.846    
 Catch=   402254.212022378     
 Abd=   6714879.    
 Catch=   219063.451440545     
 Abd=   768358.8    
 Catch=   18551.1415193366     
 Abd=   309594.0    
 Catch=   427181.606611504     
 Abd=   615320.2    
 Catch=   40172.3168628555     
 Abd=   84823.66    
 Catch=                     NaN
 Abd=            NaN
 Catch=   153084.449454522     
 Abd=   89398.75    
 Catch=   5938.69537651617     
 Abd=   24909.84    
 Catch=   32242.4635024962     
 Abd=   320755.2    
 Catch=   399811.967296137     
 Abd=   5906579.    
 Catch=   500415.385779238     
 Abd=   1348412.    
 Catch=   47475.2163478327     
 Abd=   80461.59    
 Catch=   5119488.96743304     
 Abd=  5.3467868E+07
 Time step =         1824
 Catch=   47027.7227526696     
 Abd=   299354.0    
 Catch=   44024.4347154040     
 Abd=   282354.5    
 Catch=   79661.0541874481     
 Abd=   86501.23    
 Catch=   5860.43966607595     
 Abd=   97812.72    
 Catch=   22111.7360067810     
 Abd=   74321.41    
 Catch=   18.1541464971286     
 Abd=   71.36461    
 Catch=   113886.084383122     
 Abd=   240446.2    
 Catch=                     NaN
 Abd=            NaN
 Catch=   51592.1320138300     
 Abd=   861260.6    
 Catch=   54221.9267017388     
 Abd=   12319.86    
 Catch=   462575.870868096     
 Abd=   2626350.    
 Catch=   128173.305459957     
 Abd=   2139772.    
 Catch=   393.132683329194     
 Abd=   1417.000    
 Catch=   24060.7320032614     
 Abd=   349345.6    
 Catch=   115501.207852645     
 Abd=   66828.78    
 Catch=                     NaN
 Abd=            NaN
 Catch=   99153.8659152397     
 Abd=   561059.6    
 Catch=   30689.2089928247     
 Abd=   483286.6    
 Catch=   9767.06712545277     
 Abd=   14305.86    
 Catch=   18664.0359850384     
 Abd=   311534.8    
 Catch=   42747.1145357478     
 Abd=   221781.1    
 Catch=   3861.51273768295     
 Abd=   13242.45    
 Catch=   881.581595224538     
 Abd=   8372.727    
 Catch=   402183.604233278     
 Abd=   6713716.    
 Catch=   219063.382158456     
 Abd=   768358.7    
 Catch=   18536.6660792591     
 Abd=   309354.0    
 Catch=   427181.645581804     
 Abd=   615320.3    
 Catch=   40172.3086235758     
 Abd=   84823.62    
 Catch=                     NaN
 Abd=            NaN
 Catch=   153084.415024729     
 Abd=   89398.75    
 Catch=   5938.69537651617     
 Abd=   24909.84    
 Catch=   32241.1229834605     
 Abd=   320742.1    
 Catch=   399615.944325732     
 Abd=   5903706.    
 Catch=   500415.134278370     
 Abd=   1348412.    
 Catch=   47475.2191030509     
 Abd=   80461.59    
 Catch=   5119024.89112454     
 Abd=  5.3463088E+07
 Time step =         1825
 Catch=   47027.7428269130     
 Abd=   299354.1    
 Catch=   44023.7359649258     
 Abd=   282350.0    
 Catch=   79661.0522449695     
 Abd=   86501.24    
 Catch=   5857.15664228352     
 Abd=   97758.31    
 Catch=   22111.7360064514     
 Abd=   74321.41    
 Catch=   18.1541464971286     
 Abd=   71.36461    
 Catch=   113886.115505374     
 Abd=   240446.3    
 Catch=                     NaN
 Abd=            NaN
 Catch=   51586.7660464199     
 Abd=   861172.2    
 Catch=   54221.9267017388     
 Abd=   12319.86    
 Catch=   462575.495768955     
 Abd=   2626347.    
 Catch=   128172.281051618     
 Abd=   2139756.    
 Catch=   393.132683329194     
 Abd=   1417.000    
 Catch=   24052.8446352301     
 Abd=   349232.1    
 Catch=   115501.211651264     
 Abd=   66828.81    
 Catch=                     NaN
 Abd=            NaN
 Catch=   99153.8645383560     
 Abd=   561059.1    
 Catch=   30676.5856945010     
 Abd=   483090.9    
 Catch=   9767.06712545277     
 Abd=   14305.86    
 Catch=   18658.0068548983     
 Abd=   311435.2    
 Catch=   42747.1079859129     
 Abd=   221781.0    
 Catch=   3861.51240898336     
 Abd=   13242.45    
 Catch=   881.568403364406     
 Abd=   8372.588    
 Catch=   402114.847600063     
 Abd=   6712580.    
 Catch=   219063.347492395     
 Abd=   768358.2    
 Catch=   18522.3918175682     
 Abd=   309117.6    
 Catch=   427181.754156245     
 Abd=   615320.5    
 Catch=   40172.3140872477     
 Abd=   84823.67    
 Catch=                     NaN
 Abd=            NaN
 Catch=   153084.414579671     
 Abd=   89398.76    
 Catch=   5938.69537651617     
 Abd=   24909.84    
 Catch=   32239.8355877625     
 Abd=   320729.8    
 Catch=   399422.945296773     
 Abd=   5900874.    
 Catch=   500415.058472679     
 Abd=   1348412.    
 Catch=   47475.2250017695     
 Abd=   80461.61    
 Catch=   5118573.41781129     
 Abd=  5.3458444E+07
 Time step =         1826
 Catch=   47027.7317513191     
 Abd=   299353.8    
 Catch=   44023.0268308882     
 Abd=   282345.5    
 Catch=   79661.0506317300     
 Abd=   86501.22    
 Catch=   5853.92561485587     
 Abd=   97704.87    
 Catch=   22111.7360065457     
 Abd=   74321.41    
 Catch=   18.1541464971286     
 Abd=   71.36461    
 Catch=   113886.140882928     
 Abd=   240446.4    
 Catch=                     NaN
 Abd=            NaN
 Catch=   51581.5424495288     
 Abd=   861085.8    
 Catch=   54221.9267017388     
 Abd=   12319.86    
 Catch=   462575.232353160     
 Abd=   2626346.    
 Catch=   128171.260733270     
 Abd=   2139740.    
 Catch=   393.132683329194     
 Abd=   1417.000    
 Catch=   24045.1035674105     
 Abd=   349120.6    
 Catch=   115501.220175109     
 Abd=   66828.80    
 Catch=                     NaN
 Abd=            NaN
 Catch=   99153.8030284461     
 Abd=   561058.9    
 Catch=   30664.3727902017     
 Abd=   482901.7    
 Catch=   9767.06712545277     
 Abd=   14305.86    
 Catch=   18652.1104263867     
 Abd=   311337.7    
 Catch=   42747.0923718186     
 Abd=   221781.0    
 Catch=   3861.51326759568     
 Abd=   13242.45    
 Catch=   881.554856989084     
 Abd=   8372.480    
 Catch=   402047.688868476     
 Abd=   6711474.    
 Catch=   219063.121358882     
 Abd=   768357.2    
 Catch=   18508.3568762304     
 Abd=   308885.4    
 Catch=   427181.929801273     
 Abd=   615320.6    
 Catch=   40172.3174133327     
 Abd=   84823.66    
 Catch=                     NaN
 Abd=            NaN
 Catch=   153084.396229801     
 Abd=   89398.72    
 Catch=   5938.69537651617     
 Abd=   24909.84    
 Catch=   32238.6185096506     
 Abd=   320717.8    
 Catch=   399233.066796076     
 Abd=   5898094.    
 Catch=   500415.366484834     
 Abd=   1348412.    
 Catch=   47475.2342444254     
 Abd=   80461.58    
 Catch=   5118132.09481406     
 Abd=  5.3453856E+07
 Time step =         1827
 Catch=   47027.7053362481     
 Abd=   299353.8    
 Catch=   44022.3639591145     
 Abd=   282341.3    
 Catch=   79661.0512364215     
 Abd=   86501.23    
 Catch=   5850.75030715834     
 Abd=   97652.32    
 Catch=   22111.7360068750     
 Abd=   74321.41    
 Catch=   18.1541464971286     
 Abd=   71.36461    
 Catch=   113886.177338247     
 Abd=   240446.4    
 Catch=                     NaN
 Abd=            NaN
 Catch=   51576.4524703871     
 Abd=   861002.8    
 Catch=   54221.9267017388     
 Abd=   12319.86    
 Catch=   462575.215903539     
 Abd=   2626348.    
 Catch=   128170.242975953     
 Abd=   2139722.    
 Catch=   393.132683329194     
 Abd=   1417.000    
 Catch=   24037.4871550979     
 Abd=   349011.1    
 Catch=   115501.195421801     
 Abd=   66828.80    
 Catch=                     NaN
 Abd=            NaN
 Catch=   99153.7937742160     
 Abd=   561059.0    
 Catch=   30652.5562567147     
 Abd=   482718.8    
 Catch=   9767.06712545277     
 Abd=   14305.86    
 Catch=   18646.3301178406     
 Abd=   311242.2    
 Catch=   42747.0888870564     
 Abd=   221781.0    
 Catch=   3861.51390850274     
 Abd=   13242.46    
 Catch=   881.543122303744     
 Abd=   8372.369    
 Catch=   401982.076433361     
 Abd=   6710388.    
 Catch=   219062.882104867     
 Abd=   768356.5    
 Catch=   18494.5454645090     
 Abd=   308656.5    
 Catch=   427181.952944772     
 Abd=   615320.7    
 Catch=   40172.3191634048     
 Abd=   84823.68    
 Catch=                     NaN
 Abd=            NaN
 Catch=   153084.390672539     
 Abd=   89398.75    
 Catch=   5938.69537651617     
 Abd=   24909.84    
 Catch=   32237.4451831423     
 Abd=   320706.3    
 Catch=   399046.409314932     
 Abd=   5895359.    
 Catch=   500415.464473258     
 Abd=   1348413.    
 Catch=   47475.2154978178     
 Abd=   80461.56    
 Catch=   5117699.17300013     
 Abd=  5.3449408E+07
 Time step =         1828
 Catch=   47027.7029537928     
 Abd=   299353.8    
 Catch=   44021.6938692264     
 Abd=   282337.1    
 Catch=   79661.0514789087     
 Abd=   86501.23    
 Catch=   5847.62947317017     
 Abd=   97600.65    
 Catch=   22111.7360063807     
 Abd=   74321.41    
 Catch=   18.1541464971286     
 Abd=   71.36461    
 Catch=   113886.140644954     
 Abd=   240446.3    
 Catch=                     NaN
 Abd=            NaN
 Catch=   51571.5640255898     
 Abd=   860921.8    
 Catch=   54221.9267017388     
 Abd=   12319.86    
 Catch=   462575.410525669     
 Abd=   2626347.    
 Catch=   128169.215157888     
 Abd=   2139705.    
 Catch=   393.132683329194     
 Abd=   1417.000    
 Catch=   24030.0003386388     
 Abd=   348903.1    
 Catch=   115501.215419754     
 Abd=   66828.81    
 Catch=                     NaN
 Abd=            NaN
 Catch=   99153.8079040489     
 Abd=   561058.9    
 Catch=   30641.1310359535     
 Abd=   482541.5    
 Catch=   9767.06712545277     
 Abd=   14305.86    
 Catch=   18640.6610605029     
 Abd=   311148.6    
 Catch=   42747.0867155443     
 Abd=   221781.0    
 Catch=   3861.51399629807     
 Abd=   13242.45    
 Catch=   881.531575915629     
 Abd=   8372.252    
 Catch=   401917.730311497     
 Abd=   6709325.    
 Catch=   219062.591672381     
 Abd=   768355.8    
 Catch=   18480.9638020028     
 Abd=   308431.8    
 Catch=   427181.983766046     
 Abd=   615320.7    
 Catch=   40172.3370287848     
 Abd=   84823.70    
 Catch=                     NaN
 Abd=            NaN
 Catch=   153084.401507954     
 Abd=   89398.73    
 Catch=   5938.69537651617     
 Abd=   24909.84    
 Catch=   32236.3083382984     
 Abd=   320695.2    
 Catch=   398862.576590550     
 Abd=   5892661.    
 Catch=   500415.534730278     
 Abd=   1348413.    
 Catch=   47475.2071240645     
 Abd=   80461.59    
 Catch=   5117279.46689519     
 Abd=  5.3445096E+07
 Time step =         1829
 Catch=   47027.6942548744     
 Abd=   299353.8    
 Catch=   44021.0458364914     
 Abd=   282332.9    
 Catch=   79661.0500330129     
 Abd=   86501.24    
 Catch=   5844.55873016232     
 Abd=   97549.78    
 Catch=   22111.7360066397     
 Abd=   74321.41    
 Catch=   18.1541464971286     
 Abd=   71.36461    
 Catch=   113886.102372654     
 Abd=   240446.2    
 Catch=                     NaN
 Abd=            NaN
 Catch=   51566.7707220692     
 Abd=   860842.6    
 Catch=   54221.9267017388     
 Abd=   12319.86    
 Catch=   462575.336115973     
 Abd=   2626347.    
 Catch=   128168.269559121     
 Abd=   2139690.    
 Catch=   393.132683329194     
 Abd=   1417.000    
 Catch=   24022.6327389583     
 Abd=   348797.0    
 Catch=   115501.240629216     
 Abd=   66828.82    
 Catch=                     NaN
 Abd=            NaN
 Catch=   99153.7643553738     
 Abd=   561058.7    
 Catch=   30630.0500150674     
 Abd=   482369.9    
 Catch=   9767.06712545277     
 Abd=   14305.86    
 Catch=   18635.1220235080     
 Abd=   311057.2    
 Catch=   42747.0904809567     
 Abd=   221781.0    
 Catch=   3861.51269695619     
 Abd=   13242.45    
 Catch=   881.519412749164     
 Abd=   8372.144    
 Catch=   401854.653221431     
 Abd=   6708280.    
 Catch=   219062.430846017     
 Abd=   768355.1    
 Catch=   18467.6057391710     
 Abd=   308210.4    
 Catch=   427182.007167110     
 Abd=   615320.9    
 Catch=   40172.3125102090     
 Abd=   84823.65    
 Catch=                     NaN
 Abd=            NaN
 Catch=   153084.432236240     
 Abd=   89398.74    
 Catch=   5938.69537651617     
 Abd=   24909.84    
 Catch=   32235.2198330048     
 Abd=   320684.6    
 Catch=   398681.487848752     
 Abd=   5890007.    
 Catch=   500415.606261607     
 Abd=   1348413.    
 Catch=   47475.2251785163     
 Abd=   80461.61    
 Catch=   5116872.40273632     
 Abd=  5.3440876E+07
 Time step =         1830
 Catch=   47027.6954168822     
 Abd=   299353.8    
 Catch=   44020.4186605469     
 Abd=   282329.0    
 Catch=   79661.0496047820     
 Abd=   86501.24    
 Catch=   5841.53849002591     
 Abd=   97499.86    
 Catch=   22111.7360067342     
 Abd=   74321.41    
 Catch=   18.1541464971286     
 Abd=   71.36461    
 Catch=   113886.096764287     
 Abd=   240446.3    
 Catch=                     NaN
 Abd=            NaN
 Catch=   51562.1279557169     
 Abd=   860766.9    
 Catch=   54221.9267017388     
 Abd=   12319.86    
 Catch=   462575.322532964     
 Abd=   2626347.    
 Catch=   128167.335720098     
 Abd=   2139675.    
 Catch=   393.132683329194     
 Abd=   1417.000    
 Catch=   24015.3826854379     
 Abd=   348692.6    
 Catch=   115501.222924779     
 Abd=   66828.81    
 Catch=                     NaN
 Abd=            NaN
 Catch=   99153.7489458457     
 Abd=   561058.9    
 Catch=   30619.3362375011     
 Abd=   482203.8    
 Catch=   9767.06712545277     
 Abd=   14305.86    
 Catch=   18629.7052329302     
 Abd=   310967.6    
 Catch=   42747.0987275851     
 Abd=   221781.0    
 Catch=   3861.51383613643     
 Abd=   13242.46    
 Catch=   881.509401948043     
 Abd=   8372.045    
 Catch=   401792.666929966     
 Abd=   6707258.    
 Catch=   219062.363210441     
 Abd=   768354.9    
 Catch=   18454.4449429912     
 Abd=   307992.3    
 Catch=   427182.107346520     
 Abd=   615320.8    
 Catch=   40172.3179466786     
 Abd=   84823.67    
 Catch=                     NaN
 Abd=            NaN
 Catch=   153084.412704254     
 Abd=   89398.73    
 Catch=   5938.69537651617     
 Abd=   24909.84    
 Catch=   32234.1744110267     
 Abd=   320674.3    
 Catch=   398503.207448496     
 Abd=   5887390.    
 Catch=   500415.489521206     
 Abd=   1348412.    
 Catch=   47475.2367984877     
 Abd=   80461.64    
 Catch=   5116476.50141136     
 Abd=  5.3436840E+07
 Time step =         1831
 Catch=   47027.6951084344     
 Abd=   299353.8    
 Catch=   44019.7765520886     
 Abd=   282324.8    
 Catch=   79661.0638326177     
 Abd=   86501.24    
 Catch=   5838.57417629677     
 Abd=   97450.77    
 Catch=   22111.7360064043     
 Abd=   74321.41    
 Catch=   18.1541464971286     
 Abd=   71.36461    
 Catch=   113886.093885375     
 Abd=   240446.2    
 Catch=                     NaN
 Abd=            NaN
 Catch=   51557.6141760983     
 Abd=   860692.2    
 Catch=   54221.9267017388     
 Abd=   12319.86    
 Catch=   462575.409910965     
 Abd=   2626349.    
 Catch=   128166.516729154     
 Abd=   2139662.    
 Catch=   393.132683329194     
 Abd=   1417.000    
 Catch=   24008.2277750783     
 Abd=   348589.7    
 Catch=   115501.211241028     
 Abd=   66828.81    
 Catch=                     NaN
 Abd=            NaN
 Catch=   99153.7710586678     
 Abd=   561058.8    
 Catch=   30608.9534066785     
 Abd=   482043.0    
 Catch=   9767.06712545277     
 Abd=   14305.86    
 Catch=   18624.4019418758     
 Abd=   310880.1    
 Catch=   42747.0913132984     
 Abd=   221780.9    
 Catch=   3861.51491169766     
 Abd=   13242.46    
 Catch=   881.497816339844     
 Abd=   8371.941    
 Catch=   401732.226616299     
 Abd=   6706261.    
 Catch=   219062.283358921     
 Abd=   768354.5    
 Catch=   18441.4749398855     
 Abd=   307777.5    
 Catch=   427182.040913304     
 Abd=   615320.8    
 Catch=   40172.3090038623     
 Abd=   84823.63    
 Catch=                     NaN
 Abd=            NaN
 Catch=   153084.428433973     
 Abd=   89398.73    
 Catch=   5938.69537651617     
 Abd=   24909.84    
 Catch=   32233.1602004737     
 Abd=   320664.5    
 Catch=   398327.434706386     
 Abd=   5884814.    
 Catch=   500415.157285999     
 Abd=   1348411.    
 Catch=   47475.2575678549     
 Abd=   80461.65    
 Catch=   5116090.15326207     
 Abd=  5.3432824E+07
 Time step =         1832
 Catch=   47027.6870272367     
 Abd=   299353.6    
 Catch=   44019.1501103898     
 Abd=   282320.8    
 Catch=   79661.0604980749     
 Abd=   86501.20    
 Catch=   5835.65871378959     
 Abd=   97402.50    
 Catch=   22111.7360067337     
 Abd=   74321.41    
 Catch=   18.1541464971286     
 Abd=   71.36461    
 Catch=   113886.078405132     
 Abd=   240446.2    
 Catch=                     NaN
 Abd=            NaN
 Catch=   51553.1781126709     
 Abd=   860618.4    
 Catch=   54221.9267017388     
 Abd=   12319.86    
 Catch=   462575.554800528     
 Abd=   2626350.    
 Catch=   128165.698881791     
 Abd=   2139648.    
 Catch=   393.132683329194     
 Abd=   1417.000    
 Catch=   24001.2140053371     
 Abd=   348488.6    
 Catch=   115501.228450995     
 Abd=   66828.80    
 Catch=                     NaN
 Abd=            NaN
 Catch=   99153.7583665657     
 Abd=   561058.9    
 Catch=   30598.9164787945     
 Abd=   481887.4    
 Catch=   9767.06712545277     
 Abd=   14305.86    
 Catch=   18619.2048344541     
 Abd=   310794.1    
 Catch=   42747.0824858183     
 Abd=   221781.0    
 Catch=   3861.51583032183     
 Abd=   13242.46    
 Catch=   881.487820275870     
 Abd=   8371.854    
 Catch=   401673.298850010     
 Abd=   6705292.    
 Catch=   219062.195148331     
 Abd=   768354.5    
 Catch=   18428.7117332578     
 Abd=   307566.1    
 Catch=   427181.973460355     
 Abd=   615320.6    
 Catch=   40172.3151451346     
 Abd=   84823.66    
 Catch=                     NaN
 Abd=            NaN
 Catch=   153084.433087041     
 Abd=   89398.75    
 Catch=   5938.69537651617     
 Abd=   24909.84    
 Catch=   32232.1947053654     
 Abd=   320655.1    
 Catch=   398154.364913118     
 Abd=   5882276.    
 Catch=   500415.099960864     
 Abd=   1348412.    
 Catch=   47475.2386354499     
 Abd=   80461.59    
 Catch=   5115711.94970164     
 Abd=  5.3428928E+07
 Time step =         1833
 Catch=   47027.6822380803     
 Abd=   299353.7    
 Catch=   44018.4950649199     
 Abd=   282316.6    
 Catch=   79661.0101055941     
 Abd=   86501.20    
 Catch=   5832.78956968338     
 Abd=   97354.98    
 Catch=   22111.7360066635     
 Abd=   74321.41    
 Catch=   18.1541464971286     
 Abd=   71.36461    
 Catch=   113886.074514670     
 Abd=   240446.2    
 Catch=                     NaN
 Abd=            NaN
 Catch=   51548.8306552291     
 Abd=   860547.1    
 Catch=   54221.9267017388     
 Abd=   12319.86    
 Catch=   462575.729339217     
 Abd=   2626350.    
 Catch=   128164.942200465     
 Abd=   2139636.    
 Catch=   393.132683329194     
 Abd=   1417.000    
 Catch=   23994.3221846537     
 Abd=   348389.2    
 Catch=   115501.227777146     
 Abd=   66828.81    
 Catch=                     NaN
 Abd=            NaN
 Catch=   99153.7739947018     
 Abd=   561058.9    
 Catch=   30589.2068861753     
 Abd=   481737.1    
 Catch=   9767.06712545277     
 Abd=   14305.86    
 Catch=   18614.1132916555     
 Abd=   310710.1    
 Catch=   42747.0861647490     
 Abd=   221780.9    
 Catch=   3861.51521260867     
 Abd=   13242.46    
 Catch=   881.477806900990     
 Abd=   8371.752    
 Catch=   401616.032478694     
 Abd=   6704348.    
 Catch=   219062.126273316     
 Abd=   768354.0    
 Catch=   18416.1388274050     
 Abd=   307357.9    
 Catch=   427181.941547192     
 Abd=   615320.7    
 Catch=   40172.2969981124     
 Abd=   84823.59    
 Catch=                     NaN
 Abd=            NaN
 Catch=   153084.444956572     
 Abd=   89398.75    
 Catch=   5938.69537651617     
 Abd=   24909.84    
 Catch=   32231.2652794688     
 Abd=   320646.1    
 Catch=   397983.883274701     
 Abd=   5879776.    
 Catch=   500415.032139979     
 Abd=   1348412.    
 Catch=   47475.2261816263     
 Abd=   80461.62    
 Catch=   5115341.60058616     
 Abd=  5.3425120E+07
 Time step =         1834
 Catch=   47027.6961487406     
 Abd=   299353.8    
 Catch=   44017.8715295952     
 Abd=   282312.7    
 Catch=   79661.0121784918     
 Abd=   86501.21    
 Catch=   5829.96794504432     
 Abd=   97308.27    
 Catch=   22111.7360064983     
 Abd=   74321.41    
 Catch=   18.1541464971286     
 Abd=   71.36461    
 Catch=   113886.074021522     
 Abd=   240446.1    
 Catch=                     NaN
 Abd=            NaN
 Catch=   51544.6233078589     
 Abd=   860477.6    
 Catch=   54221.9267017388     
 Abd=   12319.86    
 Catch=   462575.969413980     
 Abd=   2626351.    
 Catch=   128164.270392572     
 Abd=   2139626.    
 Catch=   393.132683329194     
 Abd=   1417.000    
 Catch=   23987.5384036835     
 Abd=   348291.8    
 Catch=   115501.205567793     
 Abd=   66828.78    
 Catch=                     NaN
 Abd=            NaN
 Catch=   99153.7963286137     
 Abd=   561059.1    
 Catch=   30579.8038182125     
 Abd=   481591.5    
 Catch=   9767.06712545277     
 Abd=   14305.86    
 Catch=   18609.1280480085     
 Abd=   310627.7    
 Catch=   42747.0807100122     
 Abd=   221780.9    
 Catch=   3861.51528594173     
 Abd=   13242.46    
 Catch=   881.468201123250     
 Abd=   8371.666    
 Catch=   401560.185000727     
 Abd=   6703425.    
 Catch=   219062.020273764     
 Abd=   768353.7    
 Catch=   18403.7734515600     
 Abd=   307153.0    
 Catch=   427181.906843319     
 Abd=   615320.6    
 Catch=   40172.2913797484     
 Abd=   84823.61    
 Catch=                     NaN
 Abd=            NaN
 Catch=   153084.427215681     
 Abd=   89398.75    
 Catch=   5938.69537651617     
 Abd=   24909.84    
 Catch=   32230.3748633017     
 Abd=   320637.3    
 Catch=   397816.241563857     
 Abd=   5877320.    
 Catch=   500415.114016404     
 Abd=   1348412.    
 Catch=   47475.2406719898     
 Abd=   80461.59    
 Catch=   5114983.17058532     
 Abd=  5.3421384E+07
 Time step =         1835
 Catch=   47027.6876265150     
 Abd=   299353.7    
 Catch=   44017.2596068750     
 Abd=   282308.8    
 Catch=   79661.0369057968     
 Abd=   86501.26    
 Catch=   5827.19236747600     
 Abd=   97262.32    
 Catch=   22111.7360065928     
 Abd=   74321.41    
 Catch=   18.1541464971286     
 Abd=   71.36461    
 Catch=   113886.052475202     
 Abd=   240446.2    
 Catch=                     NaN
 Abd=            NaN
 Catch=   51540.5095773668     
 Abd=   860410.2    
 Catch=   54221.9267017388     
 Abd=   12319.86    
 Catch=   462576.092424039     
 Abd=   2626352.    
 Catch=   128163.604250541     
 Abd=   2139614.    
 Catch=   393.132683329194     
 Abd=   1417.000    
 Catch=   23980.8974822501     
 Abd=   348196.3    
 Catch=   115501.183753357     
 Abd=   66828.79    
 Catch=                     NaN
 Abd=            NaN
 Catch=   99153.8325824748     
 Abd=   561059.1    
 Catch=   30570.7192603696     
 Abd=   481450.7    
 Catch=   9767.06712545277     
 Abd=   14305.86    
 Catch=   18604.2373106543     
 Abd=   310546.9    
 Catch=   42747.0700359463     
 Abd=   221780.9    
 Catch=   3861.51492727381     
 Abd=   13242.46    
 Catch=   881.459421038419     
 Abd=   8371.587    
 Catch=   401505.428911627     
 Abd=   6702522.    
 Catch=   219061.885240544     
 Abd=   768353.2    
 Catch=   18391.5858152157     
 Abd=   306951.1    
 Catch=   427181.822697078     
 Abd=   615320.4    
 Catch=   40172.3047039396     
 Abd=   84823.63    
 Catch=                     NaN
 Abd=            NaN
 Catch=   153084.422366586     
 Abd=   89398.73    
 Catch=   5938.69537651617     
 Abd=   24909.84    
 Catch=   32229.5184448810     
 Abd=   320629.0    
 Catch=   397651.288731417     
 Abd=   5874902.    
 Catch=   500415.057560598     
 Abd=   1348411.    
 Catch=   47475.2308019479     
 Abd=   80461.59    
 Catch=   5114630.29909259     
 Abd=  5.3417744E+07
 Time step =         1836
 Catch=   47027.6786381713     
 Abd=   299353.6    
 Catch=   44016.6430528014     
 Abd=   282304.9    
 Catch=   79661.0526845587     
 Abd=   86501.24    
 Catch=   5824.45740888555     
 Abd=   97217.02    
 Catch=   22111.7360066871     
 Abd=   74321.41    
 Catch=   18.1541464971286     
 Abd=   71.36461    
 Catch=   113886.093618286     
 Abd=   240446.2    
 Catch=                     NaN
 Abd=            NaN
 Catch=   51536.4693750250     
 Abd=   860343.3    
 Catch=   54221.9267017388     
 Abd=   12319.86    
 Catch=   462576.213792654     
 Abd=   2626352.    
 Catch=   128162.935515170     
 Abd=   2139603.    
 Catch=   393.132683329194     
 Abd=   1417.000    
 Catch=   23974.3666904939     
 Abd=   348102.1    
 Catch=   115501.182277661     
 Abd=   66828.80    
 Catch=                     NaN
 Abd=            NaN
 Catch=   99153.8406580153     
 Abd=   561059.4    
 Catch=   30561.9248557078     
 Abd=   481314.3    
 Catch=   9767.06712545277     
 Abd=   14305.86    
 Catch=   18599.4494070952     
 Abd=   310467.9    
 Catch=   42747.0801275279     
 Abd=   221781.0    
 Catch=   3861.51566045452     
 Abd=   13242.46    
 Catch=   881.450282128004     
 Abd=   8371.496    
 Catch=   401451.889447400     
 Abd=   6701633.    
 Catch=   219061.759829298     
 Abd=   768352.3    
 Catch=   18379.5974677636     
 Abd=   306752.2    
 Catch=   427181.741549942     
 Abd=   615320.4    
 Catch=   40172.3042184824     
 Abd=   84823.65    
 Catch=                     NaN
 Abd=            NaN
 Catch=   153084.436161798     
 Abd=   89398.75    
 Catch=   5938.69537651617     
 Abd=   24909.84    
 Catch=   32228.7060945275     
 Abd=   320621.2    
 Catch=   397488.746330810     
 Abd=   5872513.    
 Catch=   500414.917903111     
 Abd=   1348411.    
 Catch=   47475.2439232175     
 Abd=   80461.67    
 Catch=   5114286.80358763     
 Abd=  5.3414212E+07
 Time step =         1837
 Catch=   47027.6664901217     
 Abd=   299353.6    
 Catch=   44016.0582232773     
 Abd=   282301.2    
 Catch=   79661.0685517177     
 Abd=   86501.25    
 Catch=   5821.76926269465     
 Abd=   97172.53    
 Catch=   22111.7360065923     
 Abd=   74321.41    
 Catch=   18.1541464971286     
 Abd=   71.36461    
 Catch=   113886.094823858     
 Abd=   240446.3    
 Catch=                     NaN
 Abd=            NaN
 Catch=   51532.5598168200     
 Abd=   860278.8    
 Catch=   54221.9267017388     
 Abd=   12319.86    
 Catch=   462576.217901340     
 Abd=   2626352.    
 Catch=   128162.280964810     
 Abd=   2139592.    
 Catch=   393.132683329194     
 Abd=   1417.000    
 Catch=   23967.9499749122     
 Abd=   348009.8    
 Catch=   115501.233599248     
 Abd=   66828.81    
 Catch=                     NaN
 Abd=            NaN
 Catch=   99153.8957714207     
 Abd=   561059.8    
 Catch=   30553.4232451765     
 Abd=   481182.8    
 Catch=   9767.06712545277     
 Abd=   14305.86    
 Catch=   18594.7666152377     
 Abd=   310390.4    
 Catch=   42747.0895846380     
 Abd=   221781.0    
 Catch=   3861.51568485380     
 Abd=   13242.46    
 Catch=   881.440875981321     
 Abd=   8371.406    
 Catch=   401399.337510304     
 Abd=   6700766.    
 Catch=   219061.393481276     
 Abd=   768351.2    
 Catch=   18367.7564590066     
 Abd=   306556.2    
 Catch=   427181.761119354     
 Abd=   615320.5    
 Catch=   40172.3153268338     
 Abd=   84823.67    
 Catch=                     NaN
 Abd=            NaN
 Catch=   153084.435809061     
 Abd=   89398.75    
 Catch=   5938.69537651617     
 Abd=   24909.84    
 Catch=   32227.9458582270     
 Abd=   320613.8    
 Catch=   397328.270603850     
 Abd=   5870160.    
 Catch=   500414.808788135     
 Abd=   1348411.    
 Catch=   47475.2681331297     
 Abd=   80461.65    
 Catch=   5113948.04817352     
 Abd=  5.3410708E+07
 Time step =         1838
 Catch=   47027.6725199310     
 Abd=   299353.6    
 Catch=   44015.4899388658     
 Abd=   282297.5    
 Catch=   79661.0391758142     
 Abd=   86501.22    
 Catch=   5819.12595760092     
 Abd=   97128.73    
 Catch=   22111.7360065221     
 Abd=   74321.41    
 Catch=   18.1541464971286     
 Abd=   71.36461    
 Catch=   113886.164510425     
 Abd=   240446.4    
 Catch=                     NaN
 Abd=            NaN
 Catch=   51528.7232712968     
 Abd=   860215.9    
 Catch=   54221.9267017388     
 Abd=   12319.86    
 Catch=   462576.109593858     
 Abd=   2626352.    
 Catch=   128161.677249999     
 Abd=   2139582.    
 Catch=   393.132683329194     
 Abd=   1417.000    
 Catch=   23961.6361110004     
 Abd=   347918.9    
 Catch=   115501.176190110     
 Abd=   66828.77    
 Catch=                     NaN
 Abd=            NaN
 Catch=   99153.9188214416     
 Abd=   561059.5    
 Catch=   30545.1960246750     
 Abd=   481055.2    
 Catch=   9767.06712545277     
 Abd=   14305.86    
 Catch=   18590.1701576515     
 Abd=   310314.4    
 Catch=   42747.0858314557     
 Abd=   221781.0    
 Catch=   3861.51540944656     
 Abd=   13242.46    
 Catch=   881.431614366630     
 Abd=   8371.327    
 Catch=   401347.874769725     
 Abd=   6699919.    
 Catch=   219061.147315552     
 Abd=   768350.4    
 Catch=   18356.0971577449     
 Abd=   306362.0    
 Catch=   427181.849595590     
 Abd=   615320.6    
 Catch=   40172.3122068271     
 Abd=   84823.62    
 Catch=                     NaN
 Abd=            NaN
 Catch=   153084.403655091     
 Abd=   89398.74    
 Catch=   5938.69537651617     
 Abd=   24909.84    
 Catch=   32227.2105354399     
 Abd=   320606.5    
 Catch=   397170.306472339     
 Abd=   5867843.    
 Catch=   500414.760872873     
 Abd=   1348411.    
 Catch=   47475.2488572889     
 Abd=   80461.62    
 Catch=   5113615.67500065     
 Abd=  5.3407248E+07
 Time step =         1839
 Catch=   47027.6785889560     
 Abd=   299353.6    
 Catch=   44014.9091319866     
 Abd=   282293.8    
 Catch=   79661.0520512335     
 Abd=   86501.25    
 Catch=   5816.52074538422     
 Abd=   97085.62    
 Catch=   22111.7360067810     
 Abd=   74321.41    
 Catch=   18.1541464971286     
 Abd=   71.36461    
 Catch=   113886.127158154     
 Abd=   240446.3    
 Catch=                     NaN
 Abd=            NaN
 Catch=   51524.9994881663     
 Abd=   860154.2    
 Catch=   54221.9267017388     
 Abd=   12319.86    
 Catch=   462576.000889962     
 Abd=   2626351.    
 Catch=   128161.133844050     
 Abd=   2139574.    
 Catch=   393.132683329194     
 Abd=   1417.000    
 Catch=   23955.4101060287     
 Abd=   347829.0    
 Catch=   115501.181456366     
 Abd=   66828.81    
 Catch=                     NaN
 Abd=            NaN
 Catch=   99153.8549553402     
 Abd=   561059.1    
 Catch=   30537.2357073265     
 Abd=   480931.9    
 Catch=   9767.06712545277     
 Abd=   14305.86    
 Catch=   18585.6690933215     
 Abd=   310240.0    
 Catch=   42747.0911362319     
 Abd=   221780.9    
 Catch=   3861.51574964093     
 Abd=   13242.46    
 Catch=   881.426152835439     
 Abd=   8371.279    
 Catch=   401297.734793811     
 Abd=   6699095.    
 Catch=   219060.952433475     
 Abd=   768349.8    
 Catch=   18344.5452150657     
 Abd=   306170.5    
 Catch=   427181.829075780     
 Abd=   615320.3    
 Catch=   40172.2938097755     
 Abd=   84823.62    
 Catch=                     NaN
 Abd=            NaN
 Catch=   153084.421195990     
 Abd=   89398.73    
 Catch=   5938.69537651617     
 Abd=   24909.84    
 Catch=   32226.4819238612     
 Abd=   320599.4    
 Catch=   397014.751043345     
 Abd=   5865566.    
 Catch=   500414.928560719     
 Abd=   1348412.    
 Catch=   47475.2570340792     
 Abd=   80461.66    
 Catch=   5113290.45663396     
 Abd=  5.3403928E+07
 Time step =         1840
 Catch=   47027.6806008305     
 Abd=   299353.7    
 Catch=   44014.3630356819     
 Abd=   282290.4    
 Catch=   79661.0633715750     
 Abd=   86501.25    
 Catch=   5813.96051433933     
 Abd=   97043.17    
 Catch=   22111.7360064514     
 Abd=   74321.41    
 Catch=   18.1541464971286     
 Abd=   71.36461    
 Catch=   113886.138767544     
 Abd=   240446.3    
 Catch=                     NaN
 Abd=            NaN
 Catch=   51521.3914567714     
 Abd=   860095.2    
 Catch=   54221.9267017388     
 Abd=   12319.86    
 Catch=   462576.099877060     
 Abd=   2626352.    
 Catch=   128160.624074024     
 Abd=   2139566.    
 Catch=   393.132683329194     
 Abd=   1417.000    
 Catch=   23949.2790687701     
 Abd=   347740.9    
 Catch=   115501.215319410     
 Abd=   66828.80    
 Catch=                     NaN
 Abd=            NaN
 Catch=   99153.8170562500     
 Abd=   561059.0    
 Catch=   30529.5292010925     
 Abd=   480812.6    
 Catch=   9767.06712545277     
 Abd=   14305.86    
 Catch=   18581.2571274579     
 Abd=   310167.2    
 Catch=   42747.0634715605     
 Abd=   221780.9    
 Catch=   3861.51572024135     
 Abd=   13242.47    
 Catch=   881.417037054938     
 Abd=   8371.169    
 Catch=   401248.987852792     
 Abd=   6698290.    
 Catch=   219060.723198346     
 Abd=   768348.8    
 Catch=   18333.1550734561     
 Abd=   305981.7    
 Catch=   427181.728096286     
 Abd=   615320.4    
 Catch=   40172.2831896675     
 Abd=   84823.55    
 Catch=                     NaN
 Abd=            NaN
 Catch=   153084.425779738     
 Abd=   89398.75    
 Catch=   5938.69537651617     
 Abd=   24909.84    
 Catch=   32225.7997653237     
 Abd=   320592.9    
 Catch=   396861.687009678     
 Abd=   5863317.    
 Catch=   500414.971840847     
 Abd=   1348412.    
 Catch=   47475.2542203142     
 Abd=   80461.66    
 Catch=   5112976.62086265     
 Abd=  5.3400680E+07
 Time step =         1841
 Catch=   47027.6993940580     
 Abd=   299353.8    
 Catch=   44013.8113216340     
 Abd=   282286.8    
 Catch=   79661.0472241303     
 Abd=   86501.24    
 Catch=   5811.43879395929     
 Abd=   97001.45    
 Catch=   22111.7360065457     
 Abd=   74321.41    
 Catch=   18.1541464971286     
 Abd=   71.36461    
 Catch=   113886.138961008     
 Abd=   240446.3    
 Catch=                     NaN
 Abd=            NaN
 Catch=   51517.8566229052     
 Abd=   860036.4    
 Catch=   54221.9267017388     
 Abd=   12319.86    
 Catch=   462576.087781205     
 Abd=   2626351.    
 Catch=   128160.155854632     
 Abd=   2139558.    
 Catch=   393.132683329194     
 Abd=   1417.000    
 Catch=   23943.2697532704     
 Abd=   347654.3    
 Catch=   115501.199282815     
 Abd=   66828.78    
 Catch=                     NaN
 Abd=            NaN
 Catch=   99153.7890087929     
 Abd=   561059.1    
 Catch=   30522.0817141045     
 Abd=   480697.1    
 Catch=   9767.06712545277     
 Abd=   14305.86    
 Catch=   18576.9408785107     
 Abd=   310095.8    
 Catch=   42747.0507007702     
 Abd=   221780.8    
 Catch=   3861.51715986649     
 Abd=   13242.46    
 Catch=   881.407958445597     
 Abd=   8371.105    
 Catch=   401201.235685776     
 Abd=   6697499.    
 Catch=   219060.573519293     
 Abd=   768348.3    
 Catch=   18321.9289233431     
 Abd=   305795.6    
 Catch=   427181.811469961     
 Abd=   615320.6    
 Catch=   40172.2753908567     
 Abd=   84823.58    
 Catch=                     NaN
 Abd=            NaN
 Catch=   153084.422949775     
 Abd=   89398.73    
 Catch=   5938.69537651617     
 Abd=   24909.84    
 Catch=   32225.1367897903     
 Abd=   320586.3    
 Catch=   396710.935295554     
 Abd=   5861110.    
 Catch=   500415.088526394     
 Abd=   1348412.    
 Catch=   47475.2375827152     
 Abd=   80461.59    
 Catch=   5112668.97613789     
 Abd=  5.3397484E+07
 Time step =         1842
 Catch=   47027.6954968191     
 Abd=   299353.8    
 Catch=   44013.2487704796     
 Abd=   282283.4    
 Catch=   79661.0426042172     
 Abd=   86501.22    
 Catch=   5808.96167045336     
 Abd=   96960.44    
 Catch=   22111.7360068750     
 Abd=   74321.41    
 Catch=   18.1541464971286     
 Abd=   71.36461    
 Catch=   113886.100411704     
 Abd=   240446.2    
 Catch=                     NaN
 Abd=            NaN
 Catch=   51514.3722031889     
 Abd=   859979.3    
 Catch=   54221.9267017388     
 Abd=   12319.86    
 Catch=   462576.004806179     
 Abd=   2626350.    
 Catch=   128159.678471022     
 Abd=   2139550.    
 Catch=   393.132683329194     
 Abd=   1417.000    
 Catch=   23937.3453131747     
 Abd=   347569.0    
 Catch=   115501.189693246     
 Abd=   66828.80    
 Catch=                     NaN
 Abd=            NaN
 Catch=   99153.8680759921     
 Abd=   561059.5    
 Catch=   30514.8758835257     
 Abd=   480585.6    
 Catch=   9767.06712545277     
 Abd=   14305.86    
 Catch=   18572.7050987051     
 Abd=   310025.8    
 Catch=   42747.0364716116     
 Abd=   221780.7    
 Catch=   3861.51646545364     
 Abd=   13242.46    
 Catch=   881.400790269544     
 Abd=   8371.037    
 Catch=   401154.414424636     
 Abd=   6696726.    
 Catch=   219060.531757156     
 Abd=   768348.6    
 Catch=   18310.8711628786     
 Abd=   305611.4    
 Catch=   427181.961867944     
 Abd=   615320.8    
 Catch=   40172.2783075573     
 Abd=   84823.59    
 Catch=                     NaN
 Abd=            NaN
 Catch=   153084.445465881     
 Abd=   89398.77    
 Catch=   5938.69537651617     
 Abd=   24909.84    
 Catch=   32224.4852428041     
 Abd=   320580.1    
 Catch=   396562.485082930     
 Abd=   5858932.    
 Catch=   500414.963527171     
 Abd=   1348412.    
 Catch=   47475.2324619669     
 Abd=   80461.59    
 Catch=   5112364.88544495     
 Abd=  5.3394364E+07
 Time step =         1843
 Catch=   47027.7215702435     
 Abd=   299353.9    
 Catch=   44012.7443030055     
 Abd=   282280.1    
 Catch=   79661.0557633843     
 Abd=   86501.23    
 Catch=   5806.52367674875     
 Abd=   96920.03    
 Catch=   22111.7360063807     
 Abd=   74321.41    
 Catch=   18.1541464971286     
 Abd=   71.36461    
 Catch=   113886.103700882     
 Abd=   240446.3    
 Catch=                     NaN
 Abd=            NaN
 Catch=   51511.0482388456     
 Abd=   859924.9    
 Catch=   54221.9267017388     
 Abd=   12319.86    
 Catch=   462575.852543157     
 Abd=   2626350.    
 Catch=   128159.220447113     
 Abd=   2139543.    
 Catch=   393.132683329194     
 Abd=   1417.000    
 Catch=   23931.5071671279     
 Abd=   347485.0    
 Catch=   115501.186635074     
 Abd=   66828.79    
 Catch=                     NaN
 Abd=            NaN
 Catch=   99153.8919553866     
 Abd=   561059.4    
 Catch=   30507.9152172762     
 Abd=   480477.8    
 Catch=   9767.06712545277     
 Abd=   14305.86    
 Catch=   18568.5485580101     
 Abd=   309957.1    
 Catch=   42747.0327829670     
 Abd=   221780.6    
 Catch=   3861.51612300905     
 Abd=   13242.46    
 Catch=   881.394862156765     
 Abd=   8370.986    
 Catch=   401108.642779701     
 Abd=   6695972.    
 Catch=   219060.530215721     
 Abd=   768348.2    
 Catch=   18299.9228852082     
 Abd=   305429.9    
 Catch=   427181.978699545     
 Abd=   615320.7    
 Catch=   40172.2863452706     
 Abd=   84823.59    
 Catch=                     NaN
 Abd=            NaN
 Catch=   153084.436634110     
 Abd=   89398.76    
 Catch=   5938.69537651617     
 Abd=   24909.84    
 Catch=   32223.8769737773     
 Abd=   320574.0    
 Catch=   396416.235318538     
 Abd=   5856787.    
 Catch=   500415.041083864     
 Abd=   1348412.    
 Catch=   47475.2353577524     
 Abd=   80461.61    
 Catch=   5112069.84478059     
 Abd=  5.3391288E+07
 Time step =         1844
 Catch=   47027.7479265484     
 Abd=   299354.1    
 Catch=   44012.2476712964     
 Abd=   282277.1    
 Catch=   79661.0517223382     
 Abd=   86501.26    
 Catch=   5804.12537551964     
 Abd=   96880.34    
 Catch=   22111.7360066397     
 Abd=   74321.41    
 Catch=   18.1541464971286     
 Abd=   71.36461    
 Catch=   113886.116113128     
 Abd=   240446.2    
 Catch=                     NaN
 Abd=            NaN
 Catch=   51507.7869664990     
 Abd=   859870.5    
 Catch=   54221.9267017388     
 Abd=   12319.86    
 Catch=   462575.638157552     
 Abd=   2626348.    
 Catch=   128158.825475969     
 Abd=   2139537.    
 Catch=   393.132683329194     
 Abd=   1417.000    
 Catch=   23925.7846136209     
 Abd=   347402.6    
 Catch=   115501.214933706     
 Abd=   66828.80    
 Catch=                     NaN
 Abd=            NaN
 Catch=   99153.8482657178     
 Abd=   561059.1    
 Catch=   30501.1723654426     
 Abd=   480373.3    
 Catch=   9767.06712545277     
 Abd=   14305.86    
 Catch=   18564.4722253052     
 Abd=   309889.8    
 Catch=   42747.0233088352     
 Abd=   221780.7    
 Catch=   3861.51505877744     
 Abd=   13242.46    
 Catch=   881.390078158779     
 Abd=   8370.952    
 Catch=   401063.828626556     
 Abd=   6695231.    
 Catch=   219060.364442665     
 Abd=   768347.6    
 Catch=   18289.1274058361     
 Abd=   305250.9    
 Catch=   427181.963450004     
 Abd=   615320.6    
 Catch=   40172.3031464170     
 Abd=   84823.67    
 Catch=                     NaN
 Abd=            NaN
 Catch=   153084.471498887     
 Abd=   89398.79    
 Catch=   5938.69537651617     
 Abd=   24909.84    
 Catch=   32223.2789377361     
 Abd=   320568.3    
 Catch=   396272.053547142     
 Abd=   5854670.    
 Catch=   500414.986764387     
 Abd=   1348411.    
 Catch=   47475.2257582286     
 Abd=   80461.58    
 Catch=   5111780.41712265     
 Abd=  5.3388336E+07
 Time step =         1845
 Catch=   47027.7507788308     
 Abd=   299354.2    
 Catch=   44011.7710292252     
 Abd=   282273.9    
 Catch=   79661.0608511443     
 Abd=   86501.24    
 Catch=   5801.76388499222     
 Abd=   96841.20    
 Catch=   22111.7360067342     
 Abd=   74321.41    
 Catch=   18.1541464971286     
 Abd=   71.36461    
 Catch=   113886.062026014     
 Abd=   240446.2    
 Catch=                     NaN
 Abd=            NaN
 Catch=   51504.5673142875     
 Abd=   859817.2    
 Catch=   54221.9267017388     
 Abd=   12319.86    
 Catch=   462575.468244099     
 Abd=   2626347.    
 Catch=   128158.439918539     
 Abd=   2139530.    
 Catch=   393.132683329194     
 Abd=   1417.000    
 Catch=   23920.1737319683     
 Abd=   347321.9    
 Catch=   115501.206950305     
 Abd=   66828.81    
 Catch=                     NaN
 Abd=            NaN
 Catch=   99153.8149417324     
 Abd=   561059.0    
 Catch=   30494.6555319588     
 Abd=   480272.4    
 Catch=   9767.06712545277     
 Abd=   14305.86    
 Catch=   18560.4838726696     
 Abd=   309823.8    
 Catch=   42747.0263309638     
 Abd=   221780.6    
 Catch=   3861.51521746940     
 Abd=   13242.46    
 Catch=   881.385625738563     
 Abd=   8370.892    
 Catch=   401020.155882669     
 Abd=   6694514.    
 Catch=   219060.295884259     
 Abd=   768347.6    
 Catch=   18278.4665133299     
 Abd=   305074.4    
 Catch=   427181.851961587     
 Abd=   615320.4    
 Catch=   40172.3123454886     
 Abd=   84823.62    
 Catch=                     NaN
 Abd=            NaN
 Catch=   153084.502015102     
 Abd=   89398.78    
 Catch=   5938.69537651617     
 Abd=   24909.84    
 Catch=   32222.7204383315     
 Abd=   320562.8    
 Catch=   396129.804070812     
 Abd=   5852581.    
 Catch=   500414.894178978     
 Abd=   1348411.    
 Catch=   47475.2268801601     
 Abd=   80461.58    
 Catch=   5111501.40286965     
 Abd=  5.3385432E+07
 Time step =         1846
 Catch=   47027.7501174180     
 Abd=   299354.1    
 Catch=   44011.2744968359     
 Abd=   282270.8    
 Catch=   79661.0521900038     
 Abd=   86501.24    
 Catch=   5799.43738058309     
 Abd=   96802.67    
 Catch=   22111.7360064043     
 Abd=   74321.41    
 Catch=   18.1541464971286     
 Abd=   71.36461    
 Catch=   113886.066162811     
 Abd=   240446.2    
 Catch=                     NaN
 Abd=            NaN
 Catch=   51501.4445903368     
 Abd=   859765.9    
 Catch=   54221.9267017388     
 Abd=   12319.86    
 Catch=   462575.507727963     
 Abd=   2626349.    
 Catch=   128157.999022681     
 Abd=   2139523.    
 Catch=   393.132683329194     
 Abd=   1417.000    
 Catch=   23914.6630245459     
 Abd=   347242.5    
 Catch=   115501.235871397     
 Abd=   66828.81    
 Catch=                     NaN
 Abd=            NaN
 Catch=   99153.8331102019     
 Abd=   561059.2    
 Catch=   30488.3549281573     
 Abd=   480174.8    
 Catch=   9767.06712545277     
 Abd=   14305.86    
 Catch=   18556.5707007498     
 Abd=   309759.1    
 Catch=   42747.0289087334     
 Abd=   221780.7    
 Catch=   3861.51516605418     
 Abd=   13242.46    
 Catch=   881.377084197557     
 Abd=   8370.797    
 Catch=   400977.604837624     
 Abd=   6693809.    
 Catch=   219060.250159027     
 Abd=   768347.4    
 Catch=   18267.9908249455     
 Abd=   304900.9    
 Catch=   427181.679604701     
 Abd=   615320.4    
 Catch=   40172.3012412908     
 Abd=   84823.63    
 Catch=                     NaN
 Abd=            NaN
 Catch=   153084.453653292     
 Abd=   89398.73    
 Catch=   5938.69537651617     
 Abd=   24909.84    
 Catch=   32222.1949323283     
 Abd=   320557.8    
 Catch=   395989.448913668     
 Abd=   5850524.    
 Catch=   500414.868744158     
 Abd=   1348411.    
 Catch=   47475.2147493612     
 Abd=   80461.58    
 Catch=   5111224.08438364     
 Abd=  5.3382584E+07
 Time step =         1847
 Catch=   47027.7525237808     
 Abd=   299354.2    
 Catch=   44010.7757747353     
 Abd=   282267.6    
 Catch=   79661.0581013755     
 Abd=   86501.24    
 Catch=   5797.14984010814     
 Abd=   96764.79    
 Catch=   22111.7360067337     
 Abd=   74321.41    
 Catch=   18.1541464971286     
 Abd=   71.36461    
 Catch=   113886.082616201     
 Abd=   240446.2    
 Catch=                     NaN
 Abd=            NaN
 Catch=   51498.3558386459     
 Abd=   859714.8    
 Catch=   54221.9267017388     
 Abd=   12319.86    
 Catch=   462575.835946214     
 Abd=   2626350.    
 Catch=   128157.551684621     
 Abd=   2139515.    
 Catch=   393.132683329194     
 Abd=   1417.000    
 Catch=   23909.2203967809     
 Abd=   347164.1    
 Catch=   115501.248658743     
 Abd=   66828.81    
 Catch=                     NaN
 Abd=            NaN
 Catch=   99153.8390291337     
 Abd=   561059.0    
 Catch=   30482.2550478467     
 Abd=   480080.2    
 Catch=   9767.06712545277     
 Abd=   14305.86    
 Catch=   18552.7389824631     
 Abd=   309695.8    
 Catch=   42747.0349275017     
 Abd=   221780.7    
 Catch=   3861.51619195035     
 Abd=   13242.46    
 Catch=   881.368543649732     
 Abd=   8370.731    
 Catch=   400936.154893937     
 Abd=   6693128.    
 Catch=   219060.174612470     
 Abd=   768347.1    
 Catch=   18257.6670529371     
 Abd=   304729.7    
 Catch=   427181.724829285     
 Abd=   615320.2    
 Catch=   40172.3187555211     
 Abd=   84823.68    
 Catch=                     NaN
 Abd=            NaN
 Catch=   153084.412236145     
 Abd=   89398.75    
 Catch=   5938.69537651617     
 Abd=   24909.84    
 Catch=   32221.6831720731     
 Abd=   320552.8    
 Catch=   395851.350989256     
 Abd=   5848500.    
 Catch=   500414.800126370     
 Abd=   1348411.    
 Catch=   47475.2177567272     
 Abd=   80461.59    
 Catch=   5110957.36093548     
 Abd=  5.3379848E+07
 Time step =         1848
 Catch=   47027.7540876753     
 Abd=   299354.1    
 Catch=   44010.2920467733     
 Abd=   282264.4    
 Catch=   79661.0647541609     
 Abd=   86501.25    
 Catch=   5794.89650693127     
 Abd=   96727.47    
 Catch=   22111.7360066635     
 Abd=   74321.41    
 Catch=   18.1541464971286     
 Abd=   71.36461    
 Catch=   113886.099931028     
 Abd=   240446.2    
 Catch=                     NaN
 Abd=            NaN
 Catch=   51495.3710859755     
 Abd=   859665.9    
 Catch=   54221.9267017388     
 Abd=   12319.86    
 Catch=   462575.952561601     
 Abd=   2626352.    
 Catch=   128157.119067079     
 Abd=   2139508.    
 Catch=   393.132683329194     
 Abd=   1417.000    
 Catch=   23903.8676896882     
 Abd=   347086.8    
 Catch=   115501.208716585     
 Abd=   66828.80    
 Catch=                     NaN
 Abd=            NaN
 Catch=   99153.7894610785     
 Abd=   561058.8    
 Catch=   30476.3490067138     
 Abd=   479988.9    
 Catch=   9767.06712545277     
 Abd=   14305.86    
 Catch=   18548.9767612696     
 Abd=   309633.6    
 Catch=   42747.0272632177     
 Abd=   221780.7    
 Catch=   3861.51634326818     
 Abd=   13242.46    
 Catch=   881.361695417455     
 Abd=   8370.666    
 Catch=   400895.542395523     
 Abd=   6692453.    
 Catch=   219060.092868266     
 Abd=   768346.9    
 Catch=   18247.4954836212     
 Abd=   304561.3    
 Catch=   427181.768396924     
 Abd=   615320.5    
 Catch=   40172.3228677633     
 Abd=   84823.67    
 Catch=                     NaN
 Abd=            NaN
 Catch=   153084.447149824     
 Abd=   89398.77    
 Catch=   5938.69537651617     
 Abd=   24909.84    
 Catch=   32221.1926596891     
 Abd=   320547.9    
 Catch=   395715.321590493     
 Abd=   5846504.    
 Catch=   500414.752842787     
 Abd=   1348411.    
 Catch=   47475.2342421677     
 Abd=   80461.59    
 Catch=   5110695.70966107     
 Abd=  5.3377136E+07
 Time step =         1849
 Catch=   47027.7567062196     
 Abd=   299354.2    
 Catch=   44009.8051830211     
 Abd=   282261.6    
 Catch=   79661.0600865481     
 Abd=   86501.21    
 Catch=   5792.67999024789     
 Abd=   96690.75    
 Catch=   22111.7360064983     
 Abd=   74321.41    
 Catch=   18.1541464971286     
 Abd=   71.36461    
 Catch=   113886.120284621     
 Abd=   240446.3    
 Catch=                     NaN
 Abd=            NaN
 Catch=   51492.4684761208     
 Abd=   859618.1    
 Catch=   54221.9267017388     
 Abd=   12319.86    
 Catch=   462575.816738852     
 Abd=   2626350.    
 Catch=   128156.720431907     
 Abd=   2139502.    
 Catch=   393.132683329194     
 Abd=   1417.000    
 Catch=   23898.5874346015     
 Abd=   347010.9    
 Catch=   115501.193818778     
 Abd=   66828.80    
 Catch=                     NaN
 Abd=            NaN
 Catch=   99153.7364440621     
 Abd=   561058.8    
 Catch=   30470.6367800834     
 Abd=   479900.3    
 Catch=   9767.06712545277     
 Abd=   14305.86    
 Catch=   18545.2880186870     
 Abd=   309572.8    
 Catch=   42747.0268694988     
 Abd=   221780.6    
 Catch=   3861.51543198879     
 Abd=   13242.46    
 Catch=   881.354847404153     
 Abd=   8370.607    
 Catch=   400855.380774751     
 Abd=   6691792.    
 Catch=   219059.947751921     
 Abd=   768346.1    
 Catch=   18237.4875106465     
 Abd=   304395.1    
 Catch=   427181.942188877     
 Abd=   615320.8    
 Catch=   40172.3144810989     
 Abd=   84823.63    
 Catch=                     NaN
 Abd=            NaN
 Catch=   153084.436562671     
 Abd=   89398.77    
 Catch=   5938.69537651617     
 Abd=   24909.84    
 Catch=   32220.7284585536     
 Abd=   320543.5    
 Catch=   395581.158581352     
 Abd=   5844534.    
 Catch=   500415.075199402     
 Abd=   1348412.    
 Catch=   47475.2192022259     
 Abd=   80461.58    
 Catch=   5110441.35020645     
 Abd=  5.3374516E+07
 Time step =         1850
 Catch=   47027.7509139366     
 Abd=   299354.1    
 Catch=   44009.3656416044     
 Abd=   282258.5    
 Catch=   79661.0217926416     
 Abd=   86501.21    
 Catch=   5790.49546883628     
 Abd=   96654.57    
 Catch=   22111.7360065928     
 Abd=   74321.41    
 Catch=   18.1541464971286     
 Abd=   71.36461    
 Catch=   113886.156283161     
 Abd=   240446.3    
 Catch=                     NaN
 Abd=            NaN
 Catch=   51489.6694460464     
 Abd=   859571.2    
 Catch=   54221.9267017388     
 Abd=   12319.86    
 Catch=   462575.816556024     
 Abd=   2626350.    
 Catch=   128156.363888679     
 Abd=   2139496.    
 Catch=   393.132683329194     
 Abd=   1417.000    
 Catch=   23893.4010859689     
 Abd=   346936.2    
 Catch=   115501.203006097     
 Abd=   66828.80    
 Catch=                     NaN
 Abd=            NaN
 Catch=   99153.7640121404     
 Abd=   561058.9    
 Catch=   30465.1221846384     
 Abd=   479815.0    
 Catch=   9767.06712545277     
 Abd=   14305.86    
 Catch=   18541.6741030609     
 Abd=   309512.9    
 Catch=   42747.0171609704     
 Abd=   221780.6    
 Catch=   3861.51589349582     
 Abd=   13242.46    
 Catch=   881.349402990243     
 Abd=   8370.557    
 Catch=   400816.228334686     
 Abd=   6691141.    
 Catch=   219059.795455451     
 Abd=   768345.7    
 Catch=   18227.5893157371     
 Abd=   304230.9    
 Catch=   427181.982697157     
 Abd=   615320.8    
 Catch=   40172.2987789923     
 Abd=   84823.62    
 Catch=                     NaN
 Abd=            NaN
 Catch=   153084.438472856     
 Abd=   89398.75    
 Catch=   5938.69537651617     
 Abd=   24909.84    
 Catch=   32220.2738277602     
 Abd=   320539.0    
 Catch=   395448.968085803     
 Abd=   5842596.    
 Catch=   500415.135497465     
 Abd=   1348412.    
 Catch=   47475.2106674882     
 Abd=   80461.58    
 Catch=   5110196.48581976     
 Abd=  5.3371992E+07
 Time step =         1851
 Catch=   47027.7475742013     
 Abd=   299354.0    
 Catch=   44008.8789866465     
 Abd=   282255.4    
 Catch=   79661.0137767441     
 Abd=   86501.20    
 Catch=   5788.34445300733     
 Abd=   96618.95    
 Catch=   22111.7360066871     
 Abd=   74321.41    
 Catch=   18.1541464971286     
 Abd=   71.36461    
 Catch=   113886.099874631     
 Abd=   240446.2    
 Catch=                     NaN
 Abd=            NaN
 Catch=   51486.8345554802     
 Abd=   859525.2    
 Catch=   54221.9267017388     
 Abd=   12319.86    
 Catch=   462575.589339123     
 Abd=   2626348.    
 Catch=   128156.019459793     
 Abd=   2139490.    
 Catch=   393.132683329194     
 Abd=   1417.000    
 Catch=   23888.2716594286     
 Abd=   346862.1    
 Catch=   115501.210653482     
 Abd=   66828.82    
 Catch=                     NaN
 Abd=            NaN
 Catch=   99153.7820470933     
 Abd=   561059.0    
 Catch=   30459.8006560226     
 Abd=   479732.4    
 Catch=   9767.06712545277     
 Abd=   14305.86    
 Catch=   18538.1266856056     
 Abd=   309454.3    
 Catch=   42747.0200362970     
 Abd=   221780.7    
 Catch=   3861.51530576314     
 Abd=   13242.46    
 Catch=   881.343507322639     
 Abd=   8370.492    
 Catch=   400777.792225731     
 Abd=   6690511.    
 Catch=   219059.621339103     
 Abd=   768344.9    
 Catch=   18217.8091853991     
 Abd=   304068.8    
 Catch=   427182.010757482     
 Abd=   615320.9    
 Catch=   40172.3088652529     
 Abd=   84823.63    
 Catch=                     NaN
 Abd=            NaN
 Catch=   153084.401813474     
 Abd=   89398.72    
 Catch=   5938.69537651617     
 Abd=   24909.84    
 Catch=   32219.8351906307     
 Abd=   320534.7    
 Catch=   395318.572512287     
 Abd=   5840682.    
 Catch=   500415.113339608     
 Abd=   1348412.    
 Catch=   47475.2172059099     
 Abd=   80461.59    
 Catch=   5109951.89886366     
 Abd=  5.3369464E+07
 Time step =         1852
 Catch=   47027.7516236846     
 Abd=   299354.3    
 Catch=   44008.3842077648     
 Abd=   282252.1    
 Catch=   79661.0188245874     
 Abd=   86501.21    
 Catch=   5786.22988823135     
 Abd=   96583.94    
 Catch=   22111.7360065923     
 Abd=   74321.41    
 Catch=   18.1541464971286     
 Abd=   71.36461    
 Catch=   113886.081805743     
 Abd=   240446.2    
 Catch=                     NaN
 Abd=            NaN
 Catch=   51484.1401110896     
 Abd=   859480.3    
 Catch=   54221.9267017388     
 Abd=   12319.86    
 Catch=   462575.351627737     
 Abd=   2626346.    
 Catch=   128155.597028536     
 Abd=   2139483.    
 Catch=   393.132683329194     
 Abd=   1417.000    
 Catch=   23883.2375252596     
 Abd=   346789.7    
 Catch=   115501.246710144     
 Abd=   66828.81    
 Catch=                     NaN
 Abd=            NaN
 Catch=   99153.7834709426     
 Abd=   561058.8    
 Catch=   30454.6335551680     
 Abd=   479652.3    
 Catch=   9767.06712545277     
 Abd=   14305.86    
 Catch=   18534.6653905735     
 Abd=   309397.2    
 Catch=   42747.0215551207     
 Abd=   221780.6    
 Catch=   3861.51403224286     
 Abd=   13242.45    
 Catch=   881.337928253898     
 Abd=   8370.453    
 Catch=   400740.313686958     
 Abd=   6689889.    
 Catch=   219059.511765181     
 Abd=   768345.0    
 Catch=   18208.1673475151     
 Abd=   303909.0    
 Catch=   427182.098219577     
 Abd=   615320.6    
 Catch=   40172.2986141667     
 Abd=   84823.64    
 Catch=                     NaN
 Abd=            NaN
 Catch=   153084.394017614     
 Abd=   89398.75    
 Catch=   5938.69537651617     
 Abd=   24909.84    
 Catch=   32219.4170065734     
 Abd=   320530.6    
 Catch=   395189.959984544     
 Abd=   5838794.    
 Catch=   500414.992519114     
 Abd=   1348411.    
 Catch=   47475.2318828308     
 Abd=   80461.60    
 Catch=   5109714.82894930     
 Abd=  5.3367000E+07
 Time step =         1853
 Catch=   47027.7915453184     
 Abd=   299354.4    
 Catch=   44007.8901796771     
 Abd=   282249.1    
 Catch=   79661.0249030033     
 Abd=   86501.22    
 Catch=   5784.14980745202     
 Abd=   96549.49    
 Catch=   22111.7360065221     
 Abd=   74321.41    
 Catch=   18.1541464971286     
 Abd=   71.36461    
 Catch=   113886.091355800     
 Abd=   240446.3    
 Catch=                     NaN
 Abd=            NaN
 Catch=   51481.4992782901     
 Abd=   859437.6    
 Catch=   54221.9267017388     
 Abd=   12319.86    
 Catch=   462575.130192288     
 Abd=   2626346.    
 Catch=   128155.256496852     
 Abd=   2139478.    
 Catch=   393.132683329194     
 Abd=   1417.000    
 Catch=   23878.2968645314     
 Abd=   346718.4    
 Catch=   115501.231859522     
 Abd=   66828.81    
 Catch=                     NaN
 Abd=            NaN
 Catch=   99153.7516562891     
 Abd=   561058.8    
 Catch=   30449.6330079678     
 Abd=   479575.0    
 Catch=   9767.06712545277     
 Abd=   14305.86    
 Catch=   18531.2664133473     
 Abd=   309340.8    
 Catch=   42747.0002054013     
 Abd=   221780.5    
 Catch=   3861.51308859519     
 Abd=   13242.45    
 Catch=   881.333766578132     
 Abd=   8370.406    
 Catch=   400703.838150038     
 Abd=   6689287.    
 Catch=   219059.492424056     
 Abd=   768344.6    
 Catch=   18198.6580105606     
 Abd=   303751.3    
 Catch=   427181.955722947     
 Abd=   615320.8    
 Catch=   40172.3134398874     
 Abd=   84823.66    
 Catch=                     NaN
 Abd=            NaN
 Catch=   153084.415674384     
 Abd=   89398.77    
 Catch=   5938.69537651617     
 Abd=   24909.84    
 Catch=   32219.0163413499     
 Abd=   320526.8    
 Catch=   395063.273138256     
 Abd=   5836939.    
 Catch=   500414.822200074     
 Abd=   1348411.    
 Catch=   47475.2442760545     
 Abd=   80461.64    
 Catch=   5109477.92118309     
 Abd=  5.3364544E+07
 Time step =         1854
 Catch=   47027.7901356266     
 Abd=   299354.3    
 Catch=   44007.4033943497     
 Abd=   282246.0    
 Catch=   79661.0458143731     
 Abd=   86501.24    
 Catch=   5782.10080740840     
 Abd=   96515.50    
 Catch=   22111.7360067810     
 Abd=   74321.41    
 Catch=   18.1541464971286     
 Abd=   71.36461    
 Catch=   113886.101058322     
 Abd=   240446.3    
 Catch=                     NaN
 Abd=            NaN
 Catch=   51479.0041795132     
 Abd=   859396.5    
 Catch=   54221.9267017388     
 Abd=   12319.86    
 Catch=   462575.119292070     
 Abd=   2626345.    
 Catch=   128154.957453679     
 Abd=   2139474.    
 Catch=   393.132683329194     
 Abd=   1417.000    
 Catch=   23873.4153776255     
 Abd=   346648.2    
 Catch=   115501.203812784     
 Abd=   66828.80    
 Catch=                     NaN
 Abd=            NaN
 Catch=   99153.7633498788     
 Abd=   561058.8    
 Catch=   30444.8040174329     
 Abd=   479500.2    
 Catch=   9767.06712545277     
 Abd=   14305.86    
 Catch=   18527.9297779923     
 Abd=   309285.7    
 Catch=   42746.9939041766     
 Abd=   221780.5    
 Catch=   3861.51382454642     
 Abd=   13242.45    
 Catch=   881.327263864377     
 Abd=   8370.344    
 Catch=   400668.145331929     
 Abd=   6688698.    
 Catch=   219059.372720543     
 Abd=   768344.3    
 Catch=   18189.2919156803     
 Abd=   303596.2    
 Catch=   427182.122512520     
 Abd=   615320.9    
 Catch=   40172.3166544306     
 Abd=   84823.69    
 Catch=                     NaN
 Abd=            NaN
 Catch=   153084.461478255     
 Abd=   89398.75    
 Catch=   5938.69537651617     
 Abd=   24909.84    
 Catch=   32218.6327721149     
 Abd=   320523.1    
 Catch=   394938.376845423     
 Abd=   5835102.    
 Catch=   500414.718280657     
 Abd=   1348411.    
 Catch=   47475.2521141559     
 Abd=   80461.64    
 Catch=   5109244.94553672     
 Abd=  5.3362124E+07
 Time step =         1855
 Catch=   47027.7948214315     
 Abd=   299354.4    
 Catch=   44006.9170613277     
 Abd=   282242.9    
 Catch=   79661.0639748493     
 Abd=   86501.27    
 Catch=   5780.07953364940     
 Abd=   96482.02    
 Catch=   22111.7360064514     
 Abd=   74321.41    
 Catch=   18.1541464971286     
 Abd=   71.36461    
 Catch=   113886.072964679     
 Abd=   240446.1    
 Catch=                     NaN
 Abd=            NaN
 Catch=   51476.5558129673     
 Abd=   859355.9    
 Catch=   54221.9267017388     
 Abd=   12319.86    
 Catch=   462574.906276307     
 Abd=   2626345.    
 Catch=   128154.736442620     
 Abd=   2139469.    
 Catch=   393.132683329194     
 Abd=   1417.000    
 Catch=   23868.6079062493     
 Abd=   346578.8    
 Catch=   115501.197606304     
 Abd=   66828.80    
 Catch=                     NaN
 Abd=            NaN
 Catch=   99153.7466703141     
 Abd=   561058.8    
 Catch=   30440.1339158641     
 Abd=   479427.8    
 Catch=   9767.06712545277     
 Abd=   14305.86    
 Catch=   18524.6657670394     
 Abd=   309231.8    
 Catch=   42746.9967406905     
 Abd=   221780.5    
 Catch=   3861.51328534044     
 Abd=   13242.45    
 Catch=   881.321301042215     
 Abd=   8370.291    
 Catch=   400632.886946052     
 Abd=   6688114.    
 Catch=   219059.340658184     
 Abd=   768344.3    
 Catch=   18180.0451067046     
 Abd=   303442.7    
 Catch=   427181.950022542     
 Abd=   615320.7    
 Catch=   40172.3299297489     
 Abd=   84823.70    
 Catch=                     NaN
 Abd=            NaN
 Catch=   153084.431036081     
 Abd=   89398.75    
 Catch=   5938.69537651617     
 Abd=   24909.84    
 Catch=   32218.2638491541     
 Abd=   320519.4    
 Catch=   394815.102589035     
 Abd=   5833294.    
 Catch=   500414.684445178     
 Abd=   1348410.    
 Catch=   47475.2474062329     
 Abd=   80461.62    
 Catch=   5109020.18883886     
 Abd=  5.3359848E+07
 Time step =         1856
 Catch=   47027.7925632139     
 Abd=   299354.3    
 Catch=   44006.4621245892     
 Abd=   282240.2    
 Catch=   79661.0743962760     
 Abd=   86501.25    
 Catch=   5778.08910171663     
 Abd=   96449.09    
 Catch=   22111.7360065457     
 Abd=   74321.41    
 Catch=   18.1541464971286     
 Abd=   71.36461    
 Catch=   113886.057958666     
 Abd=   240446.2    
 Catch=                     NaN
 Abd=            NaN
 Catch=   51474.1294802179     
 Abd=   859315.0    
 Catch=   54221.9267017388     
 Abd=   12319.86    
 Catch=   462575.024703025     
 Abd=   2626346.    
 Catch=   128154.448949498     
 Abd=   2139464.    
 Catch=   393.132683329194     
 Abd=   1417.000    
 Catch=   23863.8661396115     
 Abd=   346510.6    
 Catch=   115501.207852645     
 Abd=   66828.78    
 Catch=                     NaN
 Abd=            NaN
 Catch=   99153.7328906670     
 Abd=   561058.5    
 Catch=   30435.6154133658     
 Abd=   479357.7    
 Catch=   9767.06712545277     
 Abd=   14305.86    
 Catch=   18521.4576497933     
 Abd=   309178.6    
 Catch=   42746.9837346218     
 Abd=   221780.4    
 Catch=   3861.51412079076     
 Abd=   13242.46    
 Catch=   881.317757349315     
 Abd=   8370.271    
 Catch=   400598.335925994     
 Abd=   6687548.    
 Catch=   219059.258758442     
 Abd=   768344.0    
 Catch=   18170.9210950059     
 Abd=   303291.4    
 Catch=   427181.975452411     
 Abd=   615320.8    
 Catch=   40172.3274633371     
 Abd=   84823.69    
 Catch=                     NaN
 Abd=            NaN
 Catch=   153084.476641260     
 Abd=   89398.78    
 Catch=   5938.69537651617     
 Abd=   24909.84    
 Catch=   32217.9221224747     
 Abd=   320516.0    
 Catch=   394693.576482907     
 Abd=   5831511.    
 Catch=   500414.436384727     
 Abd=   1348410.    
 Catch=   47475.2492249082     
 Abd=   80461.62    
 Catch=   5108801.52676608     
 Abd=  5.3357572E+07
 Time step =         1857
 Catch=   47027.7813496084     
 Abd=   299354.2    
 Catch=   44006.0128086497     
 Abd=   282237.2    
 Catch=   79661.0885505499     
 Abd=   86501.27    
 Catch=   5776.13033147067     
 Abd=   96416.58    
 Catch=   22111.7360068750     
 Abd=   74321.41    
 Catch=   18.1541464971286     
 Abd=   71.36461    
 Catch=   113886.084150179     
 Abd=   240446.2    
 Catch=                     NaN
 Abd=            NaN
 Catch=   51471.7276592657     
 Abd=   859276.3    
 Catch=   54221.9267017388     
 Abd=   12319.86    
 Catch=   462574.987399734     
 Abd=   2626345.    
 Catch=   128154.137492530     
 Abd=   2139459.    
 Catch=   393.132683329194     
 Abd=   1417.000    
 Catch=   23859.2166268297     
 Abd=   346443.8    
 Catch=   115501.211651264     
 Abd=   66828.81    
 Catch=                     NaN
 Abd=            NaN
 Catch=   99153.7357831617     
 Abd=   561058.9    
 Catch=   30431.2233563537     
 Abd=   479289.6    
 Catch=   9767.06712545277     
 Abd=   14305.86    
 Catch=   18518.2971468273     
 Abd=   309126.3    
 Catch=   42746.9691891023     
 Abd=   221780.4    
 Catch=   3861.51562669019     
 Abd=   13242.46    
 Catch=   881.315234454273     
 Abd=   8370.238    
 Catch=   400564.613944100     
 Abd=   6686986.    
 Catch=   219059.179846428     
 Abd=   768343.4    
 Catch=   18161.9368284138     
 Abd=   303142.6    
 Catch=   427182.009404735     
 Abd=   615320.9    
 Catch=   40172.3322125168     
 Abd=   84823.67    
 Catch=                     NaN
 Abd=            NaN
 Catch=   153084.487098505     
 Abd=   89398.78    
 Catch=   5938.69537651617     
 Abd=   24909.84    
 Catch=   32217.5693817173     
 Abd=   320512.6    
 Catch=   394573.730945696     
 Abd=   5829754.    
 Catch=   500414.506014717     
 Abd=   1348410.    
 Catch=   47475.2464955172     
 Abd=   80461.64    
 Catch=   5108587.33221797     
 Abd=  5.3355360E+07
 Time step =         1858
 Catch=   47027.7515361712     
 Abd=   299354.1    
 Catch=   44005.5606034585     
 Abd=   282234.3    
 Catch=   79661.0745685852     
 Abd=   86501.25    
 Catch=   5774.19793146973     
 Abd=   96384.55    
 Catch=   22111.7360063807     
 Abd=   74321.41    
 Catch=   18.1541464971286     
 Abd=   71.36461    
 Catch=   113886.074692745     
 Abd=   240446.2    
 Catch=                     NaN
 Abd=            NaN
 Catch=   51469.4343608818     
 Abd=   859238.1    
 Catch=   54221.9267017388     
 Abd=   12319.86    
 Catch=   462575.033656515     
 Abd=   2626346.    
 Catch=   128153.850216975     
 Abd=   2139456.    
 Catch=   393.132683329194     
 Abd=   1417.000    
 Catch=   23854.6500393681     
 Abd=   346377.6    
 Catch=   115501.220175109     
 Abd=   66828.80    
 Catch=                     NaN
 Abd=            NaN
 Catch=   99153.7782658861     
 Abd=   561058.8    
 Catch=   30426.9831297812     
 Abd=   479224.2    
 Catch=   9767.06712545277     
 Abd=   14305.86    
 Catch=   18515.2041677295     
 Abd=   309075.4    
 Catch=   42746.9840106039     
 Abd=   221780.5    
 Catch=   3861.51642583994     
 Abd=   13242.46    
 Catch=   881.310114345625     
 Abd=   8370.180    
 Catch=   400531.289850211     
 Abd=   6686436.    
 Catch=   219058.969701775     
 Abd=   768342.6    
 Catch=   18153.0917996851     
 Abd=   302996.2    
 Catch=   427182.150496717     
 Abd=   615320.9    
 Catch=   40172.3210014381     
 Abd=   84823.67    
 Catch=                     NaN
 Abd=            NaN
 Catch=   153084.468680561     
 Abd=   89398.78    
 Catch=   5938.69537651617     
 Abd=   24909.84    
 Catch=   32217.2342352198     
 Abd=   320509.5    
 Catch=   394455.835818659     
 Abd=   5828025.    
 Catch=   500414.555112688     
 Abd=   1348410.    
 Catch=   47475.2557717150     
 Abd=   80461.62    
 Catch=   5108377.82930176     
 Abd=  5.3353200E+07
 Time step =         1859
 Catch=   47027.7365137539     
 Abd=   299354.0    
 Catch=   44005.1277092876     
 Abd=   282231.6    
 Catch=   79661.0839975838     
 Abd=   86501.26    
 Catch=   5772.29409903709     
 Abd=   96353.03    
 Catch=   22111.7360066397     
 Abd=   74321.41    
 Catch=   18.1541464971286     
 Abd=   71.36461    
 Catch=   113886.077097022     
 Abd=   240446.3    
 Catch=                     NaN
 Abd=            NaN
 Catch=   51467.1481506989     
 Abd=   859200.6    
 Catch=   54221.9267017388     
 Abd=   12319.86    
 Catch=   462575.072489446     
 Abd=   2626346.    
 Catch=   128153.628540951     
 Abd=   2139450.    
 Catch=   393.132683329194     
 Abd=   1417.000    
 Catch=   23850.1009816922     
 Abd=   346311.9    
 Catch=   115501.195421801     
 Abd=   66828.80    
 Catch=                     NaN
 Abd=            NaN
 Catch=   99153.7773963564     
 Abd=   561058.9    
 Catch=   30422.9106896082     
 Abd=   479161.1    
 Catch=   9767.06712545277     
 Abd=   14305.86    
 Catch=   18512.1735369024     
 Abd=   309025.2    
 Catch=   42746.9993436404     
 Abd=   221780.5    
 Catch=   3861.51707126601     
 Abd=   13242.46    
 Catch=   881.304075660867     
 Abd=   8370.133    
 Catch=   400498.729453610     
 Abd=   6685898.    
 Catch=   219058.747600305     
 Abd=   768342.1    
 Catch=   18144.3908441368     
 Abd=   302852.2    
 Catch=   427182.168408972     
 Abd=   615320.9    
 Catch=   40172.3234169790     
 Abd=   84823.69    
 Catch=                     NaN
 Abd=            NaN
 Catch=   153084.449673731     
 Abd=   89398.77    
 Catch=   5938.69537651617     
 Abd=   24909.84    
 Catch=   32216.9286793419     
 Abd=   320506.5    
 Catch=   394339.485031318     
 Abd=   5826317.    
 Catch=   500414.674329371     
 Abd=   1348411.    
 Catch=   47475.2392734617     
 Abd=   80461.61    
 Catch=   5108174.24446234     
 Abd=  5.3351084E+07
 Time step =         1860
 Catch=   47027.7505675319     
 Abd=   299354.2    
 Catch=   44004.7220658239     
 Abd=   282229.0    
 Catch=   79661.0812572599     
 Abd=   86501.25    
 Catch=   5770.42291014258     
 Abd=   96322.05    
 Catch=   22111.7360067342     
 Abd=   74321.41    
 Catch=   18.1541464971286     
 Abd=   71.36461    
 Catch=   113886.102601004     
 Abd=   240446.2    
 Catch=                     NaN
 Abd=            NaN
 Catch=   51464.9848047937     
 Abd=   859164.5    
 Catch=   54221.9267017388     
 Abd=   12319.86    
 Catch=   462574.969359140     
 Abd=   2626344.    
 Catch=   128153.369745642     
 Abd=   2139447.    
 Catch=   393.132683329194     
 Abd=   1417.000    
 Catch=   23845.6201607718     
 Abd=   346247.5    
 Catch=   115501.215419754     
 Abd=   66828.81    
 Catch=                     NaN
 Abd=            NaN
 Catch=   99153.7991263906     
 Abd=   561058.9    
 Catch=   30418.9683629810     
 Abd=   479100.1    
 Catch=   9767.06712545277     
 Abd=   14305.86    
 Catch=   18509.1971109156     
 Abd=   308975.9    
 Catch=   42747.0101475856     
 Abd=   221780.6    
 Catch=   3861.51623381602     
 Abd=   13242.46    
 Catch=   881.300503260267     
 Abd=   8370.097    
 Catch=   400467.100460894     
 Abd=   6685378.    
 Catch=   219058.712021232     
 Abd=   768342.1    
 Catch=   18135.8114697129     
 Abd=   302709.8    
 Catch=   427182.100668637     
 Abd=   615320.8    
 Catch=   40172.3264877944     
 Abd=   84823.70    
 Catch=                     NaN
 Abd=            NaN
 Catch=   153084.443672884     
 Abd=   89398.77    
 Catch=   5938.69537651617     
 Abd=   24909.84    
 Catch=   32216.6402904779     
 Abd=   320503.6    
 Catch=   394224.662502185     
 Abd=   5824631.    
 Catch=   500414.513976729     
 Abd=   1348410.    
 Catch=   47475.2444720780     
 Abd=   80461.62    
 Catch=   5107970.56288120     
 Abd=  5.3348952E+07
 Time step =         1811
 Abd=   299354.2    
 Catch=   1945.20386373530     
 Abd=   282229.0    
 Catch=   1791.65289625285     
 Abd=   86501.25    
 Catch=   3252.99325018778     
 Abd=   96322.05    
 Catch=   238.531698827475     
 Abd=   74321.41    
 Catch=   880.487856048702     
 Abd=   71.36461    
 Catch=  0.704767418209932     
 Abd=   240446.2    
 Catch=   4471.77169207285     
 Abd=            NaN
 Catch=                     NaN
 Abd=   859164.5    
 Catch=   2135.61754437831     
 Abd=   12319.86    
 Catch=   2252.41414386271     
 Abd=   2626344.    
 Catch=   18215.8341383601     
 Abd=   2139447.    
 Catch=   5362.98158976903     
 Abd=   1417.000    
 Catch=   16.6868821371193     
 Abd=   346247.5    
 Catch=   990.251105232130     
 Abd=   66828.81    
 Catch=   4576.67364265613     
 Abd=            NaN
 Catch=                     NaN
 Abd=   561058.9    
 Catch=   4136.80143273174     
 Abd=   479100.1    
 Catch=   1271.18910825857     
 Abd=   14305.86    
 Catch=   316.563564755394     
 Abd=   308975.9    
 Catch=   767.621177228317     
 Abd=   221780.6    
 Catch=   1748.85684316043     
 Abd=   13242.46    
 Catch=   156.464020942575     
 Abd=   8370.097    
 Catch=   36.5424708376602     
 Abd=   6685378.    
 Catch=   16670.4577059264     
 Abd=   768342.1    
 Catch=   8634.17530374837     
 Abd=   302709.8    
 Catch=   753.160878868671     
 Abd=   615320.8    
 Catch=   16819.4470138938     
 Abd=   84823.70    
 Catch=   1654.50481724313     
 Abd=            NaN
 Catch=                     NaN
 Abd=   89398.77    
 Catch=   6898.93739580829     
 Abd=   24909.84    
 Catch=   248.682577378080     
 Abd=   320503.6    
 Catch=   1354.60369528816     
 Abd=   5824631.    
 Catch=   16223.0662678781     
 Abd=   1348410.    
 Catch=   20441.5086139942     
 Abd=   80461.62    
 Catch=   1980.53779711357     
 Abd=  5.3348952E+07
 Catch=   214078.895234396     
 Time step =         1812
 Abd=   297164.6    
 Catch=   1942.12400701641     
 Abd=   275662.2    
 Catch=   1731.92129802151     
 Abd=   84786.19    
 Catch=   3356.20018070753     
 Abd=   95547.39    
 Catch=   236.274199015580     
 Abd=   70977.81    
 Catch=   894.240956100486     
 Abd=   66.34801    
 Catch=  0.630529038518398     
 Abd=   226388.3    
 Catch=   4520.93818402827     
 Abd=            NaN
 Catch=                     NaN
 Abd=   855612.8    
 Catch=   2135.17316496480     
 Abd=   12282.67    
 Catch=   2395.83556828306     
 Abd=   2479760.    
 Catch=   17446.7521770616     
 Abd=   2148988.    
 Catch=   5394.56709616341     
 Abd=   1443.999    
 Catch=   18.2033306876619     
 Abd=   345127.9    
 Catch=   986.497109032605     
 Abd=   63537.25    
 Catch=   4204.17565916906     
 Abd=            NaN
 Catch=                     NaN
 Abd=   561734.9    
 Catch=   3959.81796199136     
 Abd=   480554.2    
 Catch=   1283.66794230601     
 Abd=   11133.60    
 Catch=   294.993071846899     
 Abd=   307532.1    
 Catch=   765.863009232212     
 Abd=   217711.0    
 Catch=   1760.69479259680     
 Abd=   12871.79    
 Catch=   156.003065504840     
 Abd=   8328.693    
 Catch=   36.6455482217006     
 Abd=   6679333.    
 Catch=   16714.8319975593     
 Abd=   726170.1    
 Catch=   8621.01394986747     
 Abd=   301776.1    
 Catch=   751.612129485089     
 Abd=   581146.6    
 Catch=   18115.6922917703     
 Abd=   83850.20    
 Catch=   1730.10446834537     
 Abd=            NaN
 Catch=                     NaN
 Abd=   96790.02    
 Catch=   6376.43881868926     
 Abd=   25038.72    
 Catch=   265.362441757876     
 Abd=   323499.0    
 Catch=   1378.21764905880     
 Abd=   5751922.    
 Catch=   16018.9002644673     
 Abd=   1321568.    
 Catch=   21024.0023473566     
 Abd=   80590.06    
 Catch=   2051.90573124522     
 Abd=  5.3668944E+07
 Catch=   215278.534742996     
 Time step =         1813
 Abd=   296730.6    
 Catch=   1947.73819288792     
 Abd=   266456.6    
 Catch=   1604.62387396156     
 Abd=   87524.84    
 Catch=   3418.98461227996     
 Abd=   94654.81    
 Catch=   235.725994759012     
 Abd=   72158.73    
 Catch=   897.857581861193     
 Abd=   59.31997    
 Catch=  0.558966660913947     
 Abd=   229136.0    
 Catch=   4637.37162500547     
 Abd=            NaN
 Catch=                     NaN
 Abd=   855497.1    
 Catch=   2137.94459338365     
 Abd=   13065.24    
 Catch=   1934.99501794665     
 Abd=   2376076.    
 Catch=   17049.0638126906     
 Abd=   2161698.    
 Catch=   5414.24939322483     
 Abd=   1577.527    
 Catch=   17.9228042251437     
 Abd=   343817.7    
 Catch=   976.404427611502     
 Abd=   58359.87    
 Catch=   5046.83897760671     
 Abd=            NaN
 Catch=                     NaN
 Abd=   537431.8    
 Catch=   3764.81354332821     
 Abd=   485350.5    
 Catch=   1292.10730895030     
 Abd=   10394.81    
 Catch=   195.525835617775     
 Abd=   306841.6    
 Catch=   765.654019277203     
 Abd=   219285.5    
 Catch=   1768.78787378962     
 Abd=   12839.57    
 Catch=   162.185915218104     
 Abd=   8353.457    
 Catch=   36.7496630952808     
 Abd=   6697615.    
 Catch=   16563.2100829956     
 Abd=   725759.0    
 Catch=   8595.48032227122     
 Abd=   301162.2    
 Catch=   747.004786318557     
 Abd=   627125.8    
 Catch=   18751.7349440824     
 Abd=   87757.09    
 Catch=   1772.70067924854     
 Abd=            NaN
 Catch=                     NaN
 Abd=   89365.38    
 Catch=   5387.34049654296     
 Abd=   26749.18    
 Catch=   272.441387738189     
 Abd=   329187.2    
 Catch=   1399.83484528340     
 Abd=   5679012.    
 Catch=   15854.8746544702     
 Abd=   1360416.    
 Catch=   20484.3125544062     
 Abd=   83529.77    
 Catch=   2089.31193072766     
 Abd=  5.3969472E+07
 Catch=   215860.890961968     
 Time step =         1814
 Abd=   297607.1    
 Catch=   1966.57616267127     
 Abd=   246708.1    
 Catch=   1448.76885680216     
 Abd=   89151.12    
 Catch=   3452.61928699371     
 Abd=   94453.67    
 Catch=   236.230836412410     
 Abd=   72434.73    
 Catch=   916.452226445266     
 Abd=   52.61129    
 Catch=  0.488648931119854     
 Abd=   235093.9    
 Catch=   4737.59233800909     
 Abd=            NaN
 Catch=                     NaN
 Abd=   856641.4    
 Catch=   2134.93370933737     
 Abd=   10551.29    
 Catch=   2066.49400567246     
 Abd=   2322656.    
 Catch=   17459.1661497681     
 Abd=   2169478.    
 Catch=   5410.99638096689     
 Abd=   1549.925    
 Catch=   16.9709344813129     
 Abd=   340258.5    
 Catch=   971.683121617062     
 Abd=   70204.36    
 Catch=   5151.11877289957     
 Abd=            NaN
 Catch=                     NaN
 Abd=   510892.2    
 Catch=   3745.25103854891     
 Abd=   488512.6    
 Catch=   1269.72105394010     
 Abd=   6871.389    
 Catch=   233.390497762522     
 Abd=   306774.2    
 Catch=   762.846816718593     
 Abd=   220284.5    
 Catch=   1780.82429142586     
 Abd=   13359.17    
 Catch=   166.022921576016     
 Abd=   8377.162    
 Catch=   36.9256032816710     
 Abd=   6635302.    
 Catch=   16468.5604069399     
 Abd=   723578.1    
 Catch=   8792.73221077458     
 Abd=   299292.1    
 Catch=   743.660976599960     
 Abd=   648755.9    
 Catch=   18853.6668151553     
 Abd=   89891.09    
 Catch=   1813.05179878928     
 Abd=            NaN
 Catch=                     NaN
 Abd=   75478.45    
 Catch=   5753.53847436053     
 Abd=   27441.19    
 Catch=   266.616986683800     
 Abd=   334343.2    
 Catch=   1403.19795810356     
 Abd=   5621819.    
 Catch=   15876.3000499682     
 Abd=   1324223.    
 Catch=   20203.0988656828     
 Abd=   85037.95    
 Catch=   2153.14333102957     
 Abd=  5.4112188E+07
 Catch=   215949.415174778     
 Time step =         1815
 Abd=   300521.6    
 Catch=   1970.06980182996     
 Abd=   222618.1    
 Catch=   1344.34743030938     
 Abd=   90015.77    
 Catch=   3485.75957351824     
 Abd=   94662.36    
 Catch=   237.497134852579     
 Abd=   73957.41    
 Catch=   916.519535328476     
 Abd=   45.97312    
 Catch=  0.438534155856679     
 Abd=   240154.4    
 Catch=   4857.46556043271     
 Abd=            NaN
 Catch=                     NaN
 Abd=   855367.4    
 Catch=   2128.79694790827     
 Abd=   11269.40    
 Catch=   2404.95216177953     
 Abd=   2380397.    
 Catch=   17492.9074095881     
 Abd=   2167985.    
 Catch=   5389.07625851107     
 Abd=   1466.644    
 Catch=   15.7887246758391     
 Abd=   338648.9    
 Catch=   973.729458405007     
 Abd=   71577.94    
 Catch=   4764.50192049621     
 Abd=            NaN
 Catch=                     NaN
 Abd=   508575.0    
 Catch=   3685.97892488898     
 Abd=   479820.2    
 Catch=   1246.34828383185     
 Abd=   8242.102    
 Catch=   259.242856839136     
 Abd=   305602.4    
 Catch=   761.063248403546     
 Abd=   221790.9    
 Catch=   1816.71504135331     
 Abd=   13670.54    
 Catch=   166.485888052750     
 Abd=   8417.603    
 Catch=   36.9930131642032     
 Abd=   6597842.    
 Catch=   16500.5105175466     
 Abd=   740524.9    
 Catch=   8989.54292924179     
 Abd=   297963.6    
 Catch=   744.182079158754     
 Abd=   652030.4    
 Catch=   18330.2492795869     
 Abd=   91925.31    
 Catch=   1803.12898882495     
 Abd=            NaN
 Catch=                     NaN
 Abd=   80717.78    
 Catch=   6731.41867170855     
 Abd=   26830.71    
 Catch=   262.019987718127     
 Abd=   335049.7    
 Catch=   1405.09101056295     
 Abd=   5630459.    
 Catch=   15940.3034224129     
 Abd=   1306279.    
 Catch=   20626.0496560857     
 Abd=   87635.98    
 Catch=   2163.33159635479     
 Abd=  5.4132200E+07
 Catch=   215358.054869645     
 Time step =         1816
 Abd=   301012.5    
 Catch=   1970.86716784174     
 Abd=   206700.1    
 Catch=   1302.18353278784     
 Abd=   90877.26    
 Catch=   3462.80539888764     
 Abd=   95166.59    
 Catch=   236.750003404824     
 Abd=   73937.05    
 Catch=   906.363145071248     
 Abd=   41.28215    
 Catch=  0.404351181065879     
 Abd=   246244.6    
 Catch=   4989.02228442400     
 Abd=            NaN
 Catch=                     NaN
 Abd=   852892.6    
 Catch=   2124.00287551030     
 Abd=   13116.02    
 Catch=   2524.14778012509     
 Abd=   2383612.    
 Catch=   17196.0168192350     
 Abd=   2159056.    
 Catch=   5401.30772536640     
 Abd=   1364.075    
 Catch=   16.3863857326074     
 Abd=   339409.8    
 Catch=   979.166415051326     
 Abd=   66153.83    
 Catch=   4590.70010505369     
 Abd=            NaN
 Catch=                     NaN
 Abd=   500346.2    
 Catch=   3693.94210494481     
 Abd=   470985.1    
 Catch=   1232.41075165801     
 Abd=   9142.178    
 Catch=   272.735838344739     
 Abd=   304918.3    
 Catch=   756.108727331041     
 Abd=   226320.1    
 Catch=   1848.71702212060     
 Abd=   13703.56    
 Catch=   167.040423656417     
 Abd=   8432.466    
 Catch=   37.0215474192535     
 Abd=   6611652.    
 Catch=   16587.2812279930     
 Abd=   757079.3    
 Catch=   8934.72745304291     
 Abd=   298200.1    
 Catch=   746.473664348162     
 Abd=   633600.1    
 Catch=   18516.0667887477     
 Abd=   91386.42    
 Catch=   1781.19755858490     
 Abd=            NaN
 Catch=                     NaN
 Abd=   94510.91    
 Catch=   7085.74194432261     
 Abd=   26370.60    
 Catch=   265.940354092862     
 Abd=   335495.2    
 Catch=   1411.85202601544     
 Abd=   5653703.    
 Catch=   15849.3045405181     
 Abd=   1334395.    
 Catch=   20807.6027649432     
 Abd=   88020.00    
 Catch=   2135.13346622977     
 Abd=  5.3980584E+07
 Catch=   216025.450839902     
 Time step =         1817
 Abd=   301132.1    
 Catch=   1975.61407084068     
 Abd=   200367.3    
 Catch=   1230.85252397751     
 Abd=   90263.82    
 Catch=   3334.28788922378     
 Abd=   94861.80    
 Catch=   238.366256873561     
 Abd=   73099.43    
 Catch=   904.106948935071     
 Abd=   38.06761    
 Catch=  0.348060823817276     
 Abd=   252924.4    
 Catch=   5010.90600666941     
 Abd=            NaN
 Catch=                     NaN
 Abd=   850984.3    
 Catch=   2121.39604634220     
 Abd=   13764.89    
 Catch=   2638.69406725448     
 Abd=   2342618.    
 Catch=   17151.1223351628     
 Abd=   2164241.    
 Catch=   5415.75673295787     
 Abd=   1418.531    
 Catch=   16.9610685569658     
 Abd=   341325.3    
 Catch=   983.281547630290     
 Abd=   63777.70    
 Catch=   4775.42413200628     
 Abd=            NaN
 Catch=                     NaN
 Abd=   501594.4    
 Catch=   3706.93146692414     
 Abd=   465780.6    
 Catch=   1222.07513698280     
 Abd=   9612.887    
 Catch=   274.316179340817     
 Abd=   302911.7    
 Catch=   752.589458595520     
 Abd=   230292.2    
 Catch=   1849.05436777716     
 Abd=   13749.39    
 Catch=   168.946667180784     
 Abd=   8438.812    
 Catch=   36.9851026709706     
 Abd=   6646848.    
 Catch=   16680.3098104016     
 Abd=   752081.5    
 Catch=   8949.64929917580     
 Abd=   299130.8    
 Catch=   748.237145400478     
 Abd=   640332.8    
 Catch=   18876.3290842386     
 Abd=   90263.00    
 Catch=   1752.13768492610     
 Abd=            NaN
 Catch=                     NaN
 Abd=   99365.45    
 Catch=   7386.99388746783     
 Abd=   26781.31    
 Catch=   270.594011779101     
 Abd=   337132.4    
 Catch=   1413.13093464907     
 Abd=   5620160.    
 Catch=   15718.6175831733     
 Abd=   1345869.    
 Catch=   20488.2389970931     
 Abd=   86846.75    
 Catch=   2082.33014264256     
 Abd=  5.4154120E+07
 Catch=   216691.864576816     
 Time step =         1818
 Abd=   301868.2    
 Catch=   1966.54701320226     
 Abd=   189310.3    
 Catch=   1159.37712122974     
 Abd=   86880.06    
 Catch=   3341.69088777228     
 Abd=   95526.97    
 Catch=   236.382203570307     
 Abd=   72929.38    
 Catch=   893.658645659381     
 Abd=   32.72738    
 Catch=  0.298430481556550     
 Abd=   253934.5    
 Catch=   4966.26993274356     
 Abd=            NaN
 Catch=                     NaN
 Abd=   849959.2    
 Catch=   2123.34460901137     
 Abd=   14389.36    
 Catch=   2469.35334376053     
 Abd=   2337300.    
 Catch=   16722.9703684378     
 Abd=   2170055.    
 Catch=   5409.74442643981     
 Abd=   1468.149    
 Catch=   17.6630295628970     
 Abd=   342750.3    
 Catch=   988.737690913533     
 Abd=   66450.36    
 Catch=   4296.05015037826     
 Abd=            NaN
 Catch=                     NaN
 Abd=   503455.0    
 Catch=   3609.65329237332     
 Abd=   461900.1    
 Catch=   1208.22850013063     
 Abd=   9671.619    
 Catch=   309.208306852474     
 Abd=   301513.6    
 Catch=   750.867287661166     
 Abd=   230254.8    
 Catch=   1835.65308969415     
 Abd=   13908.34    
 Catch=   168.340479517910     
 Abd=   8430.228    
 Catch=   36.9864071188158     
 Abd=   6684234.    
 Catch=   16753.1259649859     
 Abd=   753430.3    
 Catch=   8976.94422479698     
 Abd=   299833.2    
 Catch=   751.280621401819     
 Abd=   652886.2    
 Catch=   18623.4820284878     
 Abd=   88782.90    
 Catch=   1762.77132717776     
 Abd=            NaN
 Catch=                     NaN
 Abd=   103580.2    
 Catch=   7065.95701912195     
 Abd=   27248.90    
 Catch=   268.285051767371     
 Abd=   337410.4    
 Catch=   1417.15494967245     
 Abd=   5573833.    
 Catch=   15599.6307680061     
 Abd=   1324687.    
 Catch=   20465.1372947396     
 Abd=   84682.91    
 Catch=   2066.27543219466     
 Abd=  5.4321484E+07
 Catch=   216637.536341432     
 Time step =         1819
 Abd=   300441.8    
 Catch=   1968.27190744158     
 Abd=   178325.5    
 Catch=   1067.64782144386     
 Abd=   87116.72    
 Catch=   3276.76861477712     
 Abd=   94698.97    
 Catch=   227.963520753563     
 Abd=   72075.28    
 Catch=   889.545859367952     
 Abd=   28.08141    
 Catch=  0.276148263713133     
 Abd=   251619.2    
 Catch=   4769.43174102520     
 Abd=            NaN
 Catch=                     NaN
 Abd=   850784.0    
 Catch=   2124.56360067076     
 Abd=   13465.30    
 Catch=   2219.47448920656     
 Abd=   2277895.    
 Catch=   16727.5976360798     
 Abd=   2167464.    
 Catch=   5445.07313768952     
 Abd=   1529.091    
 Catch=   18.0815535379709     
 Abd=   344659.5    
 Catch=   987.870123702110     
 Abd=   59629.23    
 Catch=   4690.99430629497     
 Abd=            NaN
 Catch=                     NaN
 Abd=   489913.6    
 Catch=   3576.15851870215     
 Abd=   456639.2    
 Catch=   1205.46154338130     
 Abd=   10921.33    
 Catch=   315.725933669226     
 Abd=   300828.1    
 Catch=   745.779947819682     
 Abd=   228556.2    
 Catch=   1811.84269102365     
 Abd=   13854.64    
 Catch=   162.498083050614     
 Abd=   8430.681    
 Catch=   36.9401537715508     
 Abd=   6713172.    
 Catch=   16718.6772442975     
 Abd=   755761.0    
 Catch=   8863.19368844298     
 Abd=   301061.9    
 Catch=   750.189203068421     
 Abd=   643821.6    
 Catch=   19024.8363881686     
 Abd=   89357.95    
 Catch=   1693.19015126488     
 Abd=            NaN
 Catch=                     NaN
 Abd=   99023.92    
 Catch=   6147.83259448868     
 Abd=   27004.19    
 Catch=   274.340208479059     
 Abd=   338386.8    
 Catch=   1394.47670699925     
 Abd=   5531291.    
 Catch=   15514.2368284921     
 Abd=   1323498.    
 Catch=   20637.6858897525     
 Abd=   84063.02    
 Catch=   1968.35727175232     
 Abd=  5.4303960E+07
 Catch=   216750.430083112     
 Time step =         1820
 Abd=   300728.3    
 Catch=   1965.30149686210     
 Abd=   164253.8    
 Catch=   1023.91996897860     
 Abd=   85402.09    
 Catch=   3253.15950073914     
 Abd=   91297.08    
 Catch=   226.987503520872     
 Abd=   71755.48    
 Catch=   894.418703604114     
 Abd=   26.01539    
 Catch=  0.250559751851743     
 Abd=   241525.5    
 Catch=   4690.42442032647     
 Abd=            NaN
 Catch=                     NaN
 Abd=   851261.1    
 Catch=   2118.26494055574     
 Abd=   12102.54    
 Catch=   2229.24537859421     
 Abd=   2279988.    
 Catch=   17046.9024937109     
 Abd=   2181965.    
 Catch=   5434.70823854699     
 Abd=   1564.808    
 Catch=   18.2593161273026     
 Abd=   344311.8    
 Catch=   986.676873094860     
 Abd=   65303.52    
 Catch=   5094.50684855031     
 Abd=            NaN
 Catch=                     NaN
 Abd=   485603.3    
 Catch=   3630.73365190165     
 Abd=   455683.4    
 Catch=   1165.75811834498     
 Abd=   11120.79    
 Catch=   332.278024407721     
 Abd=   298772.5    
 Catch=   738.541708989319     
 Abd=   225568.1    
 Catch=   1804.73421599765     
 Abd=   13366.37    
 Catch=   162.978187203668     
 Abd=   8419.921    
 Catch=   36.8144212629627     
 Abd=   6698488.    
 Catch=   16638.9659288770     
 Abd=   745989.9    
 Catch=   8824.00467649262     
 Abd=   300590.4    
 Catch=   748.831560312297     
 Abd=   658058.2    
 Catch=   18073.2148073214     
 Abd=   85767.67    
 Catch=   1672.26254155013     
 Abd=            NaN
 Catch=                     NaN
 Abd=   86115.07    
 Catch=   6212.57290187578     
 Abd=   27631.10    
 Catch=   267.758436812173     
 Abd=   332860.6    
 Catch=   1373.14082087846     
 Abd=   5501588.    
 Catch=   15550.3314449642     
 Abd=   1334855.    
 Catch=   20182.1493448025     
 Abd=   80031.80    
 Catch=   1950.03130493369     
 Abd=  5.4333324E+07
 Catch=   215423.120558911     
 Time step =         1821
 Abd=   300264.6    
 Catch=   1952.90188245837     
 Abd=   157530.5    
 Catch=   988.412274797043     
 Abd=   84795.66    
 Catch=   3196.45528208172     
 Abd=   90941.27    
 Catch=   223.866099234401     
 Abd=   72158.23    
 Catch=   888.167121434723     
 Abd=   23.59651    
 Catch=  0.231605979921999     
 Abd=   237615.6    
 Catch=   4537.01691870163     
 Abd=            NaN
 Catch=                     NaN
 Abd=   848691.7    
 Catch=   2114.33921511485     
 Abd=   12156.40    
 Catch=   2192.37527689773     
 Abd=   2323886.    
 Catch=   17176.8774998013     
 Abd=   2177428.    
 Catch=   5405.03817600921     
 Abd=   1579.798    
 Catch=   17.3130333274802     
 Abd=   343895.3    
 Catch=   985.376750791432     
 Abd=   70807.27    
 Catch=   4882.26748801034     
 Abd=            NaN
 Catch=                     NaN
 Abd=   493194.7    
 Catch=   3653.68457845671     
 Abd=   440419.1    
 Catch=   1136.11263729450     
 Abd=   11716.30    
 Catch=   346.218125715504     
 Abd=   295827.1    
 Catch=   734.940496406010     
 Abd=   224721.5    
 Catch=   1774.49883095015     
 Abd=   13415.11    
 Catch=   160.604222101767     
 Abd=   8390.904    
 Catch=   36.7054946474404     
 Abd=   6666212.    
 Catch=   16595.2772607656     
 Abd=   742776.1    
 Catch=   8842.26966455651     
 Abd=   300045.2    
 Catch=   747.269524660467     
 Abd=   624462.2    
 Catch=   17763.9148765798     
 Abd=   84737.66    
 Catch=   1645.52923478456     
 Abd=            NaN
 Catch=                     NaN
 Abd=   87106.75    
 Catch=   6137.52431176135     
 Abd=   26943.28    
 Catch=   260.295823494392     
 Abd=   327758.3    
 Catch=   1357.65593305496     
 Abd=   5515136.    
 Catch=   15596.8337879859     
 Abd=   1304705.    
 Catch=   20104.0956666325     
 Abd=   79320.08    
 Catch=   1929.27916118196     
 Abd=  5.3993212E+07
 Catch=   214007.843625853     
 Time step =         1822
 Abd=   298343.8    
 Catch=   1959.16597733963     
 Abd=   152074.3    
 Catch=   946.160548098430     
 Abd=   83306.61    
 Catch=   3178.19632654148     
 Abd=   89684.83    
 Catch=   223.602210296877     
 Abd=   71641.48    
 Catch=   888.369608968902     
 Abd=   21.82210    
 Catch=  0.226770956032816     
 Abd=   229789.8    
 Catch=   4512.95927604387     
 Abd=            NaN
 Catch=                     NaN
 Abd=   847130.6    
 Catch=   2124.32286579920     
 Abd=   11955.24    
 Catch=   2312.07217590898     
 Abd=   2341207.    
 Catch=   17053.7833631926     
 Abd=   2165391.    
 Catch=   5400.52557644070     
 Abd=   1496.231    
 Catch=   16.4278811395087     
 Abd=   343440.2    
 Catch=   985.891133847007     
 Abd=   67809.89    
 Catch=   4834.52268298901     
 Abd=            NaN
 Catch=                     NaN
 Abd=   496243.8    
 Catch=   3619.74371296692     
 Abd=   429253.1    
 Catch=   1115.41652614020     
 Abd=   12206.89    
 Catch=   384.759607212662     
 Abd=   294447.7    
 Catch=   731.231638054360     
 Abd=   220903.6    
 Catch=   1769.75518899313     
 Abd=   13215.34    
 Catch=   156.140460376979     
 Abd=   8366.145    
 Catch=   36.5782891361703     
 Abd=   6648996.    
 Catch=   16606.1108182492     
 Abd=   744399.2    
 Catch=   8848.62375179739     
 Abd=   299417.5    
 Catch=   746.995862966820     
 Abd=   614047.5    
 Catch=   17984.1874929329     
 Abd=   83379.03    
 Catch=   1588.33412086922     
 Abd=            NaN
 Catch=                     NaN
 Abd=   86044.34    
 Catch=   6822.55540932838     
 Abd=   26189.86    
 Catch=   252.511411130701     
 Abd=   324086.8    
 Catch=   1331.24105868950     
 Abd=   5531747.    
 Catch=   15618.0692056281     
 Abd=   1300087.    
 Catch=   19288.9470622962     
 Abd=   78474.38    
 Catch=   1853.00566736530     
 Abd=  5.3637912E+07
 Catch=   212693.864160036     
 Time step =         1823
 Abd=   299354.2    
 Catch=   1951.99453088434     
 Abd=   145538.1    
 Catch=   891.731443646626     
 Abd=   82847.86    
 Catch=   3259.86246687698     
 Abd=   89587.86    
 Catch=   223.379235137196     
 Abd=   71662.81    
 Catch=   884.079847624812     
 Abd=   21.37614    
 Catch=  0.212102078349827     
 Abd=   228668.2    
 Catch=   4557.85223150078     
 Abd=            NaN
 Catch=                     NaN
 Abd=   851229.1    
 Catch=   2126.01148094091     
 Abd=   12608.43    
 Catch=   2289.35694223578     
 Abd=   2323491.    
 Catch=   16858.1386366762     
 Abd=   2163794.    
 Catch=   5392.43471184693     
 Abd=   1419.780    
 Catch=   17.8093354603919     
 Abd=   343633.3    
 Catch=   979.518192153102     
 Abd=   67163.38    
 Catch=   4570.91851506231     
 Abd=            NaN
 Catch=                     NaN
 Abd=   491350.0    
 Catch=   3652.48471859104     
 Abd=   421503.8    
 Catch=   1100.53277655902     
 Abd=   13578.53    
 Catch=   306.492660454780     
 Abd=   292953.1    
 Catch=   727.940771956247     
 Abd=   220374.7    
 Catch=   1764.75895799222     
 Abd=   12845.09    
 Catch=   154.878533629578     
 Abd=   8337.095    
 Catch=   36.5806727363374     
 Abd=   6653784.    
 Catch=   16632.3267281709     
 Abd=   744916.8    
 Catch=   8972.93608148172     
 Abd=   299319.3    
 Catch=   744.552515235204     
 Abd=   621916.2    
 Catch=   18199.5111342584     
 Abd=   80466.91    
 Catch=   1622.11248194306     
 Abd=            NaN
 Catch=                     NaN
 Abd=   95745.31    
 Catch=   6203.85721191522     
 Abd=   25405.78    
 Catch=   254.465215774464     
 Abd=   317729.5    
 Catch=   1316.97472862840     
 Abd=   5538707.    
 Catch=   15564.9898610376     
 Abd=   1246620.    
 Catch=   19697.9644775214     
 Abd=   75351.70    
 Catch=   1890.16797461737     
 Abd=  5.3308796E+07
 Catch=   210982.428738340     
 Time step =         1824
 Abd=   298223.6    
 Catch=   1960.57002828230     
 Abd=   137174.9    
 Catch=   868.662519088299     
 Abd=   85004.23    
 Catch=   3268.67689050235     
 Abd=   89499.69    
 Catch=   222.835316937359     
 Abd=   71312.62    
 Catch=   878.441825384052     
 Abd=   19.98820    
 Catch=  0.206511671671510     
 Abd=   230996.2    
 Catch=   4614.53280440860     
 Abd=            NaN
 Catch=                     NaN
 Abd=   851843.2    
 Catch=   2128.07338267801     
 Abd=   12484.25    
 Catch=   2050.11315938082     
 Abd=   2297182.    
 Catch=   16651.3128599176     
 Abd=   2160513.    
 Catch=   5361.54913131617     
 Abd=   1543.231    
 Catch=   18.0219823020436     
 Abd=   341366.4    
 Catch=   973.797783727779     
 Abd=   63482.63    
 Catch=   5362.63342254696     
 Abd=            NaN
 Catch=                     NaN
 Abd=   496064.8    
 Catch=   3629.07041480821     
 Abd=   415924.5    
 Catch=   1086.60077198901     
 Abd=   10792.19    
 Catch=   196.073956001484     
 Abd=   291634.2    
 Catch=   726.997757257353     
 Abd=   219749.2    
 Catch=   1748.09537727104     
 Abd=   12745.85    
 Catch=   157.092133397565     
 Abd=   8338.235    
 Catch=   36.5756051669175     
 Abd=   6664405.    
 Catch=   16519.2576109121     
 Abd=   755567.2    
 Catch=   8944.03573137304     
 Abd=   298324.8    
 Catch=   741.756033132053     
 Abd=   629409.2    
 Catch=   17851.3147752528     
 Abd=   82241.64    
 Catch=   1645.33535126132     
 Abd=            NaN
 Catch=                     NaN
 Abd=   86943.15    
 Catch=   5629.14377646351     
 Abd=   25620.49    
 Catch=   251.234143367535     
 Abd=   314380.2    
 Catch=   1308.88372714840     
 Abd=   5519700.    
 Catch=   15576.1915840028     
 Abd=   1274396.    
 Catch=   19470.4682942712     
 Abd=   76919.80    
 Catch=   1930.59572791849     
 Abd=  5.2877972E+07
 Catch=   209405.077163661     
 Time step =         1825
 Abd=   299579.8    
 Catch=   1961.60440630731     
 Abd=   133680.8    
 Catch=   839.456363212518     
 Abd=   85208.88    
 Catch=   3194.92331695024     
 Abd=   89284.43    
 Catch=   218.759215444516     
 Abd=   70855.43    
 Catch=   879.446823492926     
 Abd=   19.47404    
 Catch=  0.196327446922513     
 Abd=   233877.4    
 Catch=   4528.44180101246     
 Abd=            NaN
 Catch=                     NaN
 Abd=   852675.9    
 Catch=   2130.82918098176     
 Abd=   11179.46    
 Catch=   1956.00316622196     
 Abd=   2269332.    
 Catch=   16984.9756191182     
 Abd=   2147963.    
 Catch=   5345.37559752981     
 Abd=   1559.290    
 Catch=   16.1030511374671     
 Abd=   339376.9    
 Catch=   966.366413551219     
 Abd=   74583.77    
 Catch=   4974.20884241465     
 Abd=            NaN
 Catch=                     NaN
 Abd=   492812.9    
 Catch=   3657.02539567541     
 Abd=   410657.1    
 Catch=   1073.96017488821     
 Abd=   6887.238    
 Catch=   183.355615902722     
 Abd=   291274.2    
 Catch=   724.220023796077     
 Abd=   217647.5    
 Catch=   1725.33770320125     
 Abd=   12933.16    
 Catch=   153.884236156292     
 Abd=   8337.035    
 Catch=   36.5642449196053     
 Abd=   6617992.    
 Catch=   16351.6084450420     
 Abd=   752937.2    
 Catch=   8984.51207400489     
 Abd=   297200.3    
 Catch=   737.184197836576     
 Abd=   617105.5    
 Catch=   17908.7342825186     
 Abd=   83406.36    
 Catch=   1622.54668163302     
 Abd=            NaN
 Catch=                     NaN
 Abd=   78893.92    
 Catch=   5769.79440855543     
 Abd=   25285.08    
 Catch=   230.489000437198     
 Abd=   312476.4    
 Catch=   1302.87307337401     
 Abd=   5524378.    
 Catch=   15686.8276067094     
 Abd=   1258910.    
 Catch=   18985.6304540917     
 Abd=   78562.51    
 Catch=   1903.44686750087     
 Abd=  5.2483512E+07
 Catch=   208370.517107831     
 Time step =         1826
 Abd=   299717.4    
 Catch=   1952.27341254415     
 Abd=   129169.3    
 Catch=   814.268839760324     
 Abd=   83261.77    
 Catch=   3117.05578399688     
 Abd=   87621.86    
 Catch=   218.131382282845     
 Abd=   70945.59    
 Catch=   880.228038755463     
 Abd=   18.50413    
 Catch=  0.185880308671149     
 Abd=   229396.1    
 Catch=   4495.93976668671     
 Abd=            NaN
 Catch=                     NaN
 Abd=   853775.4    
 Catch=   2123.41399201388     
 Abd=   10666.26    
 Catch=   2264.95631079715     
 Abd=   2315550.    
 Catch=   16980.2726270865     
 Abd=   2141603.    
 Catch=   5344.87009927189     
 Abd=   1390.260    
 Catch=   16.2249796153889     
 Abd=   336776.2    
 Catch=   963.616886206587     
 Abd=   69049.85    
 Catch=   4910.16536376649     
 Abd=            NaN
 Catch=                     NaN
 Abd=   496682.9    
 Catch=   3713.45374361027     
 Abd=   405894.5    
 Catch=   1056.52664736716     
 Abd=   6466.970    
 Catch=   216.832273910298     
 Abd=   290122.7    
 Catch=   724.418092991569     
 Abd=   214799.8    
 Catch=   1694.82268479723     
 Abd=   12661.10    
 Catch=   151.774534051059     
 Abd=   8334.391    
 Catch=   36.4175873547923     
 Abd=   6550384.    
 Catch=   16317.0211466453     
 Abd=   756435.9    
 Catch=   9054.62885546387     
 Abd=   295354.7    
 Catch=   735.984674633386     
 Abd=   619285.0    
 Catch=   18005.4739267068     
 Abd=   82217.91    
 Catch=   1575.12912450721     
 Abd=            NaN
 Catch=                     NaN
 Abd=   80924.40    
 Catch=   6192.32924120757     
 Abd=   23166.96    
 Catch=   224.324583423487     
 Abd=   311053.9    
 Catch=   1297.34358802755     
 Abd=   5564086.    
 Catch=   15561.8144232409     
 Abd=   1227417.    
 Catch=   19669.7172201911     
 Abd=   77420.85    
 Catch=   1851.75249208026     
 Abd=  5.2227088E+07
 Catch=   207771.789472018     
 Time step =         1827
 Abd=   298258.9    
 Catch=   1955.23283542302     
 Abd=   125306.6    
 Catch=   811.266741542506     
 Abd=   81233.92    
 Catch=   3152.81585612945     
 Abd=   87391.83    
 Catch=   214.063882387276     
 Abd=   71008.80    
 Catch=   884.110958588521     
 Abd=   17.51942    
 Catch=  0.180971858769615     
 Abd=   227797.1    
 Catch=   4492.26946440727     
 Abd=            NaN
 Catch=                     NaN
 Abd=   850733.7    
 Catch=   2128.83723831627     
 Abd=   12352.58    
 Catch=   2322.03961131016     
 Abd=   2314124.    
 Catch=   17277.6777913617     
 Abd=   2141518.    
 Catch=   5357.74310449354     
 Abd=   1403.791    
 Catch=   16.6396756886948     
 Abd=   335849.2    
 Catch=   964.967101175522     
 Abd=   68183.87    
 Catch=   4426.70510902264     
 Abd=            NaN
 Catch=                     NaN
 Abd=   504427.8    
 Catch=   3616.16990703276     
 Abd=   399267.7    
 Catch=   1050.77028694809     
 Abd=   7663.729    
 Catch=   248.094687430155     
 Abd=   290253.6    
 Catch=   727.047662663252     
 Abd=   210984.6    
 Catch=   1702.72140910547     
 Abd=   12489.14    
 Catch=   148.297810632737     
 Abd=   8300.354    
 Catch=   36.2661850923514     
 Abd=   6537607.    
 Catch=   16314.3580740302     
 Abd=   762368.4    
 Catch=   8967.74606702875     
 Abd=   294899.9    
 Catch=   735.466501365548     
 Abd=   622663.7    
 Catch=   18165.1479456372     
 Abd=   79796.33    
 Catch=   1597.93521101908     
 Abd=            NaN
 Catch=                     NaN
 Abd=   86880.08    
 Catch=   6482.70764072764     
 Abd=   22571.60    
 Catch=   227.778589870526     
 Abd=   309733.7    
 Catch=   1304.66142518327     
 Abd=   5517847.    
 Catch=   15510.8139700532     
 Abd=   1272859.    
 Catch=   19835.1121738086     
 Abd=   75302.19    
 Catch=   1888.80515455712     
 Abd=  5.2078672E+07
 Catch=   207842.394034696     
 Time step =         1828
 Abd=   298748.1    
 Catch=   1967.12816930930     
 Abd=   124894.1    
 Catch=   802.960333811583     
 Abd=   82200.81    
 Catch=   3226.97239285942     
 Abd=   85745.45    
 Catch=   212.647531440802     
 Abd=   71324.79    
 Catch=   888.251532176237     
 Abd=   17.06658    
 Catch=  0.182938731582348     
 Abd=   227631.9    
 Catch=   4557.58825627730     
 Abd=            NaN
 Catch=                     NaN
 Abd=   852998.5    
 Catch=   2129.03931879075     
 Abd=   12662.68    
 Catch=   2247.18593690416     
 Abd=   2355741.    
 Catch=   17449.5321072321     
 Abd=   2146789.    
 Catch=   5363.86773083077     
 Abd=   1440.091    
 Catch=   16.9564300544221     
 Abd=   336347.3    
 Catch=   964.670657876684     
 Abd=   61439.41    
 Catch=   4667.69680883485     
 Abd=            NaN
 Catch=                     NaN
 Abd=   490829.2    
 Catch=   3562.24929478160     
 Abd=   397173.2    
 Catch=   1046.32172504253     
 Abd=   8761.020    
 Catch=   284.563416760092     
 Abd=   291328.0    
 Catch=   729.908846514624     
 Abd=   212056.4    
 Catch=   1714.10189749879     
 Abd=   12200.98    
 Catch=   153.299273527953     
 Abd=   8265.829    
 Catch=   36.3875753477262     
 Abd=   6536775.    
 Catch=   16358.5837716912     
 Abd=   754814.7    
 Catch=   8981.66591394882     
 Abd=   294697.9    
 Catch=   735.494216448615     
 Abd=   628121.4    
 Catch=   17735.0232057290     
 Abd=   81009.76    
 Catch=   1637.35992878933     
 Abd=            NaN
 Catch=                     NaN
 Abd=   90914.53    
 Catch=   6187.70655971326     
 Abd=   22936.84    
 Catch=   233.950115102658     
 Abd=   311541.9    
 Catch=   1315.37081292053     
 Abd=   5500750.    
 Catch=   15580.2595407444     
 Abd=   1282972.    
 Catch=   20719.6211135277     
 Abd=   76869.50    
 Catch=   1929.57348962319     
 Abd=  5.2099596E+07
 Catch=   208091.221156584     
 Time step =         1829
 Abd=   300586.7    
 Catch=   1973.44969169129     
 Abd=   123608.8    
 Catch=   789.161909390556     
 Abd=   84148.89    
 Catch=   3265.09388523899     
 Abd=   85195.48    
 Catch=   210.240430299799     
 Abd=   71659.50    
 Catch=   887.616623941697     
 Abd=   17.26207    
 Catch=  0.176402608109128     
 Abd=   231008.8    
 Catch=   4608.35594796537     
 Abd=            NaN
 Catch=                     NaN
 Abd=   853052.1    
 Catch=   2129.07663824418     
 Abd=   12254.02    
 Catch=   2464.09097078420     
 Abd=   2378606.    
 Catch=   17710.1279992828     
 Abd=   2149185.    
 Catch=   5352.82553150910     
 Abd=   1467.320    
 Catch=   16.5607459601668     
 Abd=   336231.5    
 Catch=   968.718989428588     
 Abd=   64865.54    
 Catch=   4802.08099754170     
 Abd=            NaN
 Catch=                     NaN
 Abd=   483654.5    
 Catch=   3583.12597349874     
 Abd=   395512.6    
 Catch=   1040.01691471348     
 Abd=   10046.03    
 Catch=   301.876807022761     
 Abd=   292477.6    
 Catch=   732.312850442709     
 Abd=   213480.7    
 Catch=   1732.13823870714     
 Abd=   12625.43    
 Catch=   154.191129756922     
 Abd=   8294.725    
 Catch=   36.3863792519324     
 Abd=   6554863.    
 Catch=   16427.3890282567     
 Abd=   756134.6    
 Catch=   8965.02262377821     
 Abd=   294712.2    
 Catch=   737.412844922688     
 Abd=   612949.8    
 Catch=   17665.5928100626     
 Abd=   83023.16    
 Catch=   1669.40009483734     
 Abd=            NaN
 Catch=                     NaN
 Abd=   86721.13    
 Catch=   7087.14640375150     
 Abd=   23563.15    
 Catch=   233.002811739809     
 Abd=   314121.7    
 Catch=   1322.61626795680     
 Abd=   5526144.    
 Catch=   15614.3214785703     
 Abd=   1341044.    
 Catch=   20473.7289821270     
 Abd=   78532.09    
 Catch=   1977.39200668331     
 Abd=  5.2163136E+07
 Catch=   208153.145898897     
 Time step =         1830
 Abd=   301539.5    
 Catch=   1975.65593830616     
 Abd=   121464.9    
 Catch=   776.815876238639     
 Abd=   85124.52    
 Catch=   3340.53685147432     
 Abd=   84230.94    
 Catch=   210.067850452691     
 Abd=   71600.84    
 Catch=   883.305013611862     
 Abd=   16.63276    
 Catch=  0.174104031610466     
 Abd=   233566.8    
 Catch=   4775.18844465780     
 Abd=            NaN
 Catch=                     NaN
 Abd=   853065.0    
 Catch=   2129.13039671114     
 Abd=   13437.61    
 Catch=   2237.30476235369     
 Abd=   2414040.    
 Catch=   18051.8686566487     
 Abd=   2144620.    
 Catch=   5377.55704096692     
 Abd=   1431.964    
 Catch=   16.7007899654677     
 Abd=   337673.7    
 Catch=   968.801827504925     
 Abd=   66765.12    
 Catch=   4925.58896006055     
 Abd=            NaN
 Catch=                     NaN
 Abd=   486612.4    
 Catch=   3575.68152742613     
 Abd=   393098.5    
 Catch=   1038.83076758117     
 Abd=   10661.18    
 Catch=   252.519413254082     
 Abd=   293439.2    
 Catch=   729.822309624594     
 Abd=   215743.5    
 Catch=   1751.86756779388     
 Abd=   12692.31    
 Catch=   161.043307567267     
 Abd=   8293.890    
 Catch=   36.4029588768947     
 Abd=   6582634.    
 Catch=   16414.2925617778     
 Abd=   754681.4    
 Catch=   8981.59969140943     
 Abd=   295496.5    
 Catch=   737.433391138496     
 Abd=   610729.1    
 Catch=   18368.8485631606     
 Abd=   84636.02    
 Catch=   1696.25550438724     
 Abd=            NaN
 Catch=                     NaN
 Abd=   99460.77    
 Catch=   6318.39558965382     
 Abd=   23454.88    
 Catch=   242.996225092414     
 Abd=   315830.8    
 Catch=   1330.74924172605     
 Abd=   5537332.    
 Catch=   15692.9284251047     
 Abd=   1323826.    
 Catch=   20038.5008141104     
 Abd=   80473.62    
 Catch=   2000.02179611181     
 Abd=  5.2177528E+07
 Catch=   208897.526299265     
 Time step =         1831
 Abd=   301870.8    
 Catch=   1980.87318995058     
 Abd=   119571.8    
 Catch=   766.763070143737     
 Abd=   87107.30    
 Catch=   3295.09544862561     
 Abd=   84173.60    
 Catch=   211.518403409750     
 Abd=   71248.72    
 Catch=   879.824466957170     
 Abd=   16.42265    
 Catch=  0.169352133344652     
 Abd=   242121.2    
 Catch=   4809.33034069339     
 Abd=            NaN
 Catch=                     NaN
 Abd=   853074.3    
 Catch=   2123.88706932426     
 Abd=   12199.83    
 Catch=   2204.21493878026     
 Abd=   2461054.    
 Catch=   18063.1195735958     
 Abd=   2154826.    
 Catch=   5398.07445110419     
 Abd=   1444.941    
 Catch=   16.5646676609205     
 Abd=   337673.7    
 Catch=   968.244307156328     
 Abd=   68426.52    
 Catch=   4596.04361798319     
 Abd=            NaN
 Catch=                     NaN
 Abd=   485547.4    
 Catch=   3600.79129339474     
 Abd=   392703.5    
 Catch=   1038.24491965392     
 Abd=   8880.145    
 Catch=   251.841053720197     
 Abd=   292407.2    
 Catch=   730.898032330745     
 Abd=   218205.9    
 Catch=   1758.29830365938     
 Abd=   13265.66    
 Catch=   164.300594747898     
 Abd=   8297.783    
 Catch=   36.3386361231749     
 Abd=   6576704.    
 Catch=   16376.4486784987     
 Abd=   756143.4    
 Catch=   8986.72889929835     
 Abd=   295489.8    
 Catch=   736.724242259217     
 Abd=   635483.1    
 Catch=   18564.7983088614     
 Abd=   86001.50    
 Catch=   1677.89684124788     
 Abd=            NaN
 Catch=                     NaN
 Abd=   88511.78    
 Catch=   6273.15787140268     
 Abd=   24483.72    
 Catch=   250.116183871227     
 Abd=   317778.2    
 Catch=   1338.14510251615     
 Abd=   5566146.    
 Catch=   15774.5260626280     
 Abd=   1295480.    
 Catch=   20047.2523383877     
 Abd=   81393.77    
 Catch=   1989.46936558186     
 Abd=  5.2367640E+07
 Catch=   209917.256338076     
 Time step =         1832
 Abd=   302670.2    
 Catch=   1959.81372509800     
 Abd=   118034.0    
 Catch=   735.936062410061     
 Abd=   85880.09    
 Catch=   3347.98686905438     
 Abd=   84759.26    
 Catch=   211.750152052374     
 Abd=   70968.92    
 Catch=   862.744288327699     
 Abd=   15.96998    
 Catch=  0.169044023273497     
 Abd=   243733.8    
 Catch=   4824.74942345391     
 Abd=            NaN
 Catch=                     NaN
 Abd=   850946.0    
 Catch=   2121.30094526560     
 Abd=   12019.77    
 Catch=   2205.58823185115     
 Abd=   2461257.    
 Catch=   17877.9749085158     
 Abd=   2163003.    
 Catch=   5392.76891122760     
 Abd=   1432.709    
 Catch=   15.9832312519878     
 Abd=   337475.5    
 Catch=   970.626735556506     
 Abd=   63799.77    
 Catch=   5396.63770433617     
 Abd=            NaN
 Catch=                     NaN
 Abd=   489107.1    
 Catch=   3521.87949464647     
 Abd=   392483.9    
 Catch=   1042.53041691218     
 Abd=   8873.836    
 Catch=   287.941258961413     
 Abd=   292847.4    
 Catch=   728.719186900569     
 Abd=   218970.6    
 Catch=   1784.25961438540     
 Abd=   13527.89    
 Catch=   165.842688998601     
 Abd=   8282.741    
 Catch=   36.1984990707755     
 Abd=   6561359.    
 Catch=   16352.1763512562     
 Abd=   756556.6    
 Catch=   9054.00586650182     
 Abd=   295200.1    
 Catch=   737.131365983925     
 Abd=   641995.8    
 Catch=   19060.0343716153     
 Abd=   85028.84    
 Catch=   1686.98718886281     
 Abd=            NaN
 Catch=                     NaN
 Abd=   87948.76    
 Catch=   6311.60723042853     
 Abd=   25194.12    
 Catch=   260.138948195177     
 Abd=   319538.8    
 Catch=   1353.82957937884     
 Abd=   5594629.    
 Catch=   15811.0378612907     
 Abd=   1296574.    
 Catch=   19994.0824989483     
 Abd=   80932.85    
 Catch=   2025.09350761881     
 Abd=  5.2624768E+07
 Catch=   210395.579754419     
 Time step =         1833
 Abd=   299376.9    
 Catch=   1938.43961621967     
 Abd=   113242.8    
 Catch=   716.096684733514     
 Abd=   87291.43    
 Catch=   3278.51240109269     
 Abd=   84855.14    
 Catch=   212.019607616766     
 Abd=   69576.31    
 Catch=   864.721315740729     
 Abd=   15.94804    
 Catch=  0.169804432417588     
 Abd=   244495.3    
 Catch=   4857.67385165634     
 Abd=            NaN
 Catch=                     NaN
 Abd=   849921.8    
 Catch=   2121.76507012101     
 Abd=   12027.41    
 Catch=   2343.33690112843     
 Abd=   2435920.    
 Catch=   17819.9333010145     
 Abd=   2160691.    
 Catch=   5378.29278621960     
 Abd=   1381.740    
 Catch=   15.6497080349211     
 Abd=   338326.3    
 Catch=   972.583861999989     
 Abd=   75066.45    
 Catch=   4841.53725761436     
 Abd=            NaN
 Catch=                     NaN
 Abd=   478110.6    
 Catch=   3448.86186290004     
 Abd=   394130.3    
 Catch=   1028.70068081953     
 Abd=   10165.60    
 Catch=   351.730322785473     
 Abd=   291963.5    
 Catch=   726.654594484772     
 Abd=   222253.0    
 Catch=   1817.51728059325     
 Abd=   13652.23    
 Catch=   169.450270610813     
 Abd=   8250.459    
 Catch=   35.9778870964879     
 Abd=   6551748.    
 Catch=   16396.7963512502     
 Abd=   762306.6    
 Catch=   9166.52149841050     
 Abd=   295371.5    
 Catch=   737.807025594697     
 Abd=   659316.4    
 Catch=   19301.7274540361     
 Abd=   85514.33    
 Catch=   1618.15178518834     
 Abd=            NaN
 Catch=                     NaN
 Abd=   88499.67    
 Catch=   6675.79008266230     
 Abd=   26209.09    
 Catch=   252.026606815708     
 Abd=   323324.7    
 Catch=   1352.61557167092     
 Abd=   5607509.    
 Catch=   15795.8209401181     
 Abd=   1293024.    
 Catch=   19774.9358193129     
 Abd=   82413.96    
 Catch=   1957.56812171607     
 Abd=  5.2742188E+07
 Catch=   209961.167387086     
 Time step =         1834
 Abd=   296115.4    
 Catch=   1928.43997455140     
 Abd=   110201.8    
 Catch=   688.328452722590     
 Abd=   85443.62    
 Catch=   3288.80889847891     
 Abd=   84952.48    
 Catch=   210.723095628538     
 Abd=   69760.09    
 Catch=   867.897584503877     
 Abd=   16.02053    
 Catch=  0.171384998175158     
 Abd=   246182.1    
 Catch=   4931.90502547644     
 Abd=            NaN
 Catch=                     NaN
 Abd=   850136.8    
 Catch=   2118.61008599743     
 Abd=   12778.90    
 Catch=   2263.20612439708     
 Abd=   2428596.    
 Catch=   17827.2172210957     
 Abd=   2154795.    
 Catch=   5325.92424406245     
 Abd=   1353.275    
 Catch=   15.9662313713969     
 Abd=   339005.8    
 Catch=   972.139247449766     
 Abd=   67190.47    
 Catch=   4931.57584199148     
 Abd=            NaN
 Catch=                     NaN
 Abd=   468180.8    
 Catch=   3459.18177364001     
 Abd=   388766.2    
 Catch=   1019.10689276691     
 Abd=   12427.01    
 Catch=   313.258390027426     
 Abd=   291134.2    
 Catch=   720.838542905014     
 Abd=   226411.3    
 Catch=   1854.79127934234     
 Abd=   13952.36    
 Catch=   172.565154148582     
 Abd=   8199.812    
 Catch=   35.8845902119626     
 Abd=   6570186.    
 Catch=   16410.1722859644     
 Abd=   771847.8    
 Catch=   9180.76317568921     
 Abd=   295645.2    
 Catch=   737.467420320753     
 Abd=   667562.4    
 Catch=   18291.9875550721     
 Abd=   81961.98    
 Catch=   1620.95424297156     
 Abd=            NaN
 Catch=                     NaN
 Abd=   93632.57    
 Catch=   6411.89242512372     
 Abd=   25357.70    
 Catch=   243.378569334882     
 Abd=   322949.8    
 Catch=   1351.21763781364     
 Abd=   5601653.    
 Catch=   15765.6854942654     
 Abd=   1278649.    
 Catch=   20197.9566716858     
 Abd=   79601.78    
 Catch=   1980.12225480865     
 Abd=  5.2628676E+07
 Catch=   208157.125528077     
 Time step =         1835
 Abd=   294615.2    
 Catch=   1915.77671161324     
 Abd=   105913.4    
 Catch=   678.143613853493     
 Abd=   85736.17    
 Catch=   3270.33871125580     
 Abd=   84410.26    
 Catch=   208.528716378128     
 Abd=   70017.11    
 Catch=   871.351110079461     
 Abd=   16.17147    
 Catch=  0.170086689944514     
 Abd=   249980.0    
 Catch=   4932.34954668514     
 Abd=            NaN
 Catch=                     NaN
 Abd=   848844.2    
 Catch=   2120.72479868514     
 Abd=   12341.35    
 Catch=   2112.67537502364     
 Abd=   2429316.    
 Catch=   18174.4456030571     
 Abd=   2133524.    
 Catch=   5338.90255756540     
 Abd=   1381.686    
 Catch=   15.4519657664384     
 Abd=   338833.2    
 Catch=   970.897616897325     
 Abd=   68529.62    
 Catch=   4963.81032362684     
 Abd=            NaN
 Catch=                     NaN
 Abd=   469799.3    
 Catch=   3408.56580028931     
 Abd=   385169.4    
 Catch=   1013.79004884937     
 Abd=   11021.54    
 Catch=   266.074284577334     
 Abd=   288743.4    
 Catch=   719.171302611611     
 Abd=   231060.2    
 Catch=   1877.81868841157     
 Abd=   14208.48    
 Catch=   171.749418530816     
 Abd=   8179.125    
 Catch=   35.7897524670026     
 Abd=   6575278.    
 Catch=   16381.7392203962     
 Abd=   772886.3    
 Catch=   9255.08307056851     
 Abd=   295500.7    
 Catch=   736.676608189656     
 Abd=   632087.9    
 Catch=   19692.6621518914     
 Abd=   82160.81    
 Catch=   1628.56851539650     
 Abd=            NaN
 Catch=                     NaN
 Abd=   89871.83    
 Catch=   5846.78873838944     
 Abd=   24484.79    
 Catch=   245.594560735436     
 Abd=   322616.2    
 Catch=   1352.04761482690     
 Abd=   5590858.    
 Catch=   15812.3294024656     
 Abd=   1306770.    
 Catch=   20501.8060364403     
 Abd=   80570.53    
 Catch=   1983.46937790336     
 Abd=  5.2170232E+07
 Catch=   208242.921763354     
 Time step =         1836
 Abd=   292670.0    
 Catch=   1910.41932027167     
 Abd=   104378.7    
 Catch=   673.737975770750     
 Abd=   85243.49    
 Catch=   3220.62447403050     
 Abd=   83542.58    
 Catch=   207.400602606217     
 Abd=   70296.16    
 Catch=   868.190827035095     
 Abd=   16.04143    
 Catch=  0.166830254183731     
 Abd=   249939.2    
 Catch=   4736.16827598586     
 Abd=            NaN
 Catch=                     NaN
 Abd=   849727.4    
 Catch=   2120.23511326159     
 Abd=   11520.39    
 Catch=   2263.23099191821     
 Abd=   2477704.    
 Catch=   18727.0656578430     
 Abd=   2139249.    
 Catch=   5350.82669178005     
 Abd=   1335.871    
 Catch=   15.0307389543519     
 Abd=   338395.2    
 Catch=   973.929539136386     
 Abd=   68954.75    
 Catch=   5175.69905814964     
 Abd=            NaN
 Catch=                     NaN
 Abd=   462730.5    
 Catch=   3390.99955652704     
 Abd=   383201.4    
 Catch=   1003.93000312023     
 Abd=   9352.287    
 Catch=   344.301143606480     
 Abd=   288138.2    
 Catch=   723.711797890362     
 Abd=   233890.6    
 Catch=   1854.06379934828     
 Abd=   14134.90    
 Catch=   164.918457970493     
 Abd=   8157.488    
 Catch=   35.7634476064679     
 Abd=   6563545.    
 Catch=   16386.9573844718     
 Abd=   779241.3    
 Catch=   9392.52622652200     
 Abd=   295179.4    
 Catch=   736.212850119903     
 Abd=   681653.1    
 Catch=   20953.2215547890     
 Abd=   82551.23    
 Catch=   1603.93207134157     
 Abd=            NaN
 Catch=                     NaN
 Abd=   81925.67    
 Catch=   6617.00506658165     
 Abd=   24728.04    
 Catch=   252.469205268000     
 Abd=   322823.3    
 Catch=   1362.01354004718     
 Abd=   5608160.    
 Catch=   16019.6151660598     
 Abd=   1326236.    
 Catch=   20980.5217950042     
 Abd=   80699.14    
 Catch=   1929.66382182962     
 Abd=  5.2200960E+07
 Catch=   209063.506134245     
 Time step =         1837
 Abd=   291870.7    
 Catch=   1888.74819756143     
 Abd=   103721.0    
 Catch=   657.446783381754     
 Abd=   83942.69    
 Catch=   3167.19825415936     
 Abd=   83088.66    
 Catch=   204.135240203612     
 Abd=   70030.84    
 Catch=   860.584440000731     
 Abd=   15.73379    
 Catch=  0.163102572025644     
 Abd=   239843.8    
 Catch=   4552.16920187811     
 Abd=            NaN
 Catch=                     NaN
 Abd=   849511.9    
 Catch=   2117.38248479066     
 Abd=   12342.12    
 Catch=   2548.15323605974     
 Abd=   2553692.    
 Catch=   19067.3208528125     
 Abd=   2144010.    
 Catch=   5332.41772712137     
 Abd=   1299.596    
 Catch=   15.9162592564913     
 Abd=   339482.5    
 Catch=   976.853583471678     
 Abd=   72079.02    
 Catch=   4397.70580604021     
 Abd=            NaN
 Catch=                     NaN
 Abd=   460346.8    
 Catch=   3301.97387952328     
 Abd=   379439.1    
 Catch=   984.700274904395     
 Abd=   12169.50    
 Catch=   409.422409367493     
 Abd=   289994.9    
 Catch=   725.602159569376     
 Abd=   230823.5    
 Catch=   1806.68811866251     
 Abd=   13564.25    
 Catch=   157.351862584448     
 Abd=   8151.794    
 Catch=   35.6323750787979     
 Abd=   6565924.    
 Catch=   16466.2226095107     
 Abd=   790910.9    
 Catch=   9393.22279124482     
 Abd=   294996.9    
 Catch=   737.373641841306     
 Abd=   725136.9    
 Catch=   20056.7491090710     
 Abd=   81273.52    
 Catch=   1598.59358268359     
 Abd=            NaN
 Catch=                     NaN
 Abd=   92861.26    
 Catch=   7259.44170892643     
 Abd=   25428.84    
 Catch=   240.548291758511     
 Abd=   325250.2    
 Catch=   1351.18683177812     
 Abd=   5682846.    
 Catch=   16135.2663164100     
 Abd=   1357432.    
 Catch=   20962.1927041335     
 Abd=   78469.40    
 Catch=   1889.80622410236     
 Abd=  5.2409984E+07
 Catch=   209193.077587980     
 Time step =         1838
 Abd=   288514.5    
 Catch=   1893.84219479362     
 Abd=   101193.1    
 Catch=   666.611397739735     
 Abd=   82546.98    
 Catch=   3239.15685171063     
 Abd=   81770.91    
 Catch=   203.483616338528     
 Abd=   69411.19    
 Catch=   866.997694509341     
 Abd=   15.38147    
 Catch=  0.158294958606207     
 Abd=   230532.1    
 Catch=   4516.58903805675     
 Abd=            NaN
 Catch=                     NaN
 Abd=   848347.1    
 Catch=   2116.86477489696     
 Abd=   13896.41    
 Catch=   2128.86394434982     
 Abd=   2599282.    
 Catch=   19396.2936238540     
 Abd=   2136383.    
 Catch=   5319.81464296631     
 Abd=   1378.348    
 Catch=   16.3978146303961     
 Abd=   340501.4    
 Catch=   971.843019250022     
 Abd=   61050.03    
 Catch=   5117.34037793004     
 Abd=            NaN
 Catch=                     NaN
 Abd=   448193.8    
 Catch=   3234.98005076361     
 Abd=   372106.0    
 Catch=   972.648438388732     
 Abd=   14464.23    
 Catch=   244.293175466625     
 Abd=   290746.1    
 Catch=   726.872436921172     
 Abd=   224873.6    
 Catch=   1783.40844733345     
 Abd=   12940.64    
 Catch=   158.744079512700     
 Abd=   8121.433    
 Catch=   35.6575996343399     
 Abd=   6598291.    
 Catch=   16432.3586579677     
 Abd=   790760.0    
 Catch=   9456.34224108459     
 Abd=   295475.3    
 Catch=   734.970194342516     
 Abd=   693205.1    
 Catch=   19635.1617528307     
 Abd=   81022.76    
 Catch=   1608.66068268615     
 Abd=            NaN
 Catch=                     NaN
 Abd=   101869.0    
 Catch=   5867.07764436129     
 Abd=   24193.84    
 Catch=   234.610344901104     
 Abd=   322566.3    
 Catch=   1339.22007042718     
 Abd=   5723180.    
 Catch=   16264.4444791639     
 Abd=   1355644.    
 Catch=   21381.1402492901     
 Abd=   76861.56    
 Catch=   1890.15615237184     
 Abd=  5.2439132E+07
 Catch=   209154.545690844     
 Time step =         1839
 Abd=   289370.3    
 Catch=   1880.88336968937     
 Abd=   102669.8    
 Catch=   658.431260112677     
 Abd=   84462.78    
 Catch=   3181.21533377343     
 Abd=   81525.02    
 Catch=   202.238937529623     
 Abd=   69951.88    
 Catch=   864.387206577084     
 Abd=   14.92619    
 Catch=  0.154389579304638     
 Abd=   228847.3    
 Catch=   4431.98887374315     
 Abd=            NaN
 Catch=                     NaN
 Abd=   848164.9    
 Catch=   2115.92266782509     
 Abd=   11608.25    
 Catch=   2093.25266850409     
 Abd=   2644234.    
 Catch=   19389.8040904564     
 Abd=   2131383.    
 Catch=   5335.83468444427     
 Abd=   1419.258    
 Catch=   16.2478455324446     
 Abd=   338698.6    
 Catch=   968.766339538434     
 Abd=   71177.94    
 Catch=   4747.85866124632     
 Abd=            NaN
 Catch=                     NaN
 Abd=   439202.7    
 Catch=   3268.35698678471     
 Abd=   367602.2    
 Catch=   957.685565717369     
 Abd=   8570.789    
 Catch=   251.616766941774     
 Abd=   291249.0    
 Catch=   712.189923406836     
 Abd=   222029.4    
 Catch=   1754.77927174764     
 Abd=   13067.99    
 Catch=   153.331003525222     
 Abd=   8127.897    
 Catch=   35.5962126840013     
 Abd=   6583784.    
 Catch=   16386.4224466574     
 Abd=   796171.8    
 Catch=   9421.16888656401     
 Abd=   294483.5    
 Catch=   733.725805399192     
 Abd=   678777.5    
 Catch=   18521.1129075448     
 Abd=   81542.09    
 Catch=   1588.50823027976     
 Abd=            NaN
 Catch=                     NaN
 Abd=   82165.36    
 Catch=   5837.45684874518     
 Abd=   23607.16    
 Catch=   199.849452816377     
 Abd=   319701.1    
 Catch=   1316.73374113790     
 Abd=   5768950.    
 Catch=   16330.3030785102     
 Abd=   1383252.    
 Catch=   21394.7840392417     
 Abd=   76895.69    
 Catch=   1872.54400101404     
 Abd=  5.2428244E+07
 Catch=   208049.802853730     
 Time step =         1840
 Abd=   287341.0    
 Catch=   1878.77486409022     
 Abd=   101340.9    
 Catch=   654.457784197382     
 Abd=   82907.88    
 Catch=   3185.95998362054     
 Abd=   81033.31    
 Catch=   202.699299168020     
 Abd=   69725.03    
 Catch=   873.682544463500     
 Abd=   14.55912    
 Catch=  0.150882452774154     
 Abd=   224521.5    
 Catch=   4423.30888292280     
 Abd=            NaN
 Catch=                     NaN
 Abd=   847765.2    
 Catch=   2116.52268980289     
 Abd=   11414.86    
 Catch=   2347.78926015776     
 Abd=   2642207.    
 Catch=   18933.3074379879     
 Abd=   2138042.    
 Catch=   5312.33319432732     
 Abd=   1405.271    
 Catch=   15.9210803241291     
 Abd=   337641.1    
 Catch=   968.881678478589     
 Abd=   65918.34    
 Catch=   4591.89224402925     
 Abd=            NaN
 Catch=                     NaN
 Abd=   443955.4    
 Catch=   3331.12083122713     
 Abd=   361920.1    
 Catch=   953.680775333066     
 Abd=   8870.415    
 Catch=   304.616894756504     
 Abd=   285265.0    
 Catch=   711.131386401064     
 Abd=   218451.4    
 Catch=   1731.58873316429     
 Abd=   12612.42    
 Catch=   151.810372530825     
 Abd=   8113.501    
 Catch=   35.5447606576209     
 Abd=   6565301.    
 Catch=   16423.4629269296     
 Abd=   793056.4    
 Catch=   9359.68590409357     
 Abd=   293994.8    
 Catch=   733.579276439623     
 Abd=   639880.0    
 Catch=   17818.7433679043     
 Abd=   80494.26    
 Catch=   1582.15261346189     
 Abd=            NaN
 Catch=                     NaN
 Abd=   81863.00    
 Catch=   6670.40006261023     
 Abd=   20062.57    
 Catch=   202.243287884931     
 Abd=   314283.3    
 Catch=   1302.61212035576     
 Abd=   5791804.    
 Catch=   16316.2708388965     
 Abd=   1383668.    
 Catch=   21768.8860597979     
 Abd=   76166.17    
 Catch=   1869.21201323513     
 Abd=  5.2145728E+07
 Catch=   206033.800353421     
 Time step =         1841
 Abd=   287052.2    
 Catch=   1873.80592132796     
 Abd=   100743.0    
 Catch=   633.478627475503     
 Abd=   83053.73    
 Catch=   3232.95758292904     
 Abd=   81215.20    
 Catch=   203.830633812562     
 Abd=   70491.27    
 Catch=   876.575615033797     
 Abd=   14.22885    
 Catch=  0.153481160674858     
 Abd=   224136.5    
 Catch=   4457.87363024690     
 Abd=            NaN
 Catch=                     NaN
 Abd=   848035.7    
 Catch=   2117.26393272355     
 Abd=   12803.85    
 Catch=   2770.24329893497     
 Abd=   2579142.    
 Catch=   18721.2307269582     
 Abd=   2128293.    
 Catch=   5285.69704345346     
 Abd=   1376.749    
 Catch=   16.8096170536554     
 Abd=   337703.4    
 Catch=   970.908182921777     
 Abd=   63755.64    
 Catch=   4129.17240462740     
 Abd=            NaN
 Catch=                     NaN
 Abd=   452498.7    
 Catch=   3371.53946833448     
 Abd=   360491.7    
 Catch=   945.374028382472     
 Abd=   10749.03    
 Catch=   379.458006259714     
 Abd=   284922.7    
 Catch=   704.760372166127     
 Abd=   215575.8    
 Catch=   1731.58468680221     
 Abd=   12492.95    
 Catch=   154.028280210197     
 Abd=   8101.826    
 Catch=   35.6088854684070     
 Abd=   6580816.    
 Catch=   16552.1271762942     
 Abd=   787830.6    
 Catch=   9342.99021629958     
 Abd=   293946.0    
 Catch=   735.104771837455     
 Abd=   615825.2    
 Catch=   18134.2175583053     
 Abd=   80184.52    
 Catch=   1598.08258360966     
 Abd=            NaN
 Catch=                     NaN
 Abd=   93650.64    
 Catch=   7417.93061292357     
 Abd=   20365.13    
 Catch=   200.154710877840     
 Abd=   310950.8    
 Catch=   1288.77904143318     
 Abd=   5786174.    
 Catch=   16307.0075346755     
 Abd=   1408285.    
 Catch=   21849.4469576345     
 Abd=   76039.78    
 Catch=   1890.83535557359     
 Abd=  5.1636032E+07
 Catch=   204281.555154977     
 Time step =         1842
 Abd=   286286.7    
 Catch=   1865.59933800658     
 Abd=   97452.79    
 Catch=   625.316146266799     
 Abd=   84291.50    
 Catch=   3274.08557912378     
 Abd=   81681.23    
 Catch=   201.512773966081     
 Abd=   70716.08    
 Catch=   865.896890745611     
 Abd=   14.48484    
 Catch=  0.151168986677494     
 Abd=   225922.1    
 Catch=   4503.78979269291     
 Abd=            NaN
 Catch=                     NaN
 Abd=   848327.0    
 Catch=   2119.56372669725     
 Abd=   15107.90    
 Catch=   2017.00704664883     
 Abd=   2551242.    
 Catch=   18487.7407595906     
 Abd=   2117601.    
 Catch=   5290.99675292323     
 Abd=   1455.626    
 Catch=   16.8071938260412     
 Abd=   338428.8    
 Catch=   962.649190711873     
 Abd=   57311.65    
 Catch=   4623.08399924706     
 Abd=            NaN
 Catch=                     NaN
 Abd=   458008.8    
 Catch=   3357.94266501648     
 Abd=   357316.1    
 Catch=   944.710451266763     
 Abd=   13425.25    
 Catch=   248.813877591739     
 Abd=   282333.5    
 Catch=   702.324312974264     
 Abd=   215630.4    
 Catch=   1717.43873460770     
 Abd=   12681.03    
 Catch=   156.784231817952     
 Abd=   8116.974    
 Catch=   35.7336117489878     
 Abd=   6633117.    
 Catch=   16473.5924606529     
 Abd=   786542.4    
 Catch=   9344.92010015379     
 Abd=   294571.6    
 Catch=   731.241916365005     
 Abd=   627212.6    
 Catch=   18501.0761689448     
 Abd=   81010.38    
 Catch=   1649.89047069800     
 Abd=            NaN
 Catch=                     NaN
 Abd=   104085.7    
 Catch=   5502.79983842787     
 Abd=   20145.12    
 Catch=   207.986964809704     
 Abd=   307648.2    
 Catch=   1292.86468325442     
 Abd=   5783132.    
 Catch=   16121.1628342033     
 Abd=   1413203.    
 Catch=   21114.3007324786     
 Abd=   76933.83    
 Catch=   1943.99085082725     
 Abd=  5.1198012E+07
 Catch=   204182.631559536     
 Time step =         1843
 Abd=   285023.7    
 Catch=   1864.21258137179     
 Abd=   96256.59    
 Catch=   623.804090622513     
 Abd=   85364.77    
 Catch=   3238.65056595425     
 Abd=   80722.25    
 Catch=   200.129421622678     
 Abd=   69838.12    
 Catch=   860.285052723642     
 Abd=   14.25796    
 Catch=  0.143723135867851     
 Abd=   228257.8    
 Catch=   4496.57757704750     
 Abd=            NaN
 Catch=                     NaN
 Abd=   849251.0    
 Catch=   2114.61638307553     
 Abd=   10997.90    
 Catch=   1846.90097276930     
 Abd=   2519450.    
 Catch=   17840.8560625954     
 Abd=   2119991.    
 Catch=   5290.28704250592     
 Abd=   1453.877    
 Catch=   15.3044245728725     
 Abd=   335473.7    
 Catch=   951.814628805597     
 Abd=   64282.82    
 Catch=   4653.31134837150     
 Abd=            NaN
 Catch=                     NaN
 Abd=   455998.0    
 Catch=   3365.92827154944     
 Abd=   357130.4    
 Catch=   944.407185735143     
 Abd=   8750.404    
 Catch=   166.475419347810     
 Abd=   281380.2    
 Catch=   702.303556391408     
 Abd=   213835.5    
 Catch=   1708.22954656276     
 Abd=   12908.57    
 Catch=   157.484346429597     
 Abd=   8145.689    
 Catch=   35.7831246569781     
 Abd=   6599952.    
 Catch=   16266.8149591062     
 Abd=   786713.6    
 Catch=   9279.24183091192     
 Abd=   292978.8    
 Catch=   725.250635334194     
 Abd=   639926.4    
 Catch=   18193.5163561778     
 Abd=   83666.31    
 Catch=   1625.95588017535     
 Abd=            NaN
 Catch=                     NaN
 Abd=   77036.45    
 Catch=   5406.58711258676     
 Abd=   20953.14    
 Catch=   213.153933472091     
 Abd=   308714.8    
 Catch=   1297.46207261206     
 Abd=   5716203.    
 Catch=   15914.3669131129     
 Abd=   1364790.    
 Catch=   20845.6063726662     
 Abd=   79127.58    
 Catch=   1909.73314632107     
 Abd=  5.1181616E+07
 Catch=   204331.736847912     
 Time step =         1844
 Abd=   284832.8    
 Catch=   1862.99675414023     
 Abd=   96038.64    
 Catch=   624.874884557095     
 Abd=   84410.17    
 Catch=   3254.84291347266     
