Extracting environmental data
Environmental data extracted
Current working directory is /project/6006523/jepa/tipping_points/scripts/run_dbem
Starting run at:Mon 29 Jun 2026 12:20:41 PM PDT
“Starting task: 10”
 SppListRoot: 
 ~/projects/def-wailung/Data/Species/TaxonList/tipping_point/                   
                                                                                
                                                                                
                    
 Species list: 10  
 TipmipSppDem10.txt  
 Initializing, loading files...
          31
 600203    
 /localscratch/jepa.46273981.0/tipmip_dem_p/600203                              
  
 Read Parameters...
 Running Taxon B_boops             
 ~/projects/def-wailung/Data/Species/Distributions/S600203.csv                  
                                          
  3.310016217792365E-007
 Thread           0  starting...
 600319    
 /localscratch/jepa.46273981.0/tipmip_dem_p/600319                              
  
 Read Parameters...
 Running Taxon B_saida             
 ~/projects/def-wailung/Data/Species/Distributions/S600319.csv                  
                                          
  1.457899108213700E-007
 Thread           0  starting...
 690052    
 /localscratch/jepa.46273981.0/tipmip_dem_p/690052                              
  
 Read Parameters...
 Running Taxon C_sapidus           
 ~/projects/def-wailung/Data/Species/Distributions/S690052.csv                  
                                          
  3.961501409452951E-007
 Thread           0  starting...
 600653    
 /localscratch/jepa.46273981.0/tipmip_dem_p/600653                              
  
 Read Parameters...
 Running Taxon C_squamosus         
 ~/projects/def-wailung/Data/Species/Distributions/S600653.csv                  
                                          
  3.115795394652565E-007
 Thread           0  starting...
 600662    
 /localscratch/jepa.46273981.0/tipmip_dem_p/600662                              
  
 Read Parameters...
 Running Taxon C_coelolepis        
 ~/projects/def-wailung/Data/Species/Distributions/S600662.csv                  
                                          
  3.699199145401623E-007
 Thread           0  starting...
 607110    
 /localscratch/jepa.46273981.0/tipmip_dem_p/607110                              
  
 Read Parameters...
 Running Taxon C_myersi            
 ~/projects/def-wailung/Data/Species/Distributions/S607110.csv                  
                                          
  1.771822119782662E-007
 Thread           0  starting...
 690009    
 /localscratch/jepa.46273981.0/tipmip_dem_p/690009                              
  
 Read Parameters...
 Running Taxon C_virginica         
 ~/projects/def-wailung/Data/Species/Distributions/S690009.csv                  
                                          
  4.103529700776320E-007
 Thread           0  starting...
 607111    
 /localscratch/jepa.46273981.0/tipmip_dem_p/607111                              
  
 Read Parameters...
 Running Taxon C_antarcticus       
 ~/projects/def-wailung/Data/Species/Distributions/S607111.csv                  
                                          
  1.765641971822606E-007
 Thread           0  starting...
 600467    
 /localscratch/jepa.46273981.0/tipmip_dem_p/600467                              
  
 Read Parameters...
 Running Taxon D_eleginoides       
 ~/projects/def-wailung/Data/Species/Distributions/S600467.csv                  
                                          
  4.713543640202377E-007
 Thread           0  starting...
 690042    
 /localscratch/jepa.46273981.0/tipmip_dem_p/690042                              
  
 Read Parameters...
 Running Taxon P_merguiensis       
 ~/projects/def-wailung/Data/Species/Distributions/S690042.csv                  
                                          
  3.454145856351953E-007
 Thread           0  starting...
 600308    
 /localscratch/jepa.46273981.0/tipmip_dem_p/600308                              
  
 Read Parameters...
 Running Taxon G_macrocephalus     
 ~/projects/def-wailung/Data/Species/Distributions/S600308.csv                  
                                          
  2.506870652405625E-007
 Thread           0  starting...
 604239    
 /localscratch/jepa.46273981.0/tipmip_dem_p/604239                              
  
 Read Parameters...
 Running Taxon H_platessoides      
 ~/projects/def-wailung/Data/Species/Distributions/S604239.csv                  
                                          
  3.467426750356497E-007
 Thread           0  starting...
 690321    
 /localscratch/jepa.46273981.0/tipmip_dem_p/690321                              
  
 Read Parameters...
 Running Taxon J_edwardsii         
 ~/projects/def-wailung/Data/Species/Distributions/S690321.csv                  
                                          
  3.078636114892678E-007
 Thread           0  starting...
 600346    
 /localscratch/jepa.46273981.0/tipmip_dem_p/600346                              
  
 Read Parameters...
 Running Taxon L_calcarifer        
 ~/projects/def-wailung/Data/Species/Distributions/S600346.csv                  
                                          
  2.750892981047136E-007
 Thread           0  starting...
 690054    
 /localscratch/jepa.46273981.0/tipmip_dem_p/690054                              
  
 Read Parameters...
 Running Taxon P_stylirostris      
 ~/projects/def-wailung/Data/Species/Distributions/S690054.csv                  
                                          
  3.808056102663215E-007
 Thread           0  starting...
 601825    
 /localscratch/jepa.46273981.0/tipmip_dem_p/601825                              
  
 Read Parameters...
 Running Taxon M_novaezelandiae    
 ~/projects/def-wailung/Data/Species/Distributions/S601825.csv                  
                                          
  3.318812143238148E-007
 Thread           0  starting...
 690432    
 /localscratch/jepa.46273981.0/tipmip_dem_p/690432                              
  
 Read Parameters...
 Running Taxon P_latisulcatus      
 ~/projects/def-wailung/Data/Species/Distributions/S690432.csv                  
                                          
  2.883495457528528E-007
 Thread           0  starting...
 600030    
 /localscratch/jepa.46273981.0/tipmip_dem_p/600030                              
  
 Read Parameters...
 Running Taxon M_merluccius        
 ~/projects/def-wailung/Data/Species/Distributions/S600030.csv                  
                                          
  3.421611575169514E-007
 Thread           0  starting...
 607620    
 /localscratch/jepa.46273981.0/tipmip_dem_p/607620                              
  
 Read Parameters...
 Running Taxon M_furnieri          
 ~/projects/def-wailung/Data/Species/Distributions/S607620.csv                  
                                          
  4.698841393671049E-007
 Thread           0  starting...
 600408    
 /localscratch/jepa.46273981.0/tipmip_dem_p/600408                              
  
 Read Parameters...
 Running Taxon M_undulatus         
 ~/projects/def-wailung/Data/Species/Distributions/S600408.csv                  
                                          
  3.235813595843239E-007
 Thread           0  starting...
 607618    
 /localscratch/jepa.46273981.0/tipmip_dem_p/607618                              
  
 Read Parameters...
 Running Taxon M_mobular           
 ~/projects/def-wailung/Data/Species/Distributions/S607618.csv                  
                                          
  3.159536885415372E-007
 Thread           0  starting...
 610220    
 /localscratch/jepa.46273981.0/tipmip_dem_p/610220                              
  
 Read Parameters...
 Running Taxon A_thalassinus       
 ~/projects/def-wailung/Data/Species/Distributions/S610220.csv                  
                                          
  3.220671756212212E-007
 Thread           0  starting...
 600240    
 /localscratch/jepa.46273981.0/tipmip_dem_p/600240                              
  
 Read Parameters...
 Running Taxon O_gorbuscha         
 ~/projects/def-wailung/Data/Species/Distributions/S600240.csv                  
                                          
  2.513762828453835E-007
 Thread           0  starting...
 606426    
 /localscratch/jepa.46273981.0/tipmip_dem_p/606426                              
  
 Read Parameters...
 Running Taxon C_auratus           
 ~/projects/def-wailung/Data/Species/Distributions/S606426.csv                  
                                          
  2.815158711708677E-007
 Thread           0  starting...
 690269    
 /localscratch/jepa.46273981.0/tipmip_dem_p/690269                              
  
 Read Parameters...
 Running Taxon P_borealis          
 ~/projects/def-wailung/Data/Species/Distributions/S690269.csv                  
                                          
  3.298395402144827E-007
 Thread           0  starting...
 690071    
 /localscratch/jepa.46273981.0/tipmip_dem_p/690071                              
  
 Read Parameters...
 Running Taxon P_argus             
 ~/projects/def-wailung/Data/Species/Distributions/S690071.csv                  
                                          
  2.994199999952763E-007
 Thread           0  starting...
 690060    
 /localscratch/jepa.46273981.0/tipmip_dem_p/690060                              
  
 Read Parameters...
 Running Taxon P_viridis           
 ~/projects/def-wailung/Data/Species/Distributions/S690060.csv                  
                                          
  2.945997497636465E-007
 Thread           0  starting...
 600504    
 /localscratch/jepa.46273981.0/tipmip_dem_p/600504                              
  
 Read Parameters...
 Running Taxon S_alutus            
 ~/projects/def-wailung/Data/Species/Distributions/S600504.csv                  
                                          
  2.577637406879773E-007
 Thread           0  starting...
 600366    
 /localscratch/jepa.46273981.0/tipmip_dem_p/600366                              
  
 Read Parameters...
 Running Taxon T_japonicus         
 ~/projects/def-wailung/Data/Species/Distributions/S600366.csv                  
                                          
  2.406798650220753E-007
 Thread           0  starting...
 690032    
 /localscratch/jepa.46273981.0/tipmip_dem_p/690032                              
  
 Read Parameters...
 Running Taxon X_kroyeri           
 ~/projects/def-wailung/Data/Species/Distributions/S690032.csv                  
                                          
  2.915235429612474E-007
 Thread           0  starting...
 600069    
 /localscratch/jepa.46273981.0/tipmip_dem_p/600069                              
  
 Read Parameters...
 Running Taxon G_morhua            
 ~/projects/def-wailung/Data/Species/Distributions/S600069.csv                  
                                          
  3.333470153075169E-007
 Thread           0  starting...
 Time step =         1861
 Catch=   190912.177142991     
 Abd=   451999.3    
 Catch=   7539.55993728159     
 Abd=   15185.27    
 Catch=   59260.8123259640     
 Abd=   19944.90    
 Catch=   34623.8406298055     
 Abd=   314437.3    
 Catch=   57183.6983281328     
 Abd=   125193.2    
 Catch=   479.333329116048     
 Abd=   629.4837    
 Catch=                     NaN
 Abd=            NaN
 Catch=   57.8055633612562     
 Abd=   85.02459    
 Catch=   625139.749319335     
 Abd=   5233152.    
 Catch=   4168.69374199601     
 Abd=   880.2191    
 Catch=   746503.483008924     
 Abd=   1036893.    
 Catch=   22789.0120084704     
 Abd=   86683.66    
 Catch=                     NaN
 Abd=            NaN
 Catch=   450341.891578165     
 Abd=   2535864.    
 Catch=   118935.041158942     
 Abd=   28564.09    
 Catch=                     NaN
 Abd=            NaN
 Catch=   13454.9760825440     
 Abd=   5658.860    
 Catch=                     NaN
 Abd=            NaN
 Catch=   170954.748874651     
 Abd=   242938.8    
 Catch=   22113.3108563609     
 Abd=   16885.88    
 Catch=   6442.59561786967     
 Abd=   21247.59    
 Catch=   4554065.89244431     
 Abd=  3.0599328E+07
 Catch=   614682.283889237     
 Abd=   547322.0    
 Catch=   360795.736583786     
 Abd=   2629044.    
 Catch=                     NaN
 Abd=            NaN
 Catch=   91139.4070300882     
 Abd=   61212.97    
 Catch=   78259.0401731573     
 Abd=   17678.02    
 Catch=   2243368.19487631     
 Abd=  1.1285308E+07
 Catch=   711537.106793322     
 Abd=   549948.4    
 Catch=   92703.5870244877     
 Abd=   48962.63    
 Catch=   12181100.4480396     
 Abd=  4.3256568E+07
 Time step =         1862
 Catch=   51957.6780247130     
 Abd=   252199.4    
 Catch=   1921.23260256217     
 Abd=   10463.17    
 Catch=   15346.8079457595     
 Abd=   14791.23    
 Catch=   14353.8234958664     
 Abd=   187743.7    
 Catch=   30598.5313729987     
 Abd=   87153.88    
 Catch=   115.231712833453     
 Abd=   341.3535    
 Catch=                     NaN
 Abd=            NaN
 Catch=   9.72895822381629     
 Abd=   33.51678    
 Catch=   235098.694658113     
 Abd=   3027019.    
 Catch=   5388.59692509039     
 Abd=   1789.113    
 Catch=   129575.112248504     
 Abd=   546877.6    
 Catch=   3799.83809171273     
 Abd=   48723.07    
 Catch=                     NaN
 Abd=            NaN
 Catch=   126067.109384341     
 Abd=   1370120.    
 Catch=   45678.8025361724     
 Abd=   25425.08    
 Catch=                     NaN
 Abd=            NaN
 Catch=   3040.06686134819     
 Abd=   3730.526    
 Catch=                     NaN
 Abd=            NaN
 Catch=   34061.9103389704     
 Abd=   134632.5    
 Catch=   3638.90848144944     
 Abd=   9717.980    
 Catch=   1632.23560894757     
 Abd=   11759.04    
 Catch=   1329199.99196687     
 Abd=  1.6669239E+07
 Catch=   114737.681205324     
 Abd=   311458.6    
 Catch=   115408.977667707     
 Abd=   1460120.    
 Catch=                     NaN
 Abd=            NaN
 Catch=   22346.2945973232     
 Abd=   38422.82    
 Catch=   28070.5064702060     
 Abd=   15995.72    
 Catch=   542109.491089338     
 Abd=   5904966.    
 Catch=   152251.943553584     
 Abd=   322163.3    
 Catch=   22726.8727311445     
 Abd=   32083.03    
 Catch=   2996983.45571758     
 Abd=  2.3585932E+07
 Time step =         1863
 Catch=   33382.5914353364     
 Abd=   182007.1    
 Catch=   1480.50905981369     
 Abd=   8733.157    
 Catch=   12988.4400120902     
 Abd=   13674.14    
 Catch=   9508.57364800818     
 Abd=   135684.8    
 Catch=   23316.6214179900     
 Abd=   71459.84    
 Catch=   73.2703297900980     
 Abd=   248.2570    
 Catch=                     NaN
 Abd=            NaN
 Catch=   4.17266857867748     
 Abd=   15.76945    
 Catch=   151803.854726362     
 Abd=   2145460.    
 Catch=   8204.02282306655     
 Abd=   1880.624    
 Catch=   80395.1810343720     
 Abd=   388016.5    
 Catch=   2482.89890766873     
 Abd=   35870.84    
 Catch=                     NaN
 Abd=            NaN
 Catch=   78076.0989644891     
 Abd=   950958.4    
 Catch=   43570.6820523156     
 Abd=   25126.46    
 Catch=                     NaN
 Abd=            NaN
 Catch=   2333.22918456353     
 Abd=   3194.309    
 Catch=                     NaN
 Abd=            NaN
 Catch=   21946.7058827886     
 Abd=   98035.26    
 Catch=   2446.15813828188     
 Abd=   7385.286    
 Catch=   1035.19559698260     
 Abd=   8341.471    
 Catch=   827589.017415247     
 Abd=  1.1605172E+07
 Catch=   76308.7081418130     
 Abd=   234552.4    
 Catch=   72762.9150991476     
 Abd=   1023715.    
 Catch=                     NaN
 Abd=            NaN
 Catch=   16245.3763208871     
 Abd=   31243.23    
 Catch=   27977.9675102835     
 Abd=   16889.77    
 Catch=   328147.737447575     
 Abd=   4039993.    
 Catch=   103753.276705087     
 Abd=   247429.3    
 Catch=   17202.5799202977     
 Abd=   27022.64    
 Catch=   1885388.89869028     
 Abd=  1.6697206E+07
 Time step =         1864
 Catch=   25554.1429982436     
 Abd=   146725.3    
 Catch=   1281.26905912187     
 Abd=   7777.475    
 Catch=   12458.4302153145     
 Abd=   13465.60    
 Catch=   7195.68331943594     
 Abd=   106989.2    
 Catch=   19908.0474870585     
 Abd=   63142.57    
 Catch=   56.8779850704027     
 Abd=   203.3130    
 Catch=                     NaN
 Abd=            NaN
 Catch=   2.04053885424708     
 Abd=   7.961226    
 Catch=   113005.593729692     
 Abd=   1669037.    
 Catch=   8278.26306594144     
 Abd=   1880.981    
 Catch=   60786.0258191559     
 Abd=   309774.1    
 Catch=   1934.31175333773     
 Abd=   29315.24    
 Catch=                     NaN
 Abd=            NaN
 Catch=   57357.9648859698     
 Abd=   734873.4    
 Catch=   43602.5858673708     
 Abd=   25429.26    
 Catch=                     NaN
 Abd=            NaN
 Catch=   2098.69315188124     
 Abd=   2983.054    
 Catch=                     NaN
 Abd=            NaN
 Catch=   16979.7202017107     
 Abd=   79937.67    
 Catch=   1973.69394819026     
 Abd=   6267.090    
 Catch=   777.126509043499     
 Abd=   6582.976    
 Catch=   609374.894159792     
 Abd=   8981504.    
 Catch=   61041.6684560623     
 Abd=   197445.3    
 Catch=   53840.7101319546     
 Abd=   794744.9    
 Catch=                     NaN
 Abd=            NaN
 Catch=   13942.7087686181     
 Abd=   28011.44    
 Catch=   30233.0986081618     
 Abd=   18360.88    
 Catch=   238773.158207271     
 Abd=   3107034.    
 Catch=   84499.0045646408     
 Abd=   211695.8    
 Catch=   15234.4524289767     
 Abd=   24890.00    
 Catch=   1415326.05375483     
 Abd=  1.3197184E+07
 Time step =         1865
 Catch=   21279.8973474207     
 Abd=   125775.7    
 Catch=   1160.55265724617     
 Abd=   7146.655    
 Catch=   12436.1865029721     
 Abd=   13576.35    
 Catch=   5825.48870747368     
 Abd=   88734.02    
 Catch=   17986.6261497116     
 Abd=   58160.48    
 Catch=   48.0210759296583     
 Abd=   175.8895    
 Catch=                     NaN
 Abd=            NaN
 Catch=   1.01727326384987     
 Abd=   3.451591    
 Catch=   90417.1121928454     
 Abd=   1370476.    
 Catch=   8278.53961334726     
 Abd=   1880.982    
 Catch=   50144.5310754446     
 Abd=   263156.2    
 Catch=   1626.72592538733     
 Abd=   25280.50    
 Catch=                     NaN
 Abd=            NaN
 Catch=   45751.7985418486     
 Abd=   603464.6    
 Catch=   44679.1718519180     
 Abd=   26349.74    
 Catch=                     NaN
 Abd=            NaN
 Catch=   2000.38697467135     
 Abd=   2888.892    
 Catch=                     NaN
 Abd=            NaN
 Catch=   14300.8879348633     
 Abd=   69290.39    
 Catch=   1727.27915967019     
 Abd=   5632.996    
 Catch=   632.794978753665     
 Abd=   5515.077    
 Catch=   486504.792280504     
 Abd=   7378291.    
 Catch=   53011.2209526918     
 Abd=   176182.3    
 Catch=   43078.9032656057     
 Abd=   653778.6    
 Catch=                     NaN
 Abd=            NaN
 Catch=   12827.5447960124     
 Abd=   26328.36    
 Catch=   32118.5540365352     
 Abd=   19004.41    
 Catch=   190025.597606727     
 Abd=   2550734.    
 Catch=   74515.1951743063     
 Abd=   191618.3    
 Catch=   14349.2078345011     
 Abd=   23866.77    
 Catch=   1155041.76713790     
 Abd=  1.1086604E+07
 Time step =         1866
 Catch=   18608.3417461152     
 Abd=   111990.4    
 Catch=   1077.14942446602     
 Abd=   6692.747    
 Catch=   12597.4483614739     
 Abd=   13787.79    
 Catch=   4914.42276923420     
 Abd=   76057.00    
 Catch=   16794.0373305065     
 Abd=   54956.88    
 Catch=   42.0863422072228     
 Abd=   156.1207    
 Catch=                     NaN
 Abd=            NaN
 Catch=  0.426051144112024     
 Abd=   1.540925    
 Catch=   75622.6650953911     
 Abd=   1166328.    
 Catch=   8278.53993756472     
 Abd=   1880.982    
 Catch=   43475.2555526320     
 Abd=   232449.0    
 Catch=   1426.82753518610     
 Abd=   22514.34    
 Catch=                     NaN
 Abd=            NaN
 Catch=   38336.9951235112     
 Abd=   515262.0    
 Catch=   46485.1100351369     
 Abd=   27469.98    
 Catch=                     NaN
 Abd=            NaN
 Catch=   1955.38318623952     
 Abd=   2844.619    
 Catch=                     NaN
 Abd=            NaN
 Catch=   12644.0818124487     
 Abd=   62368.83    
 Catch=   1580.97263189194     
 Abd=   5238.875    
 Catch=   540.753822414771     
 Abd=   4799.463    
 Catch=   407732.164483447     
 Abd=   6299809.    
 Catch=   48185.0581256601     
 Abd=   162780.7    
 Catch=   36133.4896274401     
 Abd=   558397.5    
 Catch=                     NaN
 Abd=            NaN
 Catch=   12224.9434804824     
 Abd=   25384.69    
 Catch=   32687.1963906015     
 Abd=   19136.79    
 Catch=   159344.007373462     
 Abd=   2181083.    
 Catch=   68653.3659478167     
 Abd=   179299.9    
 Catch=   13911.4751200009     
 Abd=   23345.36    
 Catch=   990049.178660579     
 Abd=   9680492.    
 Time step =         1867
 Catch=   16791.7625111307     
 Abd=   102306.8    
 Catch=   1015.72381880452     
 Abd=   6351.203    
 Catch=   12784.8217157381     
 Abd=   13968.01    
 Catch=   4263.57213159897     
 Abd=   66746.51    
 Catch=   16009.5959950142     
 Abd=   52801.94    
 Catch=   37.7398186202584     
 Abd=   140.9785    
 Catch=                     NaN
 Abd=            NaN
 Catch=                     NaN
 Abd=            NaN
 Catch=   65217.1570646069     
 Abd=   1018635.    
 Catch=   8278.53993756472     
 Abd=   1880.982    
 Catch=   38938.2156018569     
 Abd=   210869.8    
 Catch=   1284.91223991226     
 Abd=   20482.25    
 Catch=                     NaN
 Abd=            NaN
 Catch=   33196.4691123443     
 Abd=   452121.2    
 Catch=   48671.1699668680     
 Abd=   28862.69    
 Catch=                     NaN
 Abd=            NaN
 Catch=   1933.95798067631     
 Abd=   2823.277    
 Catch=                     NaN
 Abd=            NaN
 Catch=   11531.9731274926     
 Abd=   57571.72    
 Catch=   1487.45049559249     
 Abd=   4979.798    
 Catch=   476.970378563189     
 Abd=   4286.731    
 Catch=   353004.073527490     
 Abd=   5525998.    
 Catch=   45051.3958566960     
 Abd=   153815.1    
 Catch=   31281.6194334627     
 Abd=   489615.2    
 Catch=                     NaN
 Abd=            NaN
 Catch=   11880.0392186342     
 Abd=   24833.27    
 Catch=   32817.0884418434     
 Abd=   19196.03    
 Catch=   138212.088048531     
 Abd=   1917174.    
 Catch=   64958.4607960524     
 Abd=   171320.0    
 Catch=   13685.0236804663     
 Abd=   23071.54    
 Catch=   876479.085089404     
 Abd=   8680569.    
 Time step =         1868
 Catch=   15486.7660448339     
 Abd=   95193.40    
 Catch=   968.842312666759     
 Abd=   6086.956    
 Catch=   12916.4837966733     
 Abd=   14073.53    
 Catch=   3775.68007840379     
 Abd=   59618.13    
 Catch=   15473.7956165021     
 Abd=   51307.20    
 Catch=   34.2394004154875     
 Abd=   128.7380    
 Catch=                     NaN
 Abd=            NaN
 Catch=                     NaN
 Abd=            NaN
 Catch=   57537.9420101798     
 Abd=   907483.4    
 Catch=   8278.53993756472     
 Abd=   1880.982    
 Catch=   35675.5625920265     
 Abd=   194989.1    
 Catch=   1178.13299976435     
 Abd=   18917.05    
 Catch=                     NaN
 Abd=            NaN
 Catch=   29432.2569875088     
 Abd=   404821.8    
 Catch=   50925.9502316950     
 Abd=   30033.46    
 Catch=                     NaN
 Abd=            NaN
 Catch=   1923.56681264248     
 Abd=   2812.863    
 Catch=                     NaN
 Abd=            NaN
 Catch=   10744.0077366612     
 Abd=   54096.95    
 Catch=   1424.84188191536     
 Abd=   4803.172    
 Catch=   430.199508655584     
 Abd=   3902.080    
 Catch=   312819.988480997     
 Abd=   4944552.    
 Catch=   42912.5408338970     
 Abd=   147570.7    
 Catch=   27703.4264714911     
 Abd=   437746.2    
 Catch=                     NaN
 Abd=            NaN
 Catch=   11676.0344899166     
 Abd=   24503.09    
 Catch=   32979.3200246014     
 Abd=   19332.98    
 Catch=   122744.613203322     
 Abd=   1719266.    
 Catch=   62521.3822850438     
 Abd=   165958.9    
 Catch=   13565.1595977872     
 Abd=   22925.44    
 Catch=   793845.931559735     
 Abd=   7936258.    
 Time step =         1869
 Catch=   14512.2939442326     
 Abd=   89793.86    
 Catch=   932.212900695412     
 Abd=   5878.500    
 Catch=   12985.7368877876     
 Abd=   14123.41    
 Catch=   3395.88353674291     
 Abd=   53976.42    
 Catch=   15098.1152398980     
 Abd=   50247.75    
 Catch=   31.4576339332890     
 Abd=   119.0427    
 Catch=                     NaN
 Abd=            NaN
 Catch=                     NaN
 Abd=            NaN
 Catch=   51671.2606890413     
 Abd=   821249.8    
 Catch=   8278.53993756472     
 Abd=   1880.982    
 Catch=   33233.0268594746     
 Abd=   182893.6    
 Catch=   1094.45827117225     
 Abd=   17669.65    
 Catch=                     NaN
 Abd=            NaN
 Catch=   26563.2235965506     
 Abd=   368141.2    
 Catch=   52865.6853930901     
 Abd=   31111.10    
 Catch=                     NaN
 Abd=            NaN
 Catch=   1918.48136868751     
 Abd=   2807.750    
 Catch=                     NaN
 Abd=            NaN
 Catch=   10164.0655794137     
 Abd=   51498.27    
 Catch=   1381.62780370835     
 Abd=   4679.742    
 Catch=   394.521632172689     
 Abd=   3603.744    
 Catch=   282102.728402923     
 Abd=   4492405.    
 Catch=   41401.5051199658     
 Abd=   143096.2    
 Catch=   24959.6287219522     
 Abd=   397301.6    
 Catch=                     NaN
 Abd=            NaN
 Catch=   11552.9525924402     
 Abd=   24302.35    
 Catch=   33221.9801357885     
 Abd=   19448.53    
 Catch=   110942.771894269     
 Abd=   1565648.    
 Catch=   60863.0255535500     
 Abd=   162263.3    
 Catch=   13500.9363813113     
 Abd=   22846.82    
 Catch=   731285.563803228     
 Abd=   7363055.    
 Time step =         1870
 Catch=   13763.3515976223     
 Abd=   85592.08    
 Catch=   903.104358571517     
 Abd=   5711.643    
 Catch=   13016.8158678929     
 Abd=   14144.65    
 Catch=   3091.38316994903     
 Abd=   49396.02    
 Catch=   14829.7424984166     
 Abd=   49483.85    
 Catch=   29.2904229832580     
 Abd=   111.5063    
 Catch=                     NaN
 Abd=            NaN
 Catch=                     NaN
 Abd=            NaN
 Catch=   47062.7590704041     
 Abd=   752645.2    
 Catch=   8278.53993756472     
 Abd=   1880.982    
 Catch=   31347.7793844387     
 Abd=   173432.0    
 Catch=   1026.90862312567     
 Abd=   16649.85    
 Catch=                     NaN
 Abd=            NaN
 Catch=   24308.7396135985     
 Abd=   338935.8    
 Catch=   54490.8594446358     
 Abd=   31861.56    
 Catch=                     NaN
 Abd=            NaN
 Catch=   1915.98094309238     
 Abd=   2805.233    
 Catch=                     NaN
 Abd=            NaN
 Catch=   9725.09376174750     
 Abd=   49507.38    
 Catch=   1351.16857362627     
 Abd=   4591.996    
 Catch=   366.490491593807     
 Abd=   3366.291    
 Catch=   257897.137401625     
 Abd=   4131380.    
 Catch=   40307.2995709385     
 Abd=   139821.1    
 Catch=   22791.7641640407     
 Abd=   364919.3    
 Catch=                     NaN
 Abd=            NaN
 Catch=   11477.7665294289     
 Abd=   24179.12    
 Catch=   33339.2541572134     
 Abd=   19479.28    
 Catch=   101660.214126986     
 Abd=   1443214.    
 Catch=   59708.8203362411     
 Abd=   159665.7    
 Catch=   13466.2960425830     
 Abd=   22804.33    
 Catch=   682467.177722531     
 Abd=   6909838.    
 Time step =         1871
 Catch=   13174.8700638385     
 Abd=   82258.27    
 Catch=   879.671219989879     
 Abd=   5576.554    
 Catch=   13029.7643118660     
 Abd=   14153.32    
 Catch=   2841.75912080624     
 Abd=   45604.91    
 Catch=   14635.1173549577     
 Abd=   48927.36    
 Catch=   27.5572864049737     
 Abd=   105.3456    
 Catch=                     NaN
 Abd=            NaN
 Catch=                     NaN
 Abd=            NaN
 Catch=   43358.4554960917     
 Abd=   696927.2    
 Catch=   8278.53993756472     
 Abd=   1880.982    
 Catch=   29857.2733400031     
 Abd=   165870.6    
 Catch=   971.132755546234     
 Abd=   15799.53    
 Catch=                     NaN
 Abd=            NaN
 Catch=   22494.8014099016     
 Abd=   315186.2    
 Catch=   55336.7267372201     
 Abd=   32108.94    
 Catch=                     NaN
 Abd=            NaN
 Catch=   1914.74842562477     
 Abd=   2803.990    
 Catch=                     NaN
 Abd=            NaN
 Catch=   9385.63683831925     
 Abd=   47953.30    
 Catch=   1329.38228366286     
 Abd=   4528.850    
 Catch=   343.945576036402     
 Abd=   3173.291    
 Catch=   238368.960734604     
 Abd=   3837107.    
 Catch=   39499.9230070894     
 Abd=   137384.6    
 Catch=   21037.8836001196     
 Abd=   338443.8    
 Catch=                     NaN
 Abd=            NaN
 Catch=   11431.4627404267     
 Abd=   24102.99    
 Catch=   33364.3144072701     
 Abd=   19484.51    
 Catch=   94183.5951590677     
 Abd=   1343552.    
 Catch=   58891.3690087194     
 Abd=   157811.2    
 Catch=   13447.5537250042     
 Abd=   22781.32    
 Catch=   643467.418657746     
 Abd=   6544022.    
 Time step =         1872
 Catch=   12704.3301924769     
 Abd=   79571.88    
 Catch=   860.614479949667     
 Abd=   5466.204    
 Catch=   13034.9924169288     
 Abd=   14156.78    
 Catch=   2633.51387621360     
 Abd=   42417.14    
 Catch=   14492.6843588541     
 Abd=   48518.26    
 Catch=   26.0922610432937     
 Abd=   99.84999    
 Catch=                     NaN
 Abd=            NaN
 Catch=                     NaN
 Abd=            NaN
 Catch=   40323.9395911490     
 Abd=   650882.9    
 Catch=   8278.53993756472     
 Abd=   1880.982    
 Catch=   28655.6549751128     
 Abd=   159720.8    
 Catch=   924.258127204318     
 Abd=   15079.33    
 Catch=                     NaN
 Abd=            NaN
 Catch=   21006.9107692085     
 Abd=   295534.8    
 Catch=   55544.6727704206     
 Abd=   32152.60    
 Catch=                     NaN
 Abd=            NaN
 Catch=   1914.13932738155     
 Abd=   2803.377    
 Catch=                     NaN
 Abd=            NaN
 Catch=   9118.69325551874     
 Abd=   46722.07    
 Catch=   1313.63462821030     
 Abd=   4483.004    
 Catch=   325.462092826935     
 Abd=   3013.681    
 Catch=   222316.929219829     
 Abd=   3593162.    
 Catch=   38895.4377744141     
 Abd=   135548.4    
 Catch=   19591.7459439107     
 Abd=   316428.5    
 Catch=                     NaN
 Abd=            NaN
 Catch=   11402.7915535606     
 Abd=   24055.73    
 Catch=   33368.3983045547     
 Abd=   19485.32    
 Catch=   88044.4917548137     
 Abd=   1261004.    
 Catch=   58304.2362136242     
 Abd=   156470.7    
 Catch=   13437.3929366056     
 Abd=   22768.82    
 Catch=   611725.981558820     
 Abd=   6243812.    
 Time step =         1873
 Catch=   12322.7655775963     
 Abd=   77379.62    
 Catch=   844.990860925877     
 Abd=   5375.408    
 Catch=   13037.0754744140     
 Abd=   14158.15    
 Catch=   2457.23143393501     
 Abd=   39700.32    
 Catch=   14387.6563753739     
 Abd=   48215.57    
 Catch=   24.8156828214576     
 Abd=   95.50163    
 Catch=                     NaN
 Abd=            NaN
 Catch=                     NaN
 Abd=            NaN
 Catch=   37797.6794138538     
 Abd=   612263.7    
 Catch=   8278.53993756472     
 Abd=   1880.982    
 Catch=   27671.1572976157     
 Abd=   154644.5    
 Catch=   884.300701323897     
 Abd=   14461.52    
 Catch=                     NaN
 Abd=            NaN
 Catch=   19766.7416655855     
 Abd=   279033.3    
 Catch=   55579.0420155573     
 Abd=   32159.41    
 Catch=                     NaN
 Abd=            NaN
 Catch=   1913.83848411356     
 Abd=   2803.072    
 Catch=                     NaN
 Abd=            NaN
 Catch=   8905.92589515285     
 Abd=   45734.74    
 Catch=   1302.16579719425     
 Abd=   4449.512    
 Catch=   310.062356316447     
 Abd=   2879.634    
 Catch=   208915.944763984     
 Abd=   3388055.    
 Catch=   38437.5089884990     
 Abd=   134149.1    
 Catch=   18380.6707531265     
 Abd=   297864.6    
 Catch=                     NaN
 Abd=            NaN
 Catch=   11384.9604745875     
 Abd=   24026.28    
 Catch=   33369.0241918069     
 Abd=   19485.45    
 Catch=   82923.0082889304     
 Abd=   1191646.    
 Catch=   57877.5662018004     
 Abd=   155491.3    
 Catch=   13431.8697631491     
 Abd=   22762.04    
 Catch=   585499.615764150     
 Abd=   5994074.    
 Time step =         1874
 Catch=   12009.7722725437     
 Abd=   75571.98    
 Catch=   832.097916395662     
 Abd=   5300.261    
 Catch=   13037.9002042962     
 Abd=   14158.69    
 Catch=   2306.10823436197     
 Abd=   37357.53    
 Catch=   14309.6958315721     
 Abd=   47990.22    
 Catch=   23.8579685764735     
 Abd=   92.15912    
 Catch=                     NaN
 Abd=            NaN
 Catch=                     NaN
 Abd=            NaN
 Catch=   35665.0226122106     
 Abd=   579443.2    
 Catch=   8278.53993756472     
 Abd=   1880.982    
 Catch=   26853.4104672198     
 Abd=   150401.2    
 Catch=   849.843397946535     
 Abd=   13925.98    
 Catch=                     NaN
 Abd=            NaN
 Catch=   18718.8081200448     
 Abd=   265001.3    
 Catch=   55584.3600321110     
 Abd=   32160.45    
 Catch=                     NaN
 Abd=            NaN
 Catch=   1913.68904598087     
 Abd=   2802.922    
 Catch=                     NaN
 Abd=            NaN
 Catch=   8734.46126459899     
 Abd=   44935.08    
 Catch=   1293.76773065397     
 Abd=   4424.930    
 Catch=   297.042609761367     
 Abd=   2765.644    
 Catch=   197580.576984808     
 Abd=   3213518.    
 Catch=   38087.0137098803     
 Abd=   133073.9    
 Catch=   17353.2085967438     
 Abd=   282011.3    
 Catch=                     NaN
 Abd=            NaN
 Catch=   11373.8426777555     
 Abd=   24007.92    
 Catch=   33369.1183949821     
 Abd=   19485.47    
 Catch=   78593.8321500920     
 Abd=   1132656.    
 Catch=   57564.5831723734     
 Abd=   154769.9    
 Catch=   13428.8747333730     
 Abd=   22758.36    
 Catch=   563559.206208492     
 Abd=   5783964.    
 Time step =         1875
 Catch=   11750.5609616919     
 Abd=   74068.32    
 Catch=   821.401852880188     
 Abd=   5237.770    
 Catch=   13038.2254781855     
 Abd=   14158.91    
 Catch=   2175.13341580003     
 Abd=   35315.90    
 Catch=   14251.5528672807     
 Abd=   47821.79    
 Catch=   23.0533044541056     
 Abd=   89.10996    
 Catch=                     NaN
 Abd=            NaN
 Catch=                     NaN
 Abd=            NaN
 Catch=   33841.8926438545     
 Abd=   551220.8    
 Catch=   8278.53993756472     
 Abd=   1880.982    
 Catch=   26166.1134456026     
 Abd=   146815.1    
 Catch=   819.843918982579     
 Abd=   13457.70    
 Catch=                     NaN
 Abd=            NaN
 Catch=   17822.9085053671     
 Abd=   252943.3    
 Catch=   55585.1922882586     
 Abd=   32160.63    
 Catch=                     NaN
 Abd=            NaN
 Catch=   1913.61588877857     
 Abd=   2802.849    
 Catch=                     NaN
 Abd=            NaN
 Catch=   8595.01397967957     
 Abd=   44282.01    
 Catch=   1287.59284388024     
 Abd=   4406.823    
 Catch=   285.908332341537     
 Abd=   2667.535    
 Catch=   187884.516986056     
 Abd=   3063438.    
 Catch=   37816.7261451385     
 Abd=   132241.6    
 Catch=   16471.0865814029     
 Abd=   268330.6    
 Catch=                     NaN
 Abd=            NaN
 Catch=   11366.8985766467     
 Abd=   23996.40    
 Catch=   33369.1367825306     
 Abd=   19485.47    
 Catch=   74891.9696992189     
 Abd=   1081942.    
 Catch=   57333.2638598274     
 Abd=   154234.6    
 Catch=   13427.2441869989     
 Abd=   22756.34    
 Catch=   545012.620268859     
 Abd=   5605514.    
 Time step =         1876
 Catch=   11534.1394570110     
 Abd=   72808.22    
 Catch=   812.489855121808     
 Abd=   5185.603    
 Catch=   13038.3549295916     
 Abd=   14159.00    
 Catch=   2060.50153082737     
 Abd=   33522.18    
 Catch=   14207.9946129598     
 Abd=   47695.33    
 Catch=   22.3190326653380     
 Abd=   86.41541    
 Catch=                     NaN
 Abd=            NaN
 Catch=                     NaN
 Abd=            NaN
 Catch=   32266.2001337001     
 Abd=   526701.5    
 Catch=   8278.53993756472     
 Abd=   1880.982    
 Catch=   25582.4705088273     
 Abd=   143755.0    
 Catch=   793.515534873975     
 Abd=   13045.23    
 Catch=                     NaN
 Abd=            NaN
 Catch=   17049.3651944886     
 Abd=   242482.1    
 Catch=   55585.3256624434     
 Abd=   32160.66    
 Catch=                     NaN
 Abd=            NaN
 Catch=   1913.58100865829     
 Abd=   2802.813    
 Catch=                     NaN
 Abd=            NaN
 Catch=   8480.72617162007     
 Abd=   43744.84    
 Catch=   1283.04004204162     
 Abd=   4393.458    
 Catch=   276.270117783603     
 Abd=   2582.079    
 Catch=   179509.327864189     
 Abd=   2933216.    
 Catch=   37606.7990505073     
 Abd=   131593.0    
 Catch=   15706.3455569756     
 Abd=   256412.9    
 Catch=                     NaN
 Abd=            NaN
 Catch=   11362.5440793095     
 Abd=   23989.19    
 Catch=   33369.1308651495     
 Abd=   19485.46    
 Catch=   71694.7627754015     
 Abd=   1037939.    
 Catch=   57161.0670313394     
 Abd=   153834.9    
 Catch=   13426.3608377078     
 Abd=   22755.26    
 Catch=   529197.065178487     
 Abd=   5452726.    
 Time step =         1877
 Catch=   11352.2010110094     
 Abd=   71745.45    
 Catch=   805.038120353886     
 Abd=   5141.915    
 Catch=   13038.4069646700     
 Abd=   14159.03    
 Catch=   1959.40396116368     
 Abd=   31934.20    
 Catch=   14175.2533995902     
 Abd=   47600.16    
 Catch=   21.6443430810515     
 Abd=   83.64977    
 Catch=                     NaN
 Abd=            NaN
 Catch=                     NaN
 Abd=            NaN
 Catch=   30891.2132701778     
 Abd=   505212.7    
 Catch=   8278.53993756472     
 Abd=   1880.982    
 Catch=   25082.3172681506     
 Abd=   141121.4    
 Catch=   770.250217186893     
 Abd=   12679.58    
 Catch=                     NaN
 Abd=            NaN
 Catch=   16375.4474014597     
 Abd=   233329.9    
 Catch=   55585.3512794067     
 Abd=   32160.67    
 Catch=                     NaN
 Abd=            NaN
 Catch=   1913.56226167687     
 Abd=   2802.794    
 Catch=                     NaN
 Abd=            NaN
 Catch=   8386.43881015943     
 Abd=   43297.31    
 Catch=   1279.67526526983     
 Abd=   4383.567    
 Catch=   267.830587044430     
 Abd=   2506.945    
 Catch=   172213.180772456     
 Abd=   2819307.    
 Catch=   37442.7179863330     
 Abd=   131084.4    
 Catch=   15037.4040414668     
 Abd=   245947.5    
 Catch=                     NaN
 Abd=            NaN
 Catch=   11359.8094406447     
 Abd=   23984.66    
 Catch=   33369.1277629003     
 Abd=   19485.46    
 Catch=   68909.5180265680     
 Abd=   999451.4    
 Catch=   57032.0962325796     
 Abd=   153534.6    
 Catch=   13425.8795262273     
 Abd=   22754.67    
 Catch=   515608.854510385     
 Abd=   5321000.    
 Time step =         1878
 Catch=   11198.3311972053     
 Abd=   70844.19    
 Catch=   798.789943368677     
 Abd=   5105.237    
 Catch=   13038.4246331056     
 Abd=   14159.04    
 Catch=   1869.59999821176     
 Abd=   30518.82    
 Catch=   14150.5769019249     
 Abd=   47528.31    
 Catch=   20.9270339559863     
 Abd=   80.92426    
 Catch=                     NaN
 Abd=            NaN
 Catch=                     NaN
 Abd=            NaN
 Catch=   29681.5208135213     
 Abd=   486234.9    
 Catch=   8278.53993756472     
 Abd=   1880.982    
 Catch=   24650.2148264141     
 Abd=   138837.2    
 Catch=   749.569741514732     
 Abd=   12353.68    
 Catch=                     NaN
 Abd=            NaN
 Catch=   15783.6923559435     
 Abd=   225263.0    
 Catch=   55585.3544723707     
 Abd=   32160.66    
 Catch=                     NaN
 Abd=            NaN
 Catch=   1913.55266415724     
 Abd=   2802.784    
 Catch=                     NaN
 Abd=            NaN
 Catch=   8307.68301333666     
 Abd=   42925.06    
 Catch=   1277.18403510038     
 Abd=   4376.242    
 Catch=   260.409483916226     
 Abd=   2440.880    
 Catch=   165807.537419911     
 Abd=   2718926.    
 Catch=   37313.7381218280     
 Abd=   130682.6    
 Catch=   14447.8552150850     
 Abd=   236687.6    
 Catch=                     NaN
 Abd=            NaN
 Catch=   11358.0917781683     
 Abd=   23981.81    
 Catch=   33369.1347112718     
 Abd=   19485.47    
 Catch=   66464.7733298161     
 Abd=   965550.2    
 Catch=   56934.9705007447     
 Abd=   153307.8    
 Catch=   13425.6197641950     
 Abd=   22754.34    
 Catch=   503859.393080860     
 Abd=   5206763.    
 Time step =         1879
 Catch=   11067.5390971098     
 Abd=   70076.31    
 Catch=   793.539483102760     
 Abd=   5074.389    
 Catch=   13038.4328663045     
 Abd=   14159.05    
 Catch=   1789.31442958492     
 Abd=   29249.59    
 Catch=   14131.9301445334     
 Abd=   47473.95    
 Catch=   20.2731770757564     
 Abd=   78.58619    
 Catch=                     NaN
 Abd=            NaN
 Catch=                     NaN
 Abd=            NaN
 Catch=   28609.5832778026     
 Abd=   469361.1    
 Catch=   8278.53993756472     
 Abd=   1880.982    
 Catch=   24274.1371974890     
 Abd=   136842.1    
 Catch=   731.092502969866     
 Abd=   12061.79    
 Catch=                     NaN
 Abd=            NaN
 Catch=   15260.3944059235     
 Abd=   218103.5    
 Catch=   55585.3481548192     
 Abd=   32160.66    
 Catch=                     NaN
 Abd=            NaN
 Catch=   1913.54980446844     
 Abd=   2802.784    
 Catch=                     NaN
 Abd=            NaN
 Catch=   8242.01619005559     
 Abd=   42613.91    
 Catch=   1275.33787910830     
 Abd=   4370.812    
 Catch=   253.850034944566     
 Abd=   2382.123    
 Catch=   160143.504241185     
 Abd=   2629868.    
 Catch=   37211.5580053953     
 Abd=   130364.1    
 Catch=   13924.5406593718     
 Abd=   228441.9    
 Catch=                     NaN
 Abd=            NaN
 Catch=   11357.0136309766     
 Abd=   23980.02    
 Catch=   33369.1414724004     
 Abd=   19485.47    
 Catch=   64304.6444985036     
 Abd=   935502.6    
 Catch=   56861.4962787132     
 Abd=   153136.0    
 Catch=   13425.4812357031     
 Abd=   22754.18    
 Catch=   493643.679548191     
 Abd=   5107186.    
 Time step =         1880
 Catch=   10955.8681224276     
 Abd=   69419.30    
 Catch=   789.119830069959     
 Abd=   5048.403    
 Catch=   13038.4369687555     
 Abd=   14159.05    
 Catch=   1717.12073842720     
 Abd=   28105.18    
 Catch=   14117.8067958046     
 Abd=   47432.73    
 Catch=   19.7173025274461     
 Abd=   76.39257    
 Catch=                     NaN
 Abd=            NaN
 Catch=                     NaN
 Abd=            NaN
 Catch=   27653.5106242340     
 Abd=   454264.5    
 Catch=   8278.53993756472     
 Abd=   1880.982    
 Catch=   23944.6338078336     
 Abd=   135088.5    
 Catch=   714.509174164077     
 Abd=   11799.28    
 Catch=                     NaN
 Abd=            NaN
 Catch=   14794.5599457631     
 Abd=   211712.6    
 Catch=   55585.3695625684     
 Abd=   32160.67    
 Catch=                     NaN
 Abd=            NaN
 Catch=   1913.54978245278     
 Abd=   2802.784    
 Catch=                     NaN
 Abd=            NaN
 Catch=   8187.02392792616     
 Abd=   42352.83    
 Catch=   1273.96833956433     
 Abd=   4366.780    
 Catch=   247.995268675493     
 Abd=   2329.555    
 Catch=   155103.436100204     
 Abd=   2550384.    
 Catch=   37130.4113065128     
 Abd=   130110.7    
 Catch=   13457.5040732015     
 Abd=   221073.2    
 Catch=                     NaN
 Abd=            NaN
 Catch=   11356.3313451670     
 Abd=   23978.88    
 Catch=   33369.1400515932     
 Abd=   19485.47    
 Catch=   62384.7372261854     
 Abd=   908721.2    
 Catch=   56805.6914101820     
 Abd=   153005.1    
 Catch=   13425.4049775284     
 Abd=   22754.08    
 Catch=   484718.606095481     
 Abd=   5019988.    
 Time step =         1881
 Catch=   10860.1531994426     
 Abd=   68855.15    
 Catch=   785.395043445556     
 Abd=   5026.493    
 Catch=   13038.4373132582     
 Abd=   14159.05    
 Catch=   1651.86732624560     
 Abd=   27068.25    
 Catch=   14107.0696275956     
 Abd=   47401.31    
 Catch=   19.0933300272529     
 Abd=   73.67464    
 Catch=                     NaN
 Abd=            NaN
 Catch=                     NaN
 Abd=            NaN
 Catch=   26795.7716262453     
 Abd=   440682.3    
 Catch=   8278.53993756472     
 Abd=   1880.982    
 Catch=   23654.1612385557     
 Abd=   133538.1    
 Catch=   699.565424920184     
 Abd=   11562.27    
 Catch=                     NaN
 Abd=            NaN
 Catch=   14377.6513108147     
 Abd=   205977.8    
 Catch=   55585.3740519852     
 Abd=   32160.68    
 Catch=                     NaN
 Abd=            NaN
 Catch=   1913.54978245278     
 Abd=   2802.784    
 Catch=                     NaN
 Abd=            NaN
 Catch=   8140.78640146876     
 Abd=   42132.86    
 Catch=   1272.95174398147     
 Abd=   4363.788    
 Catch=   242.768638693256     
 Abd=   2282.695    
 Catch=   150593.337583131     
 Abd=   2479070.    
 Catch=   37065.6867686213     
 Abd=   129908.0    
 Catch=   13039.1580740598     
 Abd=   214448.7    
 Catch=                     NaN
 Abd=            NaN
 Catch=   11355.9012452783     
 Abd=   23978.17    
 Catch=   33369.1338589393     
 Abd=   19485.46    
 Catch=   60669.2463940076     
 Abd=   884731.8    
 Catch=   56763.1822732748     
 Abd=   152905.4    
 Catch=   13425.3616960018     
 Abd=   22754.02    
 Catch=   476887.990760130     
 Abd=   4943336.    
 Time step =         1882
 Catch=   10777.8276240671     
 Abd=   68369.12    
 Catch=   782.253910667178     
 Abd=   5008.012    
 Catch=   13038.4339752781     
 Abd=   14159.04    
 Catch=   1592.61245737316     
 Abd=   26124.58    
 Catch=   14098.8910142157     
 Abd=   47377.43    
 Catch=   18.4315542139078     
 Abd=   71.34204    
 Catch=                     NaN
 Abd=            NaN
 Catch=                     NaN
 Abd=            NaN
 Catch=   26022.1888869436     
 Abd=   428403.4    
 Catch=   8278.53993756472     
 Abd=   1880.982    
 Catch=   23396.6565017048     
 Abd=   132159.8    
 Catch=   686.051331078521     
 Abd=   11347.57    
 Catch=                     NaN
 Abd=            NaN
 Catch=   14002.6155687627     
 Abd=   200806.3    
 Catch=   55585.3707211284     
 Abd=   32160.68    
 Catch=                     NaN
 Abd=            NaN
 Catch=   1913.54978245278     
 Abd=   2802.784    
 Catch=                     NaN
 Abd=            NaN
 Catch=   8101.76876614050     
 Abd=   41946.93    
 Catch=   1272.19703181846     
 Abd=   4361.565    
 Catch=   238.091082008305     
 Abd=   2240.465    
 Catch=   146537.274541054     
 Abd=   2414784.    
 Catch=   37013.8072198674     
 Abd=   129745.2    
 Catch=   12661.7522678103     
 Abd=   208454.7    
 Catch=                     NaN
 Abd=            NaN
 Catch=   11355.6348529490     
 Abd=   23977.74    
 Catch=   33369.1330349305     
 Abd=   19485.46    
 Catch=   59129.0948350360     
 Abd=   863145.2    
 Catch=   56730.7193325743     
 Abd=   152829.1    
 Catch=   13425.3343277195     
 Abd=   22753.99    
 Catch=   469992.259421102     
 Abd=   4875717.    
 Time step =         1883
 Catch=   10706.8105978461     
 Abd=   67949.27    
 Catch=   779.604255151298     
 Abd=   4992.423    
 Catch=   13038.4348837128     
 Abd=   14159.05    
 Catch=   1538.57783271456     
 Abd=   25262.31    
 Catch=   14092.6666840958     
 Abd=   47359.21    
 Catch=   17.8803677214184     
 Abd=   69.29395    
 Catch=                     NaN
 Abd=            NaN
 Catch=                     NaN
 Abd=            NaN
 Catch=   25321.2326087430     
 Abd=   417251.7    
 Catch=   8278.53993756472     
 Abd=   1880.982    
 Catch=   23167.1709957517     
 Abd=   130928.4    
 Catch=   673.790731439392     
 Abd=   11152.49    
 Catch=                     NaN
 Abd=            NaN
 Catch=   13663.7073880154     
 Abd=   196119.9    
 Catch=   55585.3614741463     
 Abd=   32160.66    
 Catch=                     NaN
 Abd=            NaN
 Catch=   1913.54978245278     
 Abd=   2802.784    
 Catch=                     NaN
 Abd=            NaN
 Catch=   8068.73903323308     
 Abd=   41789.30    
 Catch=   1271.63624171615     
 Abd=   4359.912    
 Catch=   233.843925315801     
 Abd=   2201.959    
 Catch=   142873.105951413     
 Abd=   2356586.    
 Catch=   36972.0580890062     
 Abd=   129613.9    
 Catch=   12319.5301788806     
 Abd=   203005.6    
 Catch=                     NaN
 Abd=            NaN
 Catch=   11355.4659449860     
 Abd=   23977.44    
 Catch=   33369.1274552244     
 Abd=   19485.46    
 Catch=   57740.4143298878     
 Abd=   843642.1    
 Catch=   56705.8824220470     
 Abd=   152770.7    
 Catch=   13425.3259094248     
 Abd=   22753.98    
 Catch=   463900.212257679     
 Abd=   4815890.    
 Time step =         1884
 Catch=   10645.3804591391     
 Abd=   67585.62    
 Catch=   777.369198611793     
 Abd=   4979.277    
 Catch=   13038.4373041778     
 Abd=   14159.05    
 Catch=   1489.11273710559     
 Abd=   24471.45    
 Catch=   14087.9134876907     
 Abd=   47345.30    
 Catch=   17.3569858084954     
 Abd=   67.24041    
 Catch=                     NaN
 Abd=            NaN
 Catch=                     NaN
 Abd=            NaN
 Catch=   24683.3034079947     
 Abd=   407081.3    
 Catch=   8278.53993756472     
 Abd=   1880.982    
 Catch=   22961.6726644807     
 Abd=   129823.3    
 Catch=   662.635770358746     
 Abd=   10974.77    
 Catch=                     NaN
 Abd=            NaN
 Catch=   13355.9730725070     
 Abd=   191857.8    
 Catch=   55585.3483666310     
 Abd=   32160.66    
 Catch=                     NaN
 Abd=            NaN
 Catch=   1913.54978245278     
 Abd=   2802.784    
 Catch=                     NaN
 Abd=            NaN
 Catch=   8040.69501055168     
 Abd=   41655.27    
 Catch=   1271.21933748489     
 Abd=   4358.686    
 Catch=   229.976870018249     
 Abd=   2166.987    
 Catch=   139549.565725778     
 Abd=   2303698.    
 Catch=   36938.2937515322     
 Abd=   129507.5    
 Catch=   12007.7895683179     
 Abd=   198034.5    
 Catch=                     NaN
 Abd=            NaN
 Catch=   11355.3563675868     
 Abd=   23977.27    
 Catch=   33369.1306257971     
 Abd=   19485.46    
 Catch=   56483.3903132014     
 Abd=   825954.3    
 Catch=   56686.8045456614     
 Abd=   152725.7    
 Catch=   13425.3201663982     
 Abd=   22753.98    
 Catch=   458502.754487548     
 Abd=   4762812.    
 Time step =         1885
 Catch=   10592.1159797744     
 Abd=   67269.95    
 Catch=   775.485606836874     
 Abd=   4968.206    
 Catch=   13038.4391729022     
 Abd=   14159.05    
 Catch=   1443.66163622194     
 Abd=   23743.44    
 Catch=   14084.2861531041     
 Abd=   47334.68    
 Catch=   16.8997583982444     
 Abd=   65.70443    
 Catch=                     NaN
 Abd=            NaN
 Catch=                     NaN
 Abd=            NaN
 Catch=   24100.3751614058     
 Abd=   397769.8    
 Catch=   8278.53993756472     
 Abd=   1880.982    
 Catch=   22776.8376628293     
 Abd=   128827.0    
 Catch=   652.460211726583     
 Abd=   10812.44    
 Catch=                     NaN
 Abd=            NaN
 Catch=   13075.6054799981     
 Abd=   187965.7    
 Catch=   55585.3483854930     
 Abd=   32160.66    
 Catch=                     NaN
 Abd=            NaN
 Catch=   1913.54978245278     
 Abd=   2802.784    
 Catch=                     NaN
 Abd=            NaN
 Catch=   8016.82654850665     
 Abd=   41541.04    
 Catch=   1270.90972804682     
 Abd=   4357.774    
 Catch=   226.458847980820     
 Abd=   2135.128    
 Catch=   136524.008793499     
 Abd=   2255466.    
 Catch=   36910.9010241617     
 Abd=   129420.9    
 Catch=   11722.8969238046     
 Abd=   193483.4    
 Catch=                     NaN
 Abd=            NaN
 Catch=   11355.2891141014     
 Abd=   23977.15    
 Catch=   33369.1358600074     
 Abd=   19485.47    
 Catch=   55341.4429453205     
 Abd=   809858.8    
 Catch=   56672.1051995774     
 Abd=   152691.1    
 Catch=   13425.3144912639     
 Abd=   22753.98    
 Catch=   453708.406783763     
 Abd=   4715608.    
 Time step =         1886
 Catch=   10545.8207959932     
 Abd=   66995.26    
 Catch=   773.900239475522     
 Abd=   4958.896    
 Catch=   13038.4376158708     
 Abd=   14159.05    
 Catch=   1401.75301027100     
 Abd=   23071.07    
 Catch=   14081.5040817332     
 Abd=   47326.51    
 Catch=   16.5622837152091     
 Abd=   64.56496    
 Catch=                     NaN
 Abd=            NaN
 Catch=                     NaN
 Abd=            NaN
 Catch=   23565.7198118982     
 Abd=   389213.1    
 Catch=   8278.53993756472     
 Abd=   1880.982    
 Catch=   22609.9047615817     
 Abd=   127925.5    
 Catch=   643.155814050729     
 Abd=   10663.85    
 Catch=                     NaN
 Abd=            NaN
 Catch=   12819.1579206294     
 Abd=   184402.5    
 Catch=   55585.3570250595     
 Abd=   32160.67    
 Catch=                     NaN
 Abd=            NaN
 Catch=   1913.54978245278     
 Abd=   2802.784    
 Catch=                     NaN
 Abd=            NaN
 Catch=   7996.45565385347     
 Abd=   41443.44    
 Catch=   1270.67973372815     
 Abd=   4357.096    
 Catch=   223.259424175335     
 Abd=   2106.127    
 Catch=   133760.471893982     
 Abd=   2211342.    
 Catch=   36888.5757286739     
 Abd=   129350.2    
 Catch=   11461.6458083038     
 Abd=   189301.9    
 Catch=                     NaN
 Abd=            NaN
 Catch=   11355.2483369558     
 Abd=   23977.09    
 Catch=   33369.1357908261     
 Abd=   19485.46    
 Catch=   54300.6609404938     
 Abd=   795166.0    
 Catch=   56660.7982858818     
 Abd=   152664.4    
 Catch=   13425.3136154338     
 Abd=   22753.97    
 Catch=   449440.444744447     
 Abd=   4673545.    
 Time step =         1887
 Catch=   10505.5086213873     
 Abd=   66755.86    
 Catch=   772.569071815802     
 Abd=   4951.090    
 Catch=   13038.4398711968     
 Abd=   14159.05    
 Catch=   1362.98933177698     
 Abd=   22448.23    
 Catch=   14079.3692371018     
 Abd=   47320.24    
 Catch=   16.3107041930470     
 Abd=   63.71136    
 Catch=                     NaN
 Abd=            NaN
 Catch=                     NaN
 Abd=            NaN
 Catch=   23073.6050559828     
 Abd=   381325.6    
 Catch=   8278.53993756472     
 Abd=   1880.982    
 Catch=   22458.5537363089     
 Abd=   127106.6    
 Catch=   634.629923246569     
 Abd=   10527.55    
 Catch=                     NaN
 Abd=            NaN
 Catch=   12584.0391095770     
 Abd=   181129.6    
 Catch=   55585.3661379757     
 Abd=   32160.67    
 Catch=                     NaN
 Abd=            NaN
 Catch=   1913.54978245278     
 Abd=   2802.784    
 Catch=                     NaN
 Abd=            NaN
 Catch=   7979.02905668844     
 Abd=   41359.84    
 Catch=   1270.50876480167     
 Abd=   4356.594    
 Catch=   220.348732169202     
 Abd=   2079.800    
 Catch=   131228.498001043     
 Abd=   2170854.    
 Catch=   36870.2889187756     
 Abd=   129292.3    
 Catch=   11221.2391405721     
 Abd=   185450.1    
 Catch=                     NaN
 Abd=            NaN
 Catch=   11355.2217623996     
 Abd=   23977.04    
 Catch=   33369.1387407595     
 Abd=   19485.47    
 Catch=   53349.1825352642     
 Abd=   781714.2    
 Catch=   56652.0823434411     
 Abd=   152643.8    
 Catch=   13425.3119014571     
 Abd=   22753.96    
 Catch=   445633.575532844     
 Abd=   4635990.    
 Time step =         1888
 Catch=   10470.3396615107     
 Abd=   66546.84    
 Catch=   771.454651219615     
 Abd=   4944.566    
 Catch=   13038.4394959822     
 Abd=   14159.05    
 Catch=   1327.03154003453     
 Abd=   21868.68    
 Catch=   14077.7328310804     
 Abd=   47315.38    
 Catch=   16.1215415884413     
 Abd=   63.06716    
 Catch=                     NaN
 Abd=            NaN
 Catch=                     NaN
 Abd=            NaN
 Catch=   22619.2894667496     
 Abd=   374032.5    
 Catch=   8278.53993756472     
 Abd=   1880.982    
 Catch=   22320.8213441233     
 Abd=   126360.1    
 Catch=   626.802302773383     
 Abd=   10402.30    
 Catch=                     NaN
 Abd=            NaN
 Catch=   12367.7602644111     
 Abd=   178116.4    
 Catch=   55585.3630095012     
 Abd=   32160.66    
 Catch=                     NaN
 Abd=            NaN
 Catch=   1913.54978245278     
 Abd=   2802.784    
 Catch=                     NaN
 Abd=            NaN
 Catch=   7964.09135051049     
 Abd=   41288.12    
 Catch=   1270.38177098317     
 Abd=   4356.218    
 Catch=   217.702061858184     
 Abd=   2055.725    
 Catch=   128902.079396156     
 Abd=   2133603.    
 Catch=   36855.2829009106     
 Abd=   129244.6    
 Catch=   10999.4709494929     
 Abd=   181889.7    
 Catch=                     NaN
 Abd=            NaN
 Catch=   11355.2038107868     
 Abd=   23977.01    
 Catch=   33369.1471224124     
 Abd=   19485.47    
 Catch=   52476.9694505729     
 Abd=   769366.8    
 Catch=   56645.3402844217     
 Abd=   152628.0    
 Catch=   13425.3065951718     
 Abd=   22753.95    
 Catch=   442231.497253649     
 Abd=   4602395.    
 Time step =         1889
 Catch=   10439.6117001273     
 Abd=   66364.04    
 Catch=   770.525384434538     
 Abd=   4939.143    
 Catch=   13038.4404228903     
 Abd=   14159.05    
 Catch=   1293.53117723677     
 Abd=   21329.00    
 Catch=   14076.4596299696     
 Abd=   47311.67    
 Catch=   15.9783921479617     
 Abd=   62.57832    
 Catch=                     NaN
 Abd=            NaN
 Catch=                     NaN
 Abd=            NaN
 Catch=   22198.6434720560     
 Abd=   367270.9    
 Catch=   8278.53993756472     
 Abd=   1880.982    
 Catch=   22195.0760199380     
 Abd=   125677.4    
 Catch=   619.602327703355     
 Abd=   10286.99    
 Catch=                     NaN
 Abd=            NaN
 Catch=   12168.3823248831     
 Abd=   175335.2    
 Catch=   55585.3579422463     
 Abd=   32160.67    
 Catch=                     NaN
 Abd=            NaN
 Catch=   1913.54978245278     
 Abd=   2802.784    
 Catch=                     NaN
 Abd=            NaN
 Catch=   7951.26263012020     
 Abd=   41226.46    
 Catch=   1270.28679455208     
 Abd=   4355.938    
 Catch=   215.260336316690     
 Abd=   2033.434    
 Catch=   126758.890267313     
 Abd=   2099242.    
 Catch=   36842.8896495508     
 Abd=   129205.1    
 Catch=   10794.2102792852     
 Abd=   178591.9    
 Catch=                     NaN
 Abd=            NaN
 Catch=   11355.1904061320     
 Abd=   23976.99    
 Catch=   33369.1335338261     
 Abd=   19485.46    
 Catch=   51675.3095143075     
 Abd=   758004.1    
 Catch=   56640.1297093315     
 Abd=   152615.6    
 Catch=   13425.3056838577     
 Abd=   22753.96    
 Catch=   439186.262628412     
 Abd=   4572306.    
 Time step =         1890
 Catch=   10412.7214015282     
 Abd=   66203.98    
 Catch=   769.754860428066     
 Abd=   4934.659    
 Catch=   13038.4408182110     
 Abd=   14159.05    
 Catch=   1262.29885226289     
 Abd=   20825.25    
 Catch=   14075.4845593640     
 Abd=   47308.79    
 Catch=   15.8695397538056     
 Abd=   62.20581    
 Catch=                     NaN
 Abd=            NaN
 Catch=                     NaN
 Abd=            NaN
 Catch=   21808.1325479216     
 Abd=   360985.3    
 Catch=   8278.53993756472     
 Abd=   1880.982    
 Catch=   22079.9024627733     
 Abd=   125051.1    
 Catch=   612.969178880653     
 Abd=   10180.67    
 Catch=                     NaN
 Abd=            NaN
 Catch=   11984.1347615730     
 Abd=   172761.9    
 Catch=   55585.3634921969     
 Abd=   32160.67    
 Catch=                     NaN
 Abd=            NaN
 Catch=   1913.54978245278     
 Abd=   2802.784    
 Catch=                     NaN
 Abd=            NaN
 Catch=   7940.22362015922     
 Abd=   41173.37    
 Catch=   1270.21593145075     
 Abd=   4355.729    
 Catch=   212.996571231540     
 Abd=   2012.605    
 Catch=   124779.643391068     
 Abd=   2067472.    
 Catch=   36832.6305154859     
 Abd=   129172.4    
 Catch=   10603.8627031471     
 Abd=   175528.1    
 Catch=                     NaN
 Abd=            NaN
 Catch=   11355.1863349973     
 Abd=   23976.98    
 Catch=   33369.1312120801     
 Abd=   19485.46    
 Catch=   50936.7533240771     
 Abd=   747523.5    
 Catch=   56636.0918654505     
 Abd=   152606.1    
 Catch=   13425.3117933401     
 Abd=   22753.97    
 Catch=   436456.639034395     
 Abd=   4545316.    
 Time step =         1891
 Catch=   10389.1701277953     
 Abd=   66063.75    
 Catch=   769.120824570602     
 Abd=   4930.991    
 Catch=   13038.4383911997     
 Abd=   14159.05    
 Catch=   1233.11273483854     
 Abd=   20353.98    
 Catch=   14074.7330985657     
 Abd=   47306.59    
 Catch=   15.7658734348191     
 Abd=   61.60248    
 Catch=                     NaN
 Abd=            NaN
 Catch=                     NaN
 Abd=            NaN
 Catch=   21444.6874743163     
 Abd=   355128.4    
 Catch=   8278.53993756472     
 Abd=   1880.982    
 Catch=   21974.0900777473     
 Abd=   124475.0    
 Catch=   606.848757326376     
 Abd=   10082.50    
 Catch=                     NaN
 Abd=            NaN
 Catch=   11813.4649928421     
 Abd=   170374.5    
 Catch=   55585.3626812082     
 Abd=   32160.67    
 Catch=                     NaN
 Abd=            NaN
 Catch=   1913.54978245278     
 Abd=   2802.784    
 Catch=                     NaN
 Abd=            NaN
 Catch=   7930.71141753792     
 Abd=   41127.56    
 Catch=   1270.16345921703     
 Abd=   4355.576    
 Catch=   210.872481319610     
 Abd=   1993.181    
 Catch=   122947.675978499     
 Abd=   2038034.    
 Catch=   36824.1008519455     
 Abd=   129145.1    
 Catch=   10426.8110507073     
 Abd=   172675.8    
 Catch=                     NaN
 Abd=            NaN
 Catch=   11355.1784524503     
 Abd=   23976.97    
 Catch=   33369.1307427352     
 Abd=   19485.47    
 Catch=   50254.8039981123     
 Abd=   737835.8    
 Catch=   56633.0154445847     
 Abd=   152598.8    
 Catch=   13425.3141080331     
 Abd=   22753.97    
 Catch=   434006.823226242     
 Abd=   4521078.    
 Time step =         1892
 Catch=   10368.5076817567     
 Abd=   65940.56    
 Catch=   768.605006100018     
 Abd=   4928.025    
 Catch=   13038.4423630292     
 Abd=   14159.05    
 Catch=   1205.78028424291     
 Abd=   19912.18    
 Catch=   14074.1364803273     
 Abd=   47304.82    
 Catch=   15.5302543896450     
 Abd=   60.51959    
 Catch=                     NaN
 Abd=            NaN
 Catch=                     NaN
 Abd=            NaN
 Catch=   21105.6343817007     
 Abd=   349658.5    
 Catch=   8278.53993756472     
 Abd=   1880.982    
 Catch=   21876.6252289224     
 Abd=   123943.5    
 Catch=   601.193432562526     
 Abd=   9991.735    
 Catch=                     NaN
 Abd=            NaN
 Catch=   11654.9542283431     
 Abd=   168154.8    
 Catch=   55585.3641435812     
 Abd=   32160.67    
 Catch=                     NaN
 Abd=            NaN
 Catch=   1913.54978245278     
 Abd=   2802.784    
 Catch=                     NaN
 Abd=            NaN
 Catch=   7922.50030866209     
 Abd=   41088.01    
 Catch=   1270.12462529715     
 Abd=   4355.460    
 Catch=   208.912525185717     
 Abd=   1975.347    
 Catch=   121248.449264070     
 Abd=   2010700.    
 Catch=   36816.9934366324     
 Abd=   129122.3    
 Catch=   10261.8151508068     
 Abd=   170015.8    
 Catch=                     NaN
 Abd=            NaN
 Catch=   11355.1759682738     
 Abd=   23976.96    
 Catch=   33369.1358987331     
 Abd=   19485.47    
 Catch=   49623.8181094896     
 Abd=   728863.0    
 Catch=   56630.6093763318     
 Abd=   152593.1    
 Catch=   13425.3120080527     
 Abd=   22753.96    
 Catch=   431805.811213091     
 Abd=   4499290.    
 Time step =         1893
 Catch=   10350.3526354043     
 Abd=   65832.31    
 Catch=   768.191207244429     
 Abd=   4925.671    
 Catch=   13038.4397754179     
 Abd=   14159.05    
 Catch=   1180.13127997406     
 Abd=   19497.17    
 Catch=   14073.6769062383     
 Abd=   47303.39    
 Catch=   15.2836669952707     
 Abd=   59.68153    
 Catch=                     NaN
 Abd=            NaN
 Catch=                     NaN
 Abd=            NaN
 Catch=   20788.6554614323     
 Abd=   344538.1    
 Catch=   8278.53993756472     
 Abd=   1880.982    
 Catch=   21786.6057427887     
 Abd=   123452.0    
 Catch=   595.961531148575     
 Abd=   9907.714    
 Catch=                     NaN
 Abd=            NaN
 Catch=   11507.4479199317     
 Abd=   166088.1    
 Catch=   55585.3712960303     
 Abd=   32160.67    
 Catch=                     NaN
 Abd=            NaN
 Catch=   1913.54978245278     
 Abd=   2802.784    
 Catch=                     NaN
 Abd=            NaN
 Catch=   7915.40322135770     
 Abd=   41053.79    
 Catch=   1270.09568612955     
 Abd=   4355.375    
 Catch=   207.110489809867     
 Abd=   1958.868    
 Catch=   119668.987055037     
 Abd=   1985267.    
 Catch=   36811.0163421633     
 Abd=   129103.1    
 Catch=   10107.7857423166     
 Abd=   167529.1    
 Catch=                     NaN
 Abd=            NaN
 Catch=   11355.1769388616     
 Abd=   23976.97    
 Catch=   33369.1375887665     
 Abd=   19485.47    
 Catch=   49038.8428971765     
 Abd=   720536.6    
 Catch=   56628.7332110064     
 Abd=   152588.6    
 Catch=   13425.3087598086     
 Abd=   22753.96    
 Catch=   429826.022278470     
 Abd=   4479682.    
 Time step =         1894
 Catch=   10334.3967852216     
 Abd=   65737.12    
 Catch=   767.866751972492     
 Abd=   4923.851    
 Catch=   13038.4367000715     
 Abd=   14159.05    
 Catch=   1156.01610303458     
 Abd=   19106.64    
 Catch=   14073.3201176857     
 Abd=   47302.47    
 Catch=   15.0980556261265     
 Abd=   59.04979    
 Catch=                     NaN
 Abd=            NaN
 Catch=                     NaN
 Abd=            NaN
 Catch=   20491.6420194000     
 Abd=   339735.4    
 Catch=   8278.53993756472     
 Abd=   1880.982    
 Catch=   21703.2682919073     
 Abd=   122996.5    
 Catch=   591.115416053079     
 Abd=   9829.838    
 Catch=                     NaN
 Abd=            NaN
 Catch=   11369.9641805943     
 Abd=   164159.9    
 Catch=   55585.3611633596     
 Abd=   32160.66    
 Catch=                     NaN
 Abd=            NaN
 Catch=   1913.54978245278     
 Abd=   2802.784    
 Catch=                     NaN
 Abd=            NaN
 Catch=   7909.26015780985     
 Abd=   41024.15    
 Catch=   1270.07376350005     
 Abd=   4355.310    
 Catch=   205.413446873189     
 Abd=   1943.117    
 Catch=   118198.083191143     
 Abd=   1961560.    
 Catch=   36805.9776577546     
 Abd=   129086.9    
 Catch=   9963.65651563138     
 Abd=   165201.1    
 Catch=                     NaN
 Abd=            NaN
 Catch=   11355.1746488468     
 Abd=   23976.96    
 Catch=   33369.1346450277     
 Abd=   19485.46    
 Catch=   48495.5196630119     
 Abd=   712796.1    
 Catch=   56627.2759337790     
 Abd=   152585.2    
 Catch=   13425.3082123168     
 Abd=   22753.96    
 Catch=   428043.561438241     
 Abd=   4462018.    
 Time step =         1895
 Catch=   10320.3485929277     
 Abd=   65653.22    
 Catch=   767.619722010856     
 Abd=   4922.493    
 Catch=   13038.4399746707     
 Abd=   14159.05    
 Catch=   1133.30315173328     
 Abd=   18738.49    
 Catch=   14073.0581882346     
 Abd=   47301.54    
 Catch=   14.9577315071743     
 Abd=   58.57082    
 Catch=                     NaN
 Abd=            NaN
 Catch=                     NaN
 Abd=            NaN
 Catch=   20212.7910992917     
 Abd=   335222.2    
 Catch=   8278.53993756472     
 Abd=   1880.982    
 Catch=   21625.9336401108     
 Abd=   122573.4    
 Catch=   586.621416074040     
 Abd=   9757.582    
 Catch=                     NaN
 Abd=            NaN
 Catch=   11241.5896065703     
 Abd=   162357.9    
 Catch=   55585.3542837580     
 Abd=   32160.66    
 Catch=                     NaN
 Abd=            NaN
 Catch=   1913.54978245278     
 Abd=   2802.784    
 Catch=                     NaN
 Abd=            NaN
 Catch=   7903.93442527576     
 Abd=   40998.46    
 Catch=   1270.05775117322     
 Abd=   4355.263    
 Catch=   203.792745487928     
 Abd=   1927.992    
 Catch=   116825.944602378     
 Abd=   1939427.    
 Catch=   36801.7301463241     
 Abd=   129073.2    
 Catch=   9828.60632074086     
 Abd=   163015.8    
 Catch=                     NaN
 Abd=            NaN
 Catch=   11355.1704622348     
 Abd=   23976.95    
 Catch=   33369.1301287788     
 Abd=   19485.47    
 Catch=   47990.0099121172     
 Abd=   705588.6    
 Catch=   56626.1332497945     
 Abd=   152582.4    
 Catch=   13425.3060629796     
 Abd=   22753.96    
 Catch=   426437.368811630     
 Abd=   4446098.    
 Time step =         1896
 Catch=   10307.9685387624     
 Abd=   65579.32    
 Catch=   767.441174180690     
 Abd=   4921.550    
 Catch=   13038.4391085495     
 Abd=   14159.05    
 Catch=   1111.87538824324     
 Abd=   18390.90    
 Catch=   14072.8335607341     
 Abd=   47301.09    
 Catch=   14.8511054669649     
 Abd=   58.20604    
 Catch=                     NaN
 Abd=            NaN
 Catch=                     NaN
 Abd=            NaN
 Catch=   19950.5140343743     
 Abd=   330974.6    
 Catch=   8278.53993756472     
 Abd=   1880.982    
 Catch=   21554.0328716522     
 Abd=   122179.6    
 Catch=   582.449983872026     
 Abd=   9690.486    
 Catch=                     NaN
 Abd=            NaN
 Catch=   11121.5174111596     
 Abd=   160671.1    
 Catch=   55585.3577541086     
 Abd=   32160.66    
 Catch=                     NaN
 Abd=            NaN
 Catch=   1913.54978245278     
 Abd=   2802.784    
 Catch=                     NaN
 Abd=            NaN
 Catch=   7899.31761718940     
 Abd=   40976.14    
 Catch=   1270.04560206168     
 Abd=   4355.227    
 Catch=   202.239725869889     
 Abd=   1913.600    
 Catch=   115543.790923859     
 Abd=   1918729.    
 Catch=   36798.1136852805     
 Abd=   129061.5    
 Catch=   9701.72935777181     
 Abd=   160960.8    
 Catch=                     NaN
 Abd=            NaN
 Catch=   11355.1708704329     
 Abd=   23976.96    
 Catch=   33369.1334427494     
 Abd=   19485.46    
 Catch=   47518.9033114215     
 Abd=   698865.6    
 Catch=   56625.2382828127     
 Abd=   152580.4    
 Catch=   13425.3044160410     
 Abd=   22753.96    
 Catch=   424989.027613322     
 Abd=   4431736.    
 Time step =         1897
 Catch=   10297.0552489546     
 Abd=   65514.12    
 Catch=   767.322867961273     
 Abd=   4920.969    
 Catch=   13038.4422490391     
 Abd=   14159.05    
 Catch=   1091.62707823549     
 Abd=   18062.16    
 Catch=   14072.7355105529     
 Abd=   47300.72    
 Catch=   14.7697646056049     
 Abd=   57.92731    
 Catch=                     NaN
 Abd=            NaN
 Catch=                     NaN
 Abd=            NaN
 Catch=   19703.4641073770     
 Abd=   326970.0    
 Catch=   8278.53993756472     
 Abd=   1880.982    
 Catch=   21487.0424255433     
 Abd=   121812.3    
 Catch=   578.574635815942     
 Abd=   9628.117    
 Catch=                     NaN
 Abd=            NaN
 Catch=   11009.0349728213     
 Abd=   159089.8    
 Catch=   55585.3477022462     
 Abd=   32160.66    
 Catch=                     NaN
 Abd=            NaN
 Catch=   1913.54978245278     
 Abd=   2802.784    
 Catch=                     NaN
 Abd=            NaN
 Catch=   7895.30144361902     
 Abd=   40956.72    
 Catch=   1270.03681072396     
 Abd=   4355.201    
 Catch=   200.757115673328     
 Abd=   1899.939    
 Catch=   114343.889624285     
 Abd=   1899345.    
 Catch=   36795.0232378181     
 Abd=   129051.5    
 Catch=   9582.33129376986     
 Abd=   159027.5    
 Catch=                     NaN
 Abd=            NaN
 Catch=   11355.1719919953     
 Abd=   23976.96    
 Catch=   33369.1363373226     
 Abd=   19485.47    
 Catch=   47079.1743703029     
 Abd=   692586.2    
 Catch=   56624.5599141673     
 Abd=   152578.8    
 Catch=   13425.3083160656     
 Abd=   22753.96    
 Catch=   423682.130185212     
 Abd=   4418774.    
 Time step =         1898
 Catch=   10287.4324480264     
 Abd=   65456.63    
 Catch=   767.257480073515     
 Abd=   4920.707    
 Catch=   13038.4416923700     
 Abd=   14159.05    
 Catch=   1072.46314138441     
 Abd=   17750.77    
 Catch=   14072.6023928130     
 Abd=   47300.29    
 Catch=   14.7075389975638     
 Abd=   57.71381    
 Catch=                     NaN
 Abd=            NaN
 Catch=                     NaN
 Abd=            NaN
 Catch=   19470.3532610951     
 Abd=   323188.3    
 Catch=   8278.53993756472     
 Abd=   1880.982    
 Catch=   21424.5105380953     
 Abd=   121469.2    
 Catch=   574.970528982845     
 Abd=   9570.092    
 Catch=                     NaN
 Abd=            NaN
 Catch=   10903.5001921625     
 Abd=   157604.8    
 Catch=   55585.3495943318     
 Abd=   32160.66    
 Catch=                     NaN
 Abd=            NaN
 Catch=   1913.54978245278     
 Abd=   2802.784    
 Catch=                     NaN
 Abd=            NaN
 Catch=   7891.80958677546     
 Abd=   40939.84    
 Catch=   1270.03003591428     
 Abd=   4355.183    
 Catch=   199.362808381147     
 Abd=   1887.105    
 Catch=   113219.235466689     
 Abd=   1881162.    
 Catch=   36792.3713266169     
 Abd=   129042.8    
 Catch=   9469.91742898714     
 Abd=   157205.0    
 Catch=                     NaN
 Abd=            NaN
 Catch=   11355.1719160773     
 Abd=   23976.96    
 Catch=   33369.1371902301     
 Abd=   19485.46    
 Catch=   46668.1564162164     
 Abd=   686712.4    
 Catch=   56624.0488643959     
 Abd=   152577.6    
 Catch=   13425.3065652292     
 Abd=   22753.96    
 Catch=   422502.290864745     
 Abd=   4407069.    
 Time step =         1899
 Catch=   10278.9377872969     
 Abd=   65405.83    
 Catch=   767.240309348786     
 Abd=   4920.742    
 Catch=   13038.4422575485     
 Abd=   14159.06    
 Catch=   1054.29078017445     
 Abd=   17455.17    
 Catch=   14072.5133753680     
 Abd=   47300.04    
 Catch=   14.6598208170915     
 Abd=   57.54990    
 Catch=                     NaN
 Abd=            NaN
 Catch=                     NaN
 Abd=            NaN
 Catch=   19250.0780629912     
 Abd=   319612.2    
 Catch=   8278.53993756472     
 Abd=   1880.982    
 Catch=   21366.0379231527     
 Abd=   121148.0    
 Catch=   571.616283303045     
 Abd=   9516.070    
 Catch=                     NaN
 Abd=            NaN
 Catch=   10804.3250361666     
 Abd=   156207.3    
 Catch=   55585.3443640947     
 Abd=   32160.66    
 Catch=                     NaN
 Abd=            NaN
 Catch=   1913.54978245278     
 Abd=   2802.784    
 Catch=                     NaN
 Abd=            NaN
 Catch=   7888.77101932399     
 Abd=   40925.13    
 Catch=   1270.02549007877     
 Abd=   4355.168    
 Catch=   198.051901662240     
 Abd=   1874.880    
 Catch=   112163.692024588     
 Abd=   1864086.    
 Catch=   36790.1014599698     
 Abd=   129035.5    
 Catch=   9363.87189762849     
 Abd=   155483.2    
 Catch=                     NaN
 Abd=            NaN
 Catch=   11355.1722830759     
 Abd=   23976.96    
 Catch=   33369.1378509131     
 Abd=   19485.47    
 Catch=   46283.4355553585     
 Abd=   681210.9    
 Catch=   56623.6504584424     
 Abd=   152576.6    
 Catch=   13425.3060751708     
 Abd=   22753.96    
 Catch=   421436.461036083     
 Abd=   4396489.    
 Time step =         1900
 Catch=   10271.4308940061     
 Abd=   65360.96    
 Catch=   767.267088043947     
 Abd=   4921.046    
 Catch=   13038.4441098637     
 Abd=   14159.05    
 Catch=   1037.02988961422     
 Abd=   17174.31    
 Catch=   14072.4113229983     
 Abd=   47299.71    
 Catch=   14.6231613745391     
 Abd=   57.42392    
 Catch=                     NaN
 Abd=            NaN
 Catch=                     NaN
 Abd=            NaN
 Catch=   19041.6185037961     
 Abd=   316225.8    
 Catch=   8278.53993756472     
 Abd=   1880.982    
 Catch=   21311.2765168399     
 Abd=   120847.0    
 Catch=   568.492480459284     
 Abd=   9465.738    
 Catch=                     NaN
 Abd=            NaN
 Catch=   10710.9301766739     
 Abd=   154891.4    
 Catch=   55585.3464871714     
 Abd=   32160.66    
 Catch=                     NaN
 Abd=            NaN
 Catch=   1913.54978245278     
 Abd=   2802.784    
 Catch=                     NaN
 Abd=            NaN
 Catch=   7886.12172504914     
 Abd=   40912.32    
 Catch=   1270.02138624943     
 Abd=   4355.153    
 Catch=   196.792529998769     
 Abd=   1863.299    
 Catch=   111171.695394052     
 Abd=   1848027.    
 Catch=   36788.1482009805     
 Abd=   129029.1    
 Catch=   9263.61891278921     
 Abd=   153855.4    
 Catch=                     NaN
 Abd=            NaN
 Catch=   11355.1708721844     
 Abd=   23976.96    
 Catch=   33369.1410060076     
 Abd=   19485.47    
 Catch=   45922.8565653116     
 Abd=   676051.0    
 Catch=   56623.3323645304     
 Abd=   152575.9    
 Catch=   13425.3037915845     
 Abd=   22753.95    
 Catch=   420473.067648967     
 Abd=   4386926.    
 Time step =         1901
 Catch=   10264.7952835661     
 Abd=   65321.25    
 Catch=   767.334194546273     
 Abd=   4921.600    
 Catch=   13038.4409563305     
 Abd=   14159.05    
 Catch=   1020.62498879676     
 Abd=   16907.30    
 Catch=   14072.3450019777     
 Abd=   47299.54    
 Catch=   14.5949653041850     
 Abd=   57.32693    
 Catch=                     NaN
 Abd=            NaN
 Catch=                     NaN
 Abd=            NaN
 Catch=   18844.0963077618     
 Abd=   313014.8    
 Catch=   8278.53993756472     
 Abd=   1880.982    
 Catch=   21259.9097888264     
 Abd=   120564.5    
 Catch=   565.580825853706     
 Abd=   9418.812    
 Catch=                     NaN
 Abd=            NaN
 Catch=   10622.9290117509     
 Abd=   153649.8    
 Catch=   55585.3584505771     
 Abd=   32160.66    
 Catch=                     NaN
 Abd=            NaN
 Catch=   1913.54978245278     
 Abd=   2802.784    
 Catch=                     NaN
 Abd=            NaN
 Catch=   7883.81352128752     
 Abd=   40901.14    
 Catch=   1270.01912788914     
 Abd=   4355.153    
 Catch=   195.616385054720     
 Abd=   1852.583    
 Catch=   110238.221254500     
 Abd=   1832906.    
 Catch=   36786.4319103319     
 Abd=   129023.4    
 Catch=   9168.77780750853     
 Abd=   152314.5    
 Catch=                     NaN
 Abd=            NaN
 Catch=   11355.1736090440     
 Abd=   23976.96    
 Catch=   33369.1392366533     
 Abd=   19485.47    
 Catch=   45584.4390397445     
 Abd=   671204.9    
 Catch=   56623.0997590669     
 Abd=   152575.3    
 Catch=   13425.2979985378     
 Abd=   22753.94    
 Catch=   419601.687457156     
 Abd=   4378273.    
 Time step =         1902
 Catch=   10258.9244825151     
 Abd=   65286.12    
 Catch=   767.438582874172     
 Abd=   4922.382    
 Catch=   13038.4402868636     
 Abd=   14159.05    
 Catch=   1005.02337684943     
 Abd=   16653.23    
 Catch=   14072.3209732388     
 Abd=   47299.53    
 Catch=   14.5732559832434     
 Abd=   57.25225    
 Catch=                     NaN
 Abd=            NaN
 Catch=                     NaN
 Abd=            NaN
 Catch=   18656.6966518206     
 Abd=   309966.7    
 Catch=   8278.53993756472     
 Abd=   1880.982    
 Catch=   21211.6597403060     
 Abd=   120298.9    
 Catch=   562.865463130815     
 Abd=   9375.031    
 Catch=                     NaN
 Abd=            NaN
 Catch=   10539.8499570588     
 Abd=   152477.7    
 Catch=   55585.3431756776     
 Abd=   32160.66    
 Catch=                     NaN
 Abd=            NaN
 Catch=   1913.54978245278     
 Abd=   2802.784    
 Catch=                     NaN
 Abd=            NaN
 Catch=   7881.79511195143     
 Abd=   40891.37    
 Catch=   1270.01912788914     
 Abd=   4355.153    
 Catch=   194.538336148323     
 Abd=   1842.805    
 Catch=   109358.768770601     
 Abd=   1818651.    
 Catch=   36784.9371124993     
 Abd=   129018.6    
 Catch=   9078.93798122375     
 Abd=   150854.8    
 Catch=                     NaN
 Abd=            NaN
 Catch=   11355.1703123037     
 Abd=   23976.95    
 Catch=   33369.1446502457     
 Abd=   19485.47    
 Catch=   45266.4289580104     
 Abd=   666649.0    
 Catch=   56622.9013056181     
 Abd=   152574.8    
 Catch=   13425.3001567790     
 Abd=   22753.95    
 Catch=   418813.467012656     
 Abd=   4370446.    
 Time step =         1903
 Catch=   10253.7256652714     
 Abd=   65255.01    
 Catch=   767.577418273735     
 Abd=   4923.378    
 Catch=   13038.4387764501     
 Abd=   14159.05    
 Catch=   990.168842794509     
 Abd=   16411.19    
 Catch=   14072.3224189177     
 Abd=   47299.53    
 Catch=   14.5565289214944     
 Abd=   57.19468    
 Catch=                     NaN
 Abd=            NaN
 Catch=                     NaN
 Abd=            NaN
 Catch=   18478.6877547284     
 Abd=   307069.5    
 Catch=   8278.53993756472     
 Abd=   1880.982    
 Catch=   21166.2812104078     
 Abd=   120049.0    
 Catch=   560.331197795647     
 Abd=   9334.162    
 Catch=                     NaN
 Abd=            NaN
 Catch=   10461.3770734823     
 Abd=   151369.0    
 Catch=   55585.3472862536     
 Abd=   32160.66    
 Catch=                     NaN
 Abd=            NaN
 Catch=   1913.54978245278     
 Abd=   2802.784    
 Catch=                     NaN
 Abd=            NaN
 Catch=   7880.03700512870     
 Abd=   40882.84    
 Catch=   1270.01912788914     
 Abd=   4355.153    
 Catch=   193.553647832397     
 Abd=   1833.863    
 Catch=   108529.162472239     
 Abd=   1805197.    
 Catch=   36783.6305635040     
 Abd=   129014.2    
 Catch=   8993.78401563582     
 Abd=   149470.4    
 Catch=                     NaN
 Abd=            NaN
 Catch=   11355.1678717343     
 Abd=   23976.95    
 Catch=   33369.1378015033     
 Abd=   19485.47    
 Catch=   44967.2922466709     
 Abd=   662360.6    
 Catch=   56622.7473190856     
 Abd=   152574.4    
 Catch=   13425.3006762415     
 Abd=   22753.95    
 Catch=   418100.313122516     
 Abd=   4363364.    
 Time step =         1904
 Catch=   10249.1243139536     
 Abd=   65227.48    
 Catch=   767.748770463933     
 Abd=   4924.580    
 Catch=   13038.4404877662     
 Abd=   14159.05    
 Catch=   976.009193649153     
 Abd=   16180.29    
 Catch=   14072.3220827316     
 Abd=   47299.53    
 Catch=   14.5436318823779     
 Abd=   57.15028    
 Catch=                     NaN
 Abd=            NaN
 Catch=                     NaN
 Abd=            NaN
 Catch=   18309.3987527708     
 Abd=   304312.7    
 Catch=   8278.53993756472     
 Abd=   1880.982    
 Catch=   21123.5323540779     
 Abd=   119813.4    
 Catch=   557.964938242055     
 Abd=   9295.989    
 Catch=                     NaN
 Abd=            NaN
 Catch=   10387.0977773246     
 Abd=   150319.8    
 Catch=   55585.3493765222     
 Abd=   32160.66    
 Catch=                     NaN
 Abd=            NaN
 Catch=   1913.54978245278     
 Abd=   2802.784    
 Catch=                     NaN
 Abd=            NaN
 Catch=   7878.49955011254     
 Abd=   40875.39    
 Catch=   1270.01912788914     
 Abd=   4355.153    
 Catch=   192.652286031977     
 Abd=   1825.670    
 Catch=   107745.805456183     
 Abd=   1792485.    
 Catch=   36782.4909711055     
 Abd=   129010.6    
 Catch=   8912.97787360043     
 Abd=   148156.0    
 Catch=                     NaN
 Abd=            NaN
 Catch=   11355.1679397462     
 Abd=   23976.95    
 Catch=   33369.1462546676     
 Abd=   19485.48    
 Catch=   44685.5695878714     
 Abd=   658319.9    
 Catch=   56622.6413883581     
 Abd=   152574.2    
 Catch=   13425.3013454038     
 Abd=   22753.95    
 Catch=   417454.701213797     
 Abd=   4356949.    
 Time step =         1905
 Catch=   10245.0530728934     
 Abd=   65203.09    
 Catch=   767.951646342397     
 Abd=   4925.979    
 Catch=   13038.4398890726     
 Abd=   14159.05    
 Catch=   962.491805263398     
 Abd=   15959.78    
 Catch=   14072.3203333683     
 Abd=   47299.53    
 Catch=   14.5336830971226     
 Abd=   57.11604    
 Catch=                     NaN
 Abd=            NaN
 Catch=                     NaN
 Abd=            NaN
 Catch=   18148.2176910680     
 Abd=   301686.3    
 Catch=   8278.53993756472     
 Abd=   1880.982    
 Catch=   21083.2299795431     
 Abd=   119591.1    
 Catch=   555.754239274874     
 Abd=   9260.315    
 Catch=                     NaN
 Abd=            NaN
 Catch=   10316.7715711563     
 Abd=   149326.0    
 Catch=   55585.3478785158     
 Abd=   32160.66    
 Catch=                     NaN
 Abd=            NaN
 Catch=   1913.54978245278     
 Abd=   2802.784    
 Catch=                     NaN
 Abd=            NaN
 Catch=   7877.15245091832     
 Abd=   40868.87    
 Catch=   1270.01912788914     
 Abd=   4355.153    
 Catch=   191.814314137942     
 Abd=   1817.913    
 Catch=   107005.283416445     
 Abd=   1780464.    
 Catch=   36781.4981401026     
 Abd=   129007.3    
 Catch=   8836.22643956416     
 Abd=   146904.8    
 Catch=                     NaN
 Abd=            NaN
 Catch=   11355.1711415789     
 Abd=   23976.96    
 Catch=   33369.1420316778     
 Abd=   19485.46    
 Catch=   44419.9922098119     
 Abd=   654508.4    
 Catch=   56622.5738645393     
 Abd=   152574.1    
 Catch=   13425.3011492327     
 Abd=   22753.95    
 Catch=   416869.888018332     
 Abd=   4351136.    
 Time step =         1906
 Catch=   10241.4451296557     
 Abd=   65181.48    
 Catch=   768.184348941324     
 Abd=   4927.565    
 Catch=   13038.4360620975     
 Abd=   14159.05    
 Catch=   949.578591013849     
 Abd=   15749.03    
 Catch=   14072.3217125730     
 Abd=   47299.55    
 Catch=   14.5260118639122     
 Abd=   57.08961    
 Catch=                     NaN
 Abd=            NaN
 Catch=                     NaN
 Abd=            NaN
 Catch=   17994.6001587115     
 Abd=   299182.3    
 Catch=   8278.53993756472     
 Abd=   1880.982    
 Catch=   21045.1830113762     
 Abd=   119381.2    
 Catch=   553.687627186763     
 Abd=   9226.961    
 Catch=                     NaN
 Abd=            NaN
 Catch=   10250.1212233788     
 Abd=   148383.5    
 Catch=   55585.3487133210     
 Abd=   32160.66    
 Catch=                     NaN
 Abd=            NaN
 Catch=   1913.54978245278     
 Abd=   2802.784    
 Catch=                     NaN
 Abd=            NaN
 Catch=   7875.97764404611     
 Abd=   40863.18    
 Catch=   1270.01912788914     
 Abd=   4355.153    
 Catch=   191.024819129152     
 Abd=   1810.629    
 Catch=   106304.564782687     
 Abd=   1769082.    
 Catch=   36780.6105921995     
 Abd=   129004.3    
 Catch=   8763.11343749761     
 Abd=   145714.2    
 Catch=                     NaN
 Abd=            NaN
 Catch=   11355.1722433646     
 Abd=   23976.96    
 Catch=   33369.1298430348     
 Abd=   19485.47    
 Catch=   44169.3298044187     
 Abd=   650909.4    
 Catch=   56622.5158484164     
 Abd=   152573.9    
 Catch=   13425.3057373697     
 Abd=   22753.96    
 Catch=   416340.079534888     
 Abd=   4345872.    
 Time step =         1907
 Catch=   10238.2412639764     
 Abd=   65162.29    
 Catch=   768.446280574280     
 Abd=   4929.338    
 Catch=   13038.4374676120     
 Abd=   14159.05    
 Catch=   937.232581519444     
 Abd=   15547.45    
 Catch=   14072.3243516874     
 Abd=   47299.53    
 Catch=   14.5200863893056     
 Abd=   57.06922    
 Catch=                     NaN
 Abd=            NaN
 Catch=                     NaN
 Abd=            NaN
 Catch=   17848.0707759888     
 Abd=   296792.3    
 Catch=   8278.53993756472     
 Abd=   1880.982    
 Catch=   21009.2352456793     
 Abd=   119182.7    
 Catch=   551.755165804884     
 Abd=   9195.766    
 Catch=                     NaN
 Abd=            NaN
 Catch=   10186.8818728757     
 Abd=   147487.8    
 Catch=   55585.3460213370     
 Abd=   32160.66    
 Catch=                     NaN
 Abd=            NaN
 Catch=   1913.54978245278     
 Abd=   2802.784    
 Catch=                     NaN
 Abd=            NaN
 Catch=   7874.94748834748     
 Abd=   40858.16    
 Catch=   1270.01912788914     
 Abd=   4355.153    
 Catch=   190.271557690934     
 Abd=   1803.571    
 Catch=   105640.849161315     
 Abd=   1758295.    
 Catch=   36779.8189479490     
 Abd=   129001.7    
 Catch=   8693.51910614106     
 Abd=   144580.5    
 Catch=                     NaN
 Abd=            NaN
 Catch=   11355.1737693086     
 Abd=   23976.95    
 Catch=   33369.1425799746     
 Abd=   19485.47    
 Catch=   43932.5303265250     
 Abd=   647507.5    
 Catch=   56622.4477350365     
 Abd=   152573.8    
 Catch=   13425.3030130291     
 Abd=   22753.95    
 Catch=   415860.200078814     
 Abd=   4341103.    
 Time step =         1908
 Catch=   10235.4023116848     
 Abd=   65145.27    
 Catch=   768.737331650006     
 Abd=   4931.297    
 Catch=   13038.4423033115     
 Abd=   14159.06    
 Catch=   925.417555756964     
 Abd=   15354.46    
 Catch=   14072.3159889351     
 Abd=   47299.50    
 Catch=   14.5155149516167     
 Abd=   57.05346    
 Catch=                     NaN
 Abd=            NaN
 Catch=                     NaN
 Abd=            NaN
 Catch=   17708.1269594769     
 Abd=   294508.9    
 Catch=   8278.53993756472     
 Abd=   1880.982    
 Catch=   20975.2239688923     
 Abd=   118994.9    
 Catch=   549.947188488557     
 Abd=   9166.574    
 Catch=                     NaN
 Abd=            NaN
 Catch=   10126.7587548062     
 Abd=   146636.9    
 Catch=   55585.3462473896     
 Abd=   32160.66    
 Catch=                     NaN
 Abd=            NaN
 Catch=   1913.54978245278     
 Abd=   2802.784    
 Catch=                     NaN
 Abd=            NaN
 Catch=   7874.04561414929     
 Abd=   40853.79    
 Catch=   1270.01912788914     
 Abd=   4355.153    
 Catch=   189.540424478730     
 Abd=   1796.833    
 Catch=   105011.560132494     
 Abd=   1748064.    
 Catch=   36779.1435803397     
 Abd=   128999.5    
 Catch=   8627.20882522741     
 Abd=   143499.7    
 Catch=                     NaN
 Abd=            NaN
 Catch=   11355.1691564698     
 Abd=   23976.95    
 Catch=   33369.1409808579     
 Abd=   19485.47    
 Catch=   43708.5840433775     
 Abd=   644288.8    
 Catch=   56622.4178864023     
 Abd=   152573.7    
 Catch=   13425.2994079320     
 Abd=   22753.95    
 Catch=   415425.284676049     
 Abd=   4336781.    
 Time step =         1909
 Catch=   10232.8847400404     
 Abd=   65130.20    
 Catch=   769.056972083140     
 Abd=   4933.438    
 Catch=   13038.4429493773     
 Abd=   14159.05    
 Catch=   914.101722961411     
 Abd=   15169.52    
 Catch=   14072.3173912225     
 Abd=   47299.52    
 Catch=   14.5119837560137     
 Abd=   57.04128    
 Catch=                     NaN
 Abd=            NaN
 Catch=                     NaN
 Abd=            NaN
 Catch=   17574.3787922030     
 Abd=   292325.6    
 Catch=   8278.53993756472     
 Abd=   1880.982    
 Catch=   20943.0273711289     
 Abd=   118817.0    
 Catch=   548.255297404989     
 Abd=   9139.253    
 Catch=                     NaN
 Abd=            NaN
 Catch=   10069.6044144114     
 Abd=   145826.7    
 Catch=   55585.3597899224     
 Abd=   32160.67    
 Catch=                     NaN
 Abd=            NaN
 Catch=   1913.54978245278     
 Abd=   2802.784    
 Catch=                     NaN
 Abd=            NaN
 Catch=   7873.25310991571     
 Abd=   40849.95    
 Catch=   1270.01912788914     
 Abd=   4355.153    
 Catch=   188.861309855097     
 Abd=   1790.661    
 Catch=   104414.440206423     
 Abd=   1738352.    
 Catch=   36778.5260702004     
 Abd=   128997.4    
 Catch=   8563.96751443549     
 Abd=   142467.3    
 Catch=                     NaN
 Abd=            NaN
 Catch=   11355.1649193430     
 Abd=   23976.94    
 Catch=   33369.1318247009     
 Abd=   19485.46    
 Catch=   43496.6263573376     
 Abd=   641241.2    
 Catch=   56622.3840862953     
 Abd=   152573.6    
 Catch=   13425.3016824068     
 Abd=   22753.95    
 Catch=   415031.048286206     
 Abd=   4332862.    
 Time step =         1910
 Catch=   10230.6508267458     
 Abd=   65116.80    
 Catch=   769.404987571806     
 Abd=   4935.763    
 Catch=   13038.4406967651     
 Abd=   14159.05    
 Catch=   903.248198285320     
 Abd=   14991.00    
 Catch=   14072.3193392956     
 Abd=   47299.52    
 Catch=   14.5092533201574     
 Abd=   57.03190    
 Catch=                     NaN
 Abd=            NaN
 Catch=                     NaN
 Abd=            NaN
 Catch=   17446.4495882103     
 Abd=   290235.2    
 Catch=   8278.53993756472     
 Abd=   1880.982    
 Catch=   20912.5150573838     
 Abd=   118648.3    
 Catch=   546.671040683428     
 Abd=   9113.658    
 Catch=                     NaN
 Abd=            NaN
 Catch=   10015.1781939430     
 Abd=   145055.8    
 Catch=   55585.3676073438     
 Abd=   32160.67    
 Catch=                     NaN
 Abd=            NaN
 Catch=   1913.54978245278     
 Abd=   2802.784    
 Catch=                     NaN
 Abd=            NaN
 Catch=   7872.56365904324     
 Abd=   40846.61    
 Catch=   1270.01912788914     
 Abd=   4355.153    
 Catch=   188.238756591164     
 Abd=   1784.998    
 Catch=   103847.331431527     
 Abd=   1729124.    
 Catch=   36777.9636393108     
 Abd=   128995.6    
 Catch=   8503.53254931148     
 Abd=   141481.4    
 Catch=                     NaN
 Abd=            NaN
 Catch=   11355.1696239931     
 Abd=   23976.96    
 Catch=   33369.1357696655     
 Abd=   19485.47    
 Catch=   43295.8385782061     
 Abd=   638352.8    
 Catch=   56622.3807260808     
 Abd=   152573.7    
 Catch=   13425.3029424171     
 Abd=   22753.95    
 Catch=   414673.786033842     
 Abd=   4329310.    
 Time step =         1861
 Catch=   10228.6660171893     
 Abd=   65104.91    
 Catch=   769.781836483934     
 Abd=   4938.269    
 Catch=   13038.4421976006     
 Abd=   14159.05    
 Catch=   892.766935880041     
 Abd=   14819.48    
 Catch=   14072.3182482467     
 Abd=   47299.52    
 Catch=   14.5071481676566     
 Abd=   57.02462    
 Catch=                     NaN
 Abd=            NaN
 Catch=                     NaN
 Abd=            NaN
 Catch=   17323.9030165948     
 Abd=   288233.2    
 Catch=   8278.53993756472     
 Abd=   1880.982    
 Catch=   20883.5838156425     
 Abd=   118488.4    
 Catch=   545.187124626664     
 Abd=   9089.686    
 Catch=                     NaN
 Abd=            NaN
 Catch=   9963.36835729636     
 Abd=   144321.7    
 Catch=   55585.3620750904     
 Abd=   32160.68    
 Catch=                     NaN
 Abd=            NaN
 Catch=   1913.54978245278     
 Abd=   2802.784    
 Catch=                     NaN
 Abd=            NaN
 Catch=   7871.95756248269     
 Abd=   40843.66    
 Catch=   1270.01912788914     
 Abd=   4355.153    
 Catch=   187.666899658862     
 Abd=   1779.791    
 Catch=   103308.220925027     
 Abd=   1720347.    
 Catch=   36777.4732531891     
 Abd=   128994.0    
 Catch=   8445.79610167174     
 Abd=   140539.1    
 Catch=                     NaN
 Abd=            NaN
 Catch=   11355.1724497741     
 Abd=   23976.96    
 Catch=   33369.1350636295     
 Abd=   19485.46    
 Catch=   43105.4420790395     
 Abd=   635612.7    
 Catch=   56622.3458318692     
 Abd=   152573.5    
 Catch=   13425.3024333907     
 Abd=   22753.95    
 Catch=   414349.739685566     
 Abd=   4326088.    
 Time step =         1862
 Catch=   10226.9029538804     
 Abd=   65094.34    
 Catch=   770.187183477187     
 Abd=   4940.964    
 Catch=   13038.4406849149     
 Abd=   14159.05    
 Catch=   882.694206014550     
 Abd=   14654.66    
 Catch=   14072.3177585350     
 Abd=   47299.52    
 Catch=   14.5055168046113     
 Abd=   57.01901    
 Catch=                     NaN
 Abd=            NaN
 Catch=                     NaN
 Abd=            NaN
 Catch=   17206.4991600288     
 Abd=   286314.4    
 Catch=   8278.53993756472     
 Abd=   1880.982    
 Catch=   20856.1278569111     
 Abd=   118336.5    
 Catch=   543.796961095214     
 Abd=   9067.228    
 Catch=                     NaN
 Abd=            NaN
 Catch=   9914.00794663782     
 Abd=   143620.9    
 Catch=   55585.3709966661     
 Abd=   32160.68    
 Catch=                     NaN
 Abd=            NaN
 Catch=   1913.54978245278     
 Abd=   2802.784    
 Catch=                     NaN
 Abd=            NaN
 Catch=   7871.42545383045     
 Abd=   40841.08    
 Catch=   1270.01912788914     
 Abd=   4355.153    
 Catch=   187.140753057513     
 Abd=   1774.997    
 Catch=   102795.371477014     
 Abd=   1711995.    
 Catch=   36777.0167536275     
 Abd=   128992.4    
 Catch=   8390.59582529526     
 Abd=   139637.9    
 Catch=                     NaN
 Abd=            NaN
 Catch=   11355.1709423557     
 Abd=   23976.95    
 Catch=   33369.1331373228     
 Abd=   19485.47    
 Catch=   42924.7565694628     
 Abd=   633011.2    
 Catch=   56622.3089582014     
 Abd=   152573.4    
 Catch=   13425.3044778818     
 Abd=   22753.96    
 Catch=   414056.107344661     
 Abd=   4323171.    
 Time step =         1863
 Catch=   10225.3366367791     
 Abd=   65084.93    
 Catch=   770.621884462401     
 Abd=   4943.847    
 Catch=   13038.4411199973     
 Abd=   14159.05    
 Catch=   873.019021839490     
 Abd=   14496.38    
 Catch=   14072.3174725616     
 Abd=   47299.52    
 Catch=   14.5042640932380     
 Abd=   57.01471    
 Catch=                     NaN
 Abd=            NaN
 Catch=                     NaN
 Abd=            NaN
 Catch=   17093.9188787125     
 Abd=   284473.6    
 Catch=   8278.53993756472     
 Abd=   1880.982    
 Catch=   20830.0454515665     
 Abd=   118192.1    
 Catch=   542.494162437919     
 Abd=   9046.169    
 Catch=                     NaN
 Abd=            NaN
 Catch=   9866.86932594168     
 Abd=   142952.4    
 Catch=   55585.3710027981     
 Abd=   32160.67    
 Catch=                     NaN
 Abd=            NaN
 Catch=   1913.54978245278     
 Abd=   2802.784    
 Catch=                     NaN
 Abd=            NaN
 Catch=   7870.96079558983     
 Abd=   40838.82    
 Catch=   1270.01912788914     
 Abd=   4355.153    
 Catch=   186.656005771989     
 Abd=   1770.577    
 Catch=   102307.107461647     
 Abd=   1704041.    
 Catch=   36776.6201898546     
 Abd=   128991.1    
 Catch=   8337.78483073558     
 Abd=   138775.3    
 Catch=                     NaN
 Abd=            NaN
 Catch=   11355.1675834738     
 Abd=   23976.95    
 Catch=   33369.1428235071     
 Abd=   19485.47    
 Catch=   42753.1339451217     
 Abd=   630539.0    
 Catch=   56622.2794155331     
 Abd=   152573.3    
 Catch=   13425.3080101562     
 Abd=   22753.96    
 Catch=   413789.838498801     
 Abd=   4320522.    
 Time step =         1864
 Catch=   10223.9432649972     
 Abd=   65076.60    
 Catch=   771.086462204093     
 Abd=   4946.923    
 Catch=   13038.4418412528     
 Abd=   14159.05    
 Catch=   863.725603915163     
 Abd=   14344.30    
 Catch=   14072.3172953802     
 Abd=   47299.52    
 Catch=   14.5033027424081     
 Abd=   57.01141    
 Catch=                     NaN
 Abd=            NaN
 Catch=                     NaN
 Abd=            NaN
 Catch=   16985.8851649291     
 Abd=   282706.5    
 Catch=   8278.53993756472     
 Abd=   1880.982    
 Catch=   20805.2519158612     
 Abd=   118054.9    
 Catch=   541.272452725955     
 Abd=   9026.426    
 Catch=                     NaN
 Abd=            NaN
 Catch=   9821.88544495808     
 Abd=   142314.2    
 Catch=   55585.3739495807     
 Abd=   32160.67    
 Catch=                     NaN
 Abd=            NaN
 Catch=   1913.54978245278     
 Abd=   2802.784    
 Catch=                     NaN
 Abd=            NaN
 Catch=   7870.55152985853     
 Abd=   40836.84    
 Catch=   1270.01912788914     
 Abd=   4355.153    
 Catch=   186.208716669562     
 Abd=   1766.496    
 Catch=   101841.875153621     
 Abd=   1696456.    
 Catch=   36776.2500258596     
 Abd=   128989.9    
 Catch=   8287.20781989711     
 Abd=   137948.0    
 Catch=                     NaN
 Abd=            NaN
 Catch=   11355.1667385318     
 Abd=   23976.95    
 Catch=   33369.1418396817     
 Abd=   19485.47    
 Catch=   42589.9913069015     
 Abd=   628188.4    
 Catch=   56622.2921644637     
 Abd=   152573.5    
 Catch=   13425.3058397159     
 Abd=   22753.96    
 Catch=   413548.304121422     
 Abd=   4318121.    
 Time step =         1865
 Catch=   10222.7084753259     
 Abd=   65069.20    
 Catch=   771.581420243307     
 Abd=   4950.197    
 Catch=   13038.4427877151     
 Abd=   14159.05    
 Catch=   854.792233800238     
 Abd=   14198.06    
 Catch=   14072.3171867475     
 Abd=   47299.52    
 Catch=   14.5025599402636     
 Abd=   57.00883    
 Catch=                     NaN
 Abd=            NaN
 Catch=                     NaN
 Abd=            NaN
 Catch=   16882.1480945389     
 Abd=   281008.2    
 Catch=   8278.53993756472     
 Abd=   1880.982    
 Catch=   20781.6678052246     
 Abd=   117924.2    
 Catch=   540.127035703509     
 Abd=   9007.910    
 Catch=                     NaN
 Abd=            NaN
 Catch=   9778.91999931000     
 Abd=   141704.3    
 Catch=   55585.3629820911     
 Abd=   32160.66    
 Catch=                     NaN
 Abd=            NaN
 Catch=   1913.54978245278     
 Abd=   2802.784    
 Catch=                     NaN
 Abd=            NaN
 Catch=   7870.19585803246     
 Abd=   40835.11    
 Catch=   1270.01912788914     
 Abd=   4355.153    
 Catch=   185.795266340230     
 Abd=   1762.719    
 Catch=   101398.163550144     
 Abd=   1689222.    
 Catch=   36775.9154779406     
 Abd=   128988.8    
 Catch=   8238.68940679296     
 Abd=   137155.0    
 Catch=                     NaN
 Abd=            NaN
 Catch=   11355.1666436534     
 Abd=   23976.95    
 Catch=   33369.1390303003     
 Abd=   19485.47    
 Catch=   42434.8104892989     
 Abd=   625951.3    
 Catch=   56622.3092170684     
 Abd=   152573.4    
 Catch=   13425.3048888407     
 Abd=   22753.95    
 Catch=   413329.111163575     
 Abd=   4315940.    
 Time step =         1866
 Catch=   10221.6146806394     
 Abd=   65062.65    
 Catch=   772.107615018714     
 Abd=   4953.674    
 Catch=   13038.4414055975     
 Abd=   14159.05    
 Catch=   846.198784817877     
 Abd=   14057.32    
 Catch=   14072.3170979021     
 Abd=   47299.52    
 Catch=   14.5019828324622     
 Abd=   57.00684    
 Catch=                     NaN
 Abd=            NaN
 Catch=                     NaN
 Abd=            NaN
 Catch=   16782.4210423931     
 Abd=   279376.1    
 Catch=   8278.53993756472     
 Abd=   1880.982    
 Catch=   20759.2120377328     
 Abd=   117799.9    
 Catch=   539.052714562967     
 Abd=   8990.538    
 Catch=                     NaN
 Abd=            NaN
 Catch=   9737.84485598624     
 Abd=   141120.1    
 Catch=   55585.3603083003     
 Abd=   32160.66    
 Catch=                     NaN
 Abd=            NaN
 Catch=   1913.54978245278     
 Abd=   2802.784    
 Catch=                     NaN
 Abd=            NaN
 Catch=   7869.88096966908     
 Abd=   40833.57    
 Catch=   1270.01912788914     
 Abd=   4355.153    
 Catch=   185.412513484174     
 Abd=   1759.221    
 Catch=   100974.818519572     
 Abd=   1682318.    
 Catch=   36775.6060341470     
 Abd=   128987.7    
 Catch=   8192.16803152511     
 Abd=   136394.3    
 Catch=                     NaN
 Abd=            NaN
 Catch=   11355.1653652701     
 Abd=   23976.93    
 Catch=   33369.1404052465     
 Abd=   19485.47    
 Catch=   42287.0589002623     
 Abd=   623820.9    
 Catch=   56622.2800360681     
 Abd=   152573.3    
 Catch=   13425.3046325097     
 Abd=   22753.95    
 Catch=   413130.078517942     
 Abd=   4313960.    
 Time step =         1867
 Catch=   10220.6439593109     
 Abd=   65056.81    
 Catch=   772.665483431547     
 Abd=   4957.353    
 Catch=   13038.4415960692     
 Abd=   14159.05    
 Catch=   837.926673439835     
 Abd=   13921.82    
 Catch=   14072.3170330765     
 Abd=   47299.52    
 Catch=   14.5015306781012     
 Abd=   57.00525    
 Catch=                     NaN
 Abd=            NaN
 Catch=                     NaN
 Abd=            NaN
 Catch=   16686.5274086477     
 Abd=   277806.2    
 Catch=   8278.53993756472     
 Abd=   1880.982    
 Catch=   20737.8382473029     
 Abd=   117681.4    
 Catch=   538.044355546234     
 Abd=   8974.232    
 Catch=                     NaN
 Abd=            NaN
 Catch=   9698.50077085582     
 Abd=   140561.4    
 Catch=   55585.3527132171     
 Abd=   32160.66    
 Catch=                     NaN
 Abd=            NaN
 Catch=   1913.54978245278     
 Abd=   2802.784    
 Catch=                     NaN
 Abd=            NaN
 Catch=   7869.60115123381     
 Abd=   40832.21    
 Catch=   1270.01912788914     
 Abd=   4355.153    
 Catch=   185.057857809261     
 Abd=   1755.977    
 Catch=   100570.574150870     
 Abd=   1675721.    
 Catch=   36775.2871992914     
 Abd=   128986.4    
 Catch=   8147.52559992584     
 Abd=   135664.1    
 Catch=                     NaN
 Abd=            NaN
 Catch=   11355.1663102375     
 Abd=   23976.95    
 Catch=   33369.1339613344     
 Abd=   19485.47    
 Catch=   42146.2962183340     
 Abd=   621790.1    
 Catch=   56622.2614152360     
 Abd=   152573.3    
 Catch=   13425.3029145407     
 Abd=   22753.95    
 Catch=   412949.509036250     
 Abd=   4312166.    
 Time step =         1868
 Catch=   10219.7768962690     
 Abd=   65051.61    
 Catch=   773.255247906486     
 Abd=   4961.240    
 Catch=   13038.4403764762     
 Abd=   14159.05    
 Catch=   829.959076402016     
 Abd=   13791.26    
 Catch=   14072.3169729758     
 Abd=   47299.52    
 Catch=   14.5011733485721     
 Abd=   57.00404    
 Catch=                     NaN
 Abd=            NaN
 Catch=                     NaN
 Abd=            NaN
 Catch=   16594.2910995354     
 Abd=   276295.7    
 Catch=   8278.53993756472     
 Abd=   1880.982    
 Catch=   20717.4690002826     
 Abd=   117568.5    
 Catch=   537.098100246880     
 Abd=   8958.933    
 Catch=                     NaN
 Abd=            NaN
 Catch=   9660.85450671359     
 Abd=   140026.5    
 Catch=   55585.3454442156     
 Abd=   32160.66    
 Catch=                     NaN
 Abd=            NaN
 Catch=   1913.54978245278     
 Abd=   2802.784    
 Catch=                     NaN
 Abd=            NaN
 Catch=   7869.35353935773     
 Abd=   40831.00    
 Catch=   1270.01912788914     
 Abd=   4355.153    
 Catch=   184.728689607482     
 Abd=   1752.966    
 Catch=   100184.337954680     
 Abd=   1669418.    
 Catch=   36774.9122123075     
 Abd=   128985.1    
 Catch=   8104.65470142850     
 Abd=   134962.7    
 Catch=                     NaN
 Abd=            NaN
 Catch=   11355.1657068421     
 Abd=   23976.95    
 Catch=   33369.1390085154     
 Abd=   19485.47    
 Catch=   42012.0588338054     
 Abd=   619852.8    
 Catch=   56622.2605793904     
 Abd=   152573.3    
 Catch=   13425.3012781793     
 Abd=   22753.95    
 Catch=   412785.506946089     
 Abd=   4310534.    
 Time step =         1869
 Catch=   10219.0050484623     
 Abd=   65046.98    
 Catch=   773.877981602554     
 Abd=   4965.341    
 Catch=   13038.4418314576     
 Abd=   14159.06    
 Catch=   822.280500695144     
 Abd=   13665.39    
 Catch=   14072.3169329376     
 Abd=   47299.52    
 Catch=   14.5009001351151     
 Abd=   57.00309    
 Catch=                     NaN
 Abd=            NaN
 Catch=                     NaN
 Abd=            NaN
 Catch=   16505.4954194395     
 Abd=   274841.0    
 Catch=   8278.53993756472     
 Abd=   1880.982    
 Catch=   20698.0461260166     
 Abd=   117460.9    
 Catch=   536.210086464453     
 Abd=   8944.571    
 Catch=                     NaN
 Abd=            NaN
 Catch=   9624.79947004721     
 Abd=   139514.2    
 Catch=   55585.3575025725     
 Abd=   32160.66    
 Catch=                     NaN
 Abd=            NaN
 Catch=   1913.54978245278     
 Abd=   2802.784    
 Catch=                     NaN
 Abd=            NaN
 Catch=   7869.13631760636     
 Abd=   40829.94    
 Catch=   1270.01912788914     
 Abd=   4355.153    
 Catch=   184.422808648153     
 Abd=   1750.164    
 Catch=   99815.0727453788     
 Abd=   1663389.    
 Catch=   36774.5663357085     
 Abd=   128984.1    
 Catch=   8063.46372291799     
 Abd=   134288.5    
 Catch=                     NaN
 Abd=            NaN
 Catch=   11355.1645063625     
 Abd=   23976.93    
 Catch=   33369.1379735428     
 Abd=   19485.46    
 Catch=   41883.9809161170     
 Abd=   618004.0    
 Catch=   56622.2684462936     
 Abd=   152573.3    
 Catch=   13425.3026299980     
 Abd=   22753.95    
 Catch=   412636.896734848     
 Abd=   4309056.    
 Time step =         1870
 Catch=   10218.3217728614     
 Abd=   65042.87    
 Catch=   774.534380058381     
 Abd=   4969.659    
 Catch=   13038.4419840553     
 Abd=   14159.05    
 Catch=   814.875887760563     
 Abd=   13543.99    
 Catch=   14072.3168936865     
 Abd=   47299.52    
 Catch=   14.5006920888573     
 Abd=   57.00238    
 Catch=                     NaN
 Abd=            NaN
 Catch=                     NaN
 Abd=            NaN
 Catch=   16419.9753966257     
 Abd=   273439.9    
 Catch=   8278.53993756472     
 Abd=   1880.982    
 Catch=   20679.5266938451     
 Abd=   117358.2    
 Catch=   535.376156176736     
 Abd=   8931.080    
 Catch=                     NaN
 Abd=            NaN
 Catch=   9590.25694860305     
 Abd=   139023.2    
 Catch=   55585.3658732880     
 Abd=   32160.67    
 Catch=                     NaN
 Abd=            NaN
 Catch=   1913.54978245278     
 Abd=   2802.784    
 Catch=                     NaN
 Abd=            NaN
 Catch=   7868.94689607639     
 Abd=   40829.03    
 Catch=   1270.01912788914     
 Abd=   4355.153    
 Catch=   184.138132884772     
 Abd=   1747.556    
 Catch=   99461.7673767497     
 Abd=   1657620.    
 Catch=   36774.2761701871     
 Abd=   128983.1    
 Catch=   8023.86773125549     
 Abd=   133639.4    
 Catch=                     NaN
 Abd=            NaN
 Catch=   11355.1635178986     
 Abd=   23976.94    
 Catch=   33369.1374217629     
 Abd=   19485.47    
 Catch=   41761.6948734214     
 Abd=   616237.6    
 Catch=   56622.2465756799     
 Abd=   152573.2    
 Catch=   13425.3026036738     
 Abd=   22753.95    
 Catch=   412501.951550219     
 Abd=   4307714.    
 Time step =         1871
 Catch=   10217.7099493033     
 Abd=   65039.21    
 Catch=   775.224479589272     
 Abd=   4974.194    
 Catch=   13038.4376387835     
 Abd=   14159.04    
 Catch=   807.732355587486     
 Abd=   13426.84    
 Catch=   14072.3165213920     
 Abd=   47299.51    
 Catch=   14.5005292241118     
 Abd=   57.00181    
 Catch=                     NaN
 Abd=            NaN
 Catch=                     NaN
 Abd=            NaN
 Catch=   16337.5703478755     
 Abd=   272088.9    
 Catch=   8278.53993756472     
 Abd=   1880.982    
 Catch=   20661.8555241454     
 Abd=   117260.2    
 Catch=   534.593095683102     
 Abd=   8918.414    
 Catch=                     NaN
 Abd=            NaN
 Catch=   9557.14385374346     
 Abd=   138551.3    
 Catch=   55585.3637457730     
 Abd=   32160.67    
 Catch=                     NaN
 Abd=            NaN
 Catch=   1913.54978245278     
 Abd=   2802.784    
 Catch=                     NaN
 Abd=            NaN
 Catch=   7868.77934498270     
 Abd=   40828.21    
 Catch=   1270.01912788914     
 Abd=   4355.153    
 Catch=   183.870081885093     
 Abd=   1745.023    
 Catch=   99123.5753828773     
 Abd=   1652095.    
 Catch=   36774.0184371025     
 Abd=   128982.2    
 Catch=   7985.71993571901     
 Abd=   133014.6    
 Catch=                     NaN
 Abd=            NaN
 Catch=   11355.1646245799     
 Abd=   23976.94    
 Catch=   33369.1362237190     
 Abd=   19485.47    
 Catch=   41644.8293614536     
 Abd=   614549.6    
 Catch=   56622.2254578561     
 Abd=   152573.2    
 Catch=   13425.3042397736     
 Abd=   22753.95    
 Catch=   412379.445026283     
 Abd=   4306495.    
 Time step =         1872
 Catch=   10217.1680338961     
 Abd=   65035.95    
 Catch=   775.949077210768     
 Abd=   4978.953    
 Catch=   13038.4376157740     
 Abd=   14159.05    
 Catch=   800.836494807732     
 Abd=   13313.72    
 Catch=   14072.3143846828     
 Abd=   47299.50    
 Catch=   14.5004003609547     
 Abd=   57.00137    
 Catch=                     NaN
 Abd=            NaN
 Catch=                     NaN
 Abd=            NaN
 Catch=   16258.0819090682     
 Abd=   270784.7    
 Catch=   8278.53993756472     
 Abd=   1880.982    
 Catch=   20644.9834200989     
 Abd=   117166.5    
 Catch=   533.857559744598     
 Abd=   8906.516    
 Catch=                     NaN
 Abd=            NaN
 Catch=   9525.31104260615     
 Abd=   138098.5    
 Catch=   55585.3599024188     
 Abd=   32160.66    
 Catch=                     NaN
 Abd=            NaN
 Catch=   1913.54978245278     
 Abd=   2802.784    
 Catch=                     NaN
 Abd=            NaN
 Catch=   7868.63433231688     
 Abd=   40827.52    
 Catch=   1270.01912788914     
 Abd=   4355.153    
 Catch=   183.604837034507     
 Abd=   1742.562    
 Catch=   98799.6028661414     
 Abd=   1646801.    
 Catch=   36773.7727606135     
 Abd=   128981.3    
 Catch=   7949.00025176300     
 Abd=   132413.2    
 Catch=                     NaN
 Abd=            NaN
 Catch=   11355.1669605992     
 Abd=   23976.96    
 Catch=   33369.1415126658     
 Abd=   19485.47    
 Catch=   41533.1092397418     
 Abd=   612935.0    
 Catch=   56622.2322794449     
 Abd=   152573.2    
 Catch=   13425.2979385682     
 Abd=   22753.94    
 Catch=   412268.391339089     
 Abd=   4305391.    
 Time step =         1873
 Catch=   10216.6864320293     
 Abd=   65033.08    
 Catch=   776.708719149432     
 Abd=   4983.937    
 Catch=   13038.4419571946     
 Abd=   14159.05    
 Catch=   794.177046427702     
 Abd=   13204.46    
 Catch=   14072.3138976666     
 Abd=   47299.50    
 Catch=   14.5003027000212     
 Abd=   57.00103    
 Catch=                     NaN
 Abd=            NaN
 Catch=                     NaN
 Abd=            NaN
 Catch=   16181.3616690940     
 Abd=   269526.8    
 Catch=   8278.53993756472     
 Abd=   1880.982    
 Catch=   20628.8608139832     
 Abd=   117077.1    
 Catch=   533.166743460980     
 Abd=   8895.338    
 Catch=                     NaN
 Abd=            NaN
 Catch=   9494.73968231821     
 Abd=   137663.4    
 Catch=   55585.3557324163     
 Abd=   32160.66    
 Catch=                     NaN
 Abd=            NaN
 Catch=   1913.54978245278     
 Abd=   2802.784    
 Catch=                     NaN
 Abd=            NaN
 Catch=   7868.50687508755     
 Abd=   40826.89    
 Catch=   1270.01912788914     
 Abd=   4355.153    
 Catch=   183.351896653421     
 Abd=   1740.168    
 Catch=   98489.1172631239     
 Abd=   1641726.    
 Catch=   36773.4705062579     
 Abd=   128980.2    
 Catch=   7913.63874740803     
 Abd=   131832.7    
 Catch=                     NaN
 Abd=            NaN
 Catch=   11355.1741287361     
 Abd=   23976.96    
 Catch=   33369.1392755110     
 Abd=   19485.47    
 Catch=   41426.2184781815     
 Abd=   611389.9    
 Catch=   56622.2554474364     
 Abd=   152573.3    
 Catch=   13425.3029051795     
 Abd=   22753.96    
 Catch=   412167.529411251     
 Abd=   4304386.    
 Time step =         1874
 Catch=   10216.2603454410     
 Abd=   65030.53    
 Catch=   777.503039183593     
 Abd=   4989.144    
 Catch=   13038.4434028122     
 Abd=   14159.05    
 Catch=   787.742884884902     
 Abd=   13098.86    
 Catch=   14072.3137280171     
 Abd=   47299.50    
 Catch=   14.5002230097925     
 Abd=   57.00076    
 Catch=                     NaN
 Abd=            NaN
 Catch=                     NaN
 Abd=            NaN
 Catch=   16107.3200800290     
 Abd=   268312.2    
 Catch=   8278.53993756472     
 Abd=   1880.982    
 Catch=   20613.4594037991     
 Abd=   116991.6    
 Catch=   532.517564364313     
 Abd=   8884.838    
 Catch=                     NaN
 Abd=            NaN
 Catch=   9465.36823767605     
 Abd=   137244.3    
 Catch=   55585.3463893662     
 Abd=   32160.66    
 Catch=                     NaN
 Abd=            NaN
 Catch=   1913.54978245278     
 Abd=   2802.784    
 Catch=                     NaN
 Abd=            NaN
 Catch=   7868.39403682909     
 Abd=   40826.35    
 Catch=   1270.01912788914     
 Abd=   4355.153    
 Catch=   183.098343143721     
 Abd=   1737.791    
 Catch=   98191.4112764638     
 Abd=   1636857.    
 Catch=   36773.2241585419     
 Abd=   128979.5    
 Catch=   7879.50291660303     
 Abd=   131273.3    
 Catch=                     NaN
 Abd=            NaN
 Catch=   11355.1706475805     
 Abd=   23976.95    
 Catch=   33369.1390750913     
 Abd=   19485.48    
 Catch=   41323.8847795585     
 Abd=   609910.0    
 Catch=   56622.2616144394     
 Abd=   152573.3    
 Catch=   13425.3065473145     
 Abd=   22753.96    
 Catch=   412075.912538055     
 Abd=   4303475.    
 Time step =         1875
 Catch=   10215.8801296016     
 Abd=   65028.23    
 Catch=   778.332477291131     
 Abd=   4994.575    
 Catch=   13038.4419860394     
 Abd=   14159.05    
 Catch=   781.523323444133     
 Abd=   12996.77    
 Catch=   14072.3165602340     
 Abd=   47299.52    
 Catch=   14.5001617394714     
 Abd=   57.00053    
 Catch=                     NaN
 Abd=            NaN
 Catch=                     NaN
 Abd=            NaN
 Catch=   16035.8194854959     
 Abd=   267139.2    
 Catch=   8278.53993756472     
 Abd=   1880.982    
 Catch=   20598.7288979624     
 Abd=   116909.8    
 Catch=   531.908034073498     
 Abd=   8874.977    
 Catch=                     NaN
 Abd=            NaN
 Catch=   9437.07780469803     
 Abd=   136841.7    
 Catch=   55585.3478351435     
 Abd=   32160.66    
 Catch=                     NaN
 Abd=            NaN
 Catch=   1913.54978245278     
 Abd=   2802.784    
 Catch=                     NaN
 Abd=            NaN
 Catch=   7868.29523746640     
 Abd=   40825.84    
 Catch=   1270.01912788914     
 Abd=   4355.153    
 Catch=   182.854768144433     
 Abd=   1735.541    
 Catch=   97905.6647563063     
 Abd=   1632184.    
 Catch=   36773.0422136741     
 Abd=   128979.0    
 Catch=   7846.59713273425     
 Abd=   130731.8    
 Catch=                     NaN
 Abd=            NaN
 Catch=   11355.1665217614     
 Abd=   23976.94    
 Catch=   33369.1475583957     
 Abd=   19485.48    
 Catch=   41225.8519309560     
 Abd=   608492.1    
 Catch=   56622.2429180438     
 Abd=   152573.2    
 Catch=   13425.3082094896     
 Abd=   22753.96    
 Catch=   411992.710788144     
 Abd=   4302648.    
 Time step =         1876
 Catch=   10215.5383155785     
 Abd=   65026.18    
 Catch=   779.197488855115     
 Abd=   5000.239    
 Catch=   13038.4407290923     
 Abd=   14159.05    
 Catch=   775.509044390396     
 Abd=   12898.03    
 Catch=   14072.3188532611     
 Abd=   47299.52    
 Catch=   14.5001159826410     
 Abd=   57.00040    
 Catch=                     NaN
 Abd=            NaN
 Catch=                     NaN
 Abd=            NaN
 Catch=   15966.7500626160     
 Abd=   266005.8    
 Catch=   8278.53993756472     
 Abd=   1880.982    
 Catch=   20584.6388146458     
 Abd=   116831.6    
 Catch=   531.335141810758     
 Abd=   8865.705    
 Catch=                     NaN
 Abd=            NaN
 Catch=   9409.88128853024     
 Abd=   136454.4    
 Catch=   55585.3623295259     
 Abd=   32160.68    
 Catch=                     NaN
 Abd=            NaN
 Catch=   1913.54978245278     
 Abd=   2802.784    
 Catch=                     NaN
 Abd=            NaN
 Catch=   7868.20220990464     
 Abd=   40825.39    
 Catch=   1270.01912788914     
 Abd=   4355.153    
 Catch=   182.624305777110     
 Abd=   1733.413    
 Catch=   97631.3773361651     
 Abd=   1627698.    
 Catch=   36772.9021831903     
 Abd=   128978.5    
 Catch=   7814.73859671515     
 Abd=   130209.4    
 Catch=                     NaN
 Abd=            NaN
 Catch=   11355.1671386065     
 Abd=   23976.95    
 Catch=   33369.1421945627     
 Abd=   19485.47    
 Catch=   41131.8903072810     
 Abd=   607132.5    
 Catch=   56622.2258971372     
 Abd=   152573.2    
 Catch=   13425.3075882608     
 Abd=   22753.96    
 Catch=   411917.416845790     
 Abd=   4301900.    
 Time step =         1877
 Catch=   10215.2348123459     
 Abd=   65024.36    
 Catch=   780.097608876644     
 Abd=   5006.123    
 Catch=   13038.4427605912     
 Abd=   14159.06    
 Catch=   769.691151142447     
 Abd=   12802.49    
 Catch=   14072.3209709341     
 Abd=   47299.53    
 Catch=   14.5000847632622     
 Abd=   57.00026    
 Catch=                     NaN
 Abd=            NaN
 Catch=                     NaN
 Abd=            NaN
 Catch=   15899.9972726741     
 Abd=   264910.1    
 Catch=   8278.53993756472     
 Abd=   1880.982    
 Catch=   20571.1658011189     
 Abd=   116756.8    
 Catch=   530.796667877577     
 Abd=   8856.988    
 Catch=                     NaN
 Abd=            NaN
 Catch=   9383.72976112991     
 Abd=   136082.0    
 Catch=   55585.3583995201     
 Abd=   32160.66    
 Catch=                     NaN
 Abd=            NaN
 Catch=   1913.54978245278     
 Abd=   2802.784    
 Catch=                     NaN
 Abd=            NaN
 Catch=   7868.12179034961     
 Abd=   40825.02    
 Catch=   1270.01912788914     
 Abd=   4355.153    
 Catch=   182.406347237655     
 Abd=   1731.400    
 Catch=   97367.9160076832     
 Abd=   1623385.    
 Catch=   36772.7881183555     
 Abd=   128978.2    
 Catch=   7784.00105947219     
 Abd=   129705.4    
 Catch=                     NaN
 Abd=            NaN
 Catch=   11355.1673528896     
 Abd=   23976.95    
 Catch=   33369.1347983324     
 Abd=   19485.46    
 Catch=   41041.7664681542     
 Abd=   605828.1    
 Catch=   56622.2407164316     
 Abd=   152573.3    
 Catch=   13425.3065200935     
 Abd=   22753.95    
 Catch=   411848.939806462     
 Abd=   4301218.    
 Time step =         1878
 Catch=   10214.9674364945     
 Abd=   65022.76    
 Catch=   781.032376692167     
 Abd=   5012.229    
 Catch=   13038.4434775673     
 Abd=   14159.05    
 Catch=   764.061109715561     
 Abd=   12710.03    
 Catch=   14072.3216904211     
 Abd=   47299.53    
 Catch=   14.5000505208097     
 Abd=   57.00015    
 Catch=                     NaN
 Abd=            NaN
 Catch=                     NaN
 Abd=            NaN
 Catch=   15835.4593170491     
 Abd=   263850.6    
 Catch=   8278.53993756472     
 Abd=   1880.982    
 Catch=   20558.2698877100     
 Abd=   116685.1    
 Catch=   530.290369938507     
 Abd=   8848.797    
 Catch=                     NaN
 Abd=            NaN
 Catch=   9358.56612636121     
 Abd=   135723.4    
 Catch=   55585.3460857021     
 Abd=   32160.66    
 Catch=                     NaN
 Abd=            NaN
 Catch=   1913.54978245278     
 Abd=   2802.784    
 Catch=                     NaN
 Abd=            NaN
 Catch=   7868.05614535868     
 Abd=   40824.70    
 Catch=   1270.01912788914     
 Abd=   4355.153    
 Catch=   182.190462191000     
 Abd=   1729.311    
 Catch=   97114.6923636136     
 Abd=   1619241.    
 Catch=   36772.7020527789     
 Abd=   128977.9    
 Catch=   7754.33195521969     
 Abd=   129218.7    
 Catch=                     NaN
 Abd=            NaN
 Catch=   11355.1667662970     
 Abd=   23976.95    
 Catch=   33369.1251217913     
 Abd=   19485.46    
 Catch=   40955.2724499037     
 Abd=   604575.8    
 Catch=   56622.2379318497     
 Abd=   152573.2    
 Catch=   13425.3055685481     
 Abd=   22753.96    
 Catch=   411786.877805054     
 Abd=   4300600.    
 Time step =         1879
 Catch=   10214.7276078518     
 Abd=   65021.32    
 Catch=   782.001820327946     
 Abd=   5018.557    
 Catch=   13038.4408465379     
 Abd=   14159.05    
 Catch=   758.610634669178     
 Abd=   12620.49    
 Catch=   14072.3218361949     
 Abd=   47299.53    
 Catch=   14.5000290531752     
 Abd=   57.00009    
 Catch=                     NaN
 Abd=            NaN
 Catch=                     NaN
 Abd=            NaN
 Catch=   15773.0295989978     
 Abd=   262825.3    
 Catch=   8278.53993756472     
 Abd=   1880.982    
 Catch=   20545.9251574749     
 Abd=   116616.6    
 Catch=   529.814672773270     
 Abd=   8841.098    
 Catch=                     NaN
 Abd=            NaN
 Catch=   9334.32596211197     
 Abd=   135378.0    
 Catch=   55585.3503822623     
 Abd=   32160.66    
 Catch=                     NaN
 Abd=            NaN
 Catch=   1913.54978245278     
 Abd=   2802.784    
 Catch=                     NaN
 Abd=            NaN
 Catch=   7867.99485673788     
 Abd=   40824.39    
 Catch=   1270.01912788914     
 Abd=   4355.153    
 Catch=   181.975601416229     
 Abd=   1727.292    
 Catch=   96871.2257013283     
 Abd=   1615255.    
 Catch=   36772.6542361018     
 Abd=   128977.8    
 Catch=   7725.67747816217     
 Abd=   128748.5    
 Catch=                     NaN
 Abd=            NaN
 Catch=   11355.1683553989     
 Abd=   23976.95    
 Catch=   33369.1326177205     
 Abd=   19485.47    
 Catch=   40872.2104517037     
 Abd=   603372.8    
 Catch=   56622.2486599448     
 Abd=   152573.3    
 Catch=   13425.3053875318     
 Abd=   22753.96    
 Catch=   411730.463283367     
 Abd=   4300040.    
 Time step =         1880
 Catch=   10214.5104144071     
 Abd=   65019.99    
 Catch=   783.004984763819     
 Abd=   5025.096    
 Catch=   13038.4419268578     
 Abd=   14159.06    
 Catch=   753.332199388617     
 Abd=   12533.76    
 Catch=   14072.3218386582     
 Abd=   47299.53    
 Catch=   14.5000134435881     
 Abd=   57.00004    
 Catch=                     NaN
 Abd=            NaN
 Catch=                     NaN
 Abd=            NaN
 Catch=   15712.6011588667     
 Abd=   261832.9    
 Catch=   8278.53993756472     
 Abd=   1880.982    
 Catch=   20534.1129134904     
 Abd=   116551.0    
 Catch=   529.367221358176     
 Abd=   8833.857    
 Catch=                     NaN
 Abd=            NaN
 Catch=   9310.97898331838     
 Abd=   135045.4    
 Catch=   55585.3477351282     
 Abd=   32160.66    
 Catch=                     NaN
 Abd=            NaN
 Catch=   1913.54978245278     
 Abd=   2802.784    
 Catch=                     NaN
 Abd=            NaN
 Catch=   7867.94200069387     
 Abd=   40824.15    
 Catch=   1270.01912788914     
 Abd=   4355.153    
 Catch=   181.760248732061     
 Abd=   1725.253    
 Catch=   96637.0243714345     
 Abd=   1611420.    
 Catch=   36772.6021280294     
 Abd=   128977.6    
 Catch=   7697.98258192594     
 Abd=   128293.9    
 Catch=                     NaN
 Abd=            NaN
 Catch=   11355.1653834186     
 Abd=   23976.94    
 Catch=   33369.1354427108     
 Abd=   19485.46    
 Catch=   40792.3907978642     
 Abd=   602216.6    
 Catch=   56622.2631956604     
 Abd=   152573.3    
 Catch=   13425.3055612883     
 Abd=   22753.96    
 Catch=   411679.306023787     
 Abd=   4299532.    
 Time step =         1881
 Catch=   10214.3166298641     
 Abd=   65018.86    
 Catch=   784.040784761208     
 Abd=   5031.843    
 Catch=   13038.4415886064     
 Abd=   14159.05    
 Catch=   748.218835764055     
 Abd=   12449.74    
 Catch=   14072.3218386582     
 Abd=   47299.53    
 Catch=   14.5000088198494     
 Abd=   57.00004    
 Catch=                     NaN
 Abd=            NaN
 Catch=                     NaN
 Abd=            NaN
 Catch=   15654.1058851445     
 Abd=   260871.8    
 Catch=   8278.53993756472     
 Abd=   1880.982    
 Catch=   20522.7940848313     
 Abd=   116488.0    
 Catch=   528.946460492381     
 Abd=   8827.042    
 Catch=                     NaN
 Abd=            NaN
 Catch=   9288.49390457222     
 Abd=   134724.8    
 Catch=   55585.3621460546     
 Abd=   32160.67    
 Catch=                     NaN
 Abd=            NaN
 Catch=   1913.54978245278     
 Abd=   2802.784    
 Catch=                     NaN
 Abd=            NaN
 Catch=   7867.89643908604     
 Abd=   40823.93    
 Catch=   1270.01912788914     
 Abd=   4355.153    
 Catch=   181.552819513274     
 Abd=   1723.350    
 Catch=   96411.6197352679     
 Abd=   1607728.    
 Catch=   36772.5589317411     
 Abd=   128977.5    
 Catch=   7671.20634624282     
 Abd=   127854.3    
 Catch=                     NaN
 Abd=            NaN
 Catch=   11355.1667175939     
 Abd=   23976.95    
 Catch=   33369.1301542851     
 Abd=   19485.46    
 Catch=   40715.6762407926     
 Abd=   601104.8    
 Catch=   56622.2510072014     
 Abd=   152573.3    
 Catch=   13425.3056130789     
 Abd=   22753.95    
 Catch=   411632.944177278     
 Abd=   4299070.    
 Time step =         1882
 Catch=   10214.1480386793     
 Abd=   65017.84    
 Catch=   785.108779470867     
 Abd=   5038.791    
 Catch=   13038.4408337983     
 Abd=   14159.05    
 Catch=   743.264136461818     
 Abd=   12368.32    
 Catch=   14072.3218386582     
 Abd=   47299.53    
 Catch=   14.5000088198494     
 Abd=   57.00004    
 Catch=                     NaN
 Abd=            NaN
 Catch=                     NaN
 Abd=            NaN
 Catch=   15597.4460616321     
 Abd=   259941.0    
 Catch=   8278.53993756472     
 Abd=   1880.982    
 Catch=   20511.9463686041     
 Abd=   116427.8    
 Catch=   528.550442847439     
 Abd=   8820.630    
 Catch=                     NaN
 Abd=            NaN
 Catch=   9266.80021047050     
 Abd=   134415.4    
 Catch=   55585.3595351369     
 Abd=   32160.67    
 Catch=                     NaN
 Abd=            NaN
 Catch=   1913.54978245278     
 Abd=   2802.784    
 Catch=                     NaN
 Abd=            NaN
 Catch=   7867.85897159628     
 Abd=   40823.75    
 Catch=   1270.01912788914     
 Abd=   4355.153    
 Catch=   181.359276510039     
 Abd=   1721.574    
 Catch=   96194.5655096717     
 Abd=   1604172.    
 Catch=   36772.5417961697     
 Abd=   128977.4    
 Catch=   7645.31249306530     
 Abd=   127429.2    
 Catch=                     NaN
 Abd=            NaN
 Catch=   11355.1667761738     
 Abd=   23976.95    
 Catch=   33369.1306771388     
 Abd=   19485.47    
 Catch=   40641.8658852088     
 Abd=   600034.9    
 Catch=   56622.2422590293     
 Abd=   152573.2    
 Catch=   13425.3010448804     
 Abd=   22753.95    
 Catch=   411590.655685322     
 Abd=   4298648.    
 Time step =         1883
 Catch=   10213.9971240174     
 Abd=   65016.93    
 Catch=   786.206845168119     
 Abd=   5045.927    
 Catch=   13038.4407215372     
 Abd=   14159.05    
 Catch=   738.461552817763     
 Abd=   12289.38    
 Catch=   14072.3218386582     
 Abd=   47299.53    
 Catch=   14.5000088198494     
 Abd=   57.00004    
 Catch=                     NaN
 Abd=            NaN
 Catch=                     NaN
 Abd=            NaN
 Catch=   15542.5584856713     
 Abd=   259039.0    
 Catch=   8278.53993756472     
 Abd=   1880.982    
 Catch=   20501.5528325333     
 Abd=   116370.0    
 Catch=   528.178108498478     
 Abd=   8814.608    
 Catch=                     NaN
 Abd=            NaN
 Catch=   9245.88169594201     
 Abd=   134117.1    
 Catch=   55585.3642995380     
 Abd=   32160.67    
 Catch=                     NaN
 Abd=            NaN
 Catch=   1913.54978245278     
 Abd=   2802.784    
 Catch=                     NaN
 Abd=            NaN
 Catch=   7867.82366325926     
 Abd=   40823.56    
 Catch=   1270.01912788914     
 Abd=   4355.153    
 Catch=   181.178401561701     
 Abd=   1719.913    
 Catch=   95985.5270706626     
 Abd=   1600747.    
 Catch=   36772.5140560562     
 Abd=   128977.3    
 Catch=   7620.25975257896     
 Abd=   127017.7    
 Catch=                     NaN
 Abd=            NaN
 Catch=   11355.1658794267     
 Abd=   23976.94    
 Catch=   33369.1360034007     
 Abd=   19485.46    
 Catch=   40570.8081436301     
 Abd=   599004.5    
 Catch=   56622.2328295356     
 Abd=   152573.2    
 Catch=   13425.3052177440     
 Abd=   22753.96    
 Catch=   411552.191168567     
 Abd=   4298267.    
 Time step =         1884
 Catch=   10213.8606766340     
 Abd=   65016.09    
 Catch=   787.333571046914     
 Abd=   5053.241    
 Catch=   13038.4421609297     
 Abd=   14159.05    
 Catch=   733.805401012204     
 Abd=   12211.83    
 Catch=   14072.3218386582     
 Abd=   47299.53    
 Catch=   14.5000088198494     
 Abd=   57.00004    
 Catch=                     NaN
 Abd=            NaN
 Catch=                     NaN
 Abd=            NaN
 Catch=   15489.3599074788     
 Abd=   258164.7    
 Catch=   8278.53993756472     
 Abd=   1880.982    
 Catch=   20491.5881146450     
 Abd=   116314.6    
 Catch=   527.828123602890     
 Abd=   8808.939    
 Catch=                     NaN
 Abd=            NaN
 Catch=   9225.69463551260     
 Abd=   133829.1    
 Catch=   55585.3724943946     
 Abd=   32160.67    
 Catch=                     NaN
 Abd=            NaN
 Catch=   1913.54978245278     
 Abd=   2802.784    
 Catch=                     NaN
 Abd=            NaN
 Catch=   7867.78813587779     
 Abd=   40823.39    
 Catch=   1270.01912788914     
 Abd=   4355.153    
 Catch=   181.009217863284     
 Abd=   1718.359    
 Catch=   95784.0975749937     
 Abd=   1597446.    
 Catch=   36772.4865580886     
 Abd=   128977.2    
 Catch=   7596.00586557369     
 Abd=   126619.3    
 Catch=                     NaN
 Abd=            NaN
 Catch=   11355.1663403779     
 Abd=   23976.95    
 Catch=   33369.1348234814     
 Abd=   19485.47    
 Catch=   40502.3891290340     
 Abd=   598012.7    
 Catch=   56622.2448171461     
 Abd=   152573.2    
 Catch=   13425.3101274000     
 Abd=   22753.97    
 Catch=   411517.433999635     
 Abd=   4297920.    
 Time step =         1885
 Catch=   10213.7365132654     
 Abd=   65015.36    
 Catch=   788.487689774726     
 Abd=   5060.731    
 Catch=   13038.4399811798     
 Abd=   14159.05    
 Catch=   729.231721559858     
 Abd=   12136.65    
 Catch=   14072.3218386582     
 Abd=   47299.53    
 Catch=   14.5000088198494     
 Abd=   57.00004    
 Catch=                     NaN
 Abd=            NaN
 Catch=                     NaN
 Abd=            NaN
 Catch=   15437.7959009185     
 Abd=   257316.9    
 Catch=   8278.53993756472     
 Abd=   1880.982    
 Catch=   20482.0372157391     
 Abd=   116261.5    
 Catch=   527.498934593316     
 Abd=   8803.613    
 Catch=                     NaN
 Abd=            NaN
 Catch=   9206.20577514928     
 Abd=   133551.1    
 Catch=   55585.3671901292     
 Abd=   32160.66    
 Catch=                     NaN
 Abd=            NaN
 Catch=   1913.54978245278     
 Abd=   2802.784    
 Catch=                     NaN
 Abd=            NaN
 Catch=   7867.75817731601     
 Abd=   40823.23    
 Catch=   1270.01912788914     
 Abd=   4355.153    
 Catch=   180.850796012024     
 Abd=   1716.903    
 Catch=   95589.9064994936     
 Abd=   1594262.    
 Catch=   36772.4728272504     
 Abd=   128977.2    
 Catch=   7572.51927844077     
 Abd=   126233.5    
 Catch=                     NaN
 Abd=            NaN
 Catch=   11355.1660856388     
 Abd=   23976.94    
 Catch=   33369.1371790800     
 Abd=   19485.47    
 Catch=   40436.4956002961     
 Abd=   597056.6    
 Catch=   56622.2284727603     
 Abd=   152573.3    
 Catch=   13425.3076752543     
 Abd=   22753.95    
 Catch=   411485.846474880     
 Abd=   4297606.    
 Time step =         1886
 Catch=   10213.6315444377     
 Abd=   65014.73    
 Catch=   789.667391442633     
 Abd=   5068.369    
 Catch=   13038.4386303439     
 Abd=   14159.05    
 Catch=   724.797424669794     
 Abd=   12063.76    
 Catch=   14072.3218386582     
 Abd=   47299.53    
 Catch=   14.5000088198494     
 Abd=   57.00004    
 Catch=                     NaN
 Abd=            NaN
 Catch=                     NaN
 Abd=            NaN
 Catch=   15387.7830330591     
 Abd=   256494.7    
 Catch=   8278.53993756472     
 Abd=   1880.982    
 Catch=   20472.8661547440     
 Abd=   116210.5    
 Catch=   527.189397420239     
 Abd=   8798.604    
 Catch=                     NaN
 Abd=            NaN
 Catch=   9187.38309403090     
 Abd=   133282.4    
 Catch=   55585.3511159156     
 Abd=   32160.67    
 Catch=                     NaN
 Abd=            NaN
 Catch=   1913.54978245278     
 Abd=   2802.784    
 Catch=                     NaN
 Abd=            NaN
 Catch=   7867.72846506428     
 Abd=   40823.09    
 Catch=   1270.01912788914     
 Abd=   4355.153    
 Catch=   180.702285907470     
 Abd=   1715.536    
 Catch=   95402.5615401372     
 Abd=   1591190.    
 Catch=   36772.4676754612     
 Abd=   128977.2    
 Catch=   7549.77072553167     
 Abd=   125859.6    
 Catch=                     NaN
 Abd=            NaN
 Catch=   11355.1679342208     
 Abd=   23976.96    
 Catch=   33369.1384486037     
 Abd=   19485.46    
 Catch=   40372.9501654950     
 Abd=   596134.4    
 Catch=   56622.2547967043     
 Abd=   152573.3    
 Catch=   13425.3058610066     
 Abd=   22753.96    
 Catch=   411457.114460439     
 Abd=   4297320.    
 Time step =         1887
 Catch=   10213.5386545076     
 Abd=   65014.18    
 Catch=   790.869626067058     
 Abd=   5076.151    
 Catch=   13038.4377532172     
 Abd=   14159.05    
 Catch=   720.497153718555     
 Abd=   11993.06    
 Catch=   14072.3218386582     
 Abd=   47299.53    
 Catch=   14.5000088198494     
 Abd=   57.00004    
 Catch=                     NaN
 Abd=            NaN
 Catch=                     NaN
 Abd=            NaN
 Catch=   15339.2629034231     
 Abd=   255694.8    
 Catch=   8278.53993756472     
 Abd=   1880.982    
 Catch=   20464.0657025986     
 Abd=   116161.5    
 Catch=   526.898329217505     
 Abd=   8793.892    
 Catch=                     NaN
 Abd=            NaN
 Catch=   9169.19440862636     
 Abd=   133022.8    
 Catch=   55585.3594744740     
 Abd=   32160.67    
 Catch=                     NaN
 Abd=            NaN
 Catch=   1913.54978245278     
 Abd=   2802.784    
 Catch=                     NaN
 Abd=            NaN
 Catch=   7867.70215321758     
 Abd=   40822.97    
 Catch=   1270.01912788914     
 Abd=   4355.153    
 Catch=   180.562797614886     
 Abd=   1714.252    
 Catch=   95221.8131435452     
 Abd=   1588226.    
 Catch=   36772.4575220963     
 Abd=   128977.2    
 Catch=   7527.72638203867     
 Abd=   125497.4    
 Catch=                     NaN
 Abd=            NaN
 Catch=   11355.1717257621     
 Abd=   23976.96    
 Catch=   33369.1314764272     
 Abd=   19485.46    
 Catch=   40311.6724524422     
 Abd=   595245.4    
 Catch=   56622.2383058155     
 Abd=   152573.2    
 Catch=   13425.3082871733     
 Abd=   22753.96    
 Catch=   411431.033843157     
 Abd=   4297060.    
 Time step =         1888
 Catch=   10213.4536854491     
 Abd=   65013.66    
 Catch=   792.092955149965     
 Abd=   5084.058    
 Catch=   13038.4346547437     
 Abd=   14159.04    
 Catch=   716.324968874246     
 Abd=   11924.45    
 Catch=   14072.3218386582     
 Abd=   47299.53    
 Catch=   14.5000088198494     
 Abd=   57.00004    
 Catch=                     NaN
 Abd=            NaN
 Catch=                     NaN
 Abd=            NaN
 Catch=   15292.0525143664     
 Abd=   254917.3    
 Catch=   8278.53993756472     
 Abd=   1880.982    
 Catch=   20455.6229558899     
 Abd=   116114.6    
 Catch=   526.624454444458     
 Abd=   8789.455    
 Catch=                     NaN
 Abd=            NaN
 Catch=   9151.61089992965     
 Abd=   132771.7    
 Catch=   55585.3594606160     
 Abd=   32160.67    
 Catch=                     NaN
 Abd=            NaN
 Catch=   1913.54978245278     
 Abd=   2802.784    
 Catch=                     NaN
 Abd=            NaN
 Catch=   7867.68175546232     
 Abd=   40822.87    
 Catch=   1270.01912788914     
 Abd=   4355.153    
 Catch=   180.431710068923     
 Abd=   1713.045    
 Catch=   95047.3393974778     
 Abd=   1585364.    
 Catch=   36772.4548431578     
 Abd=   128977.2    
 Catch=   7506.36111367422     
 Abd=   125146.2    
 Catch=                     NaN
 Abd=            NaN
 Catch=   11355.1721520352     
 Abd=   23976.96    
 Catch=   33369.1338768279     
 Abd=   19485.47    
 Catch=   40252.5607542501     
 Abd=   594387.1    
 Catch=   56622.2521029288     
 Abd=   152573.3    
 Catch=   13425.3121832391     
 Abd=   22753.97    
 Catch=   411407.224570338     
 Abd=   4296824.    
 Time step =         1889
 Catch=   10213.3792480386     
 Abd=   65013.23    
 Catch=   793.334374936946     
 Abd=   5092.072    
 Catch=   13038.4382682582     
 Abd=   14159.05    
 Catch=   712.276702774398     
 Abd=   11857.88    
 Catch=   14072.3218386582     
 Abd=   47299.53    
 Catch=   14.5000088198494     
 Abd=   57.00004    
 Catch=                     NaN
 Abd=            NaN
 Catch=                     NaN
 Abd=            NaN
 Catch=   15246.1670944484     
 Abd=   254162.4    
 Catch=   8278.53993756472     
 Abd=   1880.982    
 Catch=   20447.5278995751     
 Abd=   116069.6    
 Catch=   526.366766521745     
 Abd=   8785.283    
 Catch=                     NaN
 Abd=            NaN
 Catch=   9134.60728437928     
 Abd=   132528.9    
 Catch=   55585.3525813003     
 Abd=   32160.66    
 Catch=                     NaN
 Abd=            NaN
 Catch=   1913.54978245278     
 Abd=   2802.784    
 Catch=                     NaN
 Abd=            NaN
 Catch=   7867.66634044688     
 Abd=   40822.80    
 Catch=   1270.01912788914     
 Abd=   4355.153    
 Catch=   180.308473371938     
 Abd=   1711.910    
 Catch=   94878.8667181670     
 Abd=   1582600.    
 Catch=   36772.4537210955     
 Abd=   128977.2    
 Catch=   7485.63803359676     
 Abd=   124805.4    
 Catch=                     NaN
 Abd=            NaN
 Catch=   11355.1696213159     
 Abd=   23976.95    
 Catch=   33369.1399868530     
 Abd=   19485.47    
 Catch=   40195.4808171716     
 Abd=   593558.1    
 Catch=   56622.2475013043     
 Abd=   152573.2    
 Catch=   13425.3134325262     
 Abd=   22753.97    
 Catch=   411385.630574713     
 Abd=   4296608.    
 Time step =         1890
 Catch=   10213.3153388409     
 Abd=   65012.85    
 Catch=   794.591421000025     
 Abd=   5100.180    
 Catch=   13038.4414997945     
 Abd=   14159.05    
 Catch=   708.347505618084     
 Abd=   11793.24    
 Catch=   14072.3218386582     
 Abd=   47299.53    
 Catch=   14.5000088198494     
 Abd=   57.00004    
 Catch=                     NaN
 Abd=            NaN
 Catch=                     NaN
 Abd=            NaN
 Catch=   15201.6093391724     
 Abd=   253429.5    
 Catch=   8278.53993756472     
 Abd=   1880.982    
 Catch=   20439.7543469305     
 Abd=   116026.3    
 Catch=   526.124243849664     
 Abd=   8781.357    
 Catch=                     NaN
 Abd=            NaN
 Catch=   9118.16771031255     
 Abd=   132294.1    
 Catch=   55585.3460243848     
 Abd=   32160.66    
 Catch=                     NaN
 Abd=            NaN
 Catch=   1913.54978245278     
 Abd=   2802.784    
 Catch=                     NaN
 Abd=            NaN
 Catch=   7867.65403695375     
 Abd=   40822.75    
 Catch=   1270.01912788914     
 Abd=   4355.153    
 Catch=   180.192430218236     
 Abd=   1710.840    
 Catch=   94716.0482507978     
 Abd=   1579927.    
 Catch=   36772.4475257676     
 Abd=   128977.2    
 Catch=   7465.53128006129     
 Abd=   124474.8    
 Catch=                     NaN
 Abd=            NaN
 Catch=   11355.1662292517     
 Abd=   23976.95    
 Catch=   33369.1413502587     
 Abd=   19485.47    
 Catch=   40140.3294114826     
 Abd=   592757.1    
 Catch=   56622.2215808065     
 Abd=   152573.2    
 Catch=   13425.3126205220     
 Abd=   22753.97    
 Catch=   411366.041778789     
 Abd=   4296414.    
 Time step =         1891
 Catch=   10213.2577993503     
 Abd=   65012.50    
 Catch=   795.861770642767     
 Abd=   5108.362    
 Catch=   13038.4372098750     
 Abd=   14159.04    
 Catch=   704.532632831183     
 Abd=   11730.49    
 Catch=   14072.3218386582     
 Abd=   47299.53    
 Catch=   14.5000088198494     
 Abd=   57.00004    
 Catch=                     NaN
 Abd=            NaN
 Catch=                     NaN
 Abd=            NaN
 Catch=   15158.3449915434     
 Abd=   252717.7    
 Catch=   8278.53993756472     
 Abd=   1880.982    
 Catch=   20432.2864263840     
 Abd=   115984.8    
 Catch=   525.896012585991     
 Abd=   8777.662    
 Catch=                     NaN
 Abd=            NaN
 Catch=   9102.25601613699     
 Abd=   132066.8    
 Catch=   55585.3589171980     
 Abd=   32160.66    
 Catch=                     NaN
 Abd=            NaN
 Catch=   1913.54978245278     
 Abd=   2802.784    
 Catch=                     NaN
 Abd=            NaN
 Catch=   7867.64398068869     
 Abd=   40822.70    
 Catch=   1270.01912788914     
 Abd=   4355.153    
 Catch=   180.083084260696     
 Abd=   1709.833    
 Catch=   94558.6709404146     
 Abd=   1577344.    
 Catch=   36772.4415560244     
 Abd=   128977.1    
 Catch=   7446.02759428603     
 Abd=   124154.0    
 Catch=                     NaN
 Abd=            NaN
 Catch=   11355.1679739709     
 Abd=   23976.95    
 Catch=   33369.1407612859     
 Abd=   19485.47    
 Catch=   40087.0626014322     
 Abd=   591983.4    
 Catch=   56622.2291367841     
 Abd=   152573.2    
 Catch=   13425.3088025947     
 Abd=   22753.96    
 Catch=   411348.257051324     
 Abd=   4296238.    
 Time step =         1892
 Catch=   10213.2096218520     
 Abd=   65012.19    
 Catch=   797.141679875483     
 Abd=   5116.595    
 Catch=   13038.4365374666     
 Abd=   14159.05    
 Catch=   700.828387813870     
 Abd=   11669.56    
 Catch=   14072.3218386582     
 Abd=   47299.53    
 Catch=   14.5000088198494     
 Abd=   57.00004    
 Catch=                     NaN
 Abd=            NaN
 Catch=                     NaN
 Abd=            NaN
 Catch=   15116.3109312559     
 Abd=   252025.0    
 Catch=   8278.53993756472     
 Abd=   1880.982    
 Catch=   20425.1245467762     
 Abd=   115945.0    
 Catch=   525.681439764261     
 Abd=   8774.186    
 Catch=                     NaN
 Abd=            NaN
 Catch=   9086.85165583395     
 Abd=   131846.7    
 Catch=   55585.3581137086     
 Abd=   32160.67    
 Catch=                     NaN
 Abd=            NaN
 Catch=   1913.54978245278     
 Abd=   2802.784    
 Catch=                     NaN
 Abd=            NaN
 Catch=   7867.63900749968     
 Abd=   40822.68    
 Catch=   1270.01912788914     
 Abd=   4355.153    
 Catch=   179.979928248770     
 Abd=   1708.880    
 Catch=   94406.5516321473     
 Abd=   1574847.    
 Catch=   36772.4408196262     
 Abd=   128977.1    
 Catch=   7427.09521236011     
 Abd=   123841.7    
 Catch=                     NaN
 Abd=            NaN
 Catch=   11355.1664440449     
 Abd=   23976.95    
 Catch=   33369.1359802250     
 Abd=   19485.47    
 Catch=   40035.5520986906     
 Abd=   591234.6    
 Catch=   56622.2383634087     
 Abd=   152573.2    
 Catch=   13425.3105962113     
 Abd=   22753.96    
 Catch=   411332.024600917     
 Abd=   4296075.    
 Time step =         1893
 Catch=   10213.1599211569     
 Abd=   65011.90    
 Catch=   798.428477425658     
 Abd=   5124.864    
 Catch=   13038.4390201204     
 Abd=   14159.05    
 Catch=   697.231121878693     
 Abd=   11610.37    
 Catch=   14072.3218386582     
 Abd=   47299.53    
 Catch=   14.5000088198494     
 Abd=   57.00004    
 Catch=                     NaN
 Abd=            NaN
 Catch=                     NaN
 Abd=            NaN
 Catch=   15075.4089771668     
 Abd=   251351.9    
 Catch=   8278.53993756472     
 Abd=   1880.982    
 Catch=   20418.2447241697     
 Abd=   115906.7    
 Catch=   525.479213900471     
 Abd=   8770.912    
 Catch=                     NaN
 Abd=            NaN
 Catch=   9071.93497870268     
 Abd=   131633.5    
 Catch=   55585.3570780342     
 Abd=   32160.66    
 Catch=                     NaN
 Abd=            NaN
 Catch=   1913.54978245278     
 Abd=   2802.784    
 Catch=                     NaN
 Abd=            NaN
 Catch=   7867.63051865426     
 Abd=   40822.63    
 Catch=   1270.01912788914     
 Abd=   4355.153    
 Catch=   179.882549579799     
 Abd=   1707.982    
 Catch=   94259.3747458843     
 Abd=   1572431.    
 Catch=   36772.4488306798     
 Abd=   128977.2    
 Catch=   7408.65637055370     
 Abd=   123538.3    
 Catch=                     NaN
 Abd=            NaN
 Catch=   11355.1689019395     
 Abd=   23976.96    
 Catch=   33369.1378144461     
 Abd=   19485.47    
 Catch=   39985.7270989349     
 Abd=   590510.8    
 Catch=   56622.2360906313     
 Abd=   152573.2    
 Catch=   13425.3102405105     
 Abd=   22753.96    
 Catch=   411317.393327857     
 Abd=   4295930.    
 Time step =         1894
 Catch=   10213.1171191149     
 Abd=   65011.64    
 Catch=   799.719236739372     
 Abd=   5133.149    
 Catch=   13038.4371527280     
 Abd=   14159.05    
 Catch=   693.736189506928     
 Abd=   11552.83    
 Catch=   14072.3218386582     
 Abd=   47299.53    
 Catch=   14.5000088198494     
 Abd=   57.00004    
 Catch=                     NaN
 Abd=            NaN
 Catch=                     NaN
 Abd=            NaN
 Catch=   15035.6494875787     
 Abd=   250697.4    
 Catch=   8278.53993756472     
 Abd=   1880.982    
 Catch=   20411.6287023460     
 Abd=   115869.8    
 Catch=   525.289036396979     
 Abd=   8767.830    
 Catch=                     NaN
 Abd=            NaN
 Catch=   9057.48486893011     
 Abd=   131427.0    
 Catch=   55585.3618211201     
 Abd=   32160.67    
 Catch=                     NaN
 Abd=            NaN
 Catch=   1913.54978245278     
 Abd=   2802.784    
 Catch=                     NaN
 Abd=            NaN
 Catch=   7867.62283918000     
 Abd=   40822.59    
 Catch=   1270.01912788914     
 Abd=   4355.153    
 Catch=   179.790466641256     
 Abd=   1707.131    
 Catch=   94117.0291645765     
 Abd=   1570094.    
 Catch=   36772.4536032470     
 Abd=   128977.2    
 Catch=   7390.74477868974     
 Abd=   123243.6    
 Catch=                     NaN
 Abd=            NaN
 Catch=   11355.1711799624     
 Abd=   23976.96    
 Catch=   33369.1354699077     
 Abd=   19485.47    
 Catch=   39937.5184842542     
 Abd=   589809.8    
 Catch=   56622.2340479595     
 Abd=   152573.2    
 Catch=   13425.3104676792     
 Abd=   22753.96    
 Catch=   411304.116406374     
 Abd=   4295798.    
 Time step =         1895
 Catch=   10213.0760723034     
 Abd=   65011.38    
 Catch=   801.010690846465     
 Abd=   5141.426    
 Catch=   13038.4390585703     
 Abd=   14159.05    
 Catch=   690.334361302654     
 Abd=   11496.80    
 Catch=   14072.3218386582     
 Abd=   47299.53    
 Catch=   14.5000088198494     
 Abd=   57.00004    
 Catch=                     NaN
 Abd=            NaN
 Catch=                     NaN
 Abd=            NaN
 Catch=   14996.9874116844     
 Abd=   250060.8    
 Catch=   8278.53993756472     
 Abd=   1880.982    
 Catch=   20405.2669218064     
 Abd=   115834.5    
 Catch=   525.109788087009     
 Abd=   8764.928    
 Catch=                     NaN
 Abd=            NaN
 Catch=   9043.48425561894     
 Abd=   131227.0    
 Catch=   55585.3551647560     
 Abd=   32160.66    
 Catch=                     NaN
 Abd=            NaN
 Catch=   1913.54978245278     
 Abd=   2802.784    
 Catch=                     NaN
 Abd=            NaN
 Catch=   7867.61390673301     
 Abd=   40822.55    
 Catch=   1270.01912788914     
 Abd=   4355.153    
 Catch=   179.703387957224     
 Abd=   1706.327    
 Catch=   93979.3118523088     
 Abd=   1567832.    
 Catch=   36772.4502184710     
 Abd=   128977.2    
 Catch=   7373.34648557795     
 Abd=   122956.3    
 Catch=                     NaN
 Abd=            NaN
 Catch=   11355.1708484802     
 Abd=   23976.96    
 Catch=   33369.1385757913     
 Abd=   19485.47    
 Catch=   39890.8472080554     
 Abd=   589131.1    
 Catch=   56622.2321241995     
 Abd=   152573.2    
 Catch=   13425.3131969978     
 Abd=   22753.96    
 Catch=   411291.995722317     
 Abd=   4295677.    
 Time step =         1896
 Catch=   10213.0415534015     
 Abd=   65011.20    
 Catch=   802.299807666447     
 Abd=   5149.682    
 Catch=   13038.4390540599     
 Abd=   14159.05    
 Catch=   687.025949232037     
 Abd=   11442.35    
 Catch=   14072.3218386582     
 Abd=   47299.53    
 Catch=   14.5000088198494     
 Abd=   57.00004    
 Catch=                     NaN
 Abd=            NaN
 Catch=                     NaN
 Abd=            NaN
 Catch=   14959.3759235074     
 Abd=   249440.7    
 Catch=   8278.53993756472     
 Abd=   1880.982    
 Catch=   20399.1694137600     
 Abd=   115800.5    
 Catch=   524.941144583713     
 Abd=   8762.196    
 Catch=                     NaN
 Abd=            NaN
 Catch=   9029.92263862691     
 Abd=   131033.1    
 Catch=   55585.3482384806     
 Abd=   32160.66    
 Catch=                     NaN
 Abd=            NaN
 Catch=   1913.54978245278     
 Abd=   2802.784    
 Catch=                     NaN
 Abd=            NaN
 Catch=   7867.60569586105     
 Abd=   40822.50    
 Catch=   1270.01912788914     
 Abd=   4355.153    
 Catch=   179.621070984880     
 Abd=   1705.567    
 Catch=   93845.9028155127     
 Abd=   1565640.    
 Catch=   36772.4471705626     
 Abd=   128977.1    
 Catch=   7356.37298289749     
 Abd=   122676.9    
 Catch=                     NaN
 Abd=            NaN
 Catch=   11355.1687871009     
 Abd=   23976.95    
 Catch=   33369.1349862584     
 Abd=   19485.46    
 Catch=   39845.6295335083     
 Abd=   588473.4    
 Catch=   56622.2429238810     
 Abd=   152573.3    
 Catch=   13425.3111574553     
 Abd=   22753.96    
 Catch=   411281.029714727     
 Abd=   4295570.    
 Time step =         1897
 Catch=   10213.0133351705     
 Abd=   65011.02    
 Catch=   803.583773298575     
 Abd=   5157.892    
 Catch=   13038.4427973930     
 Abd=   14159.05    
 Catch=   683.809321874117     
 Abd=   11389.37    
 Catch=   14072.3218386582     
 Abd=   47299.53    
 Catch=   14.5000088198494     
 Abd=   57.00004    
 Catch=                     NaN
 Abd=            NaN
 Catch=                     NaN
 Abd=            NaN
 Catch=   14922.7474610739     
 Abd=   248837.6    
 Catch=   8278.53993756472     
 Abd=   1880.982    
 Catch=   20393.3028797207     
 Abd=   115767.8    
 Catch=   524.782381104601     
 Abd=   8759.626    
 Catch=                     NaN
 Abd=            NaN
 Catch=   9016.77026744890     
 Abd=   130845.0    
 Catch=   55585.3544614327     
 Abd=   32160.66    
 Catch=                     NaN
 Abd=            NaN
 Catch=   1913.54978245278     
 Abd=   2802.784    
 Catch=                     NaN
 Abd=            NaN
 Catch=   7867.59999049305     
 Abd=   40822.48    
 Catch=   1270.01912788914     
 Abd=   4355.153    
 Catch=   179.543046035191     
 Abd=   1704.845    
 Catch=   93716.7171283312     
 Abd=   1563518.    
 Catch=   36772.4375239842     
 Abd=   128977.1    
 Catch=   7339.87500669030     
 Abd=   122405.4    
 Catch=                     NaN
 Abd=            NaN
 Catch=   11355.1662688648     
 Abd=   23976.95    
 Catch=   33369.1352010001     
 Abd=   19485.46    
 Catch=   39801.8086361751     
 Abd=   587836.0    
 Catch=   56622.2556985762     
 Abd=   152573.3    
 Catch=   13425.3125943147     
 Abd=   22753.96    
 Catch=   411271.075174179     
 Abd=   4295469.    
 Time step =         1898
 Catch=   10212.9892376874     
 Abd=   65010.89    
 Catch=   804.859564807990     
 Abd=   5166.042    
 Catch=   13038.4433565297     
 Abd=   14159.06    
 Catch=   680.677195967255     
 Abd=   11337.81    
 Catch=   14072.3218386582     
 Abd=   47299.53    
 Catch=   14.5000088198494     
 Abd=   57.00004    
 Catch=                     NaN
 Abd=            NaN
 Catch=                     NaN
 Abd=            NaN
 Catch=   14887.1055522390     
 Abd=   248250.6    
 Catch=   8278.53993756472     
 Abd=   1880.982    
 Catch=   20387.6604254366     
 Abd=   115736.5    
 Catch=   524.632956567556     
 Abd=   8757.205    
 Catch=                     NaN
 Abd=            NaN
 Catch=   9004.01581651998     
 Abd=   130662.6    
 Catch=   55585.3469515598     
 Abd=   32160.66    
 Catch=                     NaN
 Abd=            NaN
 Catch=   1913.54978245278     
 Abd=   2802.784    
 Catch=                     NaN
 Abd=            NaN
 Catch=   7867.59216576575     
 Abd=   40822.44    
 Catch=   1270.01912788914     
 Abd=   4355.153    
 Catch=   179.469007912417     
 Abd=   1704.160    
 Catch=   93591.5748118269     
 Abd=   1561461.    
 Catch=   36772.4320150477     
 Abd=   128977.1    
 Catch=   7323.84141567546     
 Abd=   122141.5    
 Catch=                     NaN
 Abd=            NaN
 Catch=   11355.1670325928     
 Abd=   23976.95    
 Catch=   33369.1322789694     
 Abd=   19485.47    
 Catch=   39759.3542208952     
 Abd=   587218.4    
 Catch=   56622.2662030514     
 Abd=   152573.4    
 Catch=   13425.3153715690     
 Abd=   22753.97    
 Catch=   411261.932364832     
 Abd=   4295378.    
 Time step =         1899
 Catch=   10212.9666672112     
 Abd=   65010.71    
 Catch=   806.124181980948     
 Abd=   5174.110    
 Catch=   13038.4426600754     
 Abd=   14159.05    
 Catch=   677.632906095395     
 Abd=   11287.71    
 Catch=   14072.3218386582     
 Abd=   47299.53    
 Catch=   14.5000088198494     
 Abd=   57.00004    
 Catch=                     NaN
 Abd=            NaN
 Catch=                     NaN
 Abd=            NaN
 Catch=   14852.4248758256     
 Abd=   247679.4    
 Catch=   8278.53993756472     
 Abd=   1880.982    
 Catch=   20382.2402029141     
 Abd=   115706.3    
 Catch=   524.492403132834     
 Abd=   8754.934    
 Catch=                     NaN
 Abd=            NaN
 Catch=   8991.63948021704     
 Abd=   130485.6    
 Catch=   55585.3479788086     
 Abd=   32160.66    
 Catch=                     NaN
 Abd=            NaN
 Catch=   1913.54978245278     
 Abd=   2802.784    
 Catch=                     NaN
 Abd=            NaN
 Catch=   7867.58734302341     
 Abd=   40822.42    
 Catch=   1270.01912788914     
 Abd=   4355.153    
 Catch=   179.398816011294     
 Abd=   1703.511    
 Catch=   93470.3545696383     
 Abd=   1559468.    
 Catch=   36772.4238218565     
 Abd=   128977.1    
 Catch=   7308.24867579415     
 Abd=   121884.7    
 Catch=                     NaN
 Abd=            NaN
 Catch=   11355.1682848687     
 Abd=   23976.95    
 Catch=   33369.1375331839     
 Abd=   19485.47    
 Catch=   39718.1784994154     
 Abd=   586618.9    
 Catch=   56622.2866084879     
 Abd=   152573.3    
 Catch=   13425.3119224423     
 Abd=   22753.96    
 Catch=   411253.654871159     
 Abd=   4295296.    
 Time step =         1900
 Catch=   10212.9426504860     
 Abd=   65010.61    
 Catch=   807.374668012319     
 Abd=   5182.079    
 Catch=   13038.4409506164     
 Abd=   14159.05    
 Catch=   674.674325239918     
 Abd=   11239.01    
 Catch=   14072.3218386582     
 Abd=   47299.53    
 Catch=   14.5000088198494     
 Abd=   57.00004    
 Catch=                     NaN
 Abd=            NaN
 Catch=                     NaN
 Abd=            NaN
 Catch=   14818.6653206413     
 Abd=   247123.3    
 Catch=   8278.53993756472     
 Abd=   1880.982    
 Catch=   20377.0292801275     
 Abd=   115677.3    
 Catch=   524.360310637330     
 Abd=   8752.791    
 Catch=                     NaN
 Abd=            NaN
 Catch=   8979.62492374046     
 Abd=   130313.7    
 Catch=   55585.3536524123     
 Abd=   32160.66    
 Catch=                     NaN
 Abd=            NaN
 Catch=   1913.54978245278     
 Abd=   2802.784    
 Catch=                     NaN
 Abd=            NaN
 Catch=   7867.58002204629     
 Abd=   40822.38    
 Catch=   1270.01912788914     
 Abd=   4355.153    
 Catch=   179.332148141302     
 Abd=   1702.894    
 Catch=   93352.7544932782     
 Abd=   1557535.    
 Catch=   36772.4296617870     
 Abd=   128977.1    
 Catch=   7293.08063057317     
 Abd=   121635.0    
 Catch=                     NaN
 Abd=            NaN
 Catch=   11355.1672190296     
 Abd=   23976.95    
 Catch=   33369.1438567850     
 Abd=   19485.47    
 Catch=   39678.2321801513     
 Abd=   586037.6    
 Catch=   56622.2703060673     
 Abd=   152573.4    
 Catch=   13425.3116193038     
 Abd=   22753.97    
 Catch=   411246.295228763     
 Abd=   4295222.    
 Time step =         1901
 Catch=   10212.9265111951     
 Abd=   65010.52    
 Catch=   808.608459439693     
 Abd=   5189.935    
 Catch=   13038.4402044183     
 Abd=   14159.05    
 Catch=   671.797806605086     
 Abd=   11191.66    
 Catch=   14072.3218386582     
 Abd=   47299.53    
 Catch=   14.5000088198494     
 Abd=   57.00004    
 Catch=                     NaN
 Abd=            NaN
 Catch=                     NaN
 Abd=            NaN
 Catch=   14785.7954779113     
 Abd=   246581.8    
 Catch=   8278.53993756472     
 Abd=   1880.982    
 Catch=   20372.0177976087     
 Abd=   115649.3    
 Catch=   524.235730284233     
 Abd=   8750.773    
 Catch=                     NaN
 Abd=            NaN
 Catch=   8967.96203726454     
 Abd=   130146.9    
 Catch=   55585.3485082019     
 Abd=   32160.66    
 Catch=                     NaN
 Abd=            NaN
 Catch=   1913.54978245278     
 Abd=   2802.784    
 Catch=                     NaN
 Abd=            NaN
 Catch=   7867.57773499235     
 Abd=   40822.37    
 Catch=   1270.01912788914     
 Abd=   4355.153    
 Catch=   179.268825827467     
 Abd=   1702.308    
 Catch=   93238.7384735848     
 Abd=   1555661.    
 Catch=   36772.4272180911     
 Abd=   128977.1    
 Catch=   7278.31865781406     
 Abd=   121391.8    
 Catch=                     NaN
 Abd=            NaN
 Catch=   11355.1635554545     
 Abd=   23976.93    
 Catch=   33369.1380192513     
 Abd=   19485.47    
 Catch=   39639.4693932201     
 Abd=   585473.1    
 Catch=   56622.2764015067     
 Abd=   152573.3    
 Catch=   13425.3134579525     
 Abd=   22753.96    
 Catch=   411239.485259925     
 Abd=   4295155.    
 Time step =         1902
 Catch=   10212.9061724876     
 Abd=   65010.37    
 Catch=   809.823486203329     
 Abd=   5197.659    
 Catch=   13038.4427327270     
 Abd=   14159.05    
 Catch=   669.001212636927     
 Abd=   11145.63    
 Catch=   14072.3218386582     
 Abd=   47299.53    
 Catch=   14.5000088198494     
 Abd=   57.00004    
 Catch=                     NaN
 Abd=            NaN
 Catch=                     NaN
 Abd=            NaN
 Catch=   14753.7797731867     
 Abd=   246054.4    
 Catch=   8278.53993756472     
 Abd=   1880.982    
 Catch=   20367.1900163453     
 Abd=   115622.5    
 Catch=   524.118461855055     
 Abd=   8748.876    
 Catch=                     NaN
 Abd=            NaN
 Catch=   8956.64332801848     
 Abd=   129984.9    
 Catch=   55585.3472198848     
 Abd=   32160.66    
 Catch=                     NaN
 Abd=            NaN
 Catch=   1913.54978245278     
 Abd=   2802.784    
 Catch=                     NaN
 Abd=            NaN
 Catch=   7867.57073612067     
 Abd=   40822.34    
 Catch=   1270.01912788914     
 Abd=   4355.153    
 Catch=   179.208668124823     
 Abd=   1701.751    
 Catch=   93128.1780668854     
 Abd=   1553843.    
 Catch=   36772.4318523954     
 Abd=   128977.1    
 Catch=   7263.93832698315     
 Abd=   121154.9    
 Catch=                     NaN
 Abd=            NaN
 Catch=   11355.1608880969     
 Abd=   23976.94    
 Catch=   33369.1380941038     
 Abd=   19485.47    
 Catch=   39601.8208693410     
 Abd=   584924.9    
 Catch=   56622.2681952922     
 Abd=   152573.3    
 Catch=   13425.3110671461     
 Abd=   22753.97    
 Catch=   411233.421384805     
 Abd=   4295095.    
 Time step =         1903
 Catch=   10212.8915709983     
 Abd=   65010.29    
 Catch=   811.016653158081     
 Abd=   5205.238    
 Catch=   13038.4394166942     
 Abd=   14159.05    
 Catch=   666.281456783148     
 Abd=   11100.85    
 Catch=   14072.3218386582     
 Abd=   47299.53    
 Catch=   14.5000088198494     
 Abd=   57.00004    
 Catch=                     NaN
 Abd=            NaN
 Catch=                     NaN
 Abd=            NaN
 Catch=   14722.5919567547     
 Abd=   245540.5    
 Catch=   8278.53993756472     
 Abd=   1880.982    
 Catch=   20362.5488174993     
 Abd=   115596.6    
 Catch=   524.008089726669     
 Abd=   8747.088    
 Catch=                     NaN
 Abd=            NaN
 Catch=   8945.65444839391     
 Abd=   129827.6    
 Catch=   55585.3587319851     
 Abd=   32160.66    
 Catch=                     NaN
 Abd=            NaN
 Catch=   1913.54978245278     
 Abd=   2802.784    
 Catch=                     NaN
 Abd=            NaN
 Catch=   7867.56772447523     
 Abd=   40822.32    
 Catch=   1270.01912788914     
 Abd=   4355.153    
 Catch=   179.151430614705     
 Abd=   1701.220    
 Catch=   93020.9141087383     
 Abd=   1552079.    
 Catch=   36772.4283147388     
 Abd=   128977.1    
 Catch=   7249.93524730882     
 Abd=   120924.1    
 Catch=                     NaN
 Abd=            NaN
 Catch=   11355.1628815234     
 Abd=   23976.94    
 Catch=   33369.1368430067     
 Abd=   19485.47    
 Catch=   39565.2504887982     
 Abd=   584392.2    
 Catch=   56622.2527670479     
 Abd=   152573.2    
 Catch=   13425.3171293563     
 Abd=   22753.97    
 Catch=   411227.887339394     
 Abd=   4295040.    
 Time step =         1904
 Catch=   10212.8785665266     
 Abd=   65010.20    
 Catch=   812.186148432054     
 Abd=   5212.660    
 Catch=   13038.4408824397     
 Abd=   14159.05    
 Catch=   663.636075545236     
 Abd=   11057.29    
 Catch=   14072.3218386582     
 Abd=   47299.53    
 Catch=   14.5000088198494     
 Abd=   57.00004    
 Catch=                     NaN
 Abd=            NaN
 Catch=                     NaN
 Abd=            NaN
 Catch=   14692.2082111167     
 Abd=   245039.8    
 Catch=   8278.53993756472     
 Abd=   1880.982    
 Catch=   20358.0832210750     
 Abd=   115571.8    
 Catch=   523.904086250356     
 Abd=   8745.403    
 Catch=                     NaN
 Abd=            NaN
 Catch=   8934.97674060232     
 Abd=   129674.9    
 Catch=   55585.3446872804     
 Abd=   32160.66    
 Catch=                     NaN
 Abd=            NaN
 Catch=   1913.54978245278     
 Abd=   2802.784    
 Catch=                     NaN
 Abd=            NaN
 Catch=   7867.56496112391     
 Abd=   40822.29    
 Catch=   1270.01912788914     
 Abd=   4355.153    
 Catch=   179.096946606418     
 Abd=   1700.716    
 Catch=   92916.7460232515     
 Abd=   1550365.    
 Catch=   36772.4266355396     
 Abd=   128977.0    
 Catch=   7236.29363080494     
 Abd=   120699.4    
 Catch=                     NaN
 Abd=            NaN
 Catch=   11355.1628403579     
 Abd=   23976.95    
 Catch=   33369.1383485035     
 Abd=   19485.47    
 Catch=   39529.7237626363     
 Abd=   583874.9    
 Catch=   56622.2152815190     
 Abd=   152573.1    
 Catch=   13425.3095901297     
 Abd=   22753.96    
 Catch=   411222.843547655     
 Abd=   4294990.    
 Time step =         1905
 Catch=   10212.8664360291     
 Abd=   65010.16    
 Catch=   813.330235120519     
 Abd=   5219.910    
 Catch=   13038.4380522319     
 Abd=   14159.05    
 Catch=   661.062726640788     
 Abd=   11014.92    
 Catch=   14072.3218386582     
 Abd=   47299.53    
 Catch=   14.5000088198494     
 Abd=   57.00004    
 Catch=                     NaN
 Abd=            NaN
 Catch=                     NaN
 Abd=            NaN
 Catch=   14662.5951190887     
 Abd=   244551.6    
 Catch=   8278.53993756472     
 Abd=   1880.982    
 Catch=   20353.7863229028     
 Abd=   115547.8    
 Catch=   523.806374776353     
 Abd=   8743.820    
 Catch=                     NaN
 Abd=            NaN
 Catch=   8924.60096437233     
 Abd=   129526.3    
 Catch=   55585.3505693579     
 Abd=   32160.66    
 Catch=                     NaN
 Abd=            NaN
 Catch=   1913.54978245278     
 Abd=   2802.784    
 Catch=                     NaN
 Abd=            NaN
 Catch=   7867.55972726934     
 Abd=   40822.29    
 Catch=   1270.01912788914     
 Abd=   4355.153    
 Catch=   179.045099351645     
 Abd=   1700.235    
 Catch=   92815.5951188052     
 Abd=   1548702.    
 Catch=   36772.4229087815     
 Abd=   128977.1    
 Catch=   7223.00778621255     
 Abd=   120480.5    
 Catch=                     NaN
 Abd=            NaN
 Catch=   11355.1680372016     
 Abd=   23976.95    
 Catch=   33369.1372343468     
 Abd=   19485.46    
 Catch=   39495.1938320546     
 Abd=   583371.7    
 Catch=   56622.1888353640     
 Abd=   152573.1    
 Catch=   13425.3097950277     
 Abd=   22753.97    
 Catch=   411218.300608015     
 Abd=   4294945.    
 Time step =         1906
 Catch=   10212.8625126067     
 Abd=   65010.12    
 Catch=   814.446933822738     
 Abd=   5226.981    
 Catch=   13038.4394483725     
 Abd=   14159.05    
 Catch=   658.558643028104     
 Abd=   10973.68    
 Catch=   14072.3218386582     
 Abd=   47299.53    
 Catch=   14.5000088198494     
 Abd=   57.00004    
 Catch=                     NaN
 Abd=            NaN
 Catch=                     NaN
 Abd=            NaN
 Catch=   14633.7192975247     
 Abd=   244075.7    
 Catch=   8278.53993756472     
 Abd=   1880.982    
 Catch=   20349.6534814921     
 Abd=   115524.8    
 Catch=   523.714290180120     
 Abd=   8742.329    
 Catch=                     NaN
 Abd=            NaN
 Catch=   8914.51384570729     
 Abd=   129380.8    
 Catch=   55585.3528960749     
 Abd=   32160.66    
 Catch=                     NaN
 Abd=            NaN
 Catch=   1913.54978245278     
 Abd=   2802.784    
 Catch=                     NaN
 Abd=            NaN
 Catch=   7867.55989881406     
 Abd=   40822.28    
 Catch=   1270.01912788914     
 Abd=   4355.153    
 Catch=   178.995726064345     
 Abd=   1699.777    
 Catch=   92717.4199132544     
 Abd=   1547086.    
 Catch=   36772.4241521809     
 Abd=   128977.1    
 Catch=   7210.06477129196     
 Abd=   120267.2    
 Catch=                     NaN
 Abd=            NaN
 Catch=   11355.1661006728     
 Abd=   23976.95    
 Catch=   33369.1330267988     
 Abd=   19485.46    
 Catch=   39461.6195236489     
 Abd=   582882.4    
 Catch=   56622.1961981168     
 Abd=   152573.1    
 Catch=   13425.3067728259     
 Abd=   22753.96    
 Catch=   411214.277599834     
 Abd=   4294906.    
 Time step =         1907
 Catch=   10212.8556413985     
 Abd=   65010.09    
 Catch=   815.534271835612     
 Abd=   5233.858    
 Catch=   13038.4408180534     
 Abd=   14159.05    
 Catch=   656.121045001568     
 Abd=   10933.53    
 Catch=   14072.3218386582     
 Abd=   47299.53    
 Catch=   14.5000088198494     
 Abd=   57.00004    
 Catch=                     NaN
 Abd=            NaN
 Catch=                     NaN
 Abd=            NaN
 Catch=   14605.5893859365     
 Abd=   243612.2    
 Catch=   8278.53993756472     
 Abd=   1880.982    
 Catch=   20345.6657319677     
 Abd=   115502.6    
 Catch=   523.627436817050     
 Abd=   8740.920    
 Catch=                     NaN
 Abd=            NaN
 Catch=   8904.64223455443     
 Abd=   129239.6    
 Catch=   55585.3485928467     
 Abd=   32160.66    
 Catch=                     NaN
 Abd=            NaN
 Catch=   1913.54978245278     
 Abd=   2802.784    
 Catch=                     NaN
 Abd=            NaN
 Catch=   7867.55934341935     
 Abd=   40822.28    
 Catch=   1270.01912788914     
 Abd=   4355.153    
 Catch=   178.948448066865     
 Abd=   1699.338    
 Catch=   92622.0577648959     
 Abd=   1545517.    
 Catch=   36772.4301273570     
 Abd=   128977.1    
 Catch=   7197.44591761757     
 Abd=   120059.1    
 Catch=                     NaN
 Abd=            NaN
 Catch=   11355.1667476095     
 Abd=   23976.94    
 Catch=   33369.1316827346     
 Abd=   19485.46    
 Catch=   39428.9601206173     
 Abd=   582406.7    
 Catch=   56622.2004717490     
 Abd=   152573.2    
 Catch=   13425.3040172322     
 Abd=   22753.96    
 Catch=   411210.713381435     
 Abd=   4294870.    
 Time step =         1908
 Catch=   10212.8475053621     
 Abd=   65010.04    
 Catch=   816.591231450293     
 Abd=   5240.538    
 Catch=   13038.4391700347     
 Abd=   14159.05    
 Catch=   653.748757468797     
 Abd=   10894.46    
 Catch=   14072.3218386582     
 Abd=   47299.53    
 Catch=   14.5000088198494     
 Abd=   57.00004    
 Catch=                     NaN
 Abd=            NaN
 Catch=                     NaN
 Abd=            NaN
 Catch=   14578.1647430559     
 Abd=   243160.0    
 Catch=   8278.53993756472     
 Abd=   1880.982    
 Catch=   20341.8245230279     
 Abd=   115481.2    
 Catch=   523.545525635195     
 Abd=   8739.595    
 Catch=                     NaN
 Abd=            NaN
 Catch=   8895.04896524788     
 Abd=   129102.2    
 Catch=   55585.3586501406     
 Abd=   32160.67    
 Catch=                     NaN
 Abd=            NaN
 Catch=   1913.54978245278     
 Abd=   2802.784    
 Catch=                     NaN
 Abd=            NaN
 Catch=   7867.55679779438     
 Abd=   40822.26    
 Catch=   1270.01912788914     
 Abd=   4355.153    
 Catch=   178.903367804549     
 Abd=   1698.919    
 Catch=   92529.3646453132     
 Abd=   1543992.    
 Catch=   36772.4256698922     
 Abd=   128977.1    
 Catch=   7185.14523875717     
 Abd=   119856.5    
 Catch=                     NaN
 Abd=            NaN
 Catch=   11355.1665661833     
 Abd=   23976.95    
 Catch=   33369.1323393432     
 Abd=   19485.47    
 Catch=   39397.2012097921     
 Abd=   581943.4    
 Catch=   56622.2183773901     
 Abd=   152573.2    
 Catch=   13425.3080415243     
 Abd=   22753.96    
 Catch=   411207.285557770     
 Abd=   4294834.    
 Time step =         1909
 Catch=   10212.8404283629     
 Abd=   65010.00    
 Catch=   817.617052172531     
 Abd=   5247.014    
 Catch=   13038.4380069330     
 Abd=   14159.05    
 Catch=   651.439470349439     
 Abd=   10856.42    
 Catch=   14072.3218386582     
 Abd=   47299.53    
 Catch=   14.5000088198494     
 Abd=   57.00004    
 Catch=                     NaN
 Abd=            NaN
 Catch=                     NaN
 Abd=            NaN
 Catch=   14551.4138278186     
 Abd=   242718.9    
 Catch=   8278.53993756472     
 Abd=   1880.982    
 Catch=   20338.1348568912     
 Abd=   115460.6    
 Catch=   523.468508597290     
 Abd=   8738.350    
 Catch=                     NaN
 Abd=            NaN
 Catch=   8885.72554617043     
 Abd=   128968.7    
 Catch=   55585.3694926214     
 Abd=   32160.67    
 Catch=                     NaN
 Abd=            NaN
 Catch=   1913.54978245278     
 Abd=   2802.784    
 Catch=                     NaN
 Abd=            NaN
 Catch=   7867.55451860681     
 Abd=   40822.25    
 Catch=   1270.01912788914     
 Abd=   4355.153    
 Catch=   178.860298523075     
 Abd=   1698.520    
 Catch=   92439.2967553768     
 Abd=   1542509.    
 Catch=   36772.4172250485     
 Abd=   128977.0    
 Catch=   7173.15748638830     
 Abd=   119658.8    
 Catch=                     NaN
 Abd=            NaN
 Catch=   11355.1649287294     
 Abd=   23976.95    
 Catch=   33369.1357581273     
 Abd=   19485.47    
 Catch=   39366.2643387329     
 Abd=   581492.6    
 Catch=   56622.2209104588     
 Abd=   152573.2    
 Catch=   13425.3096054688     
 Abd=   22753.96    
 Catch=   411204.175838685     
 Abd=   4294806.    
 Time step =         1910
 Catch=   10212.8345841286     
 Abd=   65009.94    
 Catch=   818.614359470788     
 Abd=   5253.553    
 Catch=   13038.4420959425     
 Abd=   14159.05    
 Catch=   649.191235668129     
 Abd=   10819.39    
 Catch=   14072.3218386582     
 Abd=   47299.53    
 Catch=   14.5000088198494     
 Abd=   57.00004    
 Catch=                     NaN
 Abd=            NaN
 Catch=                     NaN
 Abd=            NaN
 Catch=   14525.3129995876     
 Abd=   242288.6    
 Catch=   8278.53993756472     
 Abd=   1880.982    
 Catch=   20334.5859732839     
 Abd=   115440.9    
 Catch=   523.396125218911     
 Abd=   8737.178    
 Catch=                     NaN
 Abd=            NaN
 Catch=   8876.64567563069     
 Abd=   128838.7    
 Catch=   55585.3683680123     
 Abd=   32160.67    
 Catch=                     NaN
 Abd=            NaN
 Catch=   1913.54978245278     
 Abd=   2802.784    
 Catch=                     NaN
 Abd=            NaN
 Catch=   7867.55294926191     
 Abd=   40822.27    
 Catch=   1270.01912788914     
 Abd=   4355.153    
 Catch=   178.819320668391     
 Abd=   1698.141    
 Catch=   92351.7244909119     
 Abd=   1541068.    
 Catch=   36772.4225022391     
 Abd=   128977.1    
 Catch=   7161.45945456734     
 Abd=   119465.9    
 Catch=                     NaN
 Abd=            NaN
 Catch=   11355.1672554775     
 Abd=   23976.95    
 Catch=   33369.1428755190     
 Abd=   19485.48    
 Catch=   39336.1714671166     
 Abd=   581053.5    
 Catch=   56622.2176475789     
 Abd=   152573.2    
 Catch=   13425.3084030150     
 Abd=   22753.96    
 Catch=   411201.420990422     
 Abd=   4294775.    
 Time step =         1861
 Catch=   10212.8249406455     
 Abd=   65009.89    
 Catch=   819.961698051985     
 Abd=   5265.279    
 Catch=   13038.4411999602     
 Abd=   14159.05    
 Catch=   647.001687599810     
 Abd=   10783.32    
 Catch=   14072.3218386582     
 Abd=   47299.53    
 Catch=   14.5000088198494     
 Abd=   57.00004    
 Catch=                     NaN
 Abd=            NaN
 Catch=                     NaN
 Abd=            NaN
 Catch=   14499.8559786688     
 Abd=   241868.8    
 Catch=   8278.53993756472     
 Abd=   1880.982    
 Catch=   20331.1706693352     
 Abd=   115421.9    
 Catch=   523.328077918608     
 Abd=   8736.071    
 Catch=                     NaN
 Abd=            NaN
 Catch=   8867.81986226440     
 Abd=   128712.3    
 Catch=   55585.3652234835     
 Abd=   32160.66    
 Catch=                     NaN
 Abd=            NaN
 Catch=   1913.54978245278     
 Abd=   2802.784    
 Catch=                     NaN
 Abd=            NaN
 Catch=   7867.55578809070     
 Abd=   40822.27    
 Catch=   1270.01912788914     
 Abd=   4355.153    
 Catch=   178.780151948844     
 Abd=   1697.777    
 Catch=   92266.5915725806     
 Abd=   1539666.    
 Catch=   36772.4332017238     
 Abd=   128977.1    
 Catch=   7150.05036553524     
 Abd=   119277.9    
 Catch=                     NaN
 Abd=            NaN
 Catch=   11355.1636257481     
 Abd=   23976.94    
 Catch=   33369.1456412985     
 Abd=   19485.48    
 Catch=   39306.8243383703     
 Abd=   580625.4    
 Catch=   56622.2354866446     
 Abd=   152573.2    
 Catch=   13425.3056632606     
 Abd=   22753.96    
 Catch=   411198.666671830     
 Abd=   4294748.    
 Time step =         1862
 Catch=   10212.8203765160     
 Abd=   65009.86    
 Catch=   822.330621611460     
 Abd=   5283.893    
 Catch=   13038.4396207215     
 Abd=   14159.05    
 Catch=   644.869833641701     
 Abd=   10748.20    
 Catch=   14072.3218386582     
 Abd=   47299.53    
 Catch=   14.5000088198494     
 Abd=   57.00004    
 Catch=                     NaN
 Abd=            NaN
 Catch=                     NaN
 Abd=            NaN
 Catch=   14475.0114673158     
 Abd=   241459.1    
 Catch=   8278.53993756472     
 Abd=   1880.982    
 Catch=   20327.8812603676     
 Abd=   115403.5    
 Catch=   523.263873755581     
 Abd=   8735.038    
 Catch=                     NaN
 Abd=            NaN
 Catch=   8859.23482257516     
 Abd=   128589.3    
 Catch=   55585.3591744547     
 Abd=   32160.67    
 Catch=                     NaN
 Abd=            NaN
 Catch=   1913.54978245278     
 Abd=   2802.784    
 Catch=                     NaN
 Abd=            NaN
 Catch=   7867.55504257193     
 Abd=   40822.26    
 Catch=   1270.01912788914     
 Abd=   4355.153    
 Catch=   178.742723856809     
 Abd=   1697.429    
 Catch=   92183.8371477855     
 Abd=   1538305.    
 Catch=   36772.4296054552     
 Abd=   128977.1    
 Catch=   7138.92529761057     
 Abd=   119094.4    
 Catch=                     NaN
 Abd=            NaN
 Catch=   11355.1635823470     
 Abd=   23976.95    
 Catch=   33369.1374257070     
 Abd=   19485.47    
 Catch=   39278.2454183095     
 Abd=   580208.8    
 Catch=   56622.2421341087     
 Abd=   152573.2    
 Catch=   13425.3007202519     
 Abd=   22753.95    
 Catch=   411196.158901902     
 Abd=   4294724.    
 Time step =         1863
 Catch=   10212.8150884045     
 Abd=   65009.84    
 Catch=   825.751955819396     
 Abd=   5309.116    
 Catch=   13038.4398582955     
 Abd=   14159.05    
 Catch=   642.793376937866     
 Abd=   10713.98    
 Catch=   14072.3218386582     
 Abd=   47299.53    
 Catch=   14.5000088198494     
 Abd=   57.00004    
 Catch=                     NaN
 Abd=            NaN
 Catch=                     NaN
 Abd=            NaN
 Catch=   14450.7672996238     
 Abd=   241059.2    
 Catch=   8278.53993756472     
 Abd=   1880.982    
 Catch=   20324.7229859138     
 Abd=   115386.0    
 Catch=   523.203878482947     
 Abd=   8734.062    
 Catch=                     NaN
 Abd=            NaN
 Catch=   8850.87831548058     
 Abd=   128469.6    
 Catch=   55585.3594606160     
 Abd=   32160.67    
 Catch=                     NaN
 Abd=            NaN
 Catch=   1913.54978245278     
 Abd=   2802.784    
 Catch=                     NaN
 Abd=            NaN
 Catch=   7867.55325438694     
 Abd=   40822.25    
 Catch=   1270.01912788914     
 Abd=   4355.153    
 Catch=   178.706885919553     
 Abd=   1697.096    
 Catch=   92103.3358044472     
 Abd=   1536978.    
 Catch=   36772.4308122525     
 Abd=   128977.1    
 Catch=   7128.06880864281     
 Abd=   118915.4    
 Catch=                     NaN
 Abd=            NaN
 Catch=   11355.1682634690     
 Abd=   23976.96    
 Catch=   33369.1372049962     
 Abd=   19485.47    
 Catch=   39250.3918087293     
 Abd=   579802.3    
 Catch=   56622.2304388746     
 Abd=   152573.2    
 Catch=   13425.3022932745     
 Abd=   22753.95    
 Catch=   411193.932311413     
 Abd=   4294701.    
 Time step =         1864
 Catch=   10212.8073650806     
 Abd=   65009.77    
 Catch=   830.180413797749     
 Abd=   5340.645    
 Catch=   13038.4411477585     
 Abd=   14159.05    
 Catch=   640.770304422032     
 Abd=   10680.65    
 Catch=   14072.3218386582     
 Abd=   47299.53    
 Catch=   14.5000088198494     
 Abd=   57.00004    
 Catch=                     NaN
 Abd=            NaN
 Catch=                     NaN
 Abd=            NaN
 Catch=   14427.0992051266     
 Abd=   240668.9    
 Catch=   8278.53993756472     
 Abd=   1880.982    
 Catch=   20321.6838130177     
 Abd=   115369.0    
 Catch=   523.146969906753     
 Abd=   8733.139    
 Catch=                     NaN
 Abd=            NaN
 Catch=   8842.74155300542     
 Abd=   128353.1    
 Catch=   55585.3525813003     
 Abd=   32160.66    
 Catch=                     NaN
 Abd=            NaN
 Catch=   1913.54978245278     
 Abd=   2802.784    
 Catch=                     NaN
 Abd=            NaN
 Catch=   7867.55316460171     
 Abd=   40822.26    
 Catch=   1270.01912788914     
 Abd=   4355.153    
 Catch=   178.671671721944     
 Abd=   1696.719    
 Catch=   92024.9802378490     
 Abd=   1535688.    
 Catch=   36772.4374546743     
 Abd=   128977.1    
 Catch=   7117.47549053761     
 Abd=   118739.6    
 Catch=                     NaN
 Abd=            NaN
 Catch=   11355.1695122690     
 Abd=   23976.95    
 Catch=   33369.1353080099     
 Abd=   19485.46    
 Catch=   39223.2489741125     
 Abd=   579406.6    
 Catch=   56622.1887602672     
 Abd=   152573.1    
 Catch=   13425.3059208582     
 Abd=   22753.96    
 Catch=   411191.967112766     
 Abd=   4294682.    
 Time step =         1865
 Catch=   10212.8026903495     
 Abd=   65009.76    
 Catch=   835.567188088196     
 Abd=   5378.152    
 Catch=   13038.4410773869     
 Abd=   14159.05    
 Catch=   638.799631184113     
 Abd=   10648.17    
 Catch=   14072.3218386582     
 Abd=   47299.53    
 Catch=   14.5000088198494     
 Abd=   57.00004    
 Catch=                     NaN
 Abd=            NaN
 Catch=                     NaN
 Abd=            NaN
 Catch=   14403.9933959252     
 Abd=   240287.6    
 Catch=   8278.53993756472     
 Abd=   1880.982    
 Catch=   20318.7534075473     
 Abd=   115352.7    
 Catch=   523.093374387093     
 Abd=   8732.273    
 Catch=                     NaN
 Abd=            NaN
 Catch=   8834.82337998177     
 Abd=   128239.6    
 Catch=   55585.3460243848     
 Abd=   32160.66    
 Catch=                     NaN
 Abd=            NaN
 Catch=   1913.54978245278     
 Abd=   2802.784    
 Catch=                     NaN
 Abd=            NaN
 Catch=   7867.55440305104     
 Abd=   40822.25    
 Catch=   1270.01912788914     
 Abd=   4355.153    
 Catch=   178.622433174281     
 Abd=   1696.200    
 Catch=   91948.6930215924     
 Abd=   1534432.    
 Catch=   36772.4274889723     
 Abd=   128977.1    
 Catch=   7107.07719589293     
 Abd=   118568.1    
 Catch=                     NaN
 Abd=            NaN
 Catch=   11355.1681228964     
 Abd=   23976.95    
 Catch=   33369.1341164762     
 Abd=   19485.46    
 Catch=   39196.7988259506     
 Abd=   579020.5    
 Catch=   56622.1790629582     
 Abd=   152573.2    
 Catch=   13425.3078013477     
 Abd=   22753.96    
 Catch=   411190.099816423     
 Abd=   4294664.    
 Time step =         1866
 Catch=   10212.8003746499     
 Abd=   65009.74    
 Catch=   841.855320488731     
 Abd=   5421.229    
 Catch=   13038.4400732070     
 Abd=   14159.05    
 Catch=   636.879040394460     
 Abd=   10616.52    
 Catch=   14072.3218386582     
 Abd=   47299.53    
 Catch=   14.5000088198494     
 Abd=   57.00004    
 Catch=                     NaN
 Abd=            NaN
 Catch=                     NaN
 Abd=            NaN
 Catch=   14381.4284391024     
 Abd=   239915.4    
 Catch=   8278.53993756472     
 Abd=   1880.982    
 Catch=   20315.9325534601     
 Abd=   115337.0    
 Catch=   523.042882599364     
 Abd=   8731.453    
 Catch=                     NaN
 Abd=            NaN
 Catch=   8827.10942802353     
 Abd=   128129.1    
 Catch=   55585.3589171980     
 Abd=   32160.66    
 Catch=                     NaN
 Abd=            NaN
 Catch=   1913.54978245278     
 Abd=   2802.784    
 Catch=                     NaN
 Abd=            NaN
 Catch=   7867.54986803070     
 Abd=   40822.23    
 Catch=   1270.01912788914     
 Abd=   4355.153    
 Catch=   178.567722406286     
 Abd=   1695.680    
 Catch=   91874.4247187534     
 Abd=   1533208.    
 Catch=   36772.4331526238     
 Abd=   128977.1    
 Catch=   7096.92658583518     
 Abd=   118399.8    
 Catch=                     NaN
 Abd=            NaN
 Catch=   11355.1692189263     
 Abd=   23976.95    
 Catch=   33369.1305116143     
 Abd=   19485.47    
 Catch=   39170.9883020391     
 Abd=   578643.5    
 Catch=   56622.2117399907     
 Abd=   152573.2    
 Catch=   13425.3060912617     
 Abd=   22753.95    
 Catch=   411188.641469877     
 Abd=   4294649.    
 Time step =         1867
 Catch=   10212.7981104198     
 Abd=   65009.75    
 Catch=   848.974396349352     
 Abd=   5469.377    
 Catch=   13038.4403906305     
 Abd=   14159.05    
 Catch=   635.007211132301     
 Abd=   10585.67    
 Catch=   14072.3218386582     
 Abd=   47299.53    
 Catch=   14.5000088198494     
 Abd=   57.00004    
 Catch=                     NaN
 Abd=            NaN
 Catch=                     NaN
 Abd=            NaN
 Catch=   14359.3908471501     
 Abd=   239550.8    
 Catch=   8278.53993756472     
 Abd=   1880.982    
 Catch=   20313.2107091976     
 Abd=   115321.8    
 Catch=   522.995209125523     
 Abd=   8730.680    
 Catch=                     NaN
 Abd=            NaN
 Catch=   8819.60002881524     
 Abd=   128021.4    
 Catch=   55585.3581137086     
 Abd=   32160.67    
 Catch=                     NaN
 Abd=            NaN
 Catch=   1913.54978245278     
 Abd=   2802.784    
 Catch=                     NaN
 Abd=            NaN
 Catch=   7867.55063966286     
 Abd=   40822.24    
 Catch=   1270.01912788914     
 Abd=   4355.153    
 Catch=   178.505244409986     
 Abd=   1695.007    
 Catch=   91802.1268802099     
 Abd=   1532017.    
 Catch=   36772.4217444341     
 Abd=   128977.0    
 Catch=   7086.96183966200     
 Abd=   118235.4    
 Catch=                     NaN
 Abd=            NaN
 Catch=   11355.1712540117     
 Abd=   23976.96    
 Catch=   33369.1417456791     
 Abd=   19485.48    
 Catch=   39145.7962893846     
 Abd=   578276.0    
 Catch=   56622.2329598311     
 Abd=   152573.3    
 Catch=   13425.3042210834     
 Abd=   22753.95    
 Catch=   411187.232429493     
 Abd=   4294635.    
 Time step =         1868
 Catch=   10212.8020381142     
 Abd=   65009.76    
 Catch=   856.839534124084     
 Abd=   5522.007    
 Catch=   13038.4414578175     
 Abd=   14159.05    
 Catch=   633.182955479296     
 Abd=   10555.61    
 Catch=   14072.3218386582     
 Abd=   47299.53    
 Catch=   14.5000088198494     
 Abd=   57.00004    
 Catch=                     NaN
 Abd=            NaN
 Catch=                     NaN
 Abd=            NaN
 Catch=   14337.8127177112     
 Abd=   239194.8    
 Catch=   8278.53993756472     
 Abd=   1880.982    
 Catch=   20310.5895425212     
 Abd=   115307.2    
 Catch=   522.950345452145     
 Abd=   8729.957    
 Catch=                     NaN
 Abd=            NaN
 Catch=   8812.27615828653     
 Abd=   127916.4    
 Catch=   55585.3570780342     
 Abd=   32160.66    
 Catch=                     NaN
 Abd=            NaN
 Catch=   1913.54978245278     
 Abd=   2802.784    
 Catch=                     NaN
 Abd=            NaN
 Catch=   7867.55354709427     
 Abd=   40822.27    
 Catch=   1270.01912788914     
 Abd=   4355.153    
 Catch=   178.435786919856     
 Abd=   1694.376    
 Catch=   91731.6945159935     
 Abd=   1530856.    
 Catch=   36772.4222508992     
 Abd=   128977.1    
 Catch=   7077.22533725817     
 Abd=   118074.6    
 Catch=                     NaN
 Abd=            NaN
 Catch=   11355.1745165949     
 Abd=   23976.96    
 Catch=   33369.1437859427     
 Abd=   19485.48    
 Catch=   39121.2168073880     
 Abd=   577917.1    
 Catch=   56622.2541002951     
 Abd=   152573.3    
 Catch=   13425.3045490120     
 Abd=   22753.96    
 Catch=   411185.960344470     
 Abd=   4294623.    
 Time step =         1869
 Catch=   10212.8001296437     
 Abd=   65009.74    
 Catch=   865.350682979399     
 Abd=   5578.428    
 Catch=   13038.4413120991     
 Abd=   14159.05    
 Catch=   631.404557519071     
 Abd=   10526.29    
 Catch=   14072.3218386582     
 Abd=   47299.53    
 Catch=   14.5000088198494     
 Abd=   57.00004    
 Catch=                     NaN
 Abd=            NaN
 Catch=                     NaN
 Abd=            NaN
 Catch=   14316.7331543316     
 Abd=   238846.9    
 Catch=   8278.53993756472     
 Abd=   1880.982    
 Catch=   20308.0670444322     
 Abd=   115293.2    
 Catch=   522.908372599971     
 Abd=   8729.277    
 Catch=                     NaN
 Abd=            NaN
 Catch=   8805.13763982741     
 Abd=   127814.0    
 Catch=   55585.3618211201     
 Abd=   32160.67    
 Catch=                     NaN
 Abd=            NaN
 Catch=   1913.54978245278     
 Abd=   2802.784    
 Catch=                     NaN
 Abd=            NaN
 Catch=   7867.55348370693     
 Abd=   40822.24    
 Catch=   1270.01912788914     
 Abd=   4355.153    
 Catch=   178.372199538465     
 Abd=   1693.798    
 Catch=   91663.0720847005     
 Abd=   1529726.    
 Catch=   36772.4332940661     
 Abd=   128977.1    
 Catch=   7067.70430119431     
 Abd=   117916.6    
 Catch=                     NaN
 Abd=            NaN
 Catch=   11355.1701018022     
 Abd=   23976.95    
 Catch=   33369.1435518580     
 Abd=   19485.48    
 Catch=   39097.2036391067     
 Abd=   577566.4    
 Catch=   56622.2572737016     
 Abd=   152573.3    
 Catch=   13425.3072344936     
 Abd=   22753.95    
 Catch=   411184.879924537     
 Abd=   4294612.    
 Time step =         1870
 Catch=   10212.7997735105     
 Abd=   65009.74    
 Catch=   874.393144882777     
 Abd=   5637.859    
 Catch=   13038.4423467029     
 Abd=   14159.05    
 Catch=   629.670945440567     
 Abd=   10497.72    
 Catch=   14072.3218386582     
 Abd=   47299.53    
 Catch=   14.5000088198494     
 Abd=   57.00004    
 Catch=                     NaN
 Abd=            NaN
 Catch=                     NaN
 Abd=            NaN
 Catch=   14296.1376445724     
 Abd=   238507.2    
 Catch=   8278.53993756472     
 Abd=   1880.982    
 Catch=   20305.6333380713     
 Abd=   115279.6    
 Catch=   522.868883978073     
 Abd=   8728.636    
 Catch=                     NaN
 Abd=            NaN
 Catch=   8798.18423247020     
 Abd=   127714.5    
 Catch=   55585.3551647560     
 Abd=   32160.66    
 Catch=                     NaN
 Abd=            NaN
 Catch=   1913.54978245278     
 Abd=   2802.784    
 Catch=                     NaN
 Abd=            NaN
 Catch=   7867.55092446933     
 Abd=   40822.24    
 Catch=   1270.01912788914     
 Abd=   4355.153    
 Catch=   178.313974717169     
 Abd=   1693.268    
 Catch=   91596.2165184870     
 Abd=   1528624.    
 Catch=   36772.4125201022     
 Abd=   128977.0    
 Catch=   7058.35203279986     
 Abd=   117762.3    
 Catch=                     NaN
 Abd=            NaN
 Catch=   11355.1667960513     
 Abd=   23976.95    
 Catch=   33369.1451864666     
 Abd=   19485.47    
 Catch=   39073.7617470000     
 Abd=   577224.0    
 Catch=   56622.2345339094     
 Abd=   152573.2    
 Catch=   13425.3070706664     
 Abd=   22753.96    
 Catch=   411183.705442101     
 Abd=   4294600.    
 Time step =         1871
 Catch=   10212.7967077555     
 Abd=   65009.71    
 Catch=   883.839424637783     
 Abd=   5699.448    
 Catch=   13038.4418121558     
 Abd=   14159.05    
 Catch=   627.980611274301     
 Abd=   10469.85    
 Catch=   14072.3218386582     
 Abd=   47299.53    
 Catch=   14.5000088198494     
 Abd=   57.00004    
 Catch=                     NaN
 Abd=            NaN
 Catch=                     NaN
 Abd=            NaN
 Catch=   14276.0263710442     
 Abd=   238175.3    
 Catch=   8278.53993756472     
 Abd=   1880.982    
 Catch=   20303.2966505488     
 Abd=   115266.6    
 Catch=   522.831563072449     
 Abd=   8728.033    
 Catch=                     NaN
 Abd=            NaN
 Catch=   8791.41077542463     
 Abd=   127617.3    
 Catch=   55585.3482384806     
 Abd=   32160.66    
 Catch=                     NaN
 Abd=            NaN
 Catch=   1913.54978245278     
 Abd=   2802.784    
 Catch=                     NaN
 Abd=            NaN
 Catch=   7867.55078387630     
 Abd=   40822.23    
 Catch=   1270.01912788914     
 Abd=   4355.153    
 Catch=   178.260434694024     
 Abd=   1692.781    
 Catch=   91531.0941127141     
 Abd=   1527551.    
 Catch=   36772.4090040672     
 Abd=   128977.0    
 Catch=   7049.21847878388     
 Abd=   117611.6    
 Catch=                     NaN
 Abd=            NaN
 Catch=   11355.1658553619     
 Abd=   23976.95    
 Catch=   33369.1378783154     
 Abd=   19485.47    
 Catch=   39050.8484670331     
 Abd=   576889.4    
 Catch=   56622.2497271091     
 Abd=   152573.3    
 Catch=   13425.3060510365     
 Abd=   22753.96    
 Catch=   411182.754246060     
 Abd=   4294590.    
 Time step =         1872
 Catch=   10212.7928888376     
 Abd=   65009.70    
 Catch=   893.552648054307     
 Abd=   5762.298    
 Catch=   13038.4397911581     
 Abd=   14159.05    
 Catch=   626.332056824014     
 Abd=   10442.67    
 Catch=   14072.3218386582     
 Abd=   47299.53    
 Catch=   14.5000088198494     
 Abd=   57.00004    
 Catch=                     NaN
 Abd=            NaN
 Catch=                     NaN
 Abd=            NaN
 Catch=   14256.3735621240     
 Abd=   237851.0    
 Catch=   8278.53993756472     
 Abd=   1880.982    
 Catch=   20301.0375992929     
 Abd=   115254.0    
 Catch=   522.796372776427     
 Abd=   8727.461    
 Catch=                     NaN
 Abd=            NaN
 Catch=   8784.79896448992     
 Abd=   127522.4    
 Catch=   55585.3544614327     
 Abd=   32160.66    
 Catch=                     NaN
 Abd=            NaN
 Catch=   1913.54978245278     
 Abd=   2802.784    
 Catch=                     NaN
 Abd=            NaN
 Catch=   7867.54893697011     
 Abd=   40822.23    
 Catch=   1270.01912788914     
 Abd=   4355.153    
 Catch=   178.211189098270     
 Abd=   1692.332    
 Catch=   91467.6056565921     
 Abd=   1526505.    
 Catch=   36772.4155911828     
 Abd=   128977.1    
 Catch=   7040.30041370882     
 Abd=   117464.5    
 Catch=                     NaN
 Abd=            NaN
 Catch=   11355.1679204596     
 Abd=   23976.95    
 Catch=   33369.1437137371     
 Abd=   19485.48    
 Catch=   39028.4781680649     
 Abd=   576562.9    
 Catch=   56622.2582199237     
 Abd=   152573.3    
 Catch=   13425.3043054649     
 Abd=   22753.96    
 Catch=   411181.937215242     
 Abd=   4294584.    
 Time step =         1873
 Catch=   10212.7875085192     
 Abd=   65009.66    
 Catch=   903.391561799821     
 Abd=   5825.502    
 Catch=   13038.4402771510     
 Abd=   14159.05    
 Catch=   624.724319851229     
 Abd=   10416.17    
 Catch=   14072.3218386582     
 Abd=   47299.53    
 Catch=   14.5000088198494     
 Abd=   57.00004    
 Catch=                     NaN
 Abd=            NaN
 Catch=                     NaN
 Abd=            NaN
 Catch=   14237.1592397245     
 Abd=   237533.8    
 Catch=   8278.53993756472     
 Abd=   1880.982    
 Catch=   20298.8593369807     
 Abd=   115241.9    
 Catch=   522.763193221824     
 Abd=   8726.925    
 Catch=                     NaN
 Abd=            NaN
 Catch=   8778.35209633587     
 Abd=   127430.1    
 Catch=   55585.3469515598     
 Abd=   32160.66    
 Catch=                     NaN
 Abd=            NaN
 Catch=   1913.54978245278     
 Abd=   2802.784    
 Catch=                     NaN
 Abd=            NaN
 Catch=   7867.54673851741     
 Abd=   40822.22    
 Catch=   1270.01912788914     
 Abd=   4355.153    
 Catch=   178.165693728347     
 Abd=   1691.916    
 Catch=   91405.7340889550     
 Abd=   1525485.    
 Catch=   36772.4234782205     
 Abd=   128977.1    
 Catch=   7031.59086376918     
 Abd=   117320.8    
 Catch=                     NaN
 Abd=            NaN
 Catch=   11355.1666527711     
 Abd=   23976.95    
 Catch=   33369.1404694128     
 Abd=   19485.47    
 Catch=   39006.6213115140     
 Abd=   576243.4    
 Catch=   56622.2759648655     
 Abd=   152573.3    
 Catch=   13425.3054870157     
 Abd=   22753.95    
 Catch=   411181.161390135     
 Abd=   4294575.    
 Time step =         1874
 Catch=   10212.7839143667     
 Abd=   65009.62    
 Catch=   913.215720308595     
 Abd=   5888.172    
 Catch=   13038.4424600007     
 Abd=   14159.05    
 Catch=   623.156384276283     
 Abd=   10390.32    
 Catch=   14072.3218386582     
 Abd=   47299.53    
 Catch=   14.5000088198494     
 Abd=   57.00004    
 Catch=                     NaN
 Abd=            NaN
 Catch=                     NaN
 Abd=            NaN
 Catch=   14218.3789687387     
 Abd=   237224.0    
 Catch=   8278.53993756472     
 Abd=   1880.982    
 Catch=   20296.7672268237     
 Abd=   115230.2    
 Catch=   522.732220957349     
 Abd=   8726.424    
 Catch=                     NaN
 Abd=            NaN
 Catch=   8772.06652527059     
 Abd=   127339.9    
 Catch=   55585.3479788086     
 Abd=   32160.66    
 Catch=                     NaN
 Abd=            NaN
 Catch=   1913.54978245278     
 Abd=   2802.784    
 Catch=                     NaN
 Abd=            NaN
 Catch=   7867.54889176044     
 Abd=   40822.22    
 Catch=   1270.01912788914     
 Abd=   4355.153    
 Catch=   178.123674051923     
 Abd=   1691.533    
 Catch=   91345.4176815436     
 Abd=   1524490.    
 Catch=   36772.4401369054     
 Abd=   128977.1    
 Catch=   7023.08508849265     
 Abd=   117180.4    
 Catch=                     NaN
 Abd=            NaN
 Catch=   11355.1669254599     
 Abd=   23976.95    
 Catch=   33369.1417727946     
 Abd=   19485.48    
 Catch=   38985.2528751708     
 Abd=   575931.2    
 Catch=   56622.2621789990     
 Abd=   152573.4    
 Catch=   13425.3043317431     
 Abd=   22753.95    
 Catch=   411180.358698304     
 Abd=   4294566.    
 Time step =         1875
 Catch=   10212.7765439058     
 Abd=   65009.61    
 Catch=   922.892477537469     
 Abd=   5949.493    
 Catch=   13038.4402168657     
 Abd=   14159.05    
 Catch=   621.627257637407     
 Abd=   10365.10    
 Catch=   14072.3218386582     
 Abd=   47299.53    
 Catch=   14.5000088198494     
 Abd=   57.00004    
 Catch=                     NaN
 Abd=            NaN
 Catch=                     NaN
 Abd=            NaN
 Catch=   14200.0293363729     
 Abd=   236921.1    
 Catch=   8278.53993756472     
 Abd=   1880.982    
 Catch=   20294.7498877755     
 Abd=   115219.0    
 Catch=   522.703031760535     
 Abd=   8725.949    
 Catch=                     NaN
 Abd=            NaN
 Catch=   8765.92973991037     
 Abd=   127251.9    
 Catch=   55585.3536524123     
 Abd=   32160.66    
 Catch=                     NaN
 Abd=            NaN
 Catch=   1913.54978245278     
 Abd=   2802.784    
 Catch=                     NaN
 Abd=            NaN
 Catch=   7867.55055901235     
 Abd=   40822.23    
 Catch=   1270.01912788914     
 Abd=   4355.153    
 Catch=   178.084744676185     
 Abd=   1691.177    
 Catch=   91286.5527725509     
 Abd=   1523519.    
 Catch=   36772.4497295705     
 Abd=   128977.2    
 Catch=   7014.76521065457     
 Abd=   117043.1    
 Catch=                     NaN
 Abd=            NaN
 Catch=   11355.1655608435     
 Abd=   23976.95    
 Catch=   33369.1431862207     
 Abd=   19485.46    
 Catch=   38964.3767141393     
 Abd=   575626.1    
 Catch=   56622.2696552041     
 Abd=   152573.3    
 Catch=   13425.3062410121     
 Abd=   22753.96    
 Catch=   411179.688291661     
 Abd=   4294560.    
 Time step =         1876
 Catch=   10212.7776039457     
 Abd=   65009.61    
 Catch=   932.299589690185     
 Abd=   6008.725    
 Catch=   13038.4424693152     
 Abd=   14159.06    
 Catch=   620.135099114905     
 Abd=   10340.50    
 Catch=   14072.3218386582     
 Abd=   47299.53    
 Catch=   14.5000088198494     
 Abd=   57.00004    
 Catch=                     NaN
 Abd=            NaN
 Catch=                     NaN
 Abd=            NaN
 Catch=   14182.0891973334     
 Abd=   236624.9    
 Catch=   8278.53993756472     
 Abd=   1880.982    
 Catch=   20292.7981371750     
 Abd=   115208.1    
 Catch=   522.675238532634     
 Abd=   8725.499    
 Catch=                     NaN
 Abd=            NaN
 Catch=   8759.94609600749     
 Abd=   127166.1    
 Catch=   55585.3485082019     
 Abd=   32160.66    
 Catch=                     NaN
 Abd=            NaN
 Catch=   1913.54978245278     
 Abd=   2802.784    
 Catch=                     NaN
 Abd=            NaN
 Catch=   7867.55002671084     
 Abd=   40822.23    
 Catch=   1270.01912788914     
 Abd=   4355.153    
 Catch=   178.048779738277     
 Abd=   1690.848    
 Catch=   91229.0636559196     
 Abd=   1522571.    
 Catch=   36772.4495892187     
 Abd=   128977.1    
 Catch=   7006.63094998746     
 Abd=   116908.9    
 Catch=                     NaN
 Abd=            NaN
 Catch=   11355.1655612282     
 Abd=   23976.95    
 Catch=   33369.1390396700     
 Abd=   19485.47    
 Catch=   38943.9500124077     
 Abd=   575327.8    
 Catch=   56622.2610403560     
 Abd=   152573.3    
 Catch=   13425.3077912055     
 Abd=   22753.97    
 Catch=   411179.127613598     
 Abd=   4294554.    
 Time step =         1877
 Catch=   10212.7800665242     
 Abd=   65009.62    
 Catch=   941.331580271467     
 Abd=   6065.254    
 Catch=   13038.4423742350     
 Abd=   14159.05    
 Catch=   618.679365553871     
 Abd=   10316.49    
 Catch=   14072.3218386582     
 Abd=   47299.53    
 Catch=   14.5000088198494     
 Abd=   57.00004    
 Catch=                     NaN
 Abd=            NaN
 Catch=                     NaN
 Abd=            NaN
 Catch=   14164.5470039690     
 Abd=   236335.3    
 Catch=   8278.53993756472     
 Abd=   1880.982    
 Catch=   20290.9185527863     
 Abd=   115197.6    
 Catch=   522.649240657239     
 Abd=   8725.083    
 Catch=                     NaN
 Abd=            NaN
 Catch=   8754.11038588496     
 Abd=   127082.4    
 Catch=   55585.3472198848     
 Abd=   32160.66    
 Catch=                     NaN
 Abd=            NaN
 Catch=   1913.54978245278     
 Abd=   2802.784    
 Catch=                     NaN
 Abd=            NaN
 Catch=   7867.55076297226     
 Abd=   40822.25    
 Catch=   1270.01912788914     
 Abd=   4355.153    
 Catch=   178.014888256169     
 Abd=   1690.500    
 Catch=   91173.0167853762     
 Abd=   1521647.    
 Catch=   36772.4413674339     
 Abd=   128977.1    
 Catch=   6998.68386957481     
 Abd=   116777.6    
 Catch=                     NaN
 Abd=            NaN
 Catch=   11355.1677769411     
 Abd=   23976.95    
 Catch=   33369.1436136136     
 Abd=   19485.47    
 Catch=   38923.9693201799     
 Abd=   575035.7    
 Catch=   56622.2398995064     
 Abd=   152573.2    
 Catch=   13425.3121838820     
 Abd=   22753.97    
 Catch=   411178.691374502     
 Abd=   4294551.    
 Time step =         1878
 Catch=   10212.7800369354     
 Abd=   65009.64    
 Catch=   949.902383954487     
 Abd=   6118.593    
 Catch=   13038.4400656339     
 Abd=   14159.05    
 Catch=   617.258852483821     
 Abd=   10293.07    
 Catch=   14072.3218386582     
 Abd=   47299.53    
 Catch=   14.5000088198494     
 Abd=   57.00004    
 Catch=                     NaN
 Abd=            NaN
 Catch=                     NaN
 Abd=            NaN
 Catch=   14147.3893299213     
 Abd=   236051.0    
 Catch=   8278.53993756472     
 Abd=   1880.982    
 Catch=   20289.1139050288     
 Abd=   115187.5    
 Catch=   522.625074584984     
 Abd=   8724.689    
 Catch=                     NaN
 Abd=            NaN
 Catch=   8748.40987931490     
 Abd=   127000.5    
 Catch=   55585.3587319851     
 Abd=   32160.66    
 Catch=                     NaN
 Abd=            NaN
 Catch=   1913.54978245278     
 Abd=   2802.784    
 Catch=                     NaN
 Abd=            NaN
 Catch=   7867.55331342569     
 Abd=   40822.25    
 Catch=   1270.01912788914     
 Abd=   4355.153    
 Catch=   177.969019264399     
 Abd=   1690.010    
 Catch=   91118.3305926150     
 Abd=   1520746.    
 Catch=   36772.4451769174     
 Abd=   128977.1    
 Catch=   6990.90781742406     
 Abd=   116649.3    
 Catch=                     NaN
 Abd=            NaN
 Catch=   11355.1673368837     
 Abd=   23976.95    
 Catch=   33369.1392415650     
 Abd=   19485.47    
 Catch=   38904.4283880719     
 Abd=   574749.9    
 Catch=   56622.2254081695     
 Abd=   152573.2    
 Catch=   13425.3119097172     
 Abd=   22753.96    
 Catch=   411178.329001291     
 Abd=   4294548.    
 Time step =         1879
 Catch=   10212.7835401531     
 Abd=   65009.64    
 Catch=   957.946198912887     
 Abd=   6168.385    
 Catch=   13038.4401434890     
 Abd=   14159.05    
 Catch=   615.873142553969     
 Abd=   10270.22    
 Catch=   14072.3218386582     
 Abd=   47299.53    
 Catch=   14.5000088198494     
 Abd=   57.00004    
 Catch=                     NaN
 Abd=            NaN
 Catch=                     NaN
 Abd=            NaN
 Catch=   14130.5491261841     
 Abd=   235773.1    
 Catch=   8278.53993756472     
 Abd=   1880.982    
 Catch=   20287.3751107734     
 Abd=   115177.9    
 Catch=   522.602027071267     
 Abd=   8724.315    
 Catch=                     NaN
 Abd=            NaN
 Catch=   8742.83790531279     
 Abd=   126919.5    
 Catch=   55585.3446872804     
 Abd=   32160.66    
 Catch=                     NaN
 Abd=            NaN
 Catch=   1913.54978245278     
 Abd=   2802.784    
 Catch=                     NaN
 Abd=            NaN
 Catch=   7867.55297205423     
 Abd=   40822.25    
 Catch=   1270.01912788914     
 Abd=   4355.153    
 Catch=   177.918369459164     
 Abd=   1689.538    
 Catch=   91064.9956204475     
 Abd=   1519866.    
 Catch=   36772.4420576437     
 Abd=   128977.1    
 Catch=   6983.30356877290     
 Abd=   116523.7    
 Catch=                     NaN
 Abd=            NaN
 Catch=   11355.1676445121     
 Abd=   23976.95    
 Catch=   33369.1386244081     
 Abd=   19485.47    
 Catch=   38885.2976080237     
 Abd=   574470.2    
 Catch=   56622.2228246258     
 Abd=   152573.2    
 Catch=   13425.3086301714     
 Abd=   22753.96    
 Catch=   411178.024478342     
 Abd=   4294544.    
 Time step =         1880
 Catch=   10212.7810048130     
 Abd=   65009.64    
 Catch=   965.418604814821     
 Abd=   6214.415    
 Catch=   13038.4385613376     
 Abd=   14159.05    
 Catch=   614.520650030251     
 Abd=   10247.91    
 Catch=   14072.3218386582     
 Abd=   47299.53    
 Catch=   14.5000088198494     
 Abd=   57.00004    
 Catch=                     NaN
 Abd=            NaN
 Catch=                     NaN
 Abd=            NaN
 Catch=   14114.0831760879     
 Abd=   235501.2    
 Catch=   8278.53993756472     
 Abd=   1880.982    
 Catch=   20285.6998705257     
 Abd=   115168.5    
 Catch=   522.580371957079     
 Abd=   8723.965    
 Catch=                     NaN
 Abd=            NaN
 Catch=   8737.32188033334     
 Abd=   126840.4    
 Catch=   55585.3505693579     
 Abd=   32160.66    
 Catch=                     NaN
 Abd=            NaN
 Catch=   1913.54978245278     
 Abd=   2802.784    
 Catch=                     NaN
 Abd=            NaN
 Catch=   7867.55340388257     
 Abd=   40822.25    
 Catch=   1270.01912788914     
 Abd=   4355.153    
 Catch=   177.869754110491     
 Abd=   1689.087    
 Catch=   91012.8961645713     
 Abd=   1519006.    
 Catch=   36772.4178007024     
 Abd=   128977.0    
 Catch=   6975.86872919233     
 Abd=   116400.9    
 Catch=                     NaN
 Abd=            NaN
 Catch=   11355.1739377878     
 Abd=   23976.97    
 Catch=   33369.1396258604     
 Abd=   19485.48    
 Catch=   38866.5543830162     
 Abd=   574195.9    
 Catch=   56622.2135301263     
 Abd=   152573.2    
 Catch=   13425.3083649724     
 Abd=   22753.96    
 Catch=   411177.601964046     
 Abd=   4294540.    
 Time step =         1881
 Catch=   10212.7828994484     
 Abd=   65009.64    
 Catch=   972.294959019807     
 Abd=   6256.581    
 Catch=   13038.4413574840     
 Abd=   14159.05    
 Catch=   613.200704706515     
 Abd=   10226.15    
 Catch=   14072.3218386582     
 Abd=   47299.53    
 Catch=   14.5000088198494     
 Abd=   57.00004    
 Catch=                     NaN
 Abd=            NaN
 Catch=                     NaN
 Abd=            NaN
 Catch=   14097.9800563484     
 Abd=   235235.3    
 Catch=   8278.53993756472     
 Abd=   1880.982    
 Catch=   20284.0758792044     
 Abd=   115159.4    
 Catch=   522.559966902890     
 Abd=   8723.638    
 Catch=                     NaN
 Abd=            NaN
 Catch=   8731.94188793493     
 Abd=   126763.3    
 Catch=   55585.3528960749     
 Abd=   32160.66    
 Catch=                     NaN
 Abd=            NaN
 Catch=   1913.54978245278     
 Abd=   2802.784    
 Catch=                     NaN
 Abd=            NaN
 Catch=   7867.55473374240     
 Abd=   40822.27    
 Catch=   1270.01912788914     
 Abd=   4355.153    
 Catch=   177.823265028237     
 Abd=   1688.656    
 Catch=   90962.0724437820     
 Abd=   1518168.    
 Catch=   36772.4173176462     
 Abd=   128977.0    
 Catch=   6968.58883248420     
 Abd=   116280.7    
 Catch=                     NaN
 Abd=            NaN
 Catch=   11355.1771204670     
 Abd=   23976.97    
 Catch=   33369.1420528207     
 Abd=   19485.47    
 Catch=   38848.1873786541     
 Abd=   573927.6    
 Catch=   56622.2343217244     
 Abd=   152573.3    
 Catch=   13425.3068183996     
 Abd=   22753.96    
 Catch=   411177.227389892     
 Abd=   4294537.    
 Time step =         1882
 Catch=   10212.7840278829     
 Abd=   65009.66    
 Catch=   978.568335790328     
 Abd=   6294.892    
 Catch=   13038.4407220664     
 Abd=   14159.05    
 Catch=   611.912344900972     
 Abd=   10204.89    
 Catch=   14072.3218386582     
 Abd=   47299.53    
 Catch=   14.5000088198494     
 Abd=   57.00004    
 Catch=                     NaN
 Abd=            NaN
 Catch=                     NaN
 Abd=            NaN
 Catch=   14082.2291242616     
 Abd=   234975.3    
 Catch=   8278.53993756472     
 Abd=   1880.982    
 Catch=   20282.5175628253     
 Abd=   115150.8    
 Catch=   522.540872758667     
 Abd=   8723.322    
 Catch=                     NaN
 Abd=            NaN
 Catch=   8726.69907115654     
 Abd=   126688.0    
 Catch=   55585.3485928467     
 Abd=   32160.66    
 Catch=                     NaN
 Abd=            NaN
 Catch=   1913.54978245278     
 Abd=   2802.784    
 Catch=                     NaN
 Abd=            NaN
 Catch=   7867.55308917717     
 Abd=   40822.25    
 Catch=   1270.01912788914     
 Abd=   4355.153    
 Catch=   177.778988121896     
 Abd=   1688.244    
 Catch=   90912.3642601481     
 Abd=   1517347.    
 Catch=   36772.4279406113     
 Abd=   128977.1    
 Catch=   6961.46219439395     
 Abd=   116163.0    
 Catch=                     NaN
 Abd=            NaN
 Catch=   11355.1740945657     
 Abd=   23976.96    
 Catch=   33369.1344044552     
 Abd=   19485.46    
 Catch=   38830.2058817323     
 Abd=   573664.6    
 Catch=   56622.2603731207     
 Abd=   152573.3    
 Catch=   13425.3097160907     
 Abd=   22753.96    
 Catch=   411177.024497673     
 Abd=   4294534.    
 Time step =         1883
 Catch=   10212.7834858959     
 Abd=   65009.63    
 Catch=   984.246943823737     
 Abd=   6329.443    
 Catch=   13038.4429076537     
 Abd=   14159.05    
 Catch=   610.654450387112     
 Abd=   10184.15    
 Catch=   14072.3218386582     
 Abd=   47299.53    
 Catch=   14.5000088198494     
 Abd=   57.00004    
 Catch=                     NaN
 Abd=            NaN
 Catch=                     NaN
 Abd=            NaN
 Catch=   14066.8219546827     
 Abd=   234720.8    
 Catch=   8278.53993756472     
 Abd=   1880.982    
 Catch=   20281.0276376165     
 Abd=   115142.5    
 Catch=   522.522828363384     
 Abd=   8723.031    
 Catch=                     NaN
 Abd=            NaN
 Catch=   8721.57023238556     
 Abd=   126614.4    
 Catch=   55585.3586501406     
 Abd=   32160.67    
 Catch=                     NaN
 Abd=            NaN
 Catch=   1913.54978245278     
 Abd=   2802.784    
 Catch=                     NaN
 Abd=            NaN
 Catch=   7867.55363669478     
 Abd=   40822.27    
 Catch=   1270.01912788914     
 Abd=   4355.153    
 Catch=   177.736541593213     
 Abd=   1687.851    
 Catch=   90863.8373576303     
 Abd=   1516548.    
 Catch=   36772.4451093088     
 Abd=   128977.1    
 Catch=   6954.48531811732     
 Abd=   116047.7    
 Catch=                     NaN
 Abd=            NaN
 Catch=   11355.1702403837     
 Abd=   23976.95    
 Catch=   33369.1278294287     
 Abd=   19485.46    
 Catch=   38812.6115159233     
 Abd=   573407.3    
 Catch=   56622.2384780205     
 Abd=   152573.2    
 Catch=   13425.3045153079     
 Abd=   22753.95    
 Catch=   411176.720930501     
 Abd=   4294532.    
 Time step =         1884
 Catch=   10212.7795407232     
 Abd=   65009.60    
 Catch=   989.350864709358     
 Abd=   6360.392    
 Catch=   13038.4420811064     
 Abd=   14159.05    
 Catch=   609.426421509280     
 Abd=   10163.88    
 Catch=   14072.3218386582     
 Abd=   47299.53    
 Catch=   14.5000088198494     
 Abd=   57.00004    
 Catch=                     NaN
 Abd=            NaN
 Catch=                     NaN
 Abd=            NaN
 Catch=   14051.7419035382     
 Abd=   234471.9    
 Catch=   8278.53993756472     
 Abd=   1880.982    
 Catch=   20279.5743429184     
 Abd=   115134.4    
 Catch=   522.505851460796     
 Abd=   8722.756    
 Catch=                     NaN
 Abd=            NaN
 Catch=   8716.56127632968     
 Abd=   126542.6    
 Catch=   55585.3694926214     
 Abd=   32160.67    
 Catch=                     NaN
 Abd=            NaN
 Catch=   1913.54978245278     
 Abd=   2802.784    
 Catch=                     NaN
 Abd=            NaN
 Catch=   7867.55526874185     
 Abd=   40822.27    
 Catch=   1270.01912788914     
 Abd=   4355.153    
 Catch=   177.696065204261     
 Abd=   1687.475    
 Catch=   90816.4625360573     
 Abd=   1515765.    
 Catch=   36772.4479135239     
 Abd=   128977.2    
 Catch=   6947.65286263232     
 Abd=   115934.8    
 Catch=                     NaN
 Abd=            NaN
 Catch=   11355.1665012522     
 Abd=   23976.95    
 Catch=   33369.1284661031     
 Abd=   19485.46    
 Catch=   38795.3874698650     
 Abd=   573155.5    
 Catch=   56622.2199682989     
 Abd=   152573.2    
 Catch=   13425.3085940172     
 Abd=   22753.97    
 Catch=   411176.417681884     
 Abd=   4294528.    
 Time step =         1885
 Catch=   10212.7750935744     
 Abd=   65009.56    
 Catch=   993.908534836358     
 Abd=   6387.942    
 Catch=   13038.4398135619     
 Abd=   14159.05    
 Catch=   608.227003485414     
 Abd=   10144.10    
 Catch=   14072.3218386582     
 Abd=   47299.53    
 Catch=   14.5000088198494     
 Abd=   57.00004    
 Catch=                     NaN
 Abd=            NaN
 Catch=                     NaN
 Abd=            NaN
 Catch=   14036.9918567769     
 Abd=   234228.2    
 Catch=   8278.53993756472     
 Abd=   1880.982    
 Catch=   20278.1769893584     
 Abd=   115126.6    
 Catch=   522.489652279648     
 Abd=   8722.491    
 Catch=                     NaN
 Abd=            NaN
 Catch=   8711.67245985007     
 Abd=   126472.4    
 Catch=   55585.3683680123     
 Abd=   32160.67    
 Catch=                     NaN
 Abd=            NaN
 Catch=   1913.54978245278     
 Abd=   2802.784    
 Catch=                     NaN
 Abd=            NaN
 Catch=   7867.55371647818     
 Abd=   40822.24    
 Catch=   1270.01912788914     
 Abd=   4355.153    
 Catch=   177.657512972345     
 Abd=   1687.117    
 Catch=   90770.1208966284     
 Abd=   1515000.    
 Catch=   36772.4508831873     
 Abd=   128977.1    
 Catch=   6940.95434316033     
 Abd=   115824.1    
 Catch=                     NaN
 Abd=            NaN
 Catch=   11355.1672804417     
 Abd=   23976.95    
 Catch=   33369.1256637405     
 Abd=   19485.46    
 Catch=   38778.5137331235     
 Abd=   572908.8    
 Catch=   56622.2128349055     
 Abd=   152573.2    
 Catch=   13425.3107896510     
 Abd=   22753.96    
 Catch=   411176.044547107     
 Abd=   4294524.    
 Time step =         1886
 Catch=   10212.7711460723     
 Abd=   65009.58    
 Catch=   997.955896146911     
 Abd=   6412.348    
 Catch=   13038.4397285081     
 Abd=   14159.05    
 Catch=   607.055992539740     
 Abd=   10124.78    
 Catch=   14072.3218386582     
 Abd=   47299.53    
 Catch=   14.5000088198494     
 Abd=   57.00004    
 Catch=                     NaN
 Abd=            NaN
 Catch=                     NaN
 Abd=            NaN
 Catch=   14022.5507034105     
 Abd=   233989.6    
 Catch=   8278.53993756472     
 Abd=   1880.982    
 Catch=   20276.8278890290     
 Abd=   115119.0    
 Catch=   522.474258836648     
 Abd=   8722.243    
 Catch=                     NaN
 Abd=            NaN
 Catch=   8706.89521341578     
 Abd=   126403.8    
 Catch=   55585.3652234835     
 Abd=   32160.66    
 Catch=                     NaN
 Abd=            NaN
 Catch=   1913.54978245278     
 Abd=   2802.784    
 Catch=                     NaN
 Abd=            NaN
 Catch=   7867.54978418215     
 Abd=   40822.22    
 Catch=   1270.01912788914     
 Abd=   4355.153    
 Catch=   177.620654548903     
 Abd=   1686.776    
 Catch=   90724.8598852306     
 Abd=   1514253.    
 Catch=   36772.4387196709     
 Abd=   128977.1    
 Catch=   6934.39681257129     
 Abd=   115715.8    
 Catch=                     NaN
 Abd=            NaN
 Catch=   11355.1673450844     
 Abd=   23976.95    
 Catch=   33369.1291701992     
 Abd=   19485.46    
 Catch=   38761.9673431255     
 Abd=   572666.2    
 Catch=   56622.2163324282     
 Abd=   152573.2    
 Catch=   13425.3115425008     
 Abd=   22753.97    
 Catch=   411175.612716028     
 Abd=   4294520.    
 Time step =         1887
 Catch=   10212.7731210066     
 Abd=   65009.58    
 Catch=   1001.53221730852     
 Abd=   6433.860    
 Catch=   13038.4429050924     
 Abd=   14159.06    
 Catch=   605.912104842901     
 Abd=   10105.91    
 Catch=   14072.3218386582     
 Abd=   47299.53    
 Catch=   14.5000088198494     
 Abd=   57.00004    
 Catch=                     NaN
 Abd=            NaN
 Catch=                     NaN
 Abd=            NaN
 Catch=   14008.4117072034     
 Abd=   233756.1    
 Catch=   8278.53993756472     
 Abd=   1880.982    
 Catch=   20275.5200137304     
 Abd=   115111.8    
 Catch=   522.459883558050     
 Abd=   8722.012    
 Catch=                     NaN
 Abd=            NaN
 Catch=   8702.23362020295     
 Abd=   126336.9    
 Catch=   55585.3591744547     
 Abd=   32160.67    
 Catch=                     NaN
 Abd=            NaN
 Catch=   1913.54978245278     
 Abd=   2802.784    
 Catch=                     NaN
 Abd=            NaN
 Catch=   7867.54714177344     
 Abd=   40822.22    
 Catch=   1270.01912788914     
 Abd=   4355.153    
 Catch=   177.585587040355     
 Abd=   1686.451    
 Catch=   90680.5617377125     
 Abd=   1513522.    
 Catch=   36772.4220963207     
 Abd=   128977.0    
 Catch=   6927.97552126594     
 Abd=   115609.8    
 Catch=                     NaN
 Abd=            NaN
 Catch=   11355.1651037305     
 Abd=   23976.94    
 Catch=   33369.1317674046     
 Abd=   19485.47    
 Catch=   38745.7229143166     
 Abd=   572429.0    
 Catch=   56622.2258229763     
 Abd=   152573.2    
 Catch=   13425.3120819600     
 Abd=   22753.96    
 Catch=   411175.403150971     
 Abd=   4294518.    
 Time step =         1888
 Catch=   10212.7712498203     
 Abd=   65009.55    
 Catch=   1004.67802524359     
 Abd=   6452.743    
 Catch=   13038.4396036484     
 Abd=   14159.05    
 Catch=   604.794574833767     
 Abd=   10087.46    
 Catch=   14072.3218386582     
 Abd=   47299.53    
 Catch=   14.5000088198494     
 Abd=   57.00004    
 Catch=                     NaN
 Abd=            NaN
 Catch=                     NaN
 Abd=            NaN
 Catch=   13994.5669950877     
 Abd=   233527.5    
 Catch=   8278.53993756472     
 Abd=   1880.982    
 Catch=   20274.2623791983     
 Abd=   115104.7    
 Catch=   522.446458873013     
 Abd=   8721.796    
 Catch=                     NaN
 Abd=            NaN
 Catch=   8697.67769782623     
 Abd=   126271.5    
 Catch=   55585.3594606160     
 Abd=   32160.67    
 Catch=                     NaN
 Abd=            NaN
 Catch=   1913.54978245278     
 Abd=   2802.784    
 Catch=                     NaN
 Abd=            NaN
 Catch=   7867.54606180397     
 Abd=   40822.20    
 Catch=   1270.01912788914     
 Abd=   4355.153    
 Catch=   177.552177347807     
 Abd=   1686.141    
 Catch=   90637.3437165424     
 Abd=   1512810.    
 Catch=   36772.4127656061     
 Abd=   128977.0    
 Catch=   6921.69013327323     
 Abd=   115505.9    
 Catch=                     NaN
 Abd=            NaN
 Catch=   11355.1632389682     
 Abd=   23976.94    
 Catch=   33369.1419381779     
 Abd=   19485.48    
 Catch=   38729.8147141925     
 Abd=   572196.0    
 Catch=   56622.2435363813     
 Abd=   152573.2    
 Catch=   13425.3073805147     
 Abd=   22753.96    
 Catch=   411175.155712954     
 Abd=   4294516.    
 Time step =         1889
 Catch=   10212.7664056679     
 Abd=   65009.53    
 Catch=   1007.43433596088     
 Abd=   6469.258    
 Catch=   13038.4380000531     
 Abd=   14159.05    
 Catch=   603.703008930764     
 Abd=   10069.46    
 Catch=   14072.3218386582     
 Abd=   47299.53    
 Catch=   14.5000088198494     
 Abd=   57.00004    
 Catch=                     NaN
 Abd=            NaN
 Catch=                     NaN
 Abd=            NaN
 Catch=   13981.0201835560     
 Abd=   233303.6    
 Catch=   8278.53993756472     
 Abd=   1880.982    
 Catch=   20273.0547294777     
 Abd=   115098.0    
 Catch=   522.434017091314     
 Abd=   8721.596    
 Catch=                     NaN
 Abd=            NaN
 Catch=   8693.20964695416     
 Abd=   126207.2    
 Catch=   55585.3525813003     
 Abd=   32160.66    
 Catch=                     NaN
 Abd=            NaN
 Catch=   1913.54978245278     
 Abd=   2802.784    
 Catch=                     NaN
 Abd=            NaN
 Catch=   7867.54262126872     
 Abd=   40822.20    
 Catch=   1270.01912788914     
 Abd=   4355.153    
 Catch=   177.520330139166     
 Abd=   1685.845    
 Catch=   90595.1377776567     
 Abd=   1512113.    
 Catch=   36772.4284390378     
 Abd=   128977.1    
 Catch=   6915.53537305644     
 Abd=   115404.3    
 Catch=                     NaN
 Abd=            NaN
 Catch=   11355.1642772033     
 Abd=   23976.95    
 Catch=   33369.1454359441     
 Abd=   19485.48    
 Catch=   38714.2205043581     
 Abd=   571968.1    
 Catch=   56622.2526027286     
 Abd=   152573.3    
 Catch=   13425.3052602179     
 Abd=   22753.96    
 Catch=   411175.123004529     
 Abd=   4294517.    
 Time step =         1890
 Catch=   10212.7626340394     
 Abd=   65009.50    
 Catch=   1009.84113357122     
 Abd=   6483.659    
 Catch=   13038.4395267961     
 Abd=   14159.05    
 Catch=   602.637055127026     
 Abd=   10051.87    
 Catch=   14072.3218386582     
 Abd=   47299.53    
 Catch=   14.5000088198494     
 Abd=   57.00004    
 Catch=                     NaN
 Abd=            NaN
 Catch=                     NaN
 Abd=            NaN
 Catch=   13967.7526222268     
 Abd=   233084.5    
 Catch=   8278.53993756472     
 Abd=   1880.982    
 Catch=   20271.8916372469     
 Abd=   115091.6    
 Catch=   522.422123666699     
 Abd=   8721.399    
 Catch=                     NaN
 Abd=            NaN
 Catch=   8688.83527563605     
 Abd=   126144.5    
 Catch=   55585.3460243848     
 Abd=   32160.66    
 Catch=                     NaN
 Abd=            NaN
 Catch=   1913.54978245278     
 Abd=   2802.784    
 Catch=                     NaN
 Abd=            NaN
 Catch=   7867.54320543449     
 Abd=   40822.20    
 Catch=   1270.01912788914     
 Abd=   4355.153    
 Catch=   177.489935612509     
 Abd=   1685.563    
 Catch=   90553.8678181501     
 Abd=   1511432.    
 Catch=   36772.4403730062     
 Abd=   128977.1    
 Catch=   6909.51560294231     
 Abd=   115304.9    
 Catch=                     NaN
 Abd=            NaN
 Catch=   11355.1632126022     
 Abd=   23976.94    
 Catch=   33369.1433860152     
 Abd=   19485.47    
 Catch=   38698.9483455846     
 Abd=   571744.5    
 Catch=   56622.2675766516     
 Abd=   152573.4    
 Catch=   13425.3051291155     
 Abd=   22753.96    
 Catch=   411175.130049986     
 Abd=   4294515.    
 Time step =         1891
 Catch=   10212.7612709887     
 Abd=   65009.50    
 Catch=   1011.93720839895     
 Abd=   6496.179    
 Catch=   13038.4370660312     
 Abd=   14159.05    
 Catch=   601.595826511053     
 Abd=   10034.69    
 Catch=   14072.3218386582     
 Abd=   47299.53    
 Catch=   14.5000088198494     
 Abd=   57.00004    
 Catch=                     NaN
 Abd=            NaN
 Catch=                     NaN
 Abd=            NaN
 Catch=   13954.7735890986     
 Abd=   232870.1    
 Catch=   8278.53993756472     
 Abd=   1880.982    
 Catch=   20270.7782775526     
 Abd=   115085.3    
 Catch=   522.410786484534     
 Abd=   8721.215    
 Catch=                     NaN
 Abd=            NaN
 Catch=   8684.56112492852     
 Abd=   126083.1    
 Catch=   55585.3589171980     
 Abd=   32160.66    
 Catch=                     NaN
 Abd=            NaN
 Catch=   1913.54978245278     
 Abd=   2802.784    
 Catch=                     NaN
 Abd=            NaN
 Catch=   7867.54405585586     
 Abd=   40822.21    
 Catch=   1270.01912788914     
 Abd=   4355.153    
 Catch=   177.460938777000     
 Abd=   1685.294    
 Catch=   90513.5557627273     
 Abd=   1510767.    
 Catch=   36772.4412901444     
 Abd=   128977.1    
 Catch=   6903.62315408058     
 Abd=   115207.5    
 Catch=                     NaN
 Abd=            NaN
 Catch=   11355.1674390458     
 Abd=   23976.96    
 Catch=   33369.1430525003     
 Abd=   19485.47    
 Catch=   38683.9521656755     
 Abd=   571525.0    
 Catch=   56622.2712730727     
 Abd=   152573.3    
 Catch=   13425.3072963287     
 Abd=   22753.96    
 Catch=   411174.934859672     
 Abd=   4294512.    
 Time step =         1892
 Catch=   10212.7602453400     
 Abd=   65009.49    
 Catch=   1013.75684724278     
 Abd=   6507.037    
 Catch=   13038.4411066752     
 Abd=   14159.05    
 Catch=   600.578387550869     
 Abd=   10017.90    
 Catch=   14072.3218386582     
 Abd=   47299.53    
 Catch=   14.5000088198494     
 Abd=   57.00004    
 Catch=                     NaN
 Abd=            NaN
 Catch=                     NaN
 Abd=            NaN
 Catch=   13942.0591542513     
 Abd=   232660.2    
 Catch=   8278.53993756472     
 Abd=   1880.982    
 Catch=   20269.6962442305     
 Abd=   115079.3    
 Catch=   522.400234335138     
 Abd=   8721.051    
 Catch=                     NaN
 Abd=            NaN
 Catch=   8680.38468439919     
 Abd=   126023.2    
 Catch=   55585.3581137086     
 Abd=   32160.67    
 Catch=                     NaN
 Abd=            NaN
 Catch=   1913.54978245278     
 Abd=   2802.784    
 Catch=                     NaN
 Abd=            NaN
 Catch=   7867.54532416325     
 Abd=   40822.22    
 Catch=   1270.01912788914     
 Abd=   4355.153    
 Catch=   177.433280111982     
 Abd=   1685.038    
 Catch=   90474.0740806637     
 Abd=   1510114.    
 Catch=   36772.4348794945     
 Abd=   128977.1    
 Catch=   6897.85015064274     
 Abd=   115112.1    
 Catch=                     NaN
 Abd=            NaN
 Catch=   11355.1741850496     
 Abd=   23976.96    
 Catch=   33369.1389500143     
 Abd=   19485.47    
 Catch=   38669.2437644798     
 Abd=   571309.8    
 Catch=   56622.2474120086     
 Abd=   152573.3    
 Catch=   13425.3092603857     
 Abd=   22753.96    
 Catch=   411174.645620559     
 Abd=   4294510.    
 Time step =         1893
 Catch=   10212.7591656004     
 Abd=   65009.48    
 Catch=   1015.33391930965     
 Abd=   6516.438    
 Catch=   13038.4377380844     
 Abd=   14159.05    
 Catch=   599.583768979887     
 Abd=   10001.48    
 Catch=   14072.3218386582     
 Abd=   47299.53    
 Catch=   14.5000088198494     
 Abd=   57.00004    
 Catch=                     NaN
 Abd=            NaN
 Catch=                     NaN
 Abd=            NaN
 Catch=   13929.6069070678     
 Abd=   232454.4    
 Catch=   8278.53993756472     
 Abd=   1880.982    
 Catch=   20268.6608736613     
 Abd=   115073.5    
 Catch=   522.390769107128     
 Abd=   8720.895    
 Catch=                     NaN
 Abd=            NaN
 Catch=   8676.30001064517     
 Abd=   125964.5    
 Catch=   55585.3570780342     
 Abd=   32160.66    
 Catch=                     NaN
 Abd=            NaN
 Catch=   1913.54978245278     
 Abd=   2802.784    
 Catch=                     NaN
 Abd=            NaN
 Catch=   7867.54670801473     
 Abd=   40822.21    
 Catch=   1270.01912788914     
 Abd=   4355.153    
 Catch=   177.406907969137     
 Abd=   1684.794    
 Catch=   90435.4580998041     
 Abd=   1509477.    
 Catch=   36772.4358217646     
 Abd=   128977.1    
 Catch=   6892.19006492791     
 Abd=   115018.5    
 Catch=                     NaN
 Abd=            NaN
 Catch=   11355.1716992820     
 Abd=   23976.96    
 Catch=   33369.1401117586     
 Abd=   19485.47    
 Catch=   38654.8011506950     
 Abd=   571098.1    
 Catch=   56622.2307022149     
 Abd=   152573.2    
 Catch=   13425.3040076086     
 Abd=   22753.95    
 Catch=   411174.533818505     
 Abd=   4294510.    
 Time step =         1894
 Catch=   10212.7610753748     
 Abd=   65009.49    
 Catch=   1016.69758261322     
 Abd=   6524.560    
 Catch=   13038.4406398402     
 Abd=   14159.05    
 Catch=   598.611877968506     
 Abd=   9985.443    
 Catch=   14072.3218386582     
 Abd=   47299.53    
 Catch=   14.5000088198494     
 Abd=   57.00004    
 Catch=                     NaN
 Abd=            NaN
 Catch=                     NaN
 Abd=            NaN
 Catch=   13917.4203393223     
 Abd=   232253.1    
 Catch=   8278.53993756472     
 Abd=   1880.982    
 Catch=   20267.6535681650     
 Abd=   115067.9    
 Catch=   522.381470616984     
 Abd=   8720.740    
 Catch=                     NaN
 Abd=            NaN
 Catch=   8672.30779924141     
 Abd=   125907.2    
 Catch=   55585.3618211201     
 Abd=   32160.67    
 Catch=                     NaN
 Abd=            NaN
 Catch=   1913.54978245278     
 Abd=   2802.784    
 Catch=                     NaN
 Abd=            NaN
 Catch=   7867.54661716390     
 Abd=   40822.21    
 Catch=   1270.01912788914     
 Abd=   4355.153    
 Catch=   177.381629130786     
 Abd=   1684.558    
 Catch=   90397.6972172498     
 Abd=   1508853.    
 Catch=   36772.4390025008     
 Abd=   128977.1    
 Catch=   6886.64605345791     
 Abd=   114927.0    
 Catch=                     NaN
 Abd=            NaN
 Catch=   11355.1718823978     
 Abd=   23976.96    
 Catch=   33369.1387115107     
 Abd=   19485.46    
 Catch=   38640.6230342360     
 Abd=   570890.6    
 Catch=   56622.2258283193     
 Abd=   152573.2    
 Catch=   13425.3030777849     
 Abd=   22753.96    
 Catch=   411174.471562927     
 Abd=   4294508.    
 Time step =         1895
 Catch=   10212.7598511543     
 Abd=   65009.51    
 Catch=   1017.87515942327     
 Abd=   6531.564    
 Catch=   13038.4386646618     
 Abd=   14159.05    
 Catch=   597.661897799874     
 Abd=   9969.768    
 Catch=   14072.3218386582     
 Abd=   47299.53    
 Catch=   14.5000088198494     
 Abd=   57.00004    
 Catch=                     NaN
 Abd=            NaN
 Catch=                     NaN
 Abd=            NaN
 Catch=   13905.4762449600     
 Abd=   232055.7    
 Catch=   8278.53993756472     
 Abd=   1880.982    
 Catch=   20266.6868149735     
 Abd=   115062.5    
 Catch=   522.372648686005     
 Abd=   8720.602    
 Catch=                     NaN
 Abd=            NaN
 Catch=   8668.40065200723     
 Abd=   125851.0    
 Catch=   55585.3551647560     
 Abd=   32160.66    
 Catch=                     NaN
 Abd=            NaN
 Catch=   1913.54978245278     
 Abd=   2802.784    
 Catch=                     NaN
 Abd=            NaN
 Catch=   7867.54547059245     
 Abd=   40822.21    
 Catch=   1270.01912788914     
 Abd=   4355.153    
 Catch=   177.357490223213     
 Abd=   1684.334    
 Catch=   90360.7332505852     
 Abd=   1508243.    
 Catch=   36772.4415991296     
 Abd=   128977.1    
 Catch=   6881.21719377042     
 Abd=   114837.3    
 Catch=                     NaN
 Abd=            NaN
 Catch=   11355.1701575269     
 Abd=   23976.96    
 Catch=   33369.1317738724     
 Abd=   19485.47    
 Catch=   38626.6996043741     
 Abd=   570686.7    
 Catch=   56622.2333480663     
 Abd=   152573.2    
 Catch=   13425.3011466355     
 Abd=   22753.95    
 Catch=   411174.290673445     
 Abd=   4294506.    
 Time step =         1896
 Catch=   10212.7615573784     
 Abd=   65009.52    
 Catch=   1018.88973905457     
 Abd=   6537.595    
 Catch=   13038.4384770882     
 Abd=   14159.05    
 Catch=   596.733504031074     
 Abd=   9954.439    
 Catch=   14072.3218386582     
 Abd=   47299.53    
 Catch=   14.5000088198494     
 Abd=   57.00004    
 Catch=                     NaN
 Abd=            NaN
 Catch=                     NaN
 Abd=            NaN
 Catch=   13893.7754573471     
 Abd=   231862.4    
 Catch=   8278.53993756472     
 Abd=   1880.982    
 Catch=   20265.7451104172     
 Abd=   115057.3    
 Catch=   522.364620306643     
 Abd=   8720.469    
 Catch=                     NaN
 Abd=            NaN
 Catch=   8664.58207905388     
 Abd=   125796.2    
 Catch=   55585.3482384806     
 Abd=   32160.66    
 Catch=                     NaN
 Abd=            NaN
 Catch=   1913.54978245278     
 Abd=   2802.784    
 Catch=                     NaN
 Abd=            NaN
 Catch=   7867.54625871924     
 Abd=   40822.21    
 Catch=   1270.01912788914     
 Abd=   4355.153    
 Catch=   177.334388760430     
 Abd=   1684.120    
 Catch=   90324.5755136123     
 Abd=   1507646.    
 Catch=   36772.4446389359     
 Abd=   128977.2    
 Catch=   6875.89731461596     
 Abd=   114749.4    
 Catch=                     NaN
 Abd=            NaN
 Catch=   11355.1699046679     
 Abd=   23976.95    
 Catch=   33369.1357547600     
 Abd=   19485.47    
 Catch=   38613.0441834270     
 Abd=   570486.9    
 Catch=   56622.2416246212     
 Abd=   152573.2    
 Catch=   13425.3056785440     
 Abd=   22753.96    
 Catch=   411174.012870467     
 Abd=   4294504.    
 Time step =         1897
 Catch=   10212.7635486286     
 Abd=   65009.52    
 Catch=   1019.76277900484     
 Abd=   6542.787    
 Catch=   13038.4375336449     
 Abd=   14159.05    
 Catch=   595.825526702150     
 Abd=   9939.455    
 Catch=   14072.3218386582     
 Abd=   47299.53    
 Catch=   14.5000088198494     
 Abd=   57.00004    
 Catch=                     NaN
 Abd=            NaN
 Catch=                     NaN
 Abd=            NaN
 Catch=   13882.3128739531     
 Abd=   231672.8    
 Catch=   8278.53993756472     
 Abd=   1880.982    
 Catch=   20264.8419122549     
 Abd=   115052.2    
 Catch=   522.356805494215     
 Abd=   8720.342    
 Catch=                     NaN
 Abd=            NaN
 Catch=   8660.84779125665     
 Abd=   125742.6    
 Catch=   55585.3544614327     
 Abd=   32160.66    
 Catch=                     NaN
 Abd=            NaN
 Catch=   1913.54978245278     
 Abd=   2802.784    
 Catch=                     NaN
 Abd=            NaN
 Catch=   7867.54697929765     
 Abd=   40822.23    
 Catch=   1270.01912788914     
 Abd=   4355.153    
 Catch=   177.312310213960     
 Abd=   1683.914    
 Catch=   90289.2087844308     
 Abd=   1507062.    
 Catch=   36772.4385394170     
 Abd=   128977.1    
 Catch=   6870.68300480098     
 Abd=   114663.2    
 Catch=                     NaN
 Abd=            NaN
 Catch=   11355.1682713612     
 Abd=   23976.95    
 Catch=   33369.1310680720     
 Abd=   19485.47    
 Catch=   38599.6359921660     
 Abd=   570290.6    
 Catch=   56622.2133897688     
 Abd=   152573.2    
 Catch=   13425.3040223100     
 Abd=   22753.95    
 Catch=   411174.013170112     
 Abd=   4294504.    
 Time step =         1898
 Catch=   10212.7596724762     
 Abd=   65009.48    
 Catch=   1020.51415351903     
 Abd=   6547.248    
 Catch=   13038.4407437758     
 Abd=   14159.05    
 Catch=   594.937919116027     
 Abd=   9924.800    
 Catch=   14072.3218386582     
 Abd=   47299.53    
 Catch=   14.5000088198494     
 Abd=   57.00004    
 Catch=                     NaN
 Abd=            NaN
 Catch=                     NaN
 Abd=            NaN
 Catch=   13871.0709958984     
 Abd=   231487.1    
 Catch=   8278.53993756472     
 Abd=   1880.982    
 Catch=   20263.9764052499     
 Abd=   115047.4    
 Catch=   522.349388089061     
 Abd=   8720.224    
 Catch=                     NaN
 Abd=            NaN
 Catch=   8657.19492087878     
 Abd=   125690.2    
 Catch=   55585.3469515598     
 Abd=   32160.66    
 Catch=                     NaN
 Abd=            NaN
 Catch=   1913.54978245278     
 Abd=   2802.784    
 Catch=                     NaN
 Abd=            NaN
 Catch=   7867.55075243840     
 Abd=   40822.23    
 Catch=   1270.01912788914     
 Abd=   4355.153    
 Catch=   177.291033397074     
 Abd=   1683.716    
 Catch=   90254.6162203341     
 Abd=   1506490.    
 Catch=   36772.4201713376     
 Abd=   128977.1    
 Catch=   6865.56843871797     
 Abd=   114578.6    
 Catch=                     NaN
 Abd=            NaN
 Catch=   11355.1666365863     
 Abd=   23976.95    
 Catch=   33369.1392770856     
 Abd=   19485.47    
 Catch=   38586.4704776176     
 Abd=   570097.8    
 Catch=   56622.1901695182     
 Abd=   152573.1    
 Catch=   13425.3024074705     
 Abd=   22753.96    
 Catch=   411173.927192988     
 Abd=   4294503.    
 Time step =         1899
 Catch=   10212.7563217734     
 Abd=   65009.47    
 Catch=   1021.15952685337     
 Abd=   6551.082    
 Catch=   13038.4395096741     
 Abd=   14159.05    
 Catch=   594.069863433187     
 Abd=   9910.473    
 Catch=   14072.3218386582     
 Abd=   47299.53    
 Catch=   14.5000088198494     
 Abd=   57.00004    
 Catch=                     NaN
 Abd=            NaN
 Catch=                     NaN
 Abd=            NaN
 Catch=   13860.0504754636     
 Abd=   231305.0    
 Catch=   8278.53993756472     
 Abd=   1880.982    
 Catch=   20263.1394965029     
 Abd=   115042.7    
 Catch=   522.342651678571     
 Abd=   8720.112    
 Catch=                     NaN
 Abd=            NaN
 Catch=   8653.62443811253     
 Abd=   125638.8    
 Catch=   55585.3479788086     
 Abd=   32160.66    
 Catch=                     NaN
 Abd=            NaN
 Catch=   1913.54978245278     
 Abd=   2802.784    
 Catch=                     NaN
 Abd=            NaN
 Catch=   7867.55198800887     
 Abd=   40822.25    
 Catch=   1270.01912788914     
 Abd=   4355.153    
 Catch=   177.270695414940     
 Abd=   1683.527    
 Catch=   90220.7349684806     
 Abd=   1505931.    
 Catch=   36772.4166975167     
 Abd=   128977.0    
 Catch=   6860.55377027169     
 Abd=   114495.7    
 Catch=                     NaN
 Abd=            NaN
 Catch=   11355.1655985629     
 Abd=   23976.95    
 Catch=   33369.1383558785     
 Abd=   19485.48    
 Catch=   38573.5383274924     
 Abd=   569908.4    
 Catch=   56622.2009873003     
 Abd=   152573.2    
 Catch=   13425.3091623680     
 Abd=   22753.96    
 Catch=   411174.014029868     
 Abd=   4294504.    
 Time step =         1900
 Catch=   10212.7561549645     
 Abd=   65009.48    
 Catch=   1021.71389862989     
 Abd=   6554.373    
 Catch=   13038.4381817822     
 Abd=   14159.04    
 Catch=   593.221513088367     
 Abd=   9896.468    
 Catch=   14072.3218386582     
 Abd=   47299.53    
 Catch=   14.5000088198494     
 Abd=   57.00004    
 Catch=                     NaN
 Abd=            NaN
 Catch=                     NaN
 Abd=            NaN
 Catch=   13849.2631937715     
 Abd=   231126.8    
 Catch=   8278.53993756472     
 Abd=   1880.982    
 Catch=   20262.3213112468     
 Abd=   115038.2    
 Catch=   522.336029054144     
 Abd=   8720.003    
 Catch=                     NaN
 Abd=            NaN
 Catch=   8650.12312071295     
 Abd=   125588.6    
 Catch=   55585.3536524123     
 Abd=   32160.66    
 Catch=                     NaN
 Abd=            NaN
 Catch=   1913.54978245278     
 Abd=   2802.784    
 Catch=                     NaN
 Abd=            NaN
 Catch=   7867.55120736330     
 Abd=   40822.24    
 Catch=   1270.01912788914     
 Abd=   4355.153    
 Catch=   177.251102617194     
 Abd=   1683.344    
 Catch=   90187.5903805378     
 Abd=   1505383.    
 Catch=   36772.4258869138     
 Abd=   128977.1    
 Catch=   6855.63910811735     
 Abd=   114414.5    
 Catch=                     NaN
 Abd=            NaN
 Catch=   11355.1627738535     
 Abd=   23976.94    
 Catch=   33369.1452672435     
 Abd=   19485.48    
 Catch=   38560.8339270743     
 Abd=   569722.3    
 Catch=   56622.1944446732     
 Abd=   152573.1    
 Catch=   13425.3103592485     
 Abd=   22753.96    
 Catch=   411174.123563672     
 Abd=   4294505.    
 Time step =         1901
 Catch=   10212.7566487454     
 Abd=   65009.47    
 Catch=   1022.18947187645     
 Abd=   6557.196    
 Catch=   13038.4327635868     
 Abd=   14159.04    
 Catch=   592.391675498732     
 Abd=   9882.770    
 Catch=   14072.3218386582     
 Abd=   47299.53    
 Catch=   14.5000088198494     
 Abd=   57.00004    
 Catch=                     NaN
 Abd=            NaN
 Catch=                     NaN
 Abd=            NaN
 Catch=   13838.7021842901     
 Abd=   230952.3    
 Catch=   8278.53993756472     
 Abd=   1880.982    
 Catch=   20261.5445733269     
 Abd=   115033.9    
 Catch=   522.329789280754     
 Abd=   8719.905    
 Catch=                     NaN
 Abd=            NaN
 Catch=   8646.69872773733     
 Abd=   125539.4    
 Catch=   55585.3485082019     
 Abd=   32160.66    
 Catch=                     NaN
 Abd=            NaN
 Catch=   1913.54978245278     
 Abd=   2802.784    
 Catch=                     NaN
 Abd=            NaN
 Catch=   7867.55154650920     
 Abd=   40822.23    
 Catch=   1270.01912788914     
 Abd=   4355.153    
 Catch=   177.232341904577     
 Abd=   1683.171    
 Catch=   90155.0627726981     
 Abd=   1504845.    
 Catch=   36772.4270468967     
 Abd=   128977.1    
 Catch=   6850.81211471535     
 Abd=   114334.6    
 Catch=                     NaN
 Abd=            NaN
 Catch=   11355.1625795616     
 Abd=   23976.94    
 Catch=   33369.1419750860     
 Abd=   19485.47    
 Catch=   38548.3434192905     
 Abd=   569539.1    
 Catch=   56622.1893725566     
 Abd=   152573.2    
 Catch=   13425.3057629880     
 Abd=   22753.95    
 Catch=   411174.035576968     
 Abd=   4294504.    
 Time step =         1902
 Catch=   10212.7594951332     
 Abd=   65009.48    
 Catch=   1022.59755094869     
 Abd=   6559.616    
 Catch=   13038.4358559970     
 Abd=   14159.05    
 Catch=   591.580100368613     
 Abd=   9869.370    
 Catch=   14072.3218386582     
 Abd=   47299.53    
 Catch=   14.5000088198494     
 Abd=   57.00004    
 Catch=                     NaN
 Abd=            NaN
 Catch=                     NaN
 Abd=            NaN
 Catch=   13828.3481875799     
 Abd=   230781.1    
 Catch=   8278.53993756472     
 Abd=   1880.982    
 Catch=   20260.7901174843     
 Abd=   115029.6    
 Catch=   522.324076611222     
 Abd=   8719.812    
 Catch=                     NaN
 Abd=            NaN
 Catch=   8643.34989392415     
 Abd=   125491.3    
 Catch=   55585.3472198848     
 Abd=   32160.66    
 Catch=                     NaN
 Abd=            NaN
 Catch=   1913.54978245278     
 Abd=   2802.784    
 Catch=                     NaN
 Abd=            NaN
 Catch=   7867.54994931805     
 Abd=   40822.23    
 Catch=   1270.01912788914     
 Abd=   4355.153    
 Catch=   177.214491984838     
 Abd=   1683.005    
 Catch=   90123.2082907030     
 Abd=   1504320.    
 Catch=   36772.4261487651     
 Abd=   128977.1    
 Catch=   6846.07503122109     
 Abd=   114256.2    
 Catch=                     NaN
 Abd=            NaN
 Catch=   11355.1625070879     
 Abd=   23976.94    
 Catch=   33369.1318223901     
 Abd=   19485.46    
 Catch=   38536.0762383271     
 Abd=   569359.9    
 Catch=   56622.2083367130     
 Abd=   152573.2    
 Catch=   13425.3051843250     
 Abd=   22753.96    
 Catch=   411173.975103727     
 Abd=   4294503.    
 Time step =         1903
 Catch=   10212.7595337067     
 Abd=   65009.48    
 Catch=   1022.94719300835     
 Abd=   6561.690    
 Catch=   13038.4404292054     
 Abd=   14159.05    
 Catch=   590.786339824135     
 Abd=   9856.264    
 Catch=   14072.3218386582     
 Abd=   47299.53    
 Catch=   14.5000088198494     
 Abd=   57.00004    
 Catch=                     NaN
 Abd=            NaN
 Catch=                     NaN
 Abd=            NaN
 Catch=   13818.1936771057     
 Abd=   230613.3    
 Catch=   8278.53993756472     
 Abd=   1880.982    
 Catch=   20260.0625184971     
 Abd=   115025.6    
 Catch=   522.318506301357     
 Abd=   8719.721    
 Catch=                     NaN
 Abd=            NaN
 Catch=   8640.07021738358     
 Abd=   125444.1    
 Catch=   55585.3587319851     
 Abd=   32160.66    
 Catch=                     NaN
 Abd=            NaN
 Catch=   1913.54978245278     
 Abd=   2802.784    
 Catch=                     NaN
 Abd=            NaN
 Catch=   7867.54904021586     
 Abd=   40822.23    
 Catch=   1270.01912788914     
 Abd=   4355.153    
 Catch=   177.197268678798     
 Abd=   1682.844    
 Catch=   90092.0655292515     
 Abd=   1503805.    
 Catch=   36772.4269341353     
 Abd=   128977.1    
 Catch=   6841.42480708607     
 Abd=   114179.4    
 Catch=                     NaN
 Abd=            NaN
 Catch=   11355.1654311851     
 Abd=   23976.95    
 Catch=   33369.1334254888     
 Abd=   19485.46    
 Catch=   38524.0405628956     
 Abd=   569183.4    
 Catch=   56622.2250388362     
 Abd=   152573.2    
 Catch=   13425.3078075188     
 Abd=   22753.96    
 Catch=   411173.879419088     
 Abd=   4294503.    
 Time step =         1904
 Catch=   10212.7576905011     
 Abd=   65009.46    
 Catch=   1023.24636675767     
 Abd=   6563.462    
 Catch=   13038.4395700245     
 Abd=   14159.05    
 Catch=   590.009920109514     
 Abd=   9843.445    
 Catch=   14072.3218386582     
 Abd=   47299.53    
 Catch=   14.5000088198494     
 Abd=   57.00004    
 Catch=                     NaN
 Abd=            NaN
 Catch=                     NaN
 Abd=            NaN
 Catch=   13808.2412993415     
 Abd=   230448.8    
 Catch=   8278.53993756472     
 Abd=   1880.982    
 Catch=   20259.3636480010     
 Abd=   115021.7    
 Catch=   522.313161780177     
 Abd=   8719.633    
 Catch=                     NaN
 Abd=            NaN
 Catch=   8636.85801778536     
 Abd=   125398.0    
 Catch=   55585.3446872804     
 Abd=   32160.66    
 Catch=                     NaN
 Abd=            NaN
 Catch=   1913.54978245278     
 Abd=   2802.784    
 Catch=                     NaN
 Abd=            NaN
 Catch=   7867.55050940876     
 Abd=   40822.23    
 Catch=   1270.01912788914     
 Abd=   4355.153    
 Catch=   177.180653690590     
 Abd=   1682.689    
 Catch=   90061.5686368354     
 Abd=   1503301.    
 Catch=   36772.4370029948     
 Abd=   128977.2    
 Catch=   6836.86153542682     
 Abd=   114103.8    
 Catch=                     NaN
 Abd=            NaN
 Catch=   11355.1670523700     
 Abd=   23976.95    
 Catch=   33369.1319365719     
 Abd=   19485.47    
 Catch=   38512.2065865440     
 Abd=   569010.0    
 Catch=   56622.2232317057     
 Abd=   152573.3    
 Catch=   13425.3077457490     
 Abd=   22753.96    
 Catch=   411173.887534666     
 Abd=   4294503.    
 Time step =         1905
 Catch=   10212.7540848896     
 Abd=   65009.46    
 Catch=   1023.50262427324     
 Abd=   6564.982    
 Catch=   13038.4414103941     
 Abd=   14159.05    
 Catch=   589.250402664822     
 Abd=   9830.902    
 Catch=   14072.3218386582     
 Abd=   47299.53    
 Catch=   14.5000088198494     
 Abd=   57.00004    
 Catch=                     NaN
 Abd=            NaN
 Catch=                     NaN
 Abd=            NaN
 Catch=   13798.4882598086     
 Abd=   230287.6    
 Catch=   8278.53993756472     
 Abd=   1880.982    
 Catch=   20258.6869285144     
 Abd=   115017.9    
 Catch=   522.308200654080     
 Abd=   8719.558    
 Catch=                     NaN
 Abd=            NaN
 Catch=   8633.71486985028     
 Abd=   125352.8    
 Catch=   55585.3505693579     
 Abd=   32160.66    
 Catch=                     NaN
 Abd=            NaN
 Catch=   1913.54978245278     
 Abd=   2802.784    
 Catch=                     NaN
 Abd=            NaN
 Catch=   7867.54775082637     
 Abd=   40822.22    
 Catch=   1270.01912788914     
 Abd=   4355.153    
 Catch=   177.164657528502     
 Abd=   1682.540    
 Catch=   90031.6945274959     
 Abd=   1502808.    
 Catch=   36772.4325896979     
 Abd=   128977.1    
 Catch=   6832.38350618894     
 Abd=   114029.8    
 Catch=                     NaN
 Abd=            NaN
 Catch=   11355.1662785820     
 Abd=   23976.94    
 Catch=   33369.1402255750     
 Abd=   19485.48    
 Catch=   38500.5639548566     
 Abd=   568839.5    
 Catch=   56622.2432398678     
 Abd=   152573.2    
 Catch=   13425.3163173312     
 Abd=   22753.97    
 Catch=   411173.952795384     
 Abd=   4294504.    
 Time step =         1906
 Catch=   10212.7580173142     
 Abd=   65009.48    
 Catch=   1023.72229206210     
 Abd=   6566.284    
 Catch=   13038.4388724029     
 Abd=   14159.05    
 Catch=   588.507118184385     
 Abd=   9818.626    
 Catch=   14072.3218386582     
 Abd=   47299.53    
 Catch=   14.5000088198494     
 Abd=   57.00004    
 Catch=                     NaN
 Abd=            NaN
 Catch=                     NaN
 Abd=            NaN
 Catch=   13788.9290844685     
 Abd=   230129.6    
 Catch=   8278.53993756472     
 Abd=   1880.982    
 Catch=   20258.0334456103     
 Abd=   115014.2    
 Catch=   522.303915081438     
 Abd=   8719.486    
 Catch=                     NaN
 Abd=            NaN
 Catch=   8630.63029101322     
 Abd=   125308.5    
 Catch=   55585.3528960749     
 Abd=   32160.66    
 Catch=                     NaN
 Abd=            NaN
 Catch=   1913.54978245278     
 Abd=   2802.784    
 Catch=                     NaN
 Abd=            NaN
 Catch=   7867.54630859037     
 Abd=   40822.21    
 Catch=   1270.01912788914     
 Abd=   4355.153    
 Catch=   177.149293196971     
 Abd=   1682.397    
 Catch=   90002.3839576541     
 Abd=   1502323.    
 Catch=   36772.4301349400     
 Abd=   128977.1    
 Catch=   6827.99072898786     
 Abd=   113957.2    
 Catch=                     NaN
 Abd=            NaN
 Catch=   11355.1664802892     
 Abd=   23976.95    
 Catch=   33369.1494290451     
 Abd=   19485.48    
 Catch=   38489.1353466168     
 Abd=   568671.9    
 Catch=   56622.2436411122     
 Abd=   152573.2    
 Catch=   13425.3120597001     
 Abd=   22753.96    
 Catch=   411173.957513663     
 Abd=   4294503.    
 Time step =         1907
 Catch=   10212.7579298453     
 Abd=   65009.47    
 Catch=   1023.91045385418     
 Abd=   6567.399    
 Catch=   13038.4407486578     
 Abd=   14159.05    
 Catch=   587.780040790266     
 Abd=   9806.621    
 Catch=   14072.3218386582     
 Abd=   47299.53    
 Catch=   14.5000088198494     
 Abd=   57.00004    
 Catch=                     NaN
 Abd=            NaN
 Catch=                     NaN
 Abd=            NaN
 Catch=   13779.5544434011     
 Abd=   229974.6    
 Catch=   8278.53993756472     
 Abd=   1880.982    
 Catch=   20257.4003998440     
 Abd=   115010.8    
 Catch=   522.299847991359     
 Abd=   8719.423    
 Catch=                     NaN
 Abd=            NaN
 Catch=   8627.60980746400     
 Abd=   125265.0    
 Catch=   55585.3485928467     
 Abd=   32160.66    
 Catch=                     NaN
 Abd=            NaN
 Catch=   1913.54978245278     
 Abd=   2802.784    
 Catch=                     NaN
 Abd=            NaN
 Catch=   7867.54566635053     
 Abd=   40822.22    
 Catch=   1270.01912788914     
 Abd=   4355.153    
 Catch=   177.134519641279     
 Abd=   1682.260    
 Catch=   89973.6867669386     
 Abd=   1501849.    
 Catch=   36772.4385542288     
 Abd=   128977.1    
 Catch=   6823.68618484536     
 Abd=   113886.1    
 Catch=                     NaN
 Abd=            NaN
 Catch=   11355.1707182670     
 Abd=   23976.96    
 Catch=   33369.1390496848     
 Abd=   19485.46    
 Catch=   38477.8902581551     
 Abd=   568507.4    
 Catch=   56622.2598909936     
 Abd=   152573.3    
 Catch=   13425.3108248638     
 Abd=   22753.97    
 Catch=   411173.827703317     
 Abd=   4294502.    
 Time step =         1908
 Catch=   10212.7571948361     
 Abd=   65009.47    
 Catch=   1024.07083379159     
 Abd=   6568.349    
 Catch=   13038.4403341174     
 Abd=   14159.05    
 Catch=   587.068361929932     
 Abd=   9794.867    
 Catch=   14072.3218386582     
 Abd=   47299.53    
 Catch=   14.5000088198494     
 Abd=   57.00004    
 Catch=                     NaN
 Abd=            NaN
 Catch=                     NaN
 Abd=            NaN
 Catch=   13770.3580988170     
 Abd=   229822.7    
 Catch=   8278.53993756472     
 Abd=   1880.982    
 Catch=   20256.7916226907     
 Abd=   115007.3    
 Catch=   522.296086983666     
 Abd=   8719.360    
 Catch=                     NaN
 Abd=            NaN
 Catch=   8624.64703307158     
 Abd=   125222.5    
 Catch=   55585.3586501406     
 Abd=   32160.67    
 Catch=                     NaN
 Abd=            NaN
 Catch=   1913.54978245278     
 Abd=   2802.784    
 Catch=                     NaN
 Abd=            NaN
 Catch=   7867.54691826707     
 Abd=   40822.22    
 Catch=   1270.01912788914     
 Abd=   4355.153    
 Catch=   177.120330885297     
 Abd=   1682.127    
 Catch=   89945.5782550413     
 Abd=   1501384.    
 Catch=   36772.4363561795     
 Abd=   128977.1    
 Catch=   6819.45992723501     
 Abd=   113816.1    
 Catch=                     NaN
 Abd=            NaN
 Catch=   11355.1709757602     
 Abd=   23976.96    
 Catch=   33369.1365214324     
 Abd=   19485.46    
 Catch=   38466.8483542627     
 Abd=   568345.4    
 Catch=   56622.2504769476     
 Abd=   152573.2    
 Catch=   13425.3083050504     
 Abd=   22753.95    
 Catch=   411173.961201648     
 Abd=   4294505.    
 Time step =         1909
 Catch=   10212.7578608351     
 Abd=   65009.48    
 Catch=   1024.20827697257     
 Abd=   6569.165    
 Catch=   13038.4418219063     
 Abd=   14159.05    
 Catch=   586.371447356802     
 Abd=   9783.354    
 Catch=   14072.3218386582     
 Abd=   47299.53    
 Catch=   14.5000088198494     
 Abd=   57.00004    
 Catch=                     NaN
 Abd=            NaN
 Catch=                     NaN
 Abd=            NaN
 Catch=   13761.3448617515     
 Abd=   229673.6    
 Catch=   8278.53993756472     
 Abd=   1880.982    
 Catch=   20256.2078759448     
 Abd=   115004.1    
 Catch=   522.292217650789     
 Abd=   8719.295    
 Catch=                     NaN
 Abd=            NaN
 Catch=   8621.74354842439     
 Abd=   125180.8    
 Catch=   55585.3694926214     
 Abd=   32160.67    
 Catch=                     NaN
 Abd=            NaN
 Catch=   1913.54978245278     
 Abd=   2802.784    
 Catch=                     NaN
 Abd=            NaN
 Catch=   7867.54853061548     
 Abd=   40822.22    
 Catch=   1270.01912788914     
 Abd=   4355.153    
 Catch=   177.106671780624     
 Abd=   1682.000    
 Catch=   89917.9738032521     
 Abd=   1500927.    
 Catch=   36772.4351197135     
 Abd=   128977.1    
 Catch=   6815.31239336980     
 Abd=   113747.6    
 Catch=                     NaN
 Abd=            NaN
 Catch=   11355.1732774440     
 Abd=   23976.96    
 Catch=   33369.1354751867     
 Abd=   19485.47    
 Catch=   38455.9710415037     
 Abd=   568186.1    
 Catch=   56622.2457107253     
 Abd=   152573.3    
 Catch=   13425.3037921951     
 Abd=   22753.95    
 Catch=   411174.222519503     
 Abd=   4294506.    
 Time step =         1910
 Catch=   10212.7575024525     
 Abd=   65009.48    
 Catch=   1024.32633037920     
 Abd=   6569.865    
 Catch=   13038.4418621933     
 Abd=   14159.06    
 Catch=   585.689285444083     
 Abd=   9772.088    
 Catch=   14072.3218386582     
 Abd=   47299.53    
 Catch=   14.5000088198494     
 Abd=   57.00004    
 Catch=                     NaN
 Abd=            NaN
 Catch=                     NaN
 Abd=            NaN
 Catch=   13752.5032745090     
 Abd=   229527.4    
 Catch=   8278.53993756472     
 Abd=   1880.982    
 Catch=   20255.6460971185     
 Abd=   115001.0    
 Catch=   522.288329440629     
 Abd=   8719.229    
 Catch=                     NaN
 Abd=            NaN
 Catch=   8618.90671430713     
 Abd=   125140.0    
 Catch=   55585.3683680123     
 Abd=   32160.67    
 Catch=                     NaN
 Abd=            NaN
 Catch=   1913.54978245278     
 Abd=   2802.784    
 Catch=                     NaN
 Abd=            NaN
 Catch=   7867.54630549723     
 Abd=   40822.21    
 Catch=   1270.01912788914     
 Abd=   4355.153    
 Catch=   177.093519073318     
 Abd=   1681.877    
 Catch=   89890.8945919394     
 Abd=   1500480.    
 Catch=   36772.4344946674     
 Abd=   128977.1    
 Catch=   6811.24225585622     
 Abd=   113680.2    
 Catch=                     NaN
 Abd=            NaN
 Catch=   11355.1716948058     
 Abd=   23976.96    
 Catch=   33369.1352065121     
 Abd=   19485.47    
 Catch=   38445.2990273432     
 Abd=   568029.8    
 Catch=   56622.2425694563     
 Abd=   152573.2    
 Catch=   13425.3036035164     
 Abd=   22753.95    
 Catch=   411174.019763295     
 Abd=   4294502.    
 Time step =         1861
 Catch=   10212.7554547920     
 Abd=   65009.46    
 Catch=   1024.42720643196     
 Abd=   6570.462    
 Catch=   13038.4440294934     
 Abd=   14159.05    
 Catch=   585.021941503036     
 Abd=   9761.069    
 Catch=   14072.3218386582     
 Abd=   47299.53    
 Catch=   14.5000088198494     
 Abd=   57.00004    
 Catch=                     NaN
 Abd=            NaN
 Catch=                     NaN
 Abd=            NaN
 Catch=   13743.8353250068     
 Abd=   229384.2    
 Catch=   8278.53993756472     
 Abd=   1880.982    
 Catch=   20255.1091022607     
 Abd=   114998.0    
 Catch=   522.284745470962     
 Abd=   8719.178    
 Catch=                     NaN
 Abd=            NaN
 Catch=   8616.12616749238     
 Abd=   125100.0    
 Catch=   55585.3652234835     
 Abd=   32160.66    
 Catch=                     NaN
 Abd=            NaN
 Catch=   1913.54978245278     
 Abd=   2802.784    
 Catch=                     NaN
 Abd=            NaN
 Catch=   7867.54648537735     
 Abd=   40822.21    
 Catch=   1270.01912788914     
 Abd=   4355.153    
 Catch=   177.080806456758     
 Abd=   1681.759    
 Catch=   89864.4046090032     
 Abd=   1500042.    
 Catch=   36772.4464910132     
 Abd=   128977.1    
 Catch=   6807.24204027048     
 Abd=   113613.9    
 Catch=                     NaN
 Abd=            NaN
 Catch=   11355.1694116991     
 Abd=   23976.95    
 Catch=   33369.1343528048     
 Abd=   19485.46    
 Catch=   38434.7801976124     
 Abd=   567875.6    
 Catch=   56622.2594578550     
 Abd=   152573.3    
 Catch=   13425.3065879664     
 Abd=   22753.96    
 Catch=   411173.740220359     
 Abd=   4294501.    
 Time step =         1862
 Catch=   10212.7563800699     
 Abd=   65009.47    
 Catch=   1024.51355296764     
 Abd=   6570.973    
 Catch=   13038.4401670523     
 Abd=   14159.05    
 Catch=   584.368639528084     
 Abd=   9750.272    
 Catch=   14072.3218386582     
 Abd=   47299.53    
 Catch=   14.5000088198494     
 Abd=   57.00004    
 Catch=                     NaN
 Abd=            NaN
 Catch=                     NaN
 Abd=            NaN
 Catch=   13735.3443260216     
 Abd=   229243.9    
 Catch=   8278.53993756472     
 Abd=   1880.982    
 Catch=   20254.5836061247     
 Abd=   114995.0    
 Catch=   522.281960630819     
 Abd=   8719.132    
 Catch=                     NaN
 Abd=            NaN
 Catch=   8613.39590064946     
 Abd=   125060.8    
 Catch=   55585.3591744547     
 Abd=   32160.67    
 Catch=                     NaN
 Abd=            NaN
 Catch=   1913.54978245278     
 Abd=   2802.784    
 Catch=                     NaN
 Abd=            NaN
 Catch=   7867.54558613080     
 Abd=   40822.20    
 Catch=   1270.01912788914     
 Abd=   4355.153    
 Catch=   177.068566721835     
 Abd=   1681.645    
 Catch=   89838.4207824898     
 Abd=   1499612.    
 Catch=   36772.4288388706     
 Abd=   128977.1    
 Catch=   6803.30452745267     
 Abd=   113548.8    
 Catch=                     NaN
 Abd=            NaN
 Catch=   11355.1659781735     
 Abd=   23976.95    
 Catch=   33369.1301113684     
 Abd=   19485.46    
 Catch=   38424.4420361162     
 Abd=   567724.1    
 Catch=   56622.2528091377     
 Abd=   152573.3    
 Catch=   13425.3118302719     
 Abd=   22753.96    
 Catch=   411173.772054256     
 Abd=   4294502.    
 Time step =         1863
 Catch=   10212.7563177175     
 Abd=   65009.48    
 Catch=   1024.58735454328     
 Abd=   6571.413    
 Catch=   13038.4421543923     
 Abd=   14159.05    
 Catch=   583.728559955798     
 Abd=   9739.701    
 Catch=   14072.3218386582     
 Abd=   47299.53    
 Catch=   14.5000088198494     
 Abd=   57.00004    
 Catch=                     NaN
 Abd=            NaN
 Catch=                     NaN
 Abd=            NaN
 Catch=   13727.0211447661     
 Abd=   229106.2    
 Catch=   8278.53993756472     
 Abd=   1880.982    
 Catch=   20254.0761498136     
 Abd=   114992.2    
 Catch=   522.279201393784     
 Abd=   8719.088    
 Catch=                     NaN
 Abd=            NaN
 Catch=   8610.72348634652     
 Abd=   125022.4    
 Catch=   55585.3594606160     
 Abd=   32160.67    
 Catch=                     NaN
 Abd=            NaN
 Catch=   1913.54978245278     
 Abd=   2802.784    
 Catch=                     NaN
 Abd=            NaN
 Catch=   7867.54191462197     
 Abd=   40822.19    
 Catch=   1270.01912788914     
 Abd=   4355.153    
 Catch=   177.056808975769     
 Abd=   1681.535    
 Catch=   89812.8959802836     
 Abd=   1499190.    
 Catch=   36772.4255714886     
 Abd=   128977.1    
 Catch=   6799.43757272610     
 Abd=   113484.8    
 Catch=                     NaN
 Abd=            NaN
 Catch=   11355.1654318251     
 Abd=   23976.95    
 Catch=   33369.1345542538     
 Abd=   19485.47    
 Catch=   38414.2643163411     
 Abd=   567574.8    
 Catch=   56622.2436924212     
 Abd=   152573.3    
 Catch=   13425.3096697080     
 Abd=   22753.96    
 Catch=   411173.939411281     
 Abd=   4294505.    
 Time step =         1864
 Catch=   10212.7568127668     
 Abd=   65009.47    
 Catch=   1024.65090444978     
 Abd=   6571.787    
 Catch=   13038.4421347605     
 Abd=   14159.05    
 Catch=   583.101963320748     
 Abd=   9729.323    
 Catch=   14072.3218386582     
 Abd=   47299.53    
 Catch=   14.5000088198494     
 Abd=   57.00004    
 Catch=                     NaN
 Abd=            NaN
 Catch=                     NaN
 Abd=            NaN
 Catch=   13718.8467463139     
 Abd=   228971.0    
 Catch=   8278.53993756472     
 Abd=   1880.982    
 Catch=   20253.5873770218     
 Abd=   114989.5    
 Catch=   522.276605246147     
 Abd=   8719.046    
 Catch=                     NaN
 Abd=            NaN
 Catch=   8608.11167403140     
 Abd=   124984.8    
 Catch=   55585.3525813003     
 Abd=   32160.66    
 Catch=                     NaN
 Abd=            NaN
 Catch=   1913.54978245278     
 Abd=   2802.784    
 Catch=                     NaN
 Abd=            NaN
 Catch=   7867.53945953940     
 Abd=   40822.18    
 Catch=   1270.01912788914     
 Abd=   4355.153    
 Catch=   177.041018637745     
 Abd=   1681.291    
 Catch=   89787.8845525781     
 Abd=   1498777.    
 Catch=   36772.4309978718     
 Abd=   128977.1    
 Catch=   6795.64262343166     
 Abd=   113422.1    
 Catch=                     NaN
 Abd=            NaN
 Catch=   11355.1651006979     
 Abd=   23976.94    
 Catch=   33369.1357072962     
 Abd=   19485.47    
 Catch=   38404.2526168775     
 Abd=   567428.0    
 Catch=   56622.2309831123     
 Abd=   152573.3    
 Catch=   13425.3100138114     
 Abd=   22753.96    
 Catch=   411174.087649190     
 Abd=   4294504.    
 Time step =         1865
 Catch=   10212.7570184929     
 Abd=   65009.47    
 Catch=   1024.70472478857     
 Abd=   6572.105    
 Catch=   13038.4393707301     
 Abd=   14159.05    
 Catch=   582.479000615743     
 Abd=   9718.918    
 Catch=   14072.3218386582     
 Abd=   47299.53    
 Catch=   14.5000088198494     
 Abd=   57.00004    
 Catch=                     NaN
 Abd=            NaN
 Catch=                     NaN
 Abd=            NaN
 Catch=   13710.8284644508     
 Abd=   228838.4    
 Catch=   8278.53993756472     
 Abd=   1880.982    
 Catch=   20253.1177690777     
 Abd=   114986.9    
 Catch=   522.274148444494     
 Abd=   8719.005    
 Catch=                     NaN
 Abd=            NaN
 Catch=   8605.54405607236     
 Abd=   124947.9    
 Catch=   55585.3460243848     
 Abd=   32160.66    
 Catch=                     NaN
 Abd=            NaN
 Catch=   1913.54978245278     
 Abd=   2802.784    
 Catch=                     NaN
 Abd=            NaN
 Catch=   7867.54113970988     
 Abd=   40822.18    
 Catch=   1270.01912788914     
 Abd=   4355.153    
 Catch=   177.006315110894     
 Abd=   1680.921    
 Catch=   89763.4026824948     
 Abd=   1498373.    
 Catch=   36772.4371404737     
 Abd=   128977.1    
 Catch=   6791.91972210077     
 Abd=   113360.5    
 Catch=                     NaN
 Abd=            NaN
 Catch=   11355.1642517151     
 Abd=   23976.95    
 Catch=   33369.1383227608     
 Abd=   19485.47    
 Catch=   38394.4022740335     
 Abd=   567283.6    
 Catch=   56622.2534766170     
 Abd=   152573.3    
 Catch=   13425.3102131479     
 Abd=   22753.96    
 Catch=   411173.927601016     
 Abd=   4294503.    
 Time step =         1866
 Catch=   10212.7569917806     
 Abd=   65009.47    
 Catch=   1024.75053561001     
 Abd=   6572.380    
 Catch=   13038.4435562714     
 Abd=   14159.06    
 Catch=   581.861263283641     
 Abd=   9708.684    
 Catch=   14072.3218386582     
 Abd=   47299.53    
 Catch=   14.5000088198494     
 Abd=   57.00004    
 Catch=                     NaN
 Abd=            NaN
 Catch=                     NaN
 Abd=            NaN
 Catch=   13702.9659094652     
 Abd=   228708.3    
 Catch=   8278.53993756472     
 Abd=   1880.982    
 Catch=   20252.6690550440     
 Abd=   114984.4    
 Catch=   522.271691645186     
 Abd=   8718.965    
 Catch=                     NaN
 Abd=            NaN
 Catch=   8603.02376476984     
 Abd=   124911.6    
 Catch=   55585.3589171980     
 Abd=   32160.66    
 Catch=                     NaN
 Abd=            NaN
 Catch=   1913.54978245278     
 Abd=   2802.784    
 Catch=                     NaN
 Abd=            NaN
 Catch=   7867.53932979280     
 Abd=   40822.19    
 Catch=   1270.01912788914     
 Abd=   4355.153    
 Catch=   176.963835336693     
 Abd=   1680.444    
 Catch=   89739.3993858404     
 Abd=   1497976.    
 Catch=   36772.4296323840     
 Abd=   128977.1    
 Catch=   6788.25707737492     
 Abd=   113299.9    
 Catch=                     NaN
 Abd=            NaN
 Catch=   11355.1678511946     
 Abd=   23976.95    
 Catch=   33369.1388845904     
 Abd=   19485.47    
 Catch=   38384.7072476553     
 Abd=   567141.5    
 Catch=   56622.2803203770     
 Abd=   152573.3    
 Catch=   13425.3100209873     
 Abd=   22753.96    
 Catch=   411173.955624327     
 Abd=   4294504.    
 Time step =         1867
 Catch=   10212.7569627819     
 Abd=   65009.48    
 Catch=   1024.78986450968     
 Abd=   6572.607    
 Catch=   13038.4413879689     
 Abd=   14159.05    
 Catch=   581.247198464843     
 Abd=   9698.445    
 Catch=   14072.3218386582     
 Abd=   47299.53    
 Catch=   14.5000088198494     
 Abd=   57.00004    
 Catch=                     NaN
 Abd=            NaN
 Catch=                     NaN
 Abd=            NaN
 Catch=   13695.2513706555     
 Abd=   228581.0    
 Catch=   8278.53993756472     
 Abd=   1880.982    
 Catch=   20252.2339626146     
 Abd=   114981.9    
 Catch=   522.269442973595     
 Abd=   8718.927    
 Catch=                     NaN
 Abd=            NaN
 Catch=   8600.54862939259     
 Abd=   124876.0    
 Catch=   55585.3581137086     
 Abd=   32160.67    
 Catch=                     NaN
 Abd=            NaN
 Catch=   1913.54978245278     
 Abd=   2802.784    
 Catch=                     NaN
 Abd=            NaN
 Catch=   7867.53917397322     
 Abd=   40822.18    
 Catch=   1270.01912788914     
 Abd=   4355.153    
 Catch=   176.904646829388     
 Abd=   1679.850    
 Catch=   89715.8403595297     
 Abd=   1497586.    
 Catch=   36772.4262731621     
 Abd=   128977.1    
 Catch=   6784.66315988065     
 Abd=   113240.5    
 Catch=                     NaN
 Abd=            NaN
 Catch=   11355.1661318562     
 Abd=   23976.94    
 Catch=   33369.1380207064     
 Abd=   19485.47    
 Catch=   38375.1587817716     
 Abd=   567001.4    
 Catch=   56622.2661291749     
 Abd=   152573.4    
 Catch=   13425.3068815004     
 Abd=   22753.96    
 Catch=   411173.982436552     
 Abd=   4294504.    
 Time step =         1868
 Catch=   10212.7577916415     
 Abd=   65009.48    
 Catch=   1024.82239929761     
 Abd=   6572.800    
 Catch=   13038.4397588491     
 Abd=   14159.05    
 Catch=   580.641583099571     
 Abd=   9688.459    
 Catch=   14072.3218386582     
 Abd=   47299.53    
 Catch=   14.5000088198494     
 Abd=   57.00004    
 Catch=                     NaN
 Abd=            NaN
 Catch=                     NaN
 Abd=            NaN
 Catch=   13687.6819976045     
 Abd=   228455.7    
 Catch=   8278.53993756472     
 Abd=   1880.982    
 Catch=   20251.8120751526     
 Abd=   114979.6    
 Catch=   522.267194271832     
 Abd=   8718.891    
 Catch=                     NaN
 Abd=            NaN
 Catch=   8598.12144948182     
 Abd=   124841.1    
 Catch=   55585.3570780342     
 Abd=   32160.66    
 Catch=                     NaN
 Abd=            NaN
 Catch=   1913.54978245278     
 Abd=   2802.784    
 Catch=                     NaN
 Abd=            NaN
 Catch=   7867.53613576220     
 Abd=   40822.16    
 Catch=   1270.01912788914     
 Abd=   4355.153    
 Catch=   176.843750567220     
 Abd=   1679.287    
 Catch=   89692.7211072610     
 Abd=   1497204.    
 Catch=   36772.4349913814     
 Abd=   128977.1    
 Catch=   6781.13345941529     
 Abd=   113182.0    
 Catch=                     NaN
 Abd=            NaN
 Catch=   11355.1636410214     
 Abd=   23976.95    
 Catch=   33369.1373339065     
 Abd=   19485.47    
 Catch=   38365.7561126788     
 Abd=   566863.6    
 Catch=   56622.2575691105     
 Abd=   152573.3    
 Catch=   13425.3100173193     
 Abd=   22753.96    
 Catch=   411173.925099092     
 Abd=   4294504.    
 Time step =         1869
 Catch=   10212.7605236533     
 Abd=   65009.50    
 Catch=   1024.85013048493     
 Abd=   6572.963    
 Catch=   13038.4417478523     
 Abd=   14159.05    
 Catch=   580.050779773458     
 Abd=   9678.720    
 Catch=   14072.3218386582     
 Abd=   47299.53    
 Catch=   14.5000088198494     
 Abd=   57.00004    
 Catch=                     NaN
 Abd=            NaN
 Catch=                     NaN
 Abd=            NaN
 Catch=   13680.2497251917     
 Abd=   228332.8    
 Catch=   8278.53993756472     
 Abd=   1880.982    
 Catch=   20251.4081958262     
 Abd=   114977.3    
 Catch=   522.265067855379     
 Abd=   8718.857    
 Catch=                     NaN
 Abd=            NaN
 Catch=   8595.74035022629     
 Abd=   124806.9    
 Catch=   55585.3618211201     
 Abd=   32160.67    
 Catch=                     NaN
 Abd=            NaN
 Catch=   1913.54978245278     
 Abd=   2802.784    
 Catch=                     NaN
 Abd=            NaN
 Catch=   7867.53477338259     
 Abd=   40822.17    
 Catch=   1270.01912788914     
 Abd=   4355.153    
 Catch=   176.786026113038     
 Abd=   1678.754    
 Catch=   89670.0697104923     
 Abd=   1496830.    
 Catch=   36772.4351731824     
 Abd=   128977.1    
 Catch=   6777.66486170081     
 Abd=   113124.6    
 Catch=                     NaN
 Abd=            NaN
 Catch=   11355.1661143228     
 Abd=   23976.95    
 Catch=   33369.1381007329     
 Abd=   19485.47    
 Catch=   38356.5057577758     
 Abd=   566728.1    
 Catch=   56622.2321836149     
 Abd=   152573.2    
 Catch=   13425.3072640101     
 Abd=   22753.96    
 Catch=   411173.888677612     
 Abd=   4294501.    
 Time step =         1870
 Catch=   10212.7573292787     
 Abd=   65009.46    
 Catch=   1024.87385944111     
 Abd=   6573.106    
 Catch=   13038.4403339804     
 Abd=   14159.04    
 Catch=   579.474637244413     
 Abd=   9669.219    
 Catch=   14072.3218386582     
 Abd=   47299.53    
 Catch=   14.5000088198494     
 Abd=   57.00004    
 Catch=                     NaN
 Abd=            NaN
 Catch=                     NaN
 Abd=            NaN
 Catch=   13672.9691281182     
 Abd=   228212.5    
 Catch=   8278.53993756472     
 Abd=   1880.982    
 Catch=   20251.0143171852     
 Abd=   114975.1    
 Catch=   522.263047327134     
 Abd=   8718.823    
 Catch=                     NaN
 Abd=            NaN
 Catch=   8593.40598050735     
 Abd=   124773.3    
 Catch=   55585.3551647560     
 Abd=   32160.66    
 Catch=                     NaN
 Abd=            NaN
 Catch=   1913.54978245278     
 Abd=   2802.784    
 Catch=                     NaN
 Abd=            NaN
 Catch=   7867.53534921203     
 Abd=   40822.16    
 Catch=   1270.01912788914     
 Abd=   4355.153    
 Catch=   176.731540175633     
 Abd=   1678.252    
 Catch=   89647.8552513624     
 Abd=   1496462.    
 Catch=   36772.4337340670     
 Abd=   128977.1    
 Catch=   6774.26025282151     
 Abd=   113068.3    
 Catch=                     NaN
 Abd=            NaN
 Catch=   11355.1659275054     
 Abd=   23976.95    
 Catch=   33369.1361425303     
 Abd=   19485.46    
 Catch=   38347.4031876011     
 Abd=   566594.4    
 Catch=   56622.2303566617     
 Abd=   152573.2    
 Catch=   13425.3046492952     
 Abd=   22753.95    
 Catch=   411173.811584119     
 Abd=   4294502.    
 Time step =         1871
 Catch=   10212.7556852731     
 Abd=   65009.47    
 Catch=   1024.89536679231     
 Abd=   6573.236    
 Catch=   13038.4347505881     
 Abd=   14159.05    
 Catch=   578.912259077350     
 Abd=   9659.946    
 Catch=   14072.3218386582     
 Abd=   47299.53    
 Catch=   14.5000088198494     
 Abd=   57.00004    
 Catch=                     NaN
 Abd=            NaN
 Catch=                     NaN
 Abd=            NaN
 Catch=   13665.8246828639     
 Abd=   228094.3    
 Catch=   8278.53993756472     
 Abd=   1880.982    
 Catch=   20250.6367383385     
 Abd=   114973.1    
 Catch=   522.261285464578     
 Abd=   8718.800    
 Catch=                     NaN
 Abd=            NaN
 Catch=   8591.11913063147     
 Abd=   124740.5    
 Catch=   55585.3482384806     
 Abd=   32160.66    
 Catch=                     NaN
 Abd=            NaN
 Catch=   1913.54978245278     
 Abd=   2802.784    
 Catch=                     NaN
 Abd=            NaN
 Catch=   7867.53548864070     
 Abd=   40822.16    
 Catch=   1270.01912788914     
 Abd=   4355.153    
 Catch=   176.680186802475     
 Abd=   1677.778    
 Catch=   89626.0357836151     
 Abd=   1496101.    
 Catch=   36772.4357073383     
 Abd=   128977.1    
 Catch=   6770.91731837593     
 Abd=   113013.0    
 Catch=                     NaN
 Abd=            NaN
 Catch=   11355.1658942117     
 Abd=   23976.95    
 Catch=   33369.1330384308     
 Abd=   19485.47    
 Catch=   38338.4331052737     
 Abd=   566463.1    
 Catch=   56622.2311707029     
 Abd=   152573.3    
 Catch=   13425.3050127799     
 Abd=   22753.96    
 Catch=   411173.785316112     
 Abd=   4294501.    
 Time step =         1872
 Catch=   10212.7565591467     
 Abd=   65009.46    
 Catch=   1024.91393837711     
 Abd=   6573.345    
 Catch=   13038.4407013129     
 Abd=   14159.05    
 Catch=   578.363673165373     
 Abd=   9650.895    
 Catch=   14072.3218386582     
 Abd=   47299.53    
 Catch=   14.5000088198494     
 Abd=   57.00004    
 Catch=                     NaN
 Abd=            NaN
 Catch=                     NaN
 Abd=            NaN
 Catch=   13658.8145460524     
 Abd=   227978.3    
 Catch=   8278.53993756472     
 Abd=   1880.982    
 Catch=   20250.2728796188     
 Abd=   114971.0    
 Catch=   522.259965471346     
 Abd=   8718.778    
 Catch=                     NaN
 Abd=            NaN
 Catch=   8588.88148591575     
 Abd=   124708.2    
 Catch=   55585.3544614327     
 Abd=   32160.66    
 Catch=                     NaN
 Abd=            NaN
 Catch=   1913.54978245278     
 Abd=   2802.784    
 Catch=                     NaN
 Abd=            NaN
 Catch=   7867.53737594597     
 Abd=   40822.18    
 Catch=   1270.01912788914     
 Abd=   4355.153    
 Catch=   176.620969510833     
 Abd=   1677.053    
 Catch=   89604.6065911636     
 Abd=   1495747.    
 Catch=   36772.4359923537     
 Abd=   128977.1    
 Catch=   6767.62694183686     
 Abd=   112958.5    
 Catch=                     NaN
 Abd=            NaN
 Catch=   11355.1701721557     
 Abd=   23976.96    
 Catch=   33369.1404352432     
 Abd=   19485.47    
 Catch=   38329.6210822644     
 Abd=   566334.0    
 Catch=   56622.2519488563     
 Abd=   152573.3    
 Catch=   13425.3101415068     
 Abd=   22753.97    
 Catch=   411173.755063457     
 Abd=   4294503.    
 Time step =         1873
 Catch=   10212.7566991051     
 Abd=   65009.46    
 Catch=   1024.92945281908     
 Abd=   6573.438    
 Catch=   13038.4392389177     
 Abd=   14159.04    
 Catch=   577.827577818353     
 Abd=   9642.050    
 Catch=   14072.3218386582     
 Abd=   47299.53    
 Catch=   14.5000088198494     
 Abd=   57.00004    
 Catch=                     NaN
 Abd=            NaN
 Catch=                     NaN
 Abd=            NaN
 Catch=   13651.9286119307     
 Abd=   227864.5    
 Catch=   8278.53993756472     
 Abd=   1880.982    
 Catch=   20249.9185036530     
 Abd=   114969.0    
 Catch=   522.258789716457     
 Abd=   8718.759    
 Catch=                     NaN
 Abd=            NaN
 Catch=   8586.68209626133     
 Abd=   124676.6    
 Catch=   55585.3469515598     
 Abd=   32160.66    
 Catch=                     NaN
 Abd=            NaN
 Catch=   1913.54978245278     
 Abd=   2802.784    
 Catch=                     NaN
 Abd=            NaN
 Catch=   7867.53852219983     
 Abd=   40822.17    
 Catch=   1270.01912788914     
 Abd=   4355.153    
 Catch=   176.537206597414     
 Abd=   1676.267    
 Catch=   89583.6050082962     
 Abd=   1495399.    
 Catch=   36772.4294450478     
 Abd=   128977.1    
 Catch=   6764.39554866434     
 Abd=   112905.1    
 Catch=                     NaN
 Abd=            NaN
 Catch=   11355.1686534471     
 Abd=   23976.95    
 Catch=   33369.1424218124     
 Abd=   19485.47    
 Catch=   38320.9277182064     
 Abd=   566206.4    
 Catch=   56622.2711306969     
 Abd=   152573.3    
 Catch=   13425.3122190072     
 Abd=   22753.98    
 Catch=   411173.863523601     
 Abd=   4294503.    
 Time step =         1874
 Catch=   10212.7555083979     
 Abd=   65009.46    
 Catch=   1024.94251839814     
 Abd=   6573.515    
 Catch=   13038.4350767322     
 Abd=   14159.05    
 Catch=   577.303958627386     
 Abd=   9633.409    
 Catch=   14072.3218386582     
 Abd=   47299.53    
 Catch=   14.5000088198494     
 Abd=   57.00004    
 Catch=                     NaN
 Abd=            NaN
 Catch=                     NaN
 Abd=            NaN
 Catch=   13645.1707351577     
 Abd=   227752.7    
 Catch=   8278.53993756472     
 Abd=   1880.982    
 Catch=   20249.5807155103     
 Abd=   114967.1    
 Catch=   522.257683950346     
 Abd=   8718.742    
 Catch=                     NaN
 Abd=            NaN
 Catch=   8584.52412856724     
 Abd=   124645.5    
 Catch=   55585.3479788086     
 Abd=   32160.66    
 Catch=                     NaN
 Abd=            NaN
 Catch=   1913.54978245278     
 Abd=   2802.784    
 Catch=                     NaN
 Abd=            NaN
 Catch=   7867.53745616545     
 Abd=   40822.18    
 Catch=   1270.01912788914     
 Abd=   4355.153    
 Catch=   176.457582245738     
 Abd=   1675.541    
 Catch=   89562.9898540646     
 Abd=   1495059.    
 Catch=   36772.4377933131     
 Abd=   128977.1    
 Catch=   6761.22001946622     
 Abd=   112852.5    
 Catch=                     NaN
 Abd=            NaN
 Catch=   11355.1665858203     
 Abd=   23976.95    
 Catch=   33369.1438984691     
 Abd=   19485.48    
 Catch=   38312.3663897929     
 Abd=   566080.9    
 Catch=   56622.2391636288     
 Abd=   152573.2    
 Catch=   13425.3163184698     
 Abd=   22753.97    
 Catch=   411173.869950917     
 Abd=   4294502.    
 Time step =         1875
 Catch=   10212.7556329630     
 Abd=   65009.47    
 Catch=   1024.95378843504     
 Abd=   6573.582    
 Catch=   13038.4414767436     
 Abd=   14159.05    
 Catch=   576.792363826528     
 Abd=   9624.969    
 Catch=   14072.3218386582     
 Abd=   47299.53    
 Catch=   14.5000088198494     
 Abd=   57.00004    
 Catch=                     NaN
 Abd=            NaN
 Catch=                     NaN
 Abd=            NaN
 Catch=   13638.5399344711     
 Abd=   227643.1    
 Catch=   8278.53993756472     
 Abd=   1880.982    
 Catch=   20249.2478362164     
 Abd=   114965.3    
 Catch=   522.256737033552     
 Abd=   8718.727    
 Catch=                     NaN
 Abd=            NaN
 Catch=   8582.40040914196     
 Abd=   124615.0    
 Catch=   55585.3536524123     
 Abd=   32160.66    
 Catch=                     NaN
 Abd=            NaN
 Catch=   1913.54978245278     
 Abd=   2802.784    
 Catch=                     NaN
 Abd=            NaN
 Catch=   7867.53820956369     
 Abd=   40822.18    
 Catch=   1270.01912788914     
 Abd=   4355.153    
 Catch=   176.384072709895     
 Abd=   1674.870    
 Catch=   89542.7583911215     
 Abd=   1494724.    
 Catch=   36772.4344242450     
 Abd=   128977.1    
 Catch=   6758.09661075878     
 Abd=   112800.8    
 Catch=                     NaN
 Abd=            NaN
 Catch=   11355.1660050955     
 Abd=   23976.94    
 Catch=   33369.1395974300     
 Abd=   19485.47    
 Catch=   38303.9470701803     
 Abd=   565957.4    
 Catch=   56622.2350042024     
 Abd=   152573.2    
 Catch=   13425.3096264907     
 Abd=   22753.96    
 Catch=   411173.843391249     
 Abd=   4294503.    
 Time step =         1876
 Catch=   10212.7575755143     
 Abd=   65009.46    
 Catch=   1024.96354946712     
 Abd=   6573.638    
 Catch=   13038.4401219298     
 Abd=   14159.05    
 Catch=   576.292329618314     
 Abd=   9616.715    
 Catch=   14072.3218386582     
 Abd=   47299.53    
 Catch=   14.5000088198494     
 Abd=   57.00004    
 Catch=                     NaN
 Abd=            NaN
 Catch=                     NaN
 Abd=            NaN
 Catch=   13632.0298102377     
 Abd=   227535.3    
 Catch=   8278.53993756472     
 Abd=   1880.982    
 Catch=   20248.9273720154     
 Abd=   114963.5    
 Catch=   522.255766983507     
 Abd=   8718.708    
 Catch=                     NaN
 Abd=            NaN
 Catch=   8580.31351347474     
 Abd=   124584.9    
 Catch=   55585.3485082019     
 Abd=   32160.66    
 Catch=                     NaN
 Abd=            NaN
 Catch=   1913.54978245278     
 Abd=   2802.784    
 Catch=                     NaN
 Abd=            NaN
 Catch=   7867.53829503141     
 Abd=   40822.18    
 Catch=   1270.01912788914     
 Abd=   4355.153    
 Catch=   176.316171253586     
 Abd=   1674.250    
 Catch=   89522.9250251169     
 Abd=   1494396.    
 Catch=   36772.4293483067     
 Abd=   128977.1    
 Catch=   6755.02569535742     
 Abd=   112749.9    
 Catch=                     NaN
 Abd=            NaN
 Catch=   11355.1673019509     
 Abd=   23976.95    
 Catch=   33369.1430944970     
 Abd=   19485.47    
 Catch=   38295.6520244238     
 Abd=   565835.9    
 Catch=   56622.2231544499     
 Abd=   152573.2    
 Catch=   13425.3113891824     
 Abd=   22753.96    
 Catch=   411173.784218668     
 Abd=   4294501.    
 Time step =         1877
 Catch=   10212.7580210170     
 Abd=   65009.49    
 Catch=   1024.97126085949     
 Abd=   6573.683    
 Catch=   13038.4416979121     
 Abd=   14159.06    
 Catch=   575.803718669320     
 Abd=   9608.648    
 Catch=   14072.3218386582     
 Abd=   47299.53    
 Catch=   14.5000088198494     
 Abd=   57.00004    
 Catch=                     NaN
 Abd=            NaN
 Catch=                     NaN
 Abd=            NaN
 Catch=   13625.6415124031     
 Abd=   227429.8    
 Catch=   8278.53993756472     
 Abd=   1880.982    
 Catch=   20248.6173147443     
 Abd=   114961.7    
 Catch=   522.254904649843     
 Abd=   8718.703    
 Catch=                     NaN
 Abd=            NaN
 Catch=   8578.26638807402     
 Abd=   124555.5    
 Catch=   55585.3472198848     
 Abd=   32160.66    
 Catch=                     NaN
 Abd=            NaN
 Catch=   1913.54978245278     
 Abd=   2802.784    
 Catch=                     NaN
 Abd=            NaN
 Catch=   7867.54144512380     
 Abd=   40822.20    
 Catch=   1270.01912788914     
 Abd=   4355.153    
 Catch=   176.253351989797     
 Abd=   1673.675    
 Catch=   89503.4658681644     
 Abd=   1494073.    
 Catch=   36772.4325693961     
 Abd=   128977.1    
 Catch=   6752.00301165744     
 Abd=   112699.9    
 Catch=                     NaN
 Abd=            NaN
 Catch=   11355.1682567421     
 Abd=   23976.95    
 Catch=   33369.1385504468     
 Abd=   19485.47    
 Catch=   38287.4810220029     
 Abd=   565715.9    
 Catch=   56622.2261396397     
 Abd=   152573.2    
 Catch=   13425.3115139094     
 Abd=   22753.96    
 Catch=   411173.719998747     
 Abd=   4294501.    
 Time step =         1878
 Catch=   10212.7618266888     
 Abd=   65009.54    
 Catch=   1024.97781141395     
 Abd=   6573.722    
 Catch=   13038.4430858002     
 Abd=   14159.05    
 Catch=   575.325638684649     
 Abd=   9600.751    
 Catch=   14072.3218386582     
 Abd=   47299.53    
 Catch=   14.5000088198494     
 Abd=   57.00004    
 Catch=                     NaN
 Abd=            NaN
 Catch=                     NaN
 Abd=            NaN
 Catch=   13619.3734436314     
 Abd=   227326.0    
 Catch=   8278.53993756472     
 Abd=   1880.982    
 Catch=   20248.3095376502     
 Abd=   114960.0    
 Catch=   522.254864487240     
 Abd=   8718.703    
 Catch=                     NaN
 Abd=            NaN
 Catch=   8576.25839346541     
 Abd=   124526.6    
 Catch=   55585.3587319851     
 Abd=   32160.66    
 Catch=                     NaN
 Abd=            NaN
 Catch=   1913.54978245278     
 Abd=   2802.784    
 Catch=                     NaN
 Abd=            NaN
 Catch=   7867.54298919025     
 Abd=   40822.20    
 Catch=   1270.01912788914     
 Abd=   4355.153    
 Catch=   176.195254114193     
 Abd=   1673.145    
 Catch=   89484.2994750596     
 Abd=   1493756.    
 Catch=   36772.4404334876     
 Abd=   128977.1    
 Catch=   6749.03004145590     
 Abd=   112650.7    
 Catch=                     NaN
 Abd=            NaN
 Catch=   11355.1684407914     
 Abd=   23976.96    
 Catch=   33369.1382261957     
 Abd=   19485.47    
 Catch=   38279.4207319365     
 Abd=   565597.8    
 Catch=   56622.2409324136     
 Abd=   152573.2    
 Catch=   13425.3077560329     
 Abd=   22753.96    
 Catch=   411173.734019441     
 Abd=   4294500.    
 Time step =         1879
 Catch=   10212.7692977745     
 Abd=   65009.56    
 Catch=   1024.98406553023     
 Abd=   6573.762    
 Catch=   13038.4415664538     
 Abd=   14159.05    
 Catch=   574.857947502828     
 Abd=   9593.032    
 Catch=   14072.3218386582     
 Abd=   47299.53    
 Catch=   14.5000088198494     
 Abd=   57.00004    
 Catch=                     NaN
 Abd=            NaN
 Catch=                     NaN
 Abd=            NaN
 Catch=   13613.2181096975     
 Abd=   227224.2    
 Catch=   8278.53993756472     
 Abd=   1880.982    
 Catch=   20248.0298837658     
 Abd=   114958.5    
 Catch=   522.254864487240     
 Abd=   8718.703    
 Catch=                     NaN
 Abd=            NaN
 Catch=   8574.29103963000     
 Abd=   124498.4    
 Catch=   55585.3446872804     
 Abd=   32160.66    
 Catch=                     NaN
 Abd=            NaN
 Catch=   1913.54978245278     
 Abd=   2802.784    
 Catch=                     NaN
 Abd=            NaN
 Catch=   7867.54309559720     
 Abd=   40822.18    
 Catch=   1270.01912788914     
 Abd=   4355.153    
 Catch=   176.141414935343     
 Abd=   1672.653    
 Catch=   89465.5180637421     
 Abd=   1493446.    
 Catch=   36772.4391469562     
 Abd=   128977.1    
 Catch=   6746.10411421699     
 Abd=   112602.2    
 Catch=                     NaN
 Abd=            NaN
 Catch=   11355.1729382179     
 Abd=   23976.96    
 Catch=   33369.1421628149     
 Abd=   19485.47    
 Catch=   38271.4825195689     
 Abd=   565481.0    
 Catch=   56622.2487124867     
 Abd=   152573.3    
 Catch=   13425.3066976390     
 Abd=   22753.96    
 Catch=   411173.892830261     
 Abd=   4294504.    
 Time step =         1880
 Catch=   10212.7708830410     
 Abd=   65009.58    
 Catch=   1024.98969005684     
 Abd=   6573.794    
 Catch=   13038.4380367952     
 Abd=   14159.05    
 Catch=   574.400265825441     
 Abd=   9585.473    
 Catch=   14072.3218386582     
 Abd=   47299.53    
 Catch=   14.5000088198494     
 Abd=   57.00004    
 Catch=                     NaN
 Abd=            NaN
 Catch=                     NaN
 Abd=            NaN
 Catch=   13607.1743696169     
 Abd=   227124.3    
 Catch=   8278.53993756472     
 Abd=   1880.982    
 Catch=   20247.7613704580     
 Abd=   114957.0    
 Catch=   522.254864487240     
 Abd=   8718.703    
 Catch=                     NaN
 Abd=            NaN
 Catch=   8572.36401424605     
 Abd=   124470.6    
 Catch=   55585.3505693579     
 Abd=   32160.66    
 Catch=                     NaN
 Abd=            NaN
 Catch=   1913.54978245278     
 Abd=   2802.784    
 Catch=                     NaN
 Abd=            NaN
 Catch=   7867.53728242540     
 Abd=   40822.16    
 Catch=   1270.01912788914     
 Abd=   4355.153    
 Catch=   176.091424886203     
 Abd=   1672.196    
 Catch=   89447.0585426326     
 Abd=   1493140.    
 Catch=   36772.4287841942     
 Abd=   128977.1    
 Catch=   6743.22386664936     
 Abd=   112554.5    
 Catch=                     NaN
 Abd=            NaN
 Catch=   11355.1728769659     
 Abd=   23976.96    
 Catch=   33369.1377306776     
 Abd=   19485.47    
 Catch=   38263.6505890860     
 Abd=   565366.3    
 Catch=   56622.2292349876     
 Abd=   152573.2    
 Catch=   13425.3079627147     
 Abd=   22753.96    
 Catch=   411173.856369936     
 Abd=   4294501.    
 Time step =         1881
 Catch=   10212.7694690452     
 Abd=   65009.54    
 Catch=   1024.99417593498     
 Abd=   6573.818    
 Catch=   13038.4422344301     
 Abd=   14159.05    
 Catch=   573.952520740392     
 Abd=   9578.077    
 Catch=   14072.3218386582     
 Abd=   47299.53    
 Catch=   14.5000088198494     
 Abd=   57.00004    
 Catch=                     NaN
 Abd=            NaN
 Catch=                     NaN
 Abd=            NaN
 Catch=   13601.2476076370     
 Abd=   227026.3    
 Catch=   8278.53993756472     
 Abd=   1880.982    
 Catch=   20247.5052483213     
 Abd=   114955.6    
 Catch=   522.254864487240     
 Abd=   8718.703    
 Catch=                     NaN
 Abd=            NaN
 Catch=   8570.46760205694     
 Abd=   124443.3    
 Catch=   55585.3528960749     
 Abd=   32160.66    
 Catch=                     NaN
 Abd=            NaN
 Catch=   1913.54978245278     
 Abd=   2802.784    
 Catch=                     NaN
 Abd=            NaN
 Catch=   7867.53780637227     
 Abd=   40822.18    
 Catch=   1270.01912788914     
 Abd=   4355.153    
 Catch=   176.045069461753     
 Abd=   1671.771    
 Catch=   89428.9924663236     
 Abd=   1492842.    
 Catch=   36772.4344625931     
 Abd=   128977.1    
 Catch=   6740.39016438632     
 Abd=   112507.5    
 Catch=                     NaN
 Abd=            NaN
 Catch=   11355.1714524531     
 Abd=   23976.96    
 Catch=   33369.1389832828     
 Abd=   19485.47    
 Catch=   38255.9464546331     
 Abd=   565253.2    
 Catch=   56622.2285748954     
 Abd=   152573.2    
 Catch=   13425.3052570228     
 Abd=   22753.96    
 Catch=   411173.754625657     
 Abd=   4294502.    
 Time step =         1882
 Catch=   10212.7664058874     
 Abd=   65009.53    
 Catch=   1024.99742633829     
 Abd=   6573.839    
 Catch=   13038.4424046606     
 Abd=   14159.05    
 Catch=   573.514023344828     
 Abd=   9570.836    
 Catch=   14072.3218386582     
 Abd=   47299.53    
 Catch=   14.5000088198494     
 Abd=   57.00004    
 Catch=                     NaN
 Abd=            NaN
 Catch=                     NaN
 Abd=            NaN
 Catch=   13595.4324943268     
 Abd=   226930.1    
 Catch=   8278.53993756472     
 Abd=   1880.982    
 Catch=   20247.2435413570     
 Abd=   114954.1    
 Catch=   522.254864487240     
 Abd=   8718.703    
 Catch=                     NaN
 Abd=            NaN
 Catch=   8568.60127611508     
 Abd=   124416.5    
 Catch=   55585.3485928467     
 Abd=   32160.66    
 Catch=                     NaN
 Abd=            NaN
 Catch=   1913.54978245278     
 Abd=   2802.784    
 Catch=                     NaN
 Abd=            NaN
 Catch=   7867.53754591752     
 Abd=   40822.17    
 Catch=   1270.01912788914     
 Abd=   4355.153    
 Catch=   176.001972090106     
 Abd=   1671.377    
 Catch=   89411.2452078902     
 Abd=   1492548.    
 Catch=   36772.4453574862     
 Abd=   128977.2    
 Catch=   6737.60023181286     
 Abd=   112461.4    
 Catch=                     NaN
 Abd=            NaN
 Catch=   11355.1692059954     
 Abd=   23976.95    
 Catch=   33369.1333068782     
 Abd=   19485.46    
 Catch=   38248.3242920442     
 Abd=   565141.4    
 Catch=   56622.2200977404     
 Abd=   152573.2    
 Catch=   13425.3058022460     
 Abd=   22753.96    
 Catch=   411173.785227954     
 Abd=   4294502.    
 Time step =         1883
 Catch=   10212.7640131545     
 Abd=   65009.53    
 Catch=   1025.00064668642     
 Abd=   6573.858    
 Catch=   13038.4373251554     
 Abd=   14159.05    
 Catch=   573.084868528035     
 Abd=   9563.742    
 Catch=   14072.3218386582     
 Abd=   47299.53    
 Catch=   14.5000088198494     
 Abd=   57.00004    
 Catch=                     NaN
 Abd=            NaN
 Catch=                     NaN
 Abd=            NaN
 Catch=   13589.7153088139     
 Abd=   226835.4    
 Catch=   8278.53993756472     
 Abd=   1880.982    
 Catch=   20246.9935366422     
 Abd=   114952.7    
 Catch=   522.254864487240     
 Abd=   8718.703    
 Catch=                     NaN
 Abd=            NaN
 Catch=   8566.77197182287     
 Abd=   124390.2    
 Catch=   55585.3586501406     
 Abd=   32160.67    
 Catch=                     NaN
 Abd=            NaN
 Catch=   1913.54978245278     
 Abd=   2802.784    
 Catch=                     NaN
 Abd=            NaN
 Catch=   7867.53986410286     
 Abd=   40822.19    
 Catch=   1270.01912788914     
 Abd=   4355.153    
 Catch=   175.961879780996     
 Abd=   1671.009    
 Catch=   89393.8103596740     
 Abd=   1492260.    
 Catch=   36772.4514592041     
 Abd=   128977.1    
 Catch=   6734.85530338286     
 Abd=   112415.9    
 Catch=                     NaN
 Abd=            NaN
 Catch=   11355.1686318514     
 Abd=   23976.95    
 Catch=   33369.1358526765     
 Abd=   19485.47    
 Catch=   38240.8163404621     
 Abd=   565031.4    
 Catch=   56622.2387061523     
 Abd=   152573.3    
 Catch=   13425.3078825893     
 Abd=   22753.96    
 Catch=   411173.932412101     
 Abd=   4294504.    
 Time step =         1884
 Catch=   10212.7610817183     
 Abd=   65009.50    
 Catch=   1025.00310740553     
 Abd=   6573.871    
 Catch=   13038.4404356186     
 Abd=   14159.05    
 Catch=   572.664641222451     
 Abd=   9556.805    
 Catch=   14072.3218386582     
 Abd=   47299.53    
 Catch=   14.5000088198494     
 Abd=   57.00004    
 Catch=                     NaN
 Abd=            NaN
 Catch=                     NaN
 Abd=            NaN
 Catch=   13584.0996399684     
 Abd=   226742.7    
 Catch=   8278.53993756472     
 Abd=   1880.982    
 Catch=   20246.7509512010     
 Abd=   114951.3    
 Catch=   522.254864487240     
 Abd=   8718.703    
 Catch=                     NaN
 Abd=            NaN
 Catch=   8564.98269855290     
 Abd=   124364.4    
 Catch=   55585.3694926214     
 Abd=   32160.67    
 Catch=                     NaN
 Abd=            NaN
 Catch=   1913.54978245278     
 Abd=   2802.784    
 Catch=                     NaN
 Abd=            NaN
 Catch=   7867.54390535037     
 Abd=   40822.21    
 Catch=   1270.01912788914     
 Abd=   4355.153    
 Catch=   175.924517933485     
 Abd=   1670.667    
 Catch=   89376.6785025289     
 Abd=   1491976.    
 Catch=   36772.4431060531     
 Abd=   128977.2    
 Catch=   6732.15422342617     
 Abd=   112371.2    
 Catch=                     NaN
 Abd=            NaN
 Catch=   11355.1672500572     
 Abd=   23976.95    
 Catch=   33369.1399317734     
 Abd=   19485.47    
 Catch=   38233.4307777977     
 Abd=   564922.8    
 Catch=   56622.2328262582     
 Abd=   152573.2    
 Catch=   13425.3096342094     
 Abd=   22753.96    
 Catch=   411173.958238670     
 Abd=   4294502.    
 Time step =         1885
 Catch=   10212.7601189451     
 Abd=   65009.48    
 Catch=   1025.00539340538     
 Abd=   6573.888    
 Catch=   13038.4426566081     
 Abd=   14159.05    
 Catch=   572.253015814003     
 Abd=   9549.998    
 Catch=   14072.3218386582     
 Abd=   47299.53    
 Catch=   14.5000088198494     
 Abd=   57.00004    
 Catch=                     NaN
 Abd=            NaN
 Catch=                     NaN
 Abd=            NaN
 Catch=   13578.5916018889     
 Abd=   226651.4    
 Catch=   8278.53993756472     
 Abd=   1880.982    
 Catch=   20246.5142379952     
 Abd=   114950.0    
 Catch=   522.254864487240     
 Abd=   8718.703    
 Catch=                     NaN
 Abd=            NaN
 Catch=   8563.21490688552     
 Abd=   124339.0    
 Catch=   55585.3683680123     
 Abd=   32160.67    
 Catch=                     NaN
 Abd=            NaN
 Catch=   1913.54978245278     
 Abd=   2802.784    
 Catch=                     NaN
 Abd=            NaN
 Catch=   7867.54606491323     
 Abd=   40822.21    
 Catch=   1270.01912788914     
 Abd=   4355.153    
 Catch=   175.889698394021     
 Abd=   1670.348    
 Catch=   89359.8612971029     
 Abd=   1491698.    
 Catch=   36772.4604057207     
 Abd=   128977.2    
 Catch=   6729.48837612618     
 Abd=   112326.9    
 Catch=                     NaN
 Abd=            NaN
 Catch=   11355.1674855278     
 Abd=   23976.95    
 Catch=   33369.1375293275     
 Abd=   19485.47    
 Catch=   38226.1406387369     
 Abd=   564816.0    
 Catch=   56622.2142387850     
 Abd=   152573.2    
 Catch=   13425.3060496263     
 Abd=   22753.96    
 Catch=   411173.765648062     
 Abd=   4294502.    
 Time step =         1886
 Catch=   10212.7602485501     
 Abd=   65009.50    
 Catch=   1025.00785331321     
 Abd=   6573.901    
 Catch=   13038.4398324283     
 Abd=   14159.05    
 Catch=   571.849275721159     
 Abd=   9543.324    
 Catch=   14072.3218386582     
 Abd=   47299.53    
 Catch=   14.5000088198494     
 Abd=   57.00004    
 Catch=                     NaN
 Abd=            NaN
 Catch=                     NaN
 Abd=            NaN
 Catch=   13573.1811047537     
 Abd=   226562.0    
 Catch=   8278.53993756472     
 Abd=   1880.982    
 Catch=   20246.2947668922     
 Abd=   114948.9    
 Catch=   522.254864487240     
 Abd=   8718.703    
 Catch=                     NaN
 Abd=            NaN
 Catch=   8561.48091475309     
 Abd=   124314.0    
 Catch=   55585.3652234835     
 Abd=   32160.66    
 Catch=                     NaN
 Abd=            NaN
 Catch=   1913.54978245278     
 Abd=   2802.784    
 Catch=                     NaN
 Abd=            NaN
 Catch=   7867.54716641137     
 Abd=   40822.22    
 Catch=   1270.01912788914     
 Abd=   4355.153    
 Catch=   175.857217834615     
 Abd=   1670.049    
 Catch=   89343.3148066835     
 Abd=   1491424.    
 Catch=   36772.4642924122     
 Abd=   128977.2    
 Catch=   6726.85996620499     
 Abd=   112283.4    
 Catch=                     NaN
 Abd=            NaN
 Catch=   11355.1655532810     
 Abd=   23976.95    
 Catch=   33369.1337866664     
 Abd=   19485.46    
 Catch=   38218.9735628480     
 Abd=   564710.8    
 Catch=   56622.2138294907     
 Abd=   152573.2    
 Catch=   13425.3065820357     
 Abd=   22753.96    
 Catch=   411173.829297947     
 Abd=   4294502.    
 Time step =         1887
 Catch=   10212.7573140592     
 Abd=   65009.47    
 Catch=   1025.00940261804     
 Abd=   6573.910    
 Catch=   13038.4390986999     
 Abd=   14159.05    
 Catch=   571.453699992890     
 Abd=   9536.791    
 Catch=   14072.3218386582     
 Abd=   47299.53    
 Catch=   14.5000088198494     
 Abd=   57.00004    
 Catch=                     NaN
 Abd=            NaN
 Catch=                     NaN
 Abd=            NaN
 Catch=   13567.8681144329     
 Abd=   226473.1    
 Catch=   8278.53993756472     
 Abd=   1880.982    
 Catch=   20246.0926684952     
 Abd=   114947.7    
 Catch=   522.254864487240     
 Abd=   8718.703    
 Catch=                     NaN
 Abd=            NaN
 Catch=   8559.77924273296     
 Abd=   124289.6    
 Catch=   55585.3591744547     
 Abd=   32160.67    
 Catch=                     NaN
 Abd=            NaN
 Catch=   1913.54978245278     
 Abd=   2802.784    
 Catch=                     NaN
 Abd=            NaN
 Catch=   7867.54551422139     
 Abd=   40822.21    
 Catch=   1270.01912788914     
 Abd=   4355.153    
 Catch=   175.826875062211     
 Abd=   1669.771    
 Catch=   89327.0707757246     
 Abd=   1491156.    
 Catch=   36772.4493463619     
 Abd=   128977.1    
 Catch=   6724.27550484610     
 Abd=   112240.6    
 Catch=                     NaN
 Abd=            NaN
 Catch=   11355.1691438368     
 Abd=   23976.96    
 Catch=   33369.1303511996     
 Abd=   19485.47    
 Catch=   38211.8835262814     
 Abd=   564606.8    
 Catch=   56622.2121649509     
 Abd=   152573.2    
 Catch=   13425.3070242848     
 Abd=   22753.96    
 Catch=   411173.850450611     
 Abd=   4294502.    
 Time step =         1888
 Catch=   10212.7572377876     
 Abd=   65009.48    
 Catch=   1025.01056418377     
 Abd=   6573.915    
 Catch=   13038.4419373888     
 Abd=   14159.05    
 Catch=   571.066338394159     
 Abd=   9530.388    
 Catch=   14072.3218386582     
 Abd=   47299.53    
 Catch=   14.5000088198494     
 Abd=   57.00004    
 Catch=                     NaN
 Abd=            NaN
 Catch=                     NaN
 Abd=            NaN
 Catch=   13562.5945783486     
 Abd=   226385.8    
 Catch=   8278.53993756472     
 Abd=   1880.982    
 Catch=   20245.8908250409     
 Abd=   114946.6    
 Catch=   522.254864487240     
 Abd=   8718.703    
 Catch=                     NaN
 Abd=            NaN
 Catch=   8558.10664864335     
 Abd=   124265.4    
 Catch=   55585.3594606160     
 Abd=   32160.67    
 Catch=                     NaN
 Abd=            NaN
 Catch=   1913.54978245278     
 Abd=   2802.784    
 Catch=                     NaN
 Abd=            NaN
 Catch=   7867.54488987875     
 Abd=   40822.21    
 Catch=   1270.01912788914     
 Abd=   4355.153    
 Catch=   175.798509635999     
 Abd=   1669.511    
 Catch=   89311.1272214655     
 Abd=   1490892.    
 Catch=   36772.4428615631     
 Abd=   128977.1    
 Catch=   6721.72577052243     
 Abd=   112198.3    
 Catch=                     NaN
 Abd=            NaN
 Catch=   11355.1709507637     
 Abd=   23976.96    
 Catch=   33369.1406696322     
 Abd=   19485.47    
 Catch=   38204.8911498545     
 Abd=   564504.2    
 Catch=   56622.2315453206     
 Abd=   152573.2    
 Catch=   13425.3039343232     
 Abd=   22753.95    
 Catch=   411173.733766243     
 Abd=   4294500.    
 Time step =         1889
 Catch=   10212.7610031202     
 Abd=   65009.52    
 Catch=   1025.01120209263     
 Abd=   6573.917    
 Catch=   13038.4411927426     
 Abd=   14159.05    
 Catch=   570.686524278474     
 Abd=   9524.111    
 Catch=   14072.3218386582     
 Abd=   47299.53    
 Catch=   14.5000088198494     
 Abd=   57.00004    
 Catch=                     NaN
 Abd=            NaN
 Catch=                     NaN
 Abd=            NaN
 Catch=   13557.4113207399     
 Abd=   226300.2    
 Catch=   8278.53993756472     
 Abd=   1880.982    
 Catch=   20245.6949969030     
 Abd=   114945.5    
 Catch=   522.254864487240     
 Abd=   8718.703    
 Catch=                     NaN
 Abd=            NaN
 Catch=   8556.45803764704     
 Abd=   124241.8    
 Catch=   55585.3525813003     
 Abd=   32160.66    
 Catch=                     NaN
 Abd=            NaN
 Catch=   1913.54978245278     
 Abd=   2802.784    
 Catch=                     NaN
 Abd=            NaN
 Catch=   7867.54292532419     
 Abd=   40822.19    
 Catch=   1270.01912788914     
 Abd=   4355.153    
 Catch=   175.772024656292     
 Abd=   1669.267    
 Catch=   89295.5080117307     
 Abd=   1490634.    
 Catch=   36772.4344853205     
 Abd=   128977.1    
 Catch=   6719.20852134409     
 Abd=   112156.5    
 Catch=                     NaN
 Abd=            NaN
 Catch=   11355.1726368575     
 Abd=   23976.96    
 Catch=   33369.1344984544     
 Abd=   19485.46    
 Catch=   38198.0181147218     
 Abd=   564403.4    
 Catch=   56622.2264602442     
 Abd=   152573.2    
 Catch=   13425.3025544155     
 Abd=   22753.96    
 Catch=   411173.648478070     
 Abd=   4294500.    
 Time step =         1890
 Catch=   10212.7620310117     
 Abd=   65009.50    
 Catch=   1025.01120050101     
 Abd=   6573.917    
 Catch=   13038.4388469013     
 Abd=   14159.05    
 Catch=   570.314264183267     
 Abd=   9517.959    
 Catch=   14072.3218386582     
 Abd=   47299.53    
 Catch=   14.5000088198494     
 Abd=   57.00004    
 Catch=                     NaN
 Abd=            NaN
 Catch=                     NaN
 Abd=            NaN
 Catch=   13552.3328366264     
 Abd=   226216.2    
 Catch=   8278.53993756472     
 Abd=   1880.982    
 Catch=   20245.5035263518     
 Abd=   114944.4    
 Catch=   522.254864487240     
 Abd=   8718.703    
 Catch=                     NaN
 Abd=            NaN
 Catch=   8554.84168980357     
 Abd=   124218.5    
 Catch=   55585.3460243848     
 Abd=   32160.66    
 Catch=                     NaN
 Abd=            NaN
 Catch=   1913.54978245278     
 Abd=   2802.784    
 Catch=                     NaN
 Abd=            NaN
 Catch=   7867.54077289620     
 Abd=   40822.19    
 Catch=   1270.01912788914     
 Abd=   4355.153    
 Catch=   175.747210448863     
 Abd=   1669.040    
 Catch=   89280.1587301530     
 Abd=   1490380.    
 Catch=   36772.4291190262     
 Abd=   128977.1    
 Catch=   6716.72546287535     
 Abd=   112115.3    
 Catch=                     NaN
 Abd=            NaN
 Catch=   11355.1699571985     
 Abd=   23976.95    
 Catch=   33369.1318712808     
 Abd=   19485.48    
 Catch=   38191.2447569001     
 Abd=   564304.1    
 Catch=   56622.2250395537     
 Abd=   152573.2    
 Catch=   13425.3084442187     
 Abd=   22753.96    
 Catch=   411173.744283353     
 Abd=   4294500.    
 Time step =         1891
 Catch=   10212.7626870388     
 Abd=   65009.51    
 Catch=   1025.01122146255     
 Abd=   6573.917    
 Catch=   13038.4393708860     
 Abd=   14159.05    
 Catch=   569.949268081456     
 Abd=   9511.919    
 Catch=   14072.3218386582     
 Abd=   47299.53    
 Catch=   14.5000088198494     
 Abd=   57.00004    
 Catch=                     NaN
 Abd=            NaN
 Catch=                     NaN
 Abd=            NaN
 Catch=   13547.3472041183     
 Abd=   226133.6    
 Catch=   8278.53993756472     
 Abd=   1880.982    
 Catch=   20245.3215875244     
 Abd=   114943.4    
 Catch=   522.254864487240     
 Abd=   8718.703    
 Catch=                     NaN
 Abd=            NaN
 Catch=   8553.25128338254     
 Abd=   124195.5    
 Catch=   55585.3589171980     
 Abd=   32160.66    
 Catch=                     NaN
 Abd=            NaN
 Catch=   1913.54978245278     
 Abd=   2802.784    
 Catch=                     NaN
 Abd=            NaN
 Catch=   7867.54035776788     
 Abd=   40822.20    
 Catch=   1270.01912788914     
 Abd=   4355.153    
 Catch=   175.723949270106     
 Abd=   1668.824    
 Catch=   89265.0678046308     
 Abd=   1490130.    
 Catch=   36772.4197933298     
 Abd=   128977.0    
 Catch=   6714.27515696701     
 Abd=   112074.7    
 Catch=                     NaN
 Abd=            NaN
 Catch=   11355.1662081901     
 Abd=   23976.94    
 Catch=   33369.1387279301     
 Abd=   19485.47    
 Catch=   38184.5600464707     
 Abd=   564205.8    
 Catch=   56622.2197773490     
 Abd=   152573.2    
 Catch=   13425.3073983818     
 Abd=   22753.96    
 Catch=   411173.602007188     
 Abd=   4294501.    
 Time step =         1892
 Catch=   10212.7584734807     
 Abd=   65009.47    
 Catch=   1025.01121556527     
 Abd=   6573.917    
 Catch=   13038.4391462443     
 Abd=   14159.05    
 Catch=   569.590954859819     
 Abd=   9505.996    
 Catch=   14072.3218386582     
 Abd=   47299.53    
 Catch=   14.5000088198494     
 Abd=   57.00004    
 Catch=                     NaN
 Abd=            NaN
 Catch=                     NaN
 Abd=            NaN
 Catch=   13542.4431747193     
 Abd=   226052.5    
 Catch=   8278.53993756472     
 Abd=   1880.982    
 Catch=   20245.1514723457     
 Abd=   114942.4    
 Catch=   522.254864487240     
 Abd=   8718.703    
 Catch=                     NaN
 Abd=            NaN
 Catch=   8551.68687101285     
 Abd=   124173.0    
 Catch=   55585.3581137086     
 Abd=   32160.67    
 Catch=                     NaN
 Abd=            NaN
 Catch=   1913.54978245278     
 Abd=   2802.784    
 Catch=                     NaN
 Abd=            NaN
 Catch=   7867.53883224423     
 Abd=   40822.18    
 Catch=   1270.01912788914     
 Abd=   4355.153    
 Catch=   175.702074781002     
 Abd=   1668.624    
 Catch=   89250.2132277503     
 Abd=   1489884.    
 Catch=   36772.4309413293     
 Abd=   128977.1    
 Catch=   6711.86619468452     
 Abd=   112035.0    
 Catch=                     NaN
 Abd=            NaN
 Catch=   11355.1636370748     
 Abd=   23976.94    
 Catch=   33369.1379483781     
 Abd=   19485.48    
 Catch=   38177.9356629843     
 Abd=   564108.5    
 Catch=   56622.2317608832     
 Abd=   152573.2    
 Catch=   13425.3077540710     
 Abd=   22753.96    
 Catch=   411173.914314584     
 Abd=   4294504.    
 Time step =         1893
 Catch=   10212.7555299705     
 Abd=   65009.47    
 Catch=   1025.01112945781     
 Abd=   6573.917    
 Catch=   13038.4421745268     
 Abd=   14159.06    
 Catch=   569.239336690525     
 Abd=   9500.180    
 Catch=   14072.3218386582     
 Abd=   47299.53    
 Catch=   14.5000088198494     
 Abd=   57.00004    
 Catch=                     NaN
 Abd=            NaN
 Catch=                     NaN
 Abd=            NaN
 Catch=   13537.6262079585     
 Abd=   225972.8    
 Catch=   8278.53993756472     
 Abd=   1880.982    
 Catch=   20244.9674806148     
 Abd=   114941.4    
 Catch=   522.254864487240     
 Abd=   8718.703    
 Catch=                     NaN
 Abd=            NaN
 Catch=   8550.14544864685     
 Abd=   124150.8    
 Catch=   55585.3570780342     
 Abd=   32160.66    
 Catch=                     NaN
 Abd=            NaN
 Catch=   1913.54978245278     
 Abd=   2802.784    
 Catch=                     NaN
 Abd=            NaN
 Catch=   7867.53908277373     
 Abd=   40822.18    
 Catch=   1270.01912788914     
 Abd=   4355.153    
 Catch=   175.681564176628     
 Abd=   1668.435    
 Catch=   89235.5974744980     
 Abd=   1489642.    
 Catch=   36772.4367882355     
 Abd=   128977.1    
 Catch=   6709.50312170569     
 Abd=   111995.8    
 Catch=                     NaN
 Abd=            NaN
 Catch=   11355.1635523302     
 Abd=   23976.94    
 Catch=   33369.1397303888     
 Abd=   19485.47    
 Catch=   38171.4297411422     
 Abd=   564013.2    
 Catch=   56622.2344104030     
 Abd=   152573.2    
 Catch=   13425.3072752226     
 Abd=   22753.95    
 Catch=   411173.887918400     
 Abd=   4294503.    
 Time step =         1894
 Catch=   10212.7554984216     
 Abd=   65009.46    
 Catch=   1025.01135398968     
 Abd=   6573.919    
 Catch=   13038.4415777317     
 Abd=   14159.05    
 Catch=   568.894272307590     
 Abd=   9494.475    
 Catch=   14072.3218386582     
 Abd=   47299.53    
 Catch=   14.5000088198494     
 Abd=   57.00004    
 Catch=                     NaN
 Abd=            NaN
 Catch=                     NaN
 Abd=            NaN
 Catch=   13532.8992038525     
 Abd=   225894.6    
 Catch=   8278.53993756472     
 Abd=   1880.982    
 Catch=   20244.7896823044     
 Abd=   114940.4    
 Catch=   522.254864487240     
 Abd=   8718.703    
 Catch=                     NaN
 Abd=            NaN
 Catch=   8548.62721116392     
 Abd=   124128.9    
 Catch=   55585.3618211201     
 Abd=   32160.67    
 Catch=                     NaN
 Abd=            NaN
 Catch=   1913.54978245278     
 Abd=   2802.784    
 Catch=                     NaN
 Abd=            NaN
 Catch=   7867.54162470210     
 Abd=   40822.20    
 Catch=   1270.01912788914     
 Abd=   4355.153    
 Catch=   175.662277718662     
 Abd=   1668.257    
 Catch=   89221.2637809406     
 Abd=   1489405.    
 Catch=   36772.4437805008     
 Abd=   128977.2    
 Catch=   6707.17728990032     
 Abd=   111957.3    
 Catch=                     NaN
 Abd=            NaN
 Catch=   11355.1627821440     
 Abd=   23976.93    
 Catch=   33369.1375647925     
 Abd=   19485.47    
 Catch=   38165.0334200117     
 Abd=   563919.2    
 Catch=   56622.2358344110     
 Abd=   152573.3    
 Catch=   13425.3010118378     
 Abd=   22753.95    
 Catch=   411173.719077847     
 Abd=   4294502.    
 Time step =         1895
 Catch=   10212.7559638943     
 Abd=   65009.48    
 Catch=   1025.01174571173     
 Abd=   6573.919    
 Catch=   13038.4397304093     
 Abd=   14159.05    
 Catch=   568.555687962913     
 Abd=   9488.873    
 Catch=   14072.3218386582     
 Abd=   47299.53    
 Catch=   14.5000088198494     
 Abd=   57.00004    
 Catch=                     NaN
 Abd=            NaN
 Catch=                     NaN
 Abd=            NaN
 Catch=   13528.2590445011     
 Abd=   225817.9    
 Catch=   8278.53993756472     
 Abd=   1880.982    
 Catch=   20244.6275776482     
 Abd=   114939.5    
 Catch=   522.254864487240     
 Abd=   8718.703    
 Catch=                     NaN
 Abd=            NaN
 Catch=   8547.13557515578     
 Abd=   124107.4    
 Catch=   55585.3551647560     
 Abd=   32160.66    
 Catch=                     NaN
 Abd=            NaN
 Catch=   1913.54978245278     
 Abd=   2802.784    
 Catch=                     NaN
 Abd=            NaN
 Catch=   7867.54313555784     
 Abd=   40822.20    
 Catch=   1270.01912788914     
 Abd=   4355.153    
 Catch=   175.644118845983     
 Abd=   1668.090    
 Catch=   89207.1965643536     
 Abd=   1489172.    
 Catch=   36772.4448611819     
 Abd=   128977.1    
 Catch=   6704.89020440554     
 Abd=   111919.4    
 Catch=                     NaN
 Abd=            NaN
 Catch=   11355.1606737478     
 Abd=   23976.94    
 Catch=   33369.1390854908     
 Abd=   19485.47    
 Catch=   38158.6930353452     
 Abd=   563826.1    
 Catch=   56622.2406713762     
 Abd=   152573.2    
 Catch=   13425.3075261245     
 Abd=   22753.96    
 Catch=   411173.860647921     
 Abd=   4294503.    
 Time step =         1896
 Catch=   10212.7584316998     
 Abd=   65009.48    
 Catch=   1025.01179911004     
 Abd=   6573.921    
 Catch=   13038.4394937965     
 Abd=   14159.05    
 Catch=   568.219743528222     
 Abd=   9483.232    
 Catch=   14072.3218386582     
 Abd=   47299.53    
 Catch=   14.5000088198494     
 Abd=   57.00004    
 Catch=                     NaN
 Abd=            NaN
 Catch=                     NaN
 Abd=            NaN
 Catch=   13523.7022338544     
 Abd=   225742.4    
 Catch=   8278.53993756472     
 Abd=   1880.982    
 Catch=   20244.4726076727     
 Abd=   114938.7    
 Catch=   522.254864487240     
 Abd=   8718.703    
 Catch=                     NaN
 Abd=            NaN
 Catch=   8545.67169907388     
 Abd=   124086.4    
 Catch=   55585.3482384806     
 Abd=   32160.66    
 Catch=                     NaN
 Abd=            NaN
 Catch=   1913.54978245278     
 Abd=   2802.784    
 Catch=                     NaN
 Abd=            NaN
 Catch=   7867.54226140035     
 Abd=   40822.19    
 Catch=   1270.01912788914     
 Abd=   4355.153    
 Catch=   175.627032343466     
 Abd=   1667.932    
 Catch=   89193.3282207452     
 Abd=   1488942.    
 Catch=   36772.4499306342     
 Abd=   128977.2    
 Catch=   6702.63712535824     
 Abd=   111882.2    
 Catch=                     NaN
 Abd=            NaN
 Catch=   11355.1639156617     
 Abd=   23976.95    
 Catch=   33369.1389270227     
 Abd=   19485.47    
 Catch=   38152.4421771594     
 Abd=   563734.4    
 Catch=   56622.2331279298     
 Abd=   152573.2    
 Catch=   13425.3111654762     
 Abd=   22753.96    
 Catch=   411173.896686487     
 Abd=   4294503.    
 Time step =         1897
 Catch=   10212.7592646642     
 Abd=   65009.47    
 Catch=   1025.01167265956     
 Abd=   6573.919    
 Catch=   13038.4425988261     
 Abd=   14159.05    
 Catch=   567.881826871938     
 Abd=   9477.568    
 Catch=   14072.3218386582     
 Abd=   47299.53    
 Catch=   14.5000088198494     
 Abd=   57.00004    
 Catch=                     NaN
 Abd=            NaN
 Catch=                     NaN
 Abd=            NaN
 Catch=   13519.2146828539     
 Abd=   225668.1    
 Catch=   8278.53993756472     
 Abd=   1880.982    
 Catch=   20244.3322613520     
 Abd=   114937.9    
 Catch=   522.254864487240     
 Abd=   8718.703    
 Catch=                     NaN
 Abd=            NaN
 Catch=   8544.23353008436     
 Abd=   124065.7    
 Catch=   55585.3544614327     
 Abd=   32160.66    
 Catch=                     NaN
 Abd=            NaN
 Catch=   1913.54978245278     
 Abd=   2802.784    
 Catch=                     NaN
 Abd=            NaN
 Catch=   7867.54485332506     
 Abd=   40822.21    
 Catch=   1270.01912788914     
 Abd=   4355.153    
 Catch=   175.610955363548     
 Abd=   1667.785    
 Catch=   89179.6898867464     
 Abd=   1488716.    
 Catch=   36772.4605283002     
 Abd=   128977.2    
 Catch=   6700.42693689845     
 Abd=   111845.6    
 Catch=                     NaN
 Abd=            NaN
 Catch=   11355.1664946853     
 Abd=   23976.94    
 Catch=   33369.1370805061     
 Abd=   19485.47    
 Catch=   38146.2829330365     
 Abd=   563644.1    
 Catch=   56622.2176519097     
 Abd=   152573.2    
 Catch=   13425.3080987894     
 Abd=   22753.96    
 Catch=   411173.714871182     
 Abd=   4294502.    
 Time step =         1898
 Catch=   10212.7567400499     
 Abd=   65009.47    
 Catch=   1025.01154540146     
 Abd=   6573.919    
 Catch=   13038.4396829350     
 Abd=   14159.05    
 Catch=   567.537815422719     
 Abd=   9471.791    
 Catch=   14072.3218386582     
 Abd=   47299.53    
 Catch=   14.5000088198494     
 Abd=   57.00004    
 Catch=                     NaN
 Abd=            NaN
 Catch=                     NaN
 Abd=            NaN
 Catch=   13514.8072080522     
 Abd=   225595.3    
 Catch=   8278.53993756472     
 Abd=   1880.982    
 Catch=   20244.1933508319     
 Abd=   114937.1    
 Catch=   522.254864487240     
 Abd=   8718.703    
 Catch=                     NaN
 Abd=            NaN
 Catch=   8542.81543856593     
 Abd=   124045.3    
 Catch=   55585.3469515598     
 Abd=   32160.66    
 Catch=                     NaN
 Abd=            NaN
 Catch=   1913.54978245278     
 Abd=   2802.784    
 Catch=                     NaN
 Abd=            NaN
 Catch=   7867.54325701904     
 Abd=   40822.18    
 Catch=   1270.01912788914     
 Abd=   4355.153    
 Catch=   175.595761985605     
 Abd=   1667.643    
 Catch=   89166.2823355630     
 Abd=   1488495.    
 Catch=   36772.4578614197     
 Abd=   128977.2    
 Catch=   6698.25369474443     
 Abd=   111809.6    
 Catch=                     NaN
 Abd=            NaN
 Catch=   11355.1652570488     
 Abd=   23976.94    
 Catch=   33369.1353164748     
 Abd=   19485.47    
 Catch=   38140.2004915396     
 Abd=   563554.8    
 Catch=   56622.2214770914     
 Abd=   152573.2    
 Catch=   13425.3047669624     
 Abd=   22753.95    
 Catch=   411173.752383352     
 Abd=   4294502.    
 Time step =         1899
 Catch=   10212.7582672055     
 Abd=   65009.47    
 Catch=   1025.01154540146     
 Abd=   6573.919    
 Catch=   13038.4376848024     
 Abd=   14159.05    
 Catch=   567.194528863809     
 Abd=   9466.111    
 Catch=   14072.3218386582     
 Abd=   47299.53    
 Catch=   14.5000088198494     
 Abd=   57.00004    
 Catch=                     NaN
 Abd=            NaN
 Catch=                     NaN
 Abd=            NaN
 Catch=   13510.4872470980     
 Abd=   225523.9    
 Catch=   8278.53993756472     
 Abd=   1880.982    
 Catch=   20244.0480867410     
 Abd=   114936.3    
 Catch=   522.254864487240     
 Abd=   8718.703    
 Catch=                     NaN
 Abd=            NaN
 Catch=   8541.42135101334     
 Abd=   124025.1    
 Catch=   55585.3479788086     
 Abd=   32160.66    
 Catch=                     NaN
 Abd=            NaN
 Catch=   1913.54978245278     
 Abd=   2802.784    
 Catch=                     NaN
 Abd=            NaN
 Catch=   7867.54154360743     
 Abd=   40822.19    
 Catch=   1270.01912788914     
 Abd=   4355.153    
 Catch=   175.581276394557     
 Abd=   1667.511    
 Catch=   89153.1061057720     
 Abd=   1488276.    
 Catch=   36772.4748724872     
 Abd=   128977.2    
 Catch=   6696.11330233213     
 Abd=   111774.1    
 Catch=                     NaN
 Abd=            NaN
 Catch=   11355.1666019451     
 Abd=   23976.95    
 Catch=   33369.1395708714     
 Abd=   19485.48    
 Catch=   38134.1941765553     
 Abd=   563466.8    
 Catch=   56622.2134262025     
 Abd=   152573.1    
 Catch=   13425.3039081874     
 Abd=   22753.96    
 Catch=   411173.888072703     
 Abd=   4294504.    
 Time step =         1900
 Catch=   10212.7547057861     
 Abd=   65009.45    
 Catch=   1025.01154540146     
 Abd=   6573.919    
 Catch=   13038.4362419539     
 Abd=   14159.05    
 Catch=   566.857647686832     
 Abd=   9460.534    
 Catch=   14072.3218386582     
 Abd=   47299.53    
 Catch=   14.5000088198494     
 Abd=   57.00004    
 Catch=                     NaN
 Abd=            NaN
 Catch=                     NaN
 Abd=            NaN
 Catch=   13506.2462844145     
 Abd=   225453.7    
 Catch=   8278.53993756472     
 Abd=   1880.982    
 Catch=   20243.9101761546     
 Abd=   114935.5    
 Catch=   522.254864487240     
 Abd=   8718.703    
 Catch=                     NaN
 Abd=            NaN
 Catch=   8540.04377252789     
 Abd=   124005.2    
 Catch=   55585.3536524123     
 Abd=   32160.66    
 Catch=                     NaN
 Abd=            NaN
 Catch=   1913.54978245278     
 Abd=   2802.784    
 Catch=                     NaN
 Abd=            NaN
 Catch=   7867.54352287586     
 Abd=   40822.20    
 Catch=   1270.01912788914     
 Abd=   4355.153    
 Catch=   175.567778367541     
 Abd=   1667.386    
 Catch=   89140.1035812114     
 Abd=   1488061.    
 Catch=   36772.4639720826     
 Abd=   128977.2    
 Catch=   6694.00454618596     
 Abd=   111738.2    
 Catch=                     NaN
 Abd=            NaN
 Catch=   11355.1685938412     
 Abd=   23976.96    
 Catch=   33369.1390703737     
 Abd=   19485.47    
 Catch=   38128.2762234505     
 Abd=   563379.9    
 Catch=   56622.2219149037     
 Abd=   152573.2    
 Catch=   13425.3088306945     
 Abd=   22753.96    
 Catch=   411173.981164397     
 Abd=   4294503.    
 Time step =         1901
 Catch=   10212.7555653276     
 Abd=   65009.47    
 Catch=   1025.01154540146     
 Abd=   6573.919    
 Catch=   13038.4367355825     
 Abd=   14159.05    
 Catch=   566.523415405595     
 Abd=   9454.967    
 Catch=   14072.3218386582     
 Abd=   47299.53    
 Catch=   14.5000088198494     
 Abd=   57.00004    
 Catch=                     NaN
 Abd=            NaN
 Catch=                     NaN
 Abd=            NaN
 Catch=   13502.0816406905     
 Abd=   225384.8    
 Catch=   8278.53993756472     
 Abd=   1880.982    
 Catch=   20243.7749440163     
 Abd=   114934.8    
 Catch=   522.254864487240     
 Abd=   8718.703    
 Catch=                     NaN
 Abd=            NaN
 Catch=   8538.69011851289     
 Abd=   123985.8    
 Catch=   55585.3485082019     
 Abd=   32160.66    
 Catch=                     NaN
 Abd=            NaN
 Catch=   1913.54978245278     
 Abd=   2802.784    
 Catch=                     NaN
 Abd=            NaN
 Catch=   7867.54460085633     
 Abd=   40822.20    
 Catch=   1270.01912788914     
 Abd=   4355.153    
 Catch=   175.554985220669     
 Abd=   1667.268    
 Catch=   89127.3507879645     
 Abd=   1487850.    
 Catch=   36772.4562630096     
 Abd=   128977.2    
 Catch=   6691.87619526177     
 Abd=   111703.0    
 Catch=                     NaN
 Abd=            NaN
 Catch=   11355.1684114973     
 Abd=   23976.95    
 Catch=   33369.1421061664     
 Abd=   19485.47    
 Catch=   38122.4600270616     
 Abd=   563294.9    
 Catch=   56622.2500429699     
 Abd=   152573.3    
 Catch=   13425.3069197848     
 Abd=   22753.96    
 Catch=   411174.025159830     
 Abd=   4294504.    
 Time step =         1902
 Catch=   10212.7573293759     
 Abd=   65009.47    
 Catch=   1025.01154540146     
 Abd=   6573.919    
 Catch=   13038.4354345093     
 Abd=   14159.04    
 Catch=   566.194085766660     
 Abd=   9449.537    
 Catch=   14072.3218386582     
 Abd=   47299.53    
 Catch=   14.5000088198494     
 Abd=   57.00004    
 Catch=                     NaN
 Abd=            NaN
 Catch=                     NaN
 Abd=            NaN
 Catch=   13497.9923108986     
 Abd=   225317.1    
 Catch=   8278.53993756472     
 Abd=   1880.982    
 Catch=   20243.6505456103     
 Abd=   114934.1    
 Catch=   522.254864487240     
 Abd=   8718.703    
 Catch=                     NaN
 Abd=            NaN
 Catch=   8537.36239172126     
 Abd=   123966.6    
 Catch=   55585.3472198848     
 Abd=   32160.66    
 Catch=                     NaN
 Abd=            NaN
 Catch=   1913.54978245278     
 Abd=   2802.784    
 Catch=                     NaN
 Abd=            NaN
 Catch=   7867.54362087314     
 Abd=   40822.20    
 Catch=   1270.01912788914     
 Abd=   4355.153    
 Catch=   175.542934116152     
 Abd=   1667.156    
 Catch=   89114.8036765346     
 Abd=   1487643.    
 Catch=   36772.4568822075     
 Abd=   128977.2    
 Catch=   6689.78748396973     
 Abd=   111668.4    
 Catch=                     NaN
 Abd=            NaN
 Catch=   11355.1655328554     
 Abd=   23976.95    
 Catch=   33369.1409490654     
 Abd=   19485.48    
 Catch=   38116.7282038122     
 Abd=   563210.2    
 Catch=   56622.2738969243     
 Abd=   152573.3    
 Catch=   13425.3061197220     
 Abd=   22753.96    
 Catch=   411174.001811660     
 Abd=   4294503.    
 Time step =         1903
 Catch=   10212.7559510071     
 Abd=   65009.48    
 Catch=   1025.01154540146     
 Abd=   6573.919    
 Catch=   13038.4369787179     
 Abd=   14159.05    
 Catch=   565.872916019056     
 Abd=   9444.243    
 Catch=   14072.3218386582     
 Abd=   47299.53    
 Catch=   14.5000088198494     
 Abd=   57.00004    
 Catch=                     NaN
 Abd=            NaN
 Catch=                     NaN
 Abd=            NaN
 Catch=   13493.9710703371     
 Abd=   225250.4    
 Catch=   8278.53993756472     
 Abd=   1880.982    
 Catch=   20243.5259087122     
 Abd=   114933.4    
 Catch=   522.254864487240     
 Abd=   8718.703    
 Catch=                     NaN
 Abd=            NaN
 Catch=   8536.03746325610     
 Abd=   123947.4    
 Catch=   55585.3587319851     
 Abd=   32160.66    
 Catch=                     NaN
 Abd=            NaN
 Catch=   1913.54978245278     
 Abd=   2802.784    
 Catch=                     NaN
 Abd=            NaN
 Catch=   7867.54465423274     
 Abd=   40822.23    
 Catch=   1270.01912788914     
 Abd=   4355.153    
 Catch=   175.531559893222     
 Abd=   1667.052    
 Catch=   89102.4867836445     
 Abd=   1487438.    
 Catch=   36772.4518399846     
 Abd=   128977.2    
 Catch=   6687.73664121718     
 Abd=   111634.5    
 Catch=                     NaN
 Abd=            NaN
 Catch=   11355.1653289748     
 Abd=   23976.94    
 Catch=   33369.1430433198     
 Abd=   19485.47    
 Catch=   38111.0300230063     
 Abd=   563126.6    
 Catch=   56622.2468055199     
 Abd=   152573.3    
 Catch=   13425.3099969773     
 Abd=   22753.96    
 Catch=   411173.920193053     
 Abd=   4294504.    
 Time step =         1904
 Catch=   10212.7565630978     
 Abd=   65009.46    
 Catch=   1025.01154540146     
 Abd=   6573.919    
 Catch=   13038.4378038427     
 Abd=   14159.05    
 Catch=   565.559706181559     
 Abd=   9439.077    
 Catch=   14072.3218386582     
 Abd=   47299.53    
 Catch=   14.5000088198494     
 Abd=   57.00004    
 Catch=                     NaN
 Abd=            NaN
 Catch=                     NaN
 Abd=            NaN
 Catch=   13490.0067357953     
 Abd=   225184.8    
 Catch=   8278.53993756472     
 Abd=   1880.982    
 Catch=   20243.4031913028     
 Abd=   114932.7    
 Catch=   522.254864487240     
 Abd=   8718.703    
 Catch=                     NaN
 Abd=            NaN
 Catch=   8534.72437359320     
 Abd=   123928.5    
 Catch=   55585.3446872804     
 Abd=   32160.66    
 Catch=                     NaN
 Abd=            NaN
 Catch=   1913.54978245278     
 Abd=   2802.784    
 Catch=                     NaN
 Abd=            NaN
 Catch=   7867.54983453286     
 Abd=   40822.24    
 Catch=   1270.01912788914     
 Abd=   4355.153    
 Catch=   175.520806290939     
 Abd=   1666.952    
 Catch=   89090.4090697139     
 Abd=   1487239.    
 Catch=   36772.4655246846     
 Abd=   128977.2    
 Catch=   6685.71904635065     
 Abd=   111601.1    
 Catch=                     NaN
 Abd=            NaN
 Catch=   11355.1623523824     
 Abd=   23976.94    
 Catch=   33369.1389372441     
 Abd=   19485.47    
 Catch=   38105.4196036046     
 Abd=   563044.1    
 Catch=   56622.2278790073     
 Abd=   152573.2    
 Catch=   13425.3096680784     
 Abd=   22753.96    
 Catch=   411173.859078723     
 Abd=   4294504.    
 Time step =         1905
 Catch=   10212.7551013502     
 Abd=   65009.46    
 Catch=   1025.01154540146     
 Abd=   6573.919    
 Catch=   13038.4399001189     
 Abd=   14159.05    
 Catch=   565.254056495934     
 Abd=   9434.036    
 Catch=   14072.3218386582     
 Abd=   47299.53    
 Catch=   14.5000088198494     
 Abd=   57.00004    
 Catch=                     NaN
 Abd=            NaN
 Catch=                     NaN
 Abd=            NaN
 Catch=   13486.1166157581     
 Abd=   225120.5    
 Catch=   8278.53993756472     
 Abd=   1880.982    
 Catch=   20243.2826906997     
 Abd=   114932.0    
 Catch=   522.254864487240     
 Abd=   8718.703    
 Catch=                     NaN
 Abd=            NaN
 Catch=   8533.43670362726     
 Abd=   123910.0    
 Catch=   55585.3505693579     
 Abd=   32160.66    
 Catch=                     NaN
 Abd=            NaN
 Catch=   1913.54978245278     
 Abd=   2802.784    
 Catch=                     NaN
 Abd=            NaN
 Catch=   7867.55113320176     
 Abd=   40822.23    
 Catch=   1270.01912788914     
 Abd=   4355.153    
 Catch=   175.510568309466     
 Abd=   1666.857    
 Catch=   89078.5072599781     
 Abd=   1487042.    
 Catch=   36772.4598913246     
 Abd=   128977.2    
 Catch=   6683.73348532406     
 Abd=   111568.2    
 Catch=                     NaN
 Abd=            NaN
 Catch=   11355.1650903701     
 Abd=   23976.94    
 Catch=   33369.1283857853     
 Abd=   19485.46    
 Catch=   38099.8655972464     
 Abd=   562962.8    
 Catch=   56622.2235966811     
 Abd=   152573.2    
 Catch=   13425.3182256535     
 Abd=   22753.98    
 Catch=   411173.951628445     
 Abd=   4294504.    
 Time step =         1906
 Catch=   10212.7573265458     
 Abd=   65009.47    
 Catch=   1025.01154540146     
 Abd=   6573.919    
 Catch=   13038.4422285117     
 Abd=   14159.05    
 Catch=   564.955555054174     
 Abd=   9429.110    
 Catch=   14072.3218386582     
 Abd=   47299.53    
 Catch=   14.5000088198494     
 Abd=   57.00004    
 Catch=                     NaN
 Abd=            NaN
 Catch=                     NaN
 Abd=            NaN
 Catch=   13482.2940283469     
 Abd=   225057.2    
 Catch=   8278.53993756472     
 Abd=   1880.982    
 Catch=   20243.1800447574     
 Abd=   114931.4    
 Catch=   522.254864487240     
 Abd=   8718.703    
 Catch=                     NaN
 Abd=            NaN
 Catch=   8532.17096189622     
 Abd=   123891.8    
 Catch=   55585.3528960749     
 Abd=   32160.66    
 Catch=                     NaN
 Abd=            NaN
 Catch=   1913.54978245278     
 Abd=   2802.784    
 Catch=                     NaN
 Abd=            NaN
 Catch=   7867.55334411421     
 Abd=   40822.25    
 Catch=   1270.01912788914     
 Abd=   4355.153    
 Catch=   175.500764945403     
 Abd=   1666.767    
 Catch=   89066.7950685966     
 Abd=   1486848.    
 Catch=   36772.4586444756     
 Abd=   128977.2    
 Catch=   6681.78313284234     
 Abd=   111536.0    
 Catch=                     NaN
 Abd=            NaN
 Catch=   11355.1656961655     
 Abd=   23976.94    
 Catch=   33369.1343585199     
 Abd=   19485.46    
 Catch=   38094.4045716205     
 Abd=   562882.6    
 Catch=   56622.2267675079     
 Abd=   152573.2    
 Catch=   13425.3149402826     
 Abd=   22753.97    
 Catch=   411173.958904958     
 Abd=   4294504.    
 Time step =         1907
 Catch=   10212.7555607945     
 Abd=   65009.46    
 Catch=   1025.01154540146     
 Abd=   6573.919    
 Catch=   13038.4412317541     
 Abd=   14159.05    
 Catch=   564.664078176432     
 Abd=   9424.304    
 Catch=   14072.3218386582     
 Abd=   47299.53    
 Catch=   14.5000088198494     
 Abd=   57.00004    
 Catch=                     NaN
 Abd=            NaN
 Catch=                     NaN
 Abd=            NaN
 Catch=   13478.5354683863     
 Abd=   224995.2    
 Catch=   8278.53993756472     
 Abd=   1880.982    
 Catch=   20243.0712066633     
 Abd=   114930.8    
 Catch=   522.254864487240     
 Abd=   8718.703    
 Catch=                     NaN
 Abd=            NaN
 Catch=   8530.92665236330     
 Abd=   123873.9    
 Catch=   55585.3485928467     
 Abd=   32160.66    
 Catch=                     NaN
 Abd=            NaN
 Catch=   1913.54978245278     
 Abd=   2802.784    
 Catch=                     NaN
 Abd=            NaN
 Catch=   7867.55364821171     
 Abd=   40822.25    
 Catch=   1270.01912788914     
 Abd=   4355.153    
 Catch=   175.491495352177     
 Abd=   1666.680    
 Catch=   89055.2904969377     
 Abd=   1486657.    
 Catch=   36772.4595028877     
 Abd=   128977.2    
 Catch=   6679.87001154387     
 Abd=   111504.2    
 Catch=                     NaN
 Abd=            NaN
 Catch=   11355.1656534920     
 Abd=   23976.95    
 Catch=   33369.1329206005     
 Abd=   19485.47    
 Catch=   38089.0129431169     
 Abd=   562803.5    
 Catch=   56622.2346736650     
 Abd=   152573.2    
 Catch=   13425.3170188928     
 Abd=   22753.98    
 Catch=   411173.965071556     
 Abd=   4294504.    
 Time step =         1908
 Catch=   10212.7522819053     
 Abd=   65009.44    
 Catch=   1025.01154540146     
 Abd=   6573.919    
 Catch=   13038.4428618245     
 Abd=   14159.05    
 Catch=   564.379607698992     
 Abd=   9419.613    
 Catch=   14072.3218386582     
 Abd=   47299.53    
 Catch=   14.5000088198494     
 Abd=   57.00004    
 Catch=                     NaN
 Abd=            NaN
 Catch=                     NaN
 Abd=            NaN
 Catch=   13474.8560785408     
 Abd=   224934.2    
 Catch=   8278.53993756472     
 Abd=   1880.982    
 Catch=   20242.9633998710     
 Abd=   114930.2    
 Catch=   522.254864487240     
 Abd=   8718.703    
 Catch=                     NaN
 Abd=            NaN
 Catch=   8529.70931628224     
 Abd=   123856.4    
 Catch=   55585.3586501406     
 Abd=   32160.67    
 Catch=                     NaN
 Abd=            NaN
 Catch=   1913.54978245278     
 Abd=   2802.784    
 Catch=                     NaN
 Abd=            NaN
 Catch=   7867.55417440352     
 Abd=   40822.26    
 Catch=   1270.01912788914     
 Abd=   4355.153    
 Catch=   175.482637949174     
 Abd=   1666.599    
 Catch=   89043.9182706267     
 Abd=   1486469.    
 Catch=   36772.4563678303     
 Abd=   128977.2    
 Catch=   6677.98274728224     
 Abd=   111473.1    
 Catch=                     NaN
 Abd=            NaN
 Catch=   11355.1662284131     
 Abd=   23976.95    
 Catch=   33369.1355036600     
 Abd=   19485.48    
 Catch=   38083.6916402377     
 Abd=   562725.4    
 Catch=   56622.2351538120     
 Abd=   152573.2    
 Catch=   13425.3191702502     
 Abd=   22753.98    
 Catch=   411173.865706841     
 Abd=   4294502.    
 Time step =         1909
 Catch=   10212.7535857233     
 Abd=   65009.45    
 Catch=   1025.01154540146     
 Abd=   6573.919    
 Catch=   13038.4399077481     
 Abd=   14159.05    
 Catch=   564.101590851987     
 Abd=   9415.014    
 Catch=   14072.3218386582     
 Abd=   47299.53    
 Catch=   14.5000088198494     
 Abd=   57.00004    
 Catch=                     NaN
 Abd=            NaN
 Catch=                     NaN
 Abd=            NaN
 Catch=   13471.2318093075     
 Abd=   224874.2    
 Catch=   8278.53993756472     
 Abd=   1880.982    
 Catch=   20242.8667959827     
 Abd=   114929.8    
 Catch=   522.254864487240     
 Abd=   8718.703    
 Catch=                     NaN
 Abd=            NaN
 Catch=   8528.51236311466     
 Abd=   123839.1    
 Catch=   55585.3694926214     
 Abd=   32160.67    
 Catch=                     NaN
 Abd=            NaN
 Catch=   1913.54978245278     
 Abd=   2802.784    
 Catch=                     NaN
 Abd=            NaN
 Catch=   7867.55558040319     
 Abd=   40822.25    
 Catch=   1270.01912788914     
 Abd=   4355.153    
 Catch=   175.474344825876     
 Abd=   1666.522    
 Catch=   89032.8065893413     
 Abd=   1486285.    
 Catch=   36772.4549762732     
 Abd=   128977.2    
 Catch=   6676.12522358492     
 Abd=   111442.2    
 Catch=                     NaN
 Abd=            NaN
 Catch=   11355.1662062503     
 Abd=   23976.95    
 Catch=   33369.1392600055     
 Abd=   19485.46    
 Catch=   38078.4412777570     
 Abd=   562648.2    
 Catch=   56622.2372744737     
 Abd=   152573.2    
 Catch=   13425.3166993372     
 Abd=   22753.97    
 Catch=   411173.737539204     
 Abd=   4294500.    
 Time step =         1910
 Catch=   10212.7542730595     
 Abd=   65009.46    
 Catch=   1025.01154540146     
 Abd=   6573.919    
 Catch=   13038.4377128275     
 Abd=   14159.05    
 Catch=   563.828969067866     
 Abd=   9410.516    
 Catch=   14072.3218386582     
 Abd=   47299.53    
 Catch=   14.5000088198494     
 Abd=   57.00004    
 Catch=                     NaN
 Abd=            NaN
 Catch=                     NaN
 Abd=            NaN
 Catch=   13467.6586556264     
 Abd=   224814.9    
 Catch=   8278.53993756472     
 Abd=   1880.982    
 Catch=   20242.7804160318     
 Abd=   114929.2    
 Catch=   522.254864487240     
 Abd=   8718.703    
 Catch=                     NaN
 Abd=            NaN
 Catch=   8527.33375863717     
 Abd=   123822.2    
 Catch=   55585.3683680123     
 Abd=   32160.67    
 Catch=                     NaN
 Abd=            NaN
 Catch=   1913.54978245278     
 Abd=   2802.784    
 Catch=                     NaN
 Abd=            NaN
 Catch=   7867.55598700161     
 Abd=   40822.27    
 Catch=   1270.01912788914     
 Abd=   4355.153    
 Catch=   175.466517295334     
 Abd=   1666.450    
 Catch=   89021.8361769857     
 Abd=   1486103.    
 Catch=   36772.4456831311     
 Abd=   128977.1    
 Catch=   6674.29233766477     
 Abd=   111411.9    
 Catch=                     NaN
 Abd=            NaN
 Catch=   11355.1656330571     
 Abd=   23976.95    
 Catch=   33369.1368764795     
 Abd=   19485.46    
 Catch=   38073.2479205903     
 Abd=   562572.0    
 Catch=   56622.2307669157     
 Abd=   152573.2    
 Catch=   13425.3148671998     
 Abd=   22753.97    
 Catch=   411173.636153714     
 Abd=   4294501.    
 Time step =         1861
 Abd=   65009.46    
 Catch=   425.950929565282     
 Abd=   6573.919    
 Catch=   41.8331150254688     
 Abd=   14159.05    
 Catch=   548.301446950988     
 Abd=   9410.516    
 Catch=   23.5870474367842     
 Abd=   47299.53    
 Catch=   591.691311114304     
 Abd=   57.00004    
 Catch=  0.600223559168979     
 Abd=            NaN
 Catch=                     NaN
 Abd=            NaN
 Catch=                     NaN
 Abd=   224814.9    
 Catch=   559.825270105817     
 Abd=   1880.982    
 Catch=   351.350856331844     
 Abd=   114929.2    
 Catch=   844.852229916051     
 Abd=   8718.703    
 Catch=   21.9036506127776     
 Abd=            NaN
 Catch=                     NaN
 Abd=   123822.2    
 Catch=   354.974605308938     
 Abd=   32160.67    
 Catch=   2170.20941732819     
 Abd=            NaN
 Catch=                     NaN
 Abd=   2802.784    
 Catch=   73.5430313449621     
 Abd=            NaN
 Catch=                     NaN
 Abd=   40822.27    
 Catch=   325.064675020590     
 Abd=   4355.153    
 Catch=   52.3590092206647     
 Abd=   1666.450    
 Catch=   7.30857630985088     
 Abd=   1486103.    
 Catch=   3712.03033012715     
 Abd=   128977.1    
 Catch=   1513.62593845491     
 Abd=   111411.9    
 Catch=   277.783651598743     
 Abd=            NaN
 Catch=                     NaN
 Abd=   23976.95    
 Catch=   471.909820736843     
 Abd=   19485.46    
 Catch=   1497.52929739938     
 Abd=   562572.0    
 Catch=   1574.46735227796     
 Abd=   152573.2    
 Catch=   2318.20890379759     
 Abd=   22753.97    
 Catch=   563.777888650638     
 Abd=   4294501.    
 Catch=   17187.5420741398     
 Time step =         1862
 Abd=   65080.39    
 Catch=   426.329216074681     
 Abd=   6436.535    
 Catch=   43.4751661679103     
 Abd=   14298.16    
 Catch=   566.071049966022     
 Abd=   9450.617    
 Catch=   23.3987789683177     
 Abd=   47736.78    
 Catch=   593.032883760485     
 Abd=   56.62118    
 Catch=  0.563951431888100     
 Abd=            NaN
 Catch=                     NaN
 Abd=            NaN
 Catch=                     NaN
 Abd=   224310.6    
 Catch=   560.049575607827     
 Abd=   1915.978    
 Catch=   340.529222634971     
 Abd=   115124.7    
 Catch=   835.714768852317     
 Abd=   8777.202    
 Catch=   22.0773647461058     
 Abd=            NaN
 Catch=                     NaN
 Abd=   123721.6    
 Catch=   352.378132475704     
 Abd=   30122.26    
 Catch=   2001.82163672180     
 Abd=            NaN
 Catch=                     NaN
 Abd=   2583.240    
 Catch=   62.3769610306426     
 Abd=            NaN
 Catch=                     NaN
 Abd=   40480.98    
 Catch=   328.001561776842     
 Abd=   4308.360    
 Catch=   51.7435107700438     
 Abd=   1665.906    
 Catch=   7.31255649123642     
 Abd=   1487369.    
 Catch=   3727.67164622391     
 Abd=   127391.6    
 Catch=   1510.47631874336     
 Abd=   111303.8    
 Catch=   277.024840323123     
 Abd=            NaN
 Catch=                     NaN
 Abd=   23918.98    
 Catch=   492.052716414051     
 Abd=   21005.10    
 Catch=   1312.14818895207     
 Abd=   558231.5    
 Catch=   1565.46092540333     
 Abd=   149879.4    
 Catch=   2304.27987612187     
 Abd=   22941.44    
 Catch=   587.802613624106     
 Abd=   4308666.    
 Catch=   17128.9908054587     
 Time step =         1863
 Abd=   65137.80    
 Catch=   426.122319344507     
 Abd=   6697.331    
 Catch=   42.5010160917838     
 Abd=   14764.93    
 Catch=   582.587056553062     
 Abd=   9373.307    
 Catch=   23.3391453268879     
 Abd=   47840.64    
 Catch=   587.451230906896     
 Abd=   53.13573    
 Catch=  0.560193951093660     
 Abd=            NaN
 Catch=                     NaN
 Abd=            NaN
 Catch=                     NaN
 Abd=   224414.5    
 Catch=   561.045705924105     
 Abd=   1856.942    
 Catch=   313.561285874732     
 Abd=   113808.4    
 Catch=   843.978711065338     
 Abd=   8847.035    
 Catch=   22.2143073389318     
 Abd=            NaN
 Catch=                     NaN
 Abd=   122801.1    
 Catch=   348.920759661579     
 Abd=   27785.30    
 Catch=   2232.31391818555     
 Abd=            NaN
 Catch=                     NaN
 Abd=   2191.420    
 Catch=   50.5891253907554     
 Abd=            NaN
 Catch=                     NaN
 Abd=   40859.75    
 Catch=   329.888700718777     
 Abd=   4257.634    
 Catch=   52.9703261328211     
 Abd=   1666.837    
 Catch=   7.31987422279003     
 Abd=   1493741.    
 Catch=   3670.79165832344     
 Abd=   127151.0    
 Catch=   1505.76922595030     
 Abd=   110996.1    
 Catch=   274.626462809162     
 Abd=            NaN
 Catch=                     NaN
 Abd=   24958.11    
 Catch=   505.538888077323     
 Abd=   18381.95    
 Catch=   1199.44850213713     
 Abd=   555067.8    
 Catch=   1559.11464016317     
 Abd=   149006.7    
 Catch=   2319.99087330649     
 Abd=   23930.48    
 Catch=   603.204600454127     
 Abd=   4293411.    
 Catch=   17119.7299047882     
 Time step =         1864
 Abd=   65104.41    
 Catch=   428.956464910587     
 Abd=   6538.960    
 Catch=   43.4758347665275     
 Abd=   15195.09    
 Catch=   594.831548876080     
 Abd=   9353.910    
 Catch=   23.2375946203727     
 Abd=   47380.89    
 Catch=   590.799031153520     
 Abd=   52.84551    
 Catch=  0.570900675026009     
 Abd=            NaN
 Catch=                     NaN
 Abd=            NaN
 Catch=                     NaN
 Abd=   224820.7    
 Catch=   561.831927070792     
 Abd=   1710.000    
 Catch=   345.681459961151     
 Abd=   115037.1    
 Catch=   863.544831502734     
 Abd=   8901.590    
 Catch=   22.3937259911448     
 Abd=            NaN
 Catch=                     NaN
 Abd=   121591.9    
 Catch=   347.878125136795     
 Abd=   31027.99    
 Catch=   2494.87257858785     
 Abd=            NaN
 Catch=                     NaN
 Abd=   1775.646    
 Catch=   53.5309337803192     
 Abd=            NaN
 Catch=                     NaN
 Abd=   41092.03    
 Catch=   332.412814284076     
 Abd=   4361.412    
 Catch=   52.9537082414545     
 Abd=   1668.522    
 Catch=   7.35618108151750     
 Abd=   1470375.    
 Catch=   3647.47165137943     
 Abd=   126752.7    
 Catch=   1513.08127854034     
 Abd=   110022.6    
 Catch=   273.539572557937     
 Abd=            NaN
 Catch=                     NaN
 Abd=   25636.20    
 Catch=   517.836508610800     
 Abd=   16822.83    
 Catch=   1344.10229304141     
 Abd=   552898.9    
 Catch=   1564.76629197153     
 Abd=   150058.7    
 Catch=   2346.12035486734     
 Abd=   24552.23    
 Catch=   612.493307612434     
 Abd=   4291348.    
 Catch=   17104.7621404796     
 Time step =         1865
 Abd=   65547.31    
 Catch=   428.524292034311     
 Abd=   6695.165    
 Catch=   43.6577744179446     
 Abd=   15511.28    
 Catch=   593.229172695961     
 Abd=   9310.724    
 Catch=   23.6658192722120     
 Abd=   47662.92    
 Catch=   586.997456254676     
 Abd=   53.88145    
 Catch=  0.587650303494809     
 Abd=            NaN
 Catch=                     NaN
 Abd=            NaN
 Catch=                     NaN
 Abd=   225132.4    
 Catch=   562.821054455725     
 Abd=   1885.154    
 Catch=   369.415576994967     
 Abd=   117726.2    
 Catch=   888.241656864571     
 Abd=   8973.840    
 Catch=   22.4234372296749     
 Abd=            NaN
 Catch=                     NaN
 Abd=   121243.8    
 Catch=   348.429462570848     
 Abd=   34673.53    
 Catch=   2504.59997172585     
 Abd=            NaN
 Catch=                     NaN
 Abd=   1887.447    
 Catch=   69.9040530098484     
 Abd=            NaN
 Catch=                     NaN
 Abd=   41407.66    
 Catch=   335.207759197744     
 Abd=   4358.077    
 Catch=   53.5275162918472     
 Abd=   1676.931    
 Catch=   7.34275507150243     
 Abd=   1461295.    
 Catch=   3654.09774548203     
 Abd=   127384.3    
 Catch=   1520.61036714699     
 Abd=   109598.1    
 Catch=   273.640432785013     
 Abd=            NaN
 Catch=                     NaN
 Abd=   26256.02    
 Catch=   519.590632686849     
 Abd=   18860.38    
 Catch=   1487.69821395451     
 Abd=   554983.2    
 Catch=   1573.85205036982     
 Abd=   151755.5    
 Catch=   2346.12440550349     
 Abd=   24922.54    
 Catch=   611.875981433571     
 Abd=   4287563.    
 Catch=   17064.7070317804     
 Time step =         1866
 Abd=   65471.59    
 Catch=   428.436450878295     
 Abd=   6720.500    
 Catch=   42.6403033681626     
 Abd=   15464.93    
 Catch=   588.996373898455     
 Abd=   9485.959    
 Catch=   23.6341724946153     
 Abd=   47346.61    
 Catch=   587.252479698754     
 Abd=   55.47205    
 Catch=  0.589617127888589     
 Abd=            NaN
 Catch=                     NaN
 Abd=            NaN
 Catch=                     NaN
 Abd=   225528.8    
 Catch=   563.887340207834     
 Abd=   2014.550    
 Catch=   379.927086468382     
 Abd=   121104.5    
 Catch=   900.273428037016     
 Abd=   8984.486    
 Catch=   22.3949914714895     
 Abd=            NaN
 Catch=                     NaN
 Abd=   121447.2    
 Catch=   349.956775113601     
 Abd=   34781.90    
 Catch=   2452.04792332124     
 Abd=            NaN
 Catch=                     NaN
 Abd=   2470.560    
 Catch=   81.1943627830609     
 Abd=            NaN
 Catch=                     NaN
 Abd=   41756.20    
 Catch=   339.057075140918     
 Abd=   4406.236    
 Catch=   53.7816645467638     
 Abd=   1673.641    
 Catch=   7.34582925921741     
 Abd=   1464189.    
 Catch=   3676.34230544109     
 Abd=   128019.5    
 Catch=   1535.51031593698     
 Abd=   109647.2    
 Catch=   274.620485802255     
 Abd=            NaN
 Catch=                     NaN
 Abd=   26337.16    
 Catch=   524.413946297636     
 Abd=   20874.20    
 Catch=   1551.72860226282     
 Abd=   558230.4    
 Catch=   1575.95930817899     
 Abd=   151726.5    
 Catch=   2354.90130824890     
 Abd=   24890.60    
 Catch=   615.518008451531     
 Abd=   4277394.    
 Catch=   17007.0064952920     
 Time step =         1867
 Abd=   65459.02    
 Catch=   427.481610207952     
 Abd=   6560.412    
 Catch=   43.0599061910359     
 Abd=   15354.26    
 Catch=   580.902746913191     
 Abd=   9469.489    
 Catch=   23.9072679220285     
 Abd=   47371.94    
 Catch=   589.034476261213     
 Abd=   55.63083    
 Catch=  0.579137230255146     
 Abd=            NaN
 Catch=                     NaN
 Abd=            NaN
 Catch=                     NaN
 Abd=   225957.7    
 Catch=   563.786677887901     
 Abd=   2071.823    
 Catch=   393.641503699793     
 Abd=   122703.9    
 Catch=   902.621701179434     
 Abd=   8972.635    
 Catch=   22.1704978741951     
 Abd=            NaN
 Catch=                     NaN
 Abd=   121985.8    
 Catch=   350.871787411831     
 Abd=   34056.99    
 Catch=   2414.14276371670     
 Abd=            NaN
 Catch=                     NaN
 Abd=   2861.683    
 Catch=   83.7257492876409     
 Abd=            NaN
 Catch=                     NaN
 Abd=   42237.76    
 Catch=   340.602573925482     
 Abd=   4426.647    
 Catch=   54.1897990742793     
 Abd=   1674.420    
 Catch=   7.34019060319371     
 Abd=   1473227.    
 Catch=   3708.95169076896     
 Abd=   129283.4    
 Catch=   1539.50816330783     
 Abd=   110047.7    
 Catch=   275.529730071908     
 Abd=            NaN
 Catch=                     NaN
 Abd=   26584.67    
 Catch=   517.951942070572     
 Abd=   21760.39    
 Catch=   1588.46795900109     
 Abd=   558932.9    
 Catch=   1567.52242406590     
 Abd=   152304.0    
 Catch=   2311.65184174005     
 Abd=   25046.33    
 Catch=   607.847374769653     
 Abd=   4262842.    
 Catch=   16969.9429347225     
 Time step =         1868
 Abd=   65311.10    
 Catch=   427.388065854129     
 Abd=   6629.303    
 Catch=   42.1763728526920     
 Abd=   15141.34    
 Catch=   578.708131501464     
 Abd=   9582.104    
 Catch=   24.2757721648905     
 Abd=   47518.61    
 Catch=   590.676209976820     
 Abd=   54.62066    
 Catch=  0.563144213561031     
 Abd=            NaN
 Catch=                     NaN
 Abd=            NaN
 Catch=                     NaN
 Abd=   225908.5    
 Catch=   564.342528047951     
 Abd=   2146.601    
 Catch=   370.872303382031     
 Abd=   122996.6    
 Catch=   898.563504900736     
 Abd=   8881.094    
 Catch=   21.8865745698046     
 Abd=            NaN
 Catch=                     NaN
 Abd=   122300.2    
 Catch=   352.186828268043     
 Abd=   33536.07    
 Catch=   2319.48421547375     
 Abd=            NaN
 Catch=                     NaN
 Abd=   2945.849    
 Catch=   84.3252146133082     
 Abd=            NaN
 Catch=                     NaN
 Abd=   42424.56    
 Catch=   340.568528433077     
 Abd=   4460.480    
 Catch=   55.0247165318644     
 Abd=   1673.090    
 Catch=   7.32299710681174     
 Abd=   1486379.    
 Catch=   3725.72716677239     
 Abd=   129603.3    
 Catch=   1540.17606776573     
 Abd=   110411.2    
 Catch=   276.493514976008     
 Abd=            NaN
 Catch=                     NaN
 Abd=   26247.02    
 Catch=   508.740636913671     
 Abd=   22271.63    
 Catch=   1565.40741222701     
 Abd=   555872.7    
 Catch=   1556.54511153714     
 Abd=   149447.8    
 Catch=   2313.16562679707     
 Abd=   24724.78    
 Catch=   602.848099883485     
 Abd=   4253659.    
 Catch=   16914.9423953406     
 Time step =         1869
 Abd=   65298.35    
 Catch=   427.735496058667     
 Abd=   6489.386    
 Catch=   41.3366089510064     
 Abd=   15086.68    
 Catch=   554.421602597099     
 Abd=   9730.505    
 Catch=   24.2389191605811     
 Abd=   47650.71    
 Catch=   584.254838108026     
 Abd=   53.10323    
 Catch=  0.571268121753784     
 Abd=            NaN
 Catch=                     NaN
 Abd=            NaN
 Catch=                     NaN
 Abd=   226134.4    
 Catch=   564.167457700899     
 Abd=   2022.354    
 Catch=   336.126355031090     
 Abd=   122397.8    
 Catch=   903.222659688453     
 Abd=   8766.891    
 Catch=   21.5411645373513     
 Abd=            NaN
 Catch=                     NaN
 Abd=   122761.2    
 Catch=   351.782498607908     
 Abd=   32199.90    
 Catch=   2178.33523130310     
 Abd=            NaN
 Catch=                     NaN
 Abd=   2965.929    
 Catch=   78.4142929406073     
 Abd=            NaN
 Catch=                     NaN
 Abd=   42417.20    
 Catch=   337.901708099578     
 Abd=   4529.848    
 Catch=   53.9062031198132     
 Abd=   1669.124    
 Catch=   7.30586545791201     
 Abd=   1492966.    
 Catch=   3713.72009708250     
 Abd=   129654.3    
 Catch=   1531.78938226630     
 Abd=   110796.8    
 Catch=   276.083163708519     
 Abd=            NaN
 Catch=                     NaN
 Abd=   25779.00    
 Catch=   495.997891073565     
 Abd=   21942.62    
 Catch=   1349.58663246628     
 Abd=   551859.1    
 Catch=   1555.18199078425     
 Abd=   149594.8    
 Catch=   2333.91688083333     
 Abd=   24524.39    
 Catch=   582.076416446727     
 Abd=   4239786.    
 Catch=   16930.0855899606     
 Time step =         1870
 Abd=   65351.64    
 Catch=   426.842742026448     
 Abd=   6360.305    
 Catch=   40.3878390072914     
 Abd=   14447.95    
 Catch=   538.329131127177     
 Abd=   9713.517    
 Catch=   23.9255070244886     
 Abd=   47123.30    
 Catch=   583.673165703489     
 Abd=   53.91131    
 Catch=  0.580961494743139     
 Abd=            NaN
 Catch=                     NaN
 Abd=            NaN
 Catch=                     NaN
 Abd=   226061.4    
 Catch=   563.772767156994     
 Abd=   1832.854    
 Catch=   333.982959856906     
 Abd=   123087.0    
 Catch=   890.394287000976     
 Abd=   8628.014    
 Catch=   21.3020943254996     
 Abd=            NaN
 Catch=                     NaN
 Abd=   122608.1    
 Catch=   351.566692089351     
 Abd=   30235.95    
 Catch=   2215.46276468393     
 Abd=            NaN
 Catch=                     NaN
 Abd=   2754.492    
 Catch=   65.2267598442733     
 Abd=            NaN
 Catch=                     NaN
 Abd=   42078.59    
 Catch=   334.503297906232     
 Abd=   4434.854    
 Catch=   53.8801107247889     
 Abd=   1665.218    
 Catch=   7.28764485380332     
 Abd=   1487920.    
 Catch=   3692.67152850380     
 Abd=   128935.8    
 Catch=   1520.01495804762     
 Abd=   110621.1    
 Catch=   275.463104126629     
 Abd=            NaN
 Catch=                     NaN
 Abd=   25131.33    
 Catch=   479.405781991174     
 Abd=   18902.11    
 Catch=   1388.71043678316     
 Abd=   551522.8    
 Catch=   1538.84577122086     
 Abd=   150963.2    
 Catch=   2310.33990945815     
 Abd=   23672.57    
 Catch=   558.355412278997     
 Abd=   4243931.    
 Catch=   16896.0710207040     
 Time step =         1871
 Abd=   65213.43    
 Catch=   424.999110627046     
 Abd=   6213.905    
 Catch=   38.5267267835111     
 Abd=   14029.95    
 Catch=   519.130522152988     
 Abd=   9586.499    
 Catch=   23.8570891210070     
 Abd=   47082.64    
 Catch=   577.059448548630     
 Abd=   54.82804    
 Catch=  0.552227683282451     
 Abd=            NaN
 Catch=                     NaN
 Abd=            NaN
 Catch=                     NaN
 Abd=   225900.6    
 Catch=   562.578934058401     
 Abd=   1821.242    
 Catch=   345.021395170744     
 Abd=   121291.5    
 Catch=   883.552786857030     
 Abd=   8533.092    
 Catch=   21.0397170387318     
 Abd=            NaN
 Catch=                     NaN
 Abd=   122534.6    
 Catch=   352.000035765665     
 Abd=   30769.62    
 Catch=   2439.57373447237     
 Abd=            NaN
 Catch=                     NaN
 Abd=   2289.198    
 Catch=   70.4408537605945     
 Abd=            NaN
 Catch=                     NaN
 Abd=   41653.68    
 Catch=   327.277579855232     
 Abd=   4434.370    
 Catch=   52.6872110147986     
 Abd=   1661.058    
 Catch=   7.28021002831658     
 Abd=   1479420.    
 Catch=   3680.98057316118     
 Abd=   127938.2    
 Catch=   1508.81895147353     
 Abd=   110371.4    
 Catch=   275.287255554736     
 Abd=            NaN
 Catch=                     NaN
 Abd=   24284.99    
 Catch=   465.154872053110     
 Abd=   19474.67    
 Catch=   1427.62681889931     
 Abd=   545643.8    
 Catch=   1528.75259352802     
 Abd=   149386.8    
 Catch=   2306.19112480902     
 Abd=   22701.40    
 Catch=   540.807764229341     
 Abd=   4235148.    
 Catch=   16805.8075727175     
 Time step =         1872
 Abd=   64928.95    
 Catch=   423.729526499998     
 Abd=   5924.923    
 Catch=   37.3278268737618     
 Abd=   13528.60    
 Catch=   501.420385672790     
 Abd=   9559.268    
 Catch=   23.2167807936847     
 Abd=   46542.65    
 Catch=   577.513874908545     
 Abd=   52.05291    
 Catch=  0.544545403607474     
 Abd=            NaN
 Catch=                     NaN
 Abd=            NaN
 Catch=                     NaN
 Abd=   225416.0    
 Catch=   562.855387724523     
 Abd=   1881.468    
 Catch=   356.254050285698     
 Abd=   120375.6    
 Catch=   890.558808940851     
 Abd=   8427.762    
 Catch=   20.9412211487585     
 Abd=            NaN
 Catch=                     NaN
 Abd=   122690.1    
 Catch=   352.302671695243     
 Abd=   33903.71    
 Catch=   2344.89641821748     
 Abd=            NaN
 Catch=                     NaN
 Abd=   2482.490    
 Catch=   81.0256760748712     
 Abd=            NaN
 Catch=                     NaN
 Abd=   40745.49    
 Catch=   322.924838207220     
 Abd=   4334.446    
 Catch=   51.9593823587812     
 Abd=   1659.413    
 Catch=   7.25439649794347     
 Abd=   1474812.    
 Catch=   3688.99884325618     
 Abd=   126997.0    
 Catch=   1510.60791168160     
 Abd=   110304.5    
 Catch=   275.558883881215     
 Abd=            NaN
 Catch=                     NaN
 Abd=   23564.93    
 Catch=   437.658576877891     
 Abd=   20018.02    
 Catch=   1463.58651824695     
 Abd=   542105.7    
 Catch=   1522.14513783946     
 Abd=   149141.2    
 Catch=   2312.51302927045     
 Abd=   21991.79    
 Catch=   500.320362128374     
 Abd=   4212248.    
 Catch=   16795.8349795128     
 Time step =         1873
 Abd=   64737.07    
 Catch=   422.898057136744     
 Abd=   5742.240    
 Catch=   36.6284125853986     
 Abd=   13068.23    
 Catch=   526.219602252024     
 Abd=   9298.125    
 Catch=   23.4404671919788     
 Abd=   46587.53    
 Catch=   577.004697252937     
 Abd=   51.36288    
 Catch=  0.541045062692000     
 Abd=            NaN
 Catch=                     NaN
 Abd=            NaN
 Catch=                     NaN
 Abd=   225533.6    
 Catch=   563.837961549603     
 Abd=   1942.734    
 Catch=   314.803955055280     
 Abd=   121366.3    
 Catch=   883.047371412919     
 Abd=   8389.633    
 Catch=   20.8964303019900     
 Abd=            NaN
 Catch=                     NaN
 Abd=   122794.4    
 Catch=   348.618909151088     
 Abd=   32553.57    
 Catch=   2222.40811343097     
 Abd=            NaN
 Catch=                     NaN
 Abd=   2857.204    
 Catch=   71.9659009498613     
 Abd=            NaN
 Catch=                     NaN
 Abd=   40210.62    
 Catch=   324.162730982692     
 Abd=   4275.255    
 Catch=   51.9085828994858     
 Abd=   1653.444    
 Catch=   7.27291414461051     
 Abd=   1478184.    
 Catch=   3700.06447327028     
 Abd=   127167.3    
 Catch=   1511.99093322643     
 Abd=   110416.8    
 Catch=   274.210011783791     
 Abd=            NaN
 Catch=                     NaN
 Abd=   22163.25    
 Catch=   454.444335461968     
 Abd=   20523.41    
 Catch=   1231.62017723283     
 Abd=   539711.4    
 Catch=   1519.92591052849     
 Abd=   149559.8    
 Catch=   2319.04172297461     
 Abd=   20335.44    
 Catch=   532.550169857350     
 Abd=   4210161.    
 Catch=   16814.9312767237     
 Time step =         1874
 Abd=   64610.15    
 Catch=   424.713290698842     
 Abd=   5635.998    
 Catch=   37.1845640208143     
 Abd=   13725.79    
 Catch=   533.494387205195     
 Abd=   9395.728    
 Catch=   23.4237922754657     
 Abd=   46545.78    
 Catch=   569.961036780422     
 Abd=   51.03973    
 Catch=  0.540061503076612     
 Abd=            NaN
 Catch=                     NaN
 Abd=            NaN
 Catch=                     NaN
 Abd=   225936.8    
 Catch=   564.916716561817     
 Abd=   1716.590    
 Catch=   322.126728278655     
 Abd=   120249.9    
 Catch=   898.334190452162     
 Abd=   8372.101    
 Catch=   20.9294889905458     
 Abd=            NaN
 Catch=                     NaN
 Abd=   121483.3    
 Catch=   347.480567466389     
 Abd=   30853.62    
 Catch=   2339.70237769149     
 Abd=            NaN
 Catch=                     NaN
 Abd=   2527.834    
 Catch=   59.3141505734463     
 Abd=            NaN
 Catch=                     NaN
 Abd=   40377.39    
 Catch=   323.269591319633     
 Abd=   4272.063    
 Catch=   52.4625279529379     
 Abd=   1657.869    
 Catch=   7.28226870537164     
 Abd=   1482643.    
 Catch=   3673.93150134700     
 Abd=   127284.7    
 Catch=   1508.81922586632     
 Abd=   109863.4    
 Catch=   273.382856286185     
 Abd=            NaN
 Catch=                     NaN
 Abd=   23050.04    
 Catch=   464.261652953966     
 Abd=   17249.31    
 Catch=   1248.32722117829     
 Abd=   538970.4    
 Catch=   1523.03656155645     
 Abd=   149982.7    
 Catch=   2324.84120900865     
 Abd=   21690.03    
 Catch=   551.283336287368     
 Abd=   4215086.    
 Catch=   16865.2224927744     
 Time step =         1875
 Abd=   64895.30    
 Catch=   426.104727924116     
 Abd=   5725.358    
 Catch=   37.5294233255907     
 Abd=   13908.34    
 Catch=   517.503070697341     
 Abd=   9386.969    
 Catch=   23.2996736794906     
 Abd=   45967.97    
 Catch=   574.515854840976     
 Abd=   50.94645    
 Catch=  0.548237263316198     
 Abd=            NaN
 Catch=                     NaN
 Abd=            NaN
 Catch=                     NaN
 Abd=   226370.5    
 Catch=   564.934743458985     
 Abd=   1756.756    
 Catch=   327.708711706697     
 Abd=   122456.1    
 Catch=   915.635007843673     
 Abd=   8385.980    
 Catch=   21.0144689566940     
 Abd=            NaN
 Catch=                     NaN
 Abd=   121104.7    
 Catch=   345.785516482946     
 Abd=   32504.49    
 Catch=   2401.35872254150     
 Abd=            NaN
 Catch=                     NaN
 Abd=   2083.555    
 Catch=   71.9728012317846     
 Abd=            NaN
 Catch=                     NaN
 Abd=   40260.94    
 Catch=   319.074983101016     
 Abd=   4318.555    
 Catch=   51.5107431162006     
 Abd=   1659.959    
 Catch=   7.28175816729208     
 Abd=   1471864.    
 Catch=   3630.50995861120     
 Abd=   127011.8    
 Catch=   1520.83588136134     
 Abd=   109536.4    
 Catch=   271.894616063671     
 Abd=            NaN
 Catch=                     NaN
 Abd=   23538.93    
 Catch=   451.927879527222     
 Abd=   17513.74    
 Catch=   1365.13838556740     
 Abd=   540174.8    
 Catch=   1533.79022993613     
 Abd=   150356.4    
 Catch=   2349.10909740109     
 Abd=   22439.43    
 Catch=   533.552486105145     
 Abd=   4227848.    
 Catch=   16915.7752101899     
 Time step =         1876
 Abd=   65106.51    
 Catch=   425.259014253692     
 Abd=   5777.705    
 Catch=   37.3674792682681     
 Abd=   13484.37    
 Catch=   490.253580119592     
 Abd=   9337.035    
 Catch=   23.5401748451678     
 Abd=   46351.09    
 Catch=   573.526520749950     
 Abd=   51.73692    
 Catch=  0.553035266976677     
 Abd=            NaN
 Catch=                     NaN
 Abd=            NaN
 Catch=                     NaN
 Abd=   226367.7    
 Catch=   565.185162802760     
 Abd=   1787.050    
 Catch=   340.192255255756     
 Abd=   124817.3    
 Catch=   912.402883771866     
 Abd=   8420.447    
 Catch=   21.1005300570295     
 Abd=            NaN
 Catch=                     NaN
 Abd=   120510.2    
 Catch=   345.307936279573     
 Abd=   33359.25    
 Catch=   2312.68872333546     
 Abd=            NaN
 Catch=                     NaN
 Abd=   2539.852    
 Catch=   75.1415487543658     
 Abd=            NaN
 Catch=                     NaN
 Abd=   39730.85    
 Catch=   310.425104292660     
 Abd=   4237.958    
 Catch=   50.3971953546904     
 Abd=   1659.795    
 Catch=   7.24362625102635     
 Abd=   1454334.    
 Catch=   3615.68445145782     
 Abd=   128047.1    
 Catch=   1525.89143553754     
 Abd=   108934.9    
 Catch=   271.325853329161     
 Abd=            NaN
 Catch=                     NaN
 Abd=   22896.01    
 Catch=   432.873745542951     
 Abd=   19150.69    
 Catch=   1386.01024670978     
 Abd=   544027.0    
 Catch=   1527.60216199715     
 Abd=   151954.9    
 Catch=   2353.11716613310     
 Abd=   21696.34    
 Catch=   500.165758046805     
 Abd=   4240513.    
 Catch=   16912.3060330546     
 Time step =         1877
 Abd=   64970.52    
 Catch=   426.299180766857     
 Abd=   5751.258    
 Catch=   37.6052723083940     
 Abd=   12770.89    
 Catch=   506.719317553044     
 Abd=   9434.803    
 Catch=   23.9411344679879     
 Abd=   46263.99    
 Catch=   575.148639022263     
 Abd=   52.18475    
 Catch=  0.548285928873757     
 Abd=            NaN
 Catch=                     NaN
 Abd=            NaN
 Catch=                     NaN
 Abd=   226470.1    
 Catch=   565.745158260640     
 Abd=   1855.152    
 Catch=   360.463995961361     
 Abd=   124288.9    
 Catch=   921.448225728193     
 Abd=   8454.930    
 Catch=   21.3704521234771     
 Abd=            NaN
 Catch=                     NaN
 Abd=   120351.9    
 Catch=   345.823109926179     
 Abd=   32106.21    
 Catch=   2216.89400664351     
 Abd=            NaN
 Catch=                     NaN
 Abd=   2644.796    
 Catch=   77.8078120836393     
 Abd=            NaN
 Catch=                     NaN
 Abd=   38643.73    
 Catch=   310.325673836067     
 Abd=   4146.118    
 Catch=   49.2124949861640     
 Abd=   1650.931    
 Catch=   7.23586105698899     
 Abd=   1448630.    
 Catch=   3616.79033841094     
 Abd=   128460.3    
 Catch=   1518.42419986921     
 Abd=   108714.3    
 Catch=   271.429994821930     
 Abd=            NaN
 Catch=                     NaN
 Abd=   21925.11    
 Catch=   437.590570169124     
 Abd=   19430.04    
 Catch=   1394.17152843381     
 Abd=   541627.1    
 Catch=   1523.42108964164     
 Abd=   152183.7    
 Catch=   2323.37343498419     
 Abd=   20329.52    
 Catch=   510.145535586351     
 Abd=   4239369.    
 Catch=   16945.7483910248     
 Time step =         1878
 Abd=   65134.53    
 Catch=   427.530550194865     
 Abd=   5789.095    
 Catch=   38.2090818919191     
 Abd=   13213.72    
 Catch=   535.622949290391     
 Abd=   9596.068    
 Catch=   24.2819648099320     
 Abd=   46398.56    
 Catch=   577.320768828045     
 Abd=   51.71975    
 Catch=  0.544869809713048     
 Abd=            NaN
 Catch=                     NaN
 Abd=            NaN
 Catch=                     NaN
 Abd=   226697.5    
 Catch=   566.236656498656     
 Abd=   1965.714    
 Catch=   348.136251230437     
 Abd=   125587.1    
 Catch=   929.685505849032     
 Abd=   8564.625    
 Catch=   21.6418348063316     
 Abd=            NaN
 Catch=                     NaN
 Abd=   120537.9    
 Catch=   345.316328056630     
 Abd=   30775.75    
 Catch=   2331.60330389711     
 Abd=            NaN
 Catch=                     NaN
 Abd=   2738.372    
 Catch=   78.3949932088497     
 Abd=            NaN
 Catch=                     NaN
 Abd=   38651.68    
 Catch=   314.563302377736     
 Abd=   4048.518    
 Catch=   50.7241956178926     
 Abd=   1649.306    
 Catch=   7.26186306586173     
 Abd=   1449194.    
 Catch=   3620.56094560544     
 Abd=   127811.5    
 Catch=   1504.19370886028     
 Abd=   108762.1    
 Catch=   271.210592960934     
 Abd=            NaN
 Catch=                     NaN
 Abd=   22184.43    
 Catch=   452.453863994372     
 Abd=   19544.45    
 Catch=   1344.96048846724     
 Abd=   540273.9    
 Catch=   1523.35450734217     
 Abd=   150222.1    
 Catch=   2297.32162741527     
 Abd=   20762.46    
 Catch=   536.508874296356     
 Abd=   4247945.    
 Catch=   17027.8878449933     
 Time step =         1879
 Abd=   65324.67    
 Catch=   428.315136840725     
 Abd=   5883.144    
 Catch=   39.5500008548154     
 Abd=   13971.68    
 Catch=   529.182024666673     
 Abd=   9732.052    
 Catch=   24.7994195822326     
 Abd=   46574.91    
 Catch=   579.343991077316     
 Abd=   51.40008    
 Catch=  0.519352691153896     
 Abd=            NaN
 Catch=                     NaN
 Abd=            NaN
 Catch=                     NaN
 Abd=   226894.5    
 Catch=   566.928518674222     
 Abd=   1898.396    
 Catch=   376.858925755687     
 Abd=   126699.5    
 Catch=   927.015608020923     
 Abd=   8673.338    
 Catch=   21.8658161555364     
 Abd=            NaN
 Catch=                     NaN
 Abd=   120354.1    
 Catch=   346.403848315749     
 Abd=   32389.16    
 Catch=   2288.01340905744     
 Abd=            NaN
 Catch=                     NaN
 Abd=   2758.028    
 Catch=   81.4998691804065     
 Abd=            NaN
 Catch=                     NaN
 Abd=   39189.27    
 Catch=   315.390547341447     
 Abd=   4177.025    
 Catch=   50.4364447164430     
 Abd=   1655.383    
 Catch=   7.27505144994983     
 Abd=   1450725.    
 Catch=   3639.25740595180     
 Abd=   126603.8    
 Catch=   1512.30162018527     
 Abd=   108671.5    
 Catch=   271.843704883684     
 Abd=            NaN
 Catch=                     NaN
 Abd=   22947.62    
 Catch=   457.503480655006     
 Abd=   18847.61    
 Catch=   1516.35958658185     
 Abd=   540263.4    
 Catch=   1523.19069120723     
 Abd=   148543.9    
 Catch=   2308.02339513237     
 Abd=   21847.75    
 Catch=   540.165391901292     
 Abd=   4268780.    
 Catch=   17084.0593629416     
 Time step =         1880
 Abd=   65443.42    
 Catch=   429.166127004505     
 Abd=   6091.960    
 Catch=   41.1615322622842     
 Abd=   13790.40    
 Catch=   547.000679049013     
 Abd=   9942.598    
 Catch=   24.8666333181566     
 Abd=   46736.93    
 Catch=   577.791869433564     
 Abd=   48.95580    
 Catch=  0.512273339763025     
 Abd=            NaN
 Catch=                     NaN
 Abd=            NaN
 Catch=                     NaN
 Abd=   227169.3    
 Catch=   567.036076723381     
 Abd=   2055.138    
 Catch=   337.767498732567     
 Abd=   126249.3    
 Catch=   933.367761809698     
 Abd=   8762.678    
 Catch=   22.0725712966081     
 Abd=            NaN
 Catch=                     NaN
 Abd=   120744.4    
 Catch=   346.306354517380     
 Abd=   31768.30    
 Catch=   2247.28222946130     
 Abd=            NaN
 Catch=                     NaN
 Abd=   2868.029    
 Catch=   76.1179265727790     
 Abd=            NaN
 Catch=                     NaN
 Abd=   39283.69    
 Catch=   317.675286969097     
 Abd=   4150.488    
 Catch=   52.1339677161100     
 Abd=   1658.328    
 Catch=   7.28377109212474     
 Abd=   1458342.    
 Catch=   3637.78681066866     
 Abd=   127319.6    
 Catch=   1494.65013476537     
 Abd=   108931.2    
 Catch=   271.852831423677     
 Abd=            NaN
 Catch=                     NaN
 Abd=   23192.48    
 Catch=   463.435848193694     
 Abd=   21274.55    
 Catch=   1369.25809468294     
 Abd=   540155.6    
 Catch=   1522.21646284421     
 Abd=   149275.6    
 Catch=   2290.70278599352     
 Abd=   21977.68    
 Catch=   546.626408447682     
 Abd=   4282723.    
 Catch=   17114.7728630944     
 Time step =         1881
 Abd=   65572.64    
 Catch=   429.133405880426     
 Abd=   6340.692    
 Catch=   43.3625235320550     
 Abd=   14264.95    
 Catch=   544.085752670265     
 Abd=   9964.689    
 Catch=   24.9732460081227     
 Abd=   46606.99    
 Catch=   579.547110640735     
 Abd=   48.31240    
 Catch=  0.506032293341632     
 Abd=            NaN
 Catch=                     NaN
 Abd=            NaN
 Catch=                     NaN
 Abd=   227211.8    
 Catch=   566.402888721213     
 Abd=   1841.809    
 Catch=   334.976266007720     
 Abd=   127205.6    
 Catch=   955.498143528335     
 Abd=   8845.380    
 Catch=   22.2867889861652     
 Abd=            NaN
 Catch=                     NaN
 Abd=   120701.8    
 Catch=   346.247120249435     
 Abd=   31202.62    
 Catch=   2155.81358235802     
 Abd=            NaN
 Catch=                     NaN
 Abd=   2673.670    
 Catch=   77.8888989922281     
 Abd=            NaN
 Catch=                     NaN
 Abd=   39572.55    
 Catch=   317.059347999476     
 Abd=   4293.325    
 Catch=   52.3743433156240     
 Abd=   1660.301    
 Catch=   7.27020364483515     
 Abd=   1457582.    
 Catch=   3627.15745975411     
 Abd=   125796.0    
 Catch=   1496.86913062382     
 Abd=   108929.6    
 Catch=   271.625358784941     
 Abd=            NaN
 Catch=                     NaN
 Abd=   23495.95    
 Catch=   461.889282064083     
 Abd=   19182.09    
 Catch=   1348.32618273843     
 Abd=   539855.2    
 Catch=   1527.07508910866     
 Abd=   148122.0    
 Catch=   2282.99113849750     
 Abd=   22244.59    
 Catch=   549.817768221869     
 Abd=   4290296.    
 Catch=   17172.4843669722     
 Time step =         1882
 Abd=   65565.09    
 Catch=   425.767976400267     
 Abd=   6681.422    
 Catch=   44.2892943780252     
 Abd=   14181.59    
 Catch=   547.806477325722     
 Abd=   10006.39    
 Catch=   24.7222981005423     
 Abd=   46753.82    
 Catch=   569.436535952639     
 Abd=   47.72641    
 Catch=  0.501011254409320     
 Abd=            NaN
 Catch=                     NaN
 Abd=            NaN
 Catch=                     NaN
 Abd=   226951.6    
 Catch=   566.111308790419     
 Abd=   1826.653    
 Catch=   340.256073470745     
 Abd=   130253.4    
 Catch=   973.507269868458     
 Abd=   8931.275    
 Catch=   22.4103572957402     
 Abd=            NaN
 Catch=                     NaN
 Abd=   120681.7    
 Catch=   347.091154372761     
 Abd=   29929.41    
 Catch=   2441.55746249307     
 Abd=            NaN
 Catch=                     NaN
 Abd=   2739.979    
 Catch=   76.8954119778308     
 Abd=            NaN
 Catch=                     NaN
 Abd=   39488.70    
 Catch=   317.355442161136     
 Abd=   4310.769    
 Catch=   52.5359947407071     
 Abd=   1657.105    
 Catch=   7.26356335860115     
 Abd=   1453251.    
 Catch=   3624.25993886064     
 Abd=   126013.3    
 Catch=   1504.72414906228     
 Abd=   108836.7    
 Catch=   271.944124067327     
 Abd=            NaN
 Catch=                     NaN
 Abd=   23410.15    
 Catch=   470.824480946485     
 Abd=   18900.26    
 Catch=   1334.21486880262     
 Abd=   541614.7    
 Catch=   1533.42736706057     
 Abd=   147637.1    
 Catch=   2242.07920783570     
 Abd=   22372.59    
 Catch=   560.825711071093     
 Abd=   4304903.    
 Catch=   17188.1119358145     
 Time step =         1883
 Abd=   65040.73    
 Catch=   421.007605120452     
 Abd=   6819.907    
 Catch=   44.2605710378153     
 Abd=   14281.24    
 Catch=   536.260622812500     
 Abd=   9904.291    
 Catch=   24.3882800103863     
 Abd=   45923.04    
 Catch=   566.399715809463     
 Abd=   47.25664    
 Catch=  0.509633929887406     
 Abd=            NaN
 Catch=                     NaN
 Abd=            NaN
 Catch=                     NaN
 Abd=   226836.0    
 Catch=   565.317368924480     
 Abd=   1855.475    
 Catch=   351.264968420182     
 Abd=   132705.3    
 Catch=   994.019096868049     
 Abd=   8980.021    
 Catch=   22.3594278828557     
 Abd=            NaN
 Catch=                     NaN
 Abd=   120982.2    
 Catch=   347.153787234253     
 Abd=   33937.16    
 Catch=   2450.16516939751     
 Abd=            NaN
 Catch=                     NaN
 Abd=   2703.442    
 Catch=   79.9342127113508     
 Abd=            NaN
 Catch=                     NaN
 Abd=   39527.65    
 Catch=   315.575087912058     
 Abd=   4323.995    
 Catch=   53.0257539123047     
 Abd=   1655.621    
 Catch=   7.24980366531029     
 Abd=   1452156.    
 Catch=   3631.31622857967     
 Abd=   126681.7    
 Catch=   1517.47562289753     
 Abd=   108968.9    
 Catch=   272.054294737887     
 Abd=            NaN
 Catch=                     NaN
 Abd=   23871.43    
 Catch=   456.110034606116     
 Abd=   18703.87    
 Catch=   1433.71498665720     
 Abd=   543871.6    
 Catch=   1541.36647936749     
 Abd=   144955.8    
 Catch=   2235.06913570220     
 Abd=   22823.24    
 Catch=   536.302459276312     
 Abd=   4308602.    
 Catch=   17150.2936595993     
 Time step =         1884
 Abd=   64310.50    
 Catch=   418.967603730366     
 Abd=   6812.646    
 Catch=   44.1318757108466     
 Abd=   13975.79    
 Catch=   548.436702624546     
 Abd=   9769.365    
 Catch=   24.1672768692291     
 Abd=   45686.46    
 Catch=   569.553579615991     
 Abd=   48.09727    
 Catch=  0.514422213203470     
 Abd=            NaN
 Catch=                     NaN
 Abd=            NaN
 Catch=                     NaN
 Abd=   226518.2    
 Catch=   565.045180333765     
 Abd=   1915.518    
 Catch=   340.805761945117     
 Abd=   135506.8    
 Catch=   999.581427545627     
 Abd=   8958.184    
 Catch=   22.0892736170940     
 Abd=            NaN
 Catch=                     NaN
 Abd=   120998.5    
 Catch=   347.186550305223     
 Abd=   34031.66    
 Catch=   2450.28188637359     
 Abd=            NaN
 Catch=                     NaN
 Abd=   2813.044    
 Catch=   79.9099240581098     
 Abd=            NaN
 Catch=                     NaN
 Abd=   39300.93    
 Catch=   319.401012562319     
 Abd=   4364.806    
 Catch=   53.6933860941105     
 Abd=   1652.449    
 Catch=   7.24617193995783     
 Abd=   1455065.    
 Catch=   3635.94904505461     
 Abd=   127763.0    
 Catch=   1521.80560812427     
 Abd=   109011.3    
 Catch=   271.939596566787     
 Abd=            NaN
 Catch=                     NaN
 Abd=   23106.49    
 Catch=   469.028608173209     
 Abd=   20109.60    
 Catch=   1366.44446374711     
 Abd=   546696.5    
 Catch=   1540.19509288444     
 Abd=   144537.9    
 Catch=   2228.34876443865     
 Abd=   21804.37    
 Catch=   561.784817192536     
 Abd=   4298859.    
 Catch=   17034.6587455736     
 Time step =         1885
 Abd=   64006.93    
 Catch=   419.232724945735     
 Abd=   6792.580    
 Catch=   42.5897093547761     
 Abd=   14299.51    
 Catch=   561.667902152396     
 Abd=   9681.514    
 Catch=   24.0957388790387     
 Abd=   45949.59    
 Catch=   570.529098322473     
 Abd=   48.54153    
 Catch=  0.509728266053625     
 Abd=            NaN
 Catch=                     NaN
 Abd=            NaN
 Catch=                     NaN
 Abd=   226411.4    
 Catch=   565.901475630929     
 Abd=   1858.426    
 Catch=   337.594584437041     
 Abd=   136213.9    
 Catch=   983.335771070895     
 Abd=   8848.186    
 Catch=   21.6665739625248     
 Abd=            NaN
 Catch=                     NaN
 Abd=   121009.6    
 Catch=   347.638991057629     
 Abd=   34037.99    
 Catch=   2495.57187612541     
 Abd=            NaN
 Catch=                     NaN
 Abd=   2810.362    
 Catch=   72.6503459627688     
 Abd=            NaN
 Catch=                     NaN
 Abd=   39790.67    
 Catch=   323.660205224272     
 Abd=   4420.017    
 Catch=   54.5074178948696     
 Abd=   1651.671    
 Catch=   7.26881513186177     
 Abd=   1456898.    
 Catch=   3630.68300073112     
 Abd=   128114.6    
 Catch=   1531.41690301244     
 Abd=   108963.5    
 Catch=   272.064986351707     
 Abd=            NaN
 Catch=                     NaN
 Abd=   23784.66    
 Catch=   477.531714653949     
 Abd=   19146.67    
 Catch=   1323.27656243097     
 Abd=   546158.6    
 Catch=   1536.81083736746     
 Abd=   144107.3    
 Catch=   2249.10282675692     
 Abd=   22872.96    
 Catch=   569.509242665858     
 Abd=   4269497.    
 Catch=   16938.1817765672     
 Time step =         1886
 Abd=   64052.86    
 Catch=   417.466727733385     
 Abd=   6551.096    
 Catch=   42.9056400126080     
 Abd=   14644.61    
 Catch=   552.879328370131     
 Abd=   9653.862    
 Catch=   24.0103917680749     
 Abd=   46024.97    
 Catch=   571.301772074495     
 Abd=   48.08226    
 Catch=  0.497697226175345     
 Abd=            NaN
 Catch=                     NaN
 Abd=            NaN
 Catch=                     NaN
 Abd=   226763.7    
 Catch=   565.811959341829     
 Abd=   1840.944    
 Catch=   355.478026500738     
 Abd=   133880.9    
 Catch=   1013.98043700504     
 Abd=   8677.641    
 Catch=   21.2664562048174     
 Abd=            NaN
 Catch=                     NaN
 Abd=   121170.3    
 Catch=   348.402909538751     
 Abd=   34659.99    
 Catch=   2345.17089455375     
 Abd=            NaN
 Catch=                     NaN
 Abd=   2551.491    
 Catch=   78.3452903735254     
 Abd=            NaN
 Catch=                     NaN
 Abd=   40321.81    
 Catch=   323.479393531183     
 Abd=   4487.234    
 Catch=   53.6788740888883     
 Abd=   1656.954    
 Catch=   7.25288737024239     
 Abd=   1454707.    
 Catch=   3626.14315061495     
 Abd=   128933.3    
 Catch=   1541.12264023181     
 Abd=   109015.8    
 Catch=   272.047398820953     
 Abd=            NaN
 Catch=                     NaN
 Abd=   24211.66    
 Catch=   473.390718655337     
 Abd=   18547.80    
 Catch=   1445.81070973783     
 Abd=   544939.5    
 Catch=   1548.13416358987     
 Abd=   145476.9    
 Catch=   2341.34976209492     
 Abd=   23176.00    
 Catch=   558.475661855380     
 Abd=   4245407.    
 Catch=   16847.3883543152     
 Time step =         1887
 Abd=   63778.40    
 Catch=   413.706071078323     
 Abd=   6605.268    
 Catch=   41.6775457493771     
 Abd=   14409.42    
 Catch=   534.573362977144     
 Abd=   9619.521    
 Catch=   23.9959304291860     
 Abd=   46087.16    
 Catch=   569.924353262182     
 Abd=   46.93538    
 Catch=  0.466690951256696     
 Abd=            NaN
 Catch=                     NaN
 Abd=            NaN
 Catch=                     NaN
 Abd=   226719.5    
 Catch=   565.115267097586     
 Abd=   1938.505    
 Catch=   367.437974303448     
 Abd=   138269.8    
 Catch=   1048.74536099598     
 Abd=   8517.533    
 Catch=   21.0291897453335     
 Abd=            NaN
 Catch=                     NaN
 Abd=   121438.8    
 Catch=   348.504443556099     
 Abd=   32554.26    
 Catch=   2107.45976661609     
 Abd=            NaN
 Catch=                     NaN
 Abd=   2757.687    
 Catch=   84.7450633943648     
 Abd=            NaN
 Catch=                     NaN
 Abd=   40288.66    
 Catch=   319.529175031541     
 Abd=   4416.568    
 Catch=   52.2848358003619     
 Abd=   1653.141    
 Catch=   7.24015934961747     
 Abd=   1452898.    
 Catch=   3653.58750163670     
 Abd=   129751.0    
 Catch=   1532.31344764269     
 Abd=   109007.6    
 Catch=   272.522371503182     
 Abd=            NaN
 Catch=                     NaN
 Abd=   23990.22    
 Catch=   462.937791349407     
 Abd=   20279.32    
 Catch=   1495.76086003473     
 Abd=   549141.2    
 Catch=   1544.69120630758     
 Abd=   151533.1    
 Catch=   2336.78726237425     
 Abd=   22714.93    
 Catch=   548.771322176609     
 Abd=   4222675.    
 Catch=   16796.2537220412     
 Time step =         1888
 Abd=   63198.10    
 Catch=   413.645229036269     
 Abd=   6411.557    
 Catch=   42.8078430274225     
 Abd=   13929.68    
 Catch=   529.535724038905     
 Abd=   9613.938    
 Catch=   23.8008690399067     
 Abd=   45972.55    
 Catch=   563.903347215723     
 Abd=   43.98014    
 Catch=  0.465991585665472     
 Abd=            NaN
 Catch=                     NaN
 Abd=            NaN
 Catch=                     NaN
 Abd=   226437.6    
 Catch=   564.358498949077     
 Abd=   2003.745    
 Catch=   337.682348062793     
 Abd=   143004.8    
 Catch=   1085.54058602836     
 Abd=   8423.771    
 Catch=   20.8029711433460     
 Abd=            NaN
 Catch=                     NaN
 Abd=   121469.6    
 Catch=   347.923550743503     
 Abd=   29246.71    
 Catch=   2312.20779556229     
 Abd=            NaN
 Catch=                     NaN
 Abd=   2984.436    
 Catch=   76.0661455398813     
 Abd=            NaN
 Catch=                     NaN
 Abd=   39788.29    
 Catch=   317.225152033487     
 Abd=   4301.063    
 Catch=   52.0644347017518     
 Abd=   1650.260    
 Catch=   7.23398173139324     
 Abd=   1464157.    
 Catch=   3639.54016721850     
 Abd=   128979.3    
 Catch=   1540.42353256824     
 Abd=   109202.0    
 Catch=   271.938248209894     
 Abd=            NaN
 Catch=                     NaN
 Abd=   23455.94    
 Catch=   461.943089505485     
 Abd=   20973.49    
 Catch=   1362.07896716727     
 Abd=   547751.1    
 Catch=   1554.05403752029     
 Abd=   151117.3    
 Catch=   2380.66321984043     
 Abd=   22320.57    
 Catch=   546.693409387357     
 Abd=   4210052.    
 Catch=   16747.0180645495     
 Time step =         1889
 Abd=   63199.80    
 Catch=   412.235900498173     
 Abd=   6592.991    
 Catch=   43.7187148619205     
 Abd=   13802.13    
 Catch=   508.183698041172     
 Abd=   9535.998    
 Catch=   23.6238038477833     
 Abd=   45481.24    
 Catch=   562.296221343485     
 Abd=   43.95761    
 Catch=  0.458795717726870     
 Abd=            NaN
 Catch=                     NaN
 Abd=            NaN
 Catch=                     NaN
 Abd=   226134.3    
 Catch=   563.876346096119     
 Abd=   1841.375    
 Catch=   329.179836456081     
 Abd=   148020.0    
 Catch=   1120.84995485441     
 Abd=   8333.197    
 Catch=   20.7241393985715     
 Abd=            NaN
 Catch=                     NaN
 Abd=   121262.4    
 Catch=   347.090263445782     
 Abd=   32134.04    
 Catch=   2339.42870676768     
 Abd=            NaN
 Catch=                     NaN
 Abd=   2670.654    
 Catch=   76.4079365459267     
 Abd=            NaN
 Catch=                     NaN
 Abd=   39505.27    
 Catch=   310.781441920986     
 Abd=   4284.654    
 Catch=   50.5017663007645     
 Abd=   1648.882    
 Catch=   7.24012082021141     
 Abd=   1458184.    
 Catch=   3615.91586020140     
 Abd=   129687.5    
 Catch=   1548.73560140479     
 Abd=   108959.2    
 Catch=   271.249572957664     
 Abd=            NaN
 Catch=                     NaN
 Abd=   23412.61    
 Catch=   451.518779275356     
 Abd=   19082.70    
 Catch=   1309.68395605869     
 Abd=   551219.6    
 Catch=   1561.86342234718     
 Abd=   154016.3    
 Catch=   2395.25305160316     
 Abd=   22239.95    
 Catch=   525.092867240724     
 Abd=   4197720.    
 Catch=   16741.2593859790     
 Time step =         1890
 Abd=   62980.55    
 Catch=   410.757231641557     
 Abd=   6731.840    
 Catch=   42.9619347432668     
 Abd=   13240.68    
 Catch=   499.221385262637     
 Abd=   9464.073    
 Catch=   23.7155348380431     
 Abd=   45357.30    
 Catch=   568.102775140835     
 Abd=   43.27278    
 Catch=  0.446703336362075     
 Abd=            NaN
 Catch=                     NaN
 Abd=            NaN
 Catch=                     NaN
 Abd=   225940.5    
 Catch=   563.586125684490     
 Abd=   1795.041    
 Catch=   345.929187784865     
 Abd=   152829.8    
 Catch=   1113.47804905717     
 Abd=   8302.812    
 Catch=   20.6044946981874     
 Abd=            NaN
 Catch=                     NaN
 Abd=   120970.5    
 Catch=   346.534473461296     
 Abd=   32493.29    
 Catch=   2318.48477604923     
 Abd=            NaN
 Catch=                     NaN
 Abd=   2686.921    
 Catch=   76.3417743220345     
 Abd=            NaN
 Catch=                     NaN
 Abd=   38693.24    
 Catch=   305.948827729561     
 Abd=   4154.063    
 Catch=   50.4970890844208     
 Abd=   1650.336    
 Catch=   7.21704233538364     
 Abd=   1448648.    
 Catch=   3623.18191472647     
 Abd=   130386.8    
 Catch=   1558.13287302716     
 Abd=   108682.7    
 Catch=   271.052592381992     
 Abd=            NaN
 Catch=                     NaN
 Abd=   22876.41    
 Catch=   450.417390137644     
 Abd=   18355.52    
 Catch=   1311.32424695109     
 Abd=   553973.0    
 Catch=   1555.86883686032     
 Abd=   154920.6    
 Catch=   2416.02389543163     
 Abd=   21349.69    
 Catch=   524.135341109706     
 Abd=   4196503.    
 Catch=   16717.9925818872     
 Time step =         1891
 Abd=   62754.62    
 Catch=   409.977126589903     
 Abd=   6610.594    
 Catch=   42.8253058516930     
 Abd=   13011.17    
 Catch=   502.706970136393     
 Abd=   9503.108    
 Catch=   23.7897221277282     
 Abd=   45836.25    
 Catch=   573.275542105567     
 Abd=   42.12442    
 Catch=  0.432938730108080     
 Abd=            NaN
 Catch=                     NaN
 Abd=            NaN
 Catch=                     NaN
 Abd=   225827.9    
 Catch=   563.644611103884     
 Abd=   1886.467    
 Catch=   400.295311839339     
 Abd=   151697.2    
 Catch=   1097.38606182866     
 Abd=   8254.515    
 Catch=   20.5175657820726     
 Abd=            NaN
 Catch=                     NaN
 Abd=   120778.4    
 Catch=   345.714674075904     
 Abd=   32204.72    
 Catch=   2253.99836439041     
 Abd=            NaN
 Catch=                     NaN
 Abd=   2683.893    
 Catch=   86.3773436541053     
 Abd=            NaN
 Catch=                     NaN
 Abd=   38095.51    
 Catch=   306.637847342826     
 Abd=   4155.988    
 Catch=   50.8378249321010     
 Abd=   1644.938    
 Catch=   7.21852483155596     
 Abd=   1451808.    
 Catch=   3664.10764959749     
 Abd=   131179.7    
 Catch=   1560.63667727305     
 Abd=   108607.6    
 Catch=   271.734969345428     
 Abd=            NaN
 Catch=                     NaN
 Abd=   22828.39    
 Catch=   447.256004893918     
 Abd=   18386.32    
 Catch=   1618.13556706209     
 Abd=   551686.9    
 Catch=   1556.97429048266     
 Abd=   156283.9    
 Catch=   2371.79026935441     
 Abd=   21323.20    
 Catch=   521.510211558931     
 Abd=   4190571.    
 Catch=   16735.4378877367     
 Time step =         1892
 Abd=   62636.44    
 Catch=   407.377048814937     
 Abd=   6591.485    
 Catch=   42.6838701985347     
 Abd=   13106.27    
 Catch=   529.883618442966     
 Abd=   9532.102    
 Catch=   23.5006972249128     
 Abd=   46252.19    
 Catch=   565.916254333416     
 Abd=   40.82283    
 Catch=  0.436217199792196     
 Abd=            NaN
 Catch=                     NaN
 Abd=            NaN
 Catch=                     NaN
 Abd=   225853.7    
 Catch=   563.451019710720     
 Abd=   2183.025    
 Catch=   313.662360506138     
 Abd=   149451.9    
 Catch=   1121.85166213851     
 Abd=   8219.961    
 Catch=   20.4194404724797     
 Abd=            NaN
 Catch=                     NaN
 Abd=   120492.4    
 Catch=   344.425337454717     
 Abd=   31321.38    
 Catch=   2423.09741670744     
 Abd=            NaN
 Catch=                     NaN
 Abd=   3042.722    
 Catch=   70.3121076245500     
 Abd=            NaN
 Catch=                     NaN
 Abd=   38193.81    
 Catch=   308.186052738413     
 Abd=   4184.512    
 Catch=   51.2946796510911     
 Abd=   1645.391    
 Catch=   7.22095487512106     
 Abd=   1468483.    
 Catch=   3647.63251256797     
 Abd=   131380.8    
 Catch=   1562.34771285314     
 Abd=   108888.6    
 Catch=   270.957746840426     
 Abd=            NaN
 Catch=                     NaN
 Abd=   22666.54    
 Catch=   470.691740534131     
 Abd=   22723.20    
 Catch=   1241.83902065046     
 Abd=   552134.9    
 Catch=   1550.12022912022     
 Abd=   153338.6    
 Catch=   2401.62801235270     
 Abd=   21215.65    
 Catch=   556.966406327675     
 Abd=   4195150.    
 Catch=   16719.3981989345     
 Time step =         1893
 Abd=   62233.84    
 Catch=   406.811860722117     
 Abd=   6569.665    
 Catch=   42.0500404956240     
 Abd=   13823.26    
 Catch=   522.534542087567     
 Abd=   9415.611    
 Catch=   23.4454950142744     
 Abd=   45641.21    
 Catch=   561.608728156708     
 Abd=   41.16155    
 Catch=  0.448884397854139     
 Abd=            NaN
 Catch=                     NaN
 Abd=            NaN
 Catch=                     NaN
 Abd=   225774.4    
 Catch=   564.528757453679     
 Abd=   1710.302    
 Catch=   300.740619045018     
 Abd=   152956.6    
 Catch=   1130.02230913630     
 Abd=   8180.547    
 Catch=   20.4775784540676     
 Abd=            NaN
 Catch=                     NaN
 Abd=   120039.1    
 Catch=   341.020653294451     
 Abd=   33677.71    
 Catch=   2424.20730276955     
 Abd=            NaN
 Catch=                     NaN
 Abd=   2465.638    
 Catch=   60.3333139371153     
 Abd=            NaN
 Catch=                     NaN
 Abd=   38389.16    
 Catch=   307.689044556528     
 Abd=   4222.280    
 Catch=   52.0587570784647     
 Abd=   1645.950    
 Catch=   7.23008580942997     
 Abd=   1461406.    
 Catch=   3578.03993272652     
 Abd=   131522.1    
 Catch=   1564.69138766870     
 Abd=   108566.0    
 Catch=   268.342956205984     
 Abd=            NaN
 Catch=                     NaN
 Abd=   23879.52    
 Catch=   466.315981389607     
 Abd=   17385.15    
 Catch=   1208.27837547596     
 Abd=   549726.8    
 Catch=   1545.07805253124     
 Abd=   155350.9    
 Catch=   2427.60559159784     
 Abd=   22685.76    
 Catch=   555.874665703688     
 Abd=   4190950.    
 Catch=   16756.1655987959     
 Time step =         1894
 Abd=   62153.98    
 Catch=   407.208271005048     
 Abd=   6470.636    
 Catch=   42.2617764381034     
 Abd=   13618.88    
 Catch=   519.507628827830     
 Abd=   9394.535    
 Catch=   23.3597297740812     
 Abd=   45298.09    
 Catch=   566.356458851608     
 Abd=   42.37321    
 Catch=  0.450315357744281     
 Abd=            NaN
 Catch=                     NaN
 Abd=            NaN
 Catch=                     NaN
 Abd=   226214.3    
 Catch=   565.465766422282     
 Abd=   1640.083    
 Catch=   338.303010169874     
 Abd=   153993.9    
 Catch=   1135.98306425820     
 Abd=   8205.133    
 Catch=   20.5897103164148     
 Abd=            NaN
 Catch=                     NaN
 Abd=   118838.8    
 Catch=   339.600487894568     
 Abd=   33680.69    
 Catch=   2324.42538219366     
 Abd=            NaN
 Catch=                     NaN
 Abd=   2118.530    
 Catch=   64.2512932208546     
 Abd=            NaN
 Catch=                     NaN
 Abd=   38321.86    
 Catch=   308.448734729821     
 Abd=   4285.636    
 Catch=   50.8063497466007     
 Abd=   1648.063    
 Catch=   7.22237594730706     
 Abd=   1433110.    
 Catch=   3568.25914796600     
 Abd=   131720.9    
 Catch=   1573.24583334683     
 Abd=   107503.3    
 Catch=   267.364573174213     
 Abd=            NaN
 Catch=                     NaN
 Abd=   23631.07    
 Catch=   466.543328602846     
 Abd=   16943.06    
 Catch=   1325.26986020986     
 Abd=   547928.8    
 Catch=   1553.31971633765     
 Abd=   157033.1    
 Catch=   2458.77872677186     
 Abd=   22613.57    
 Catch=   552.489872919801     
 Abd=   4200440.    
 Catch=   16785.0589738004     
 Time step =         1895
 Abd=   62216.70    
 Catch=   404.925010738288     
 Abd=   6505.800    
 Catch=   42.9146401759555     
 Abd=   13542.12    
 Catch=   536.109279249919     
 Abd=   9358.907    
 Catch=   23.3118065911103     
 Abd=   45693.68    
 Catch=   569.364183895394     
 Abd=   42.48294    
 Catch=  0.437286807951721     
 Abd=            NaN
 Catch=                     NaN
 Abd=            NaN
 Catch=                     NaN
 Abd=   226590.1    
 Catch=   565.140238376121     
 Abd=   1845.031    
 Catch=   322.858687847034     
 Abd=   154814.7    
 Catch=   1128.35047065766     
 Abd=   8250.484    
 Catch=   20.7479319552275     
 Abd=            NaN
 Catch=                     NaN
 Abd=   118356.4    
 Catch=   339.002876458978     
 Abd=   32275.44    
 Catch=   1986.02695143352     
 Abd=            NaN
 Catch=                     NaN
 Abd=   2264.568    
 Catch=   68.8704305328414     
 Abd=            NaN
 Catch=                     NaN
 Abd=   38419.47    
 Catch=   311.663806300531     
 Abd=   4179.547    
 Catch=   51.9793787360005     
 Abd=   1646.230    
 Catch=   7.20293324911964     
 Abd=   1429671.    
 Catch=   3555.24155279736     
 Abd=   132451.7    
 Catch=   1564.86482144507     
 Abd=   107123.9    
 Catch=   266.693812333826     
 Abd=            NaN
 Catch=                     NaN
 Abd=   23648.13    
 Catch=   468.469772336254     
 Abd=   18597.79    
 Catch=   1305.37738829456     
 Abd=   550907.6    
 Catch=   1547.08493891179     
 Abd=   159056.0    
 Catch=   2405.31190268652     
 Abd=   22477.20    
 Catch=   560.683275039998     
 Abd=   4207638.    
 Catch=   16804.2751562660     
 Time step =         1896
 Abd=   61859.99    
 Catch=   407.155065109896     
 Abd=   6607.535    
 Catch=   44.9279251974556     
 Abd=   13981.91    
 Catch=   552.209160086664     
 Abd=   9339.643    
 Catch=   23.3291919297875     
 Abd=   45934.13    
 Catch=   568.520448407118     
 Abd=   41.22742    
 Catch=  0.422059890359710     
 Abd=            NaN
 Catch=                     NaN
 Abd=            NaN
 Catch=                     NaN
 Abd=   226450.8    
 Catch=   565.308974678560     
 Abd=   1760.572    
 Catch=   316.611727923269     
 Abd=   153727.3    
 Catch=   1109.42586609134     
 Abd=   8314.256    
 Catch=   20.8887601653029     
 Abd=            NaN
 Catch=                     NaN
 Abd=   118153.6    
 Catch=   337.383629887860     
 Abd=   27554.54    
 Catch=   2331.48199173981     
 Abd=            NaN
 Catch=                     NaN
 Abd=   2424.686    
 Catch=   65.0662479892169     
 Abd=            NaN
 Catch=                     NaN
 Abd=   38826.06    
 Catch=   315.101516622353     
 Abd=   4279.791    
 Catch=   53.3473562882393     
 Abd=   1641.746    
 Catch=   7.22080973264629     
 Abd=   1424420.    
 Catch=   3504.85032996869     
 Abd=   131720.9    
 Catch=   1550.39047084281     
 Abd=   106857.4    
 Catch=   265.025858643452     
 Abd=            NaN
 Catch=                     NaN
 Abd=   23748.19    
 Catch=   479.984436094879     
 Abd=   18294.14    
 Catch=   1182.17940475977     
 Abd=   548579.8    
 Catch=   1547.32910773686     
 Abd=   155497.2    
 Catch=   2400.75338036810     
 Abd=   22817.83    
 Catch=   579.777567785208     
 Abd=   4212409.    
 Catch=   16796.0966326919     
 Time step =         1897
 Abd=   62215.59    
 Catch=   408.009085660939     
 Abd=   6921.868    
 Catch=   44.0469300196644     
 Abd=   14400.56    
 Catch=   527.730134575915     
 Abd=   9347.509    
 Catch=   23.5367926650510     
 Abd=   45860.49    
 Catch=   572.831873768677     
 Abd=   39.79441    
 Catch=  0.404348713810246     
 Abd=            NaN
 Catch=                     NaN
 Abd=            NaN
 Catch=                     NaN
 Abd=   226522.6    
 Catch=   566.133836172589     
 Abd=   1726.531    
 Catch=   352.568390319209     
 Abd=   151115.9    
 Catch=   1099.00664772082     
 Abd=   8370.526    
 Catch=   21.0096466981011     
 Abd=            NaN
 Catch=                     NaN
 Abd=   117582.9    
 Catch=   337.862389046712     
 Abd=   32451.76    
 Catch=   2398.24059751202     
 Abd=            NaN
 Catch=                     NaN
 Abd=   2286.918    
 Catch=   68.5186435560344     
 Abd=            NaN
 Catch=                     NaN
 Abd=   39254.66    
 Catch=   313.660012479258     
 Abd=   4392.613    
 Catch=   52.3081017687895     
 Abd=   1645.998    
 Catch=   7.18597144812281     
 Abd=   1403939.    
 Catch=   3500.50156114534     
 Abd=   130491.1    
 Catch=   1546.40900623529     
 Abd=   106181.6    
 Catch=   264.942374098721     
 Abd=            NaN
 Catch=                     NaN
 Abd=   24338.70    
 Catch=   454.662031886278     
 Abd=   16559.75    
 Catch=   1357.99899524046     
 Abd=   548768.6    
 Catch=   1554.03470937639     
 Abd=   155258.3    
 Catch=   2403.37062360980     
 Abd=   23601.61    
 Catch=   532.277474954073     
 Abd=   4210222.    
 Catch=   16883.3561896420     
 Time step =         1898
 Abd=   62340.48    
 Catch=   409.863565920091     
 Abd=   6777.169    
 Catch=   44.1727473038792     
 Abd=   13750.21    
 Catch=   539.609532307558     
 Abd=   9432.003    
 Catch=   23.8138294511366     
 Abd=   46215.88    
 Catch=   573.120497551362     
 Abd=   38.11906    
 Catch=  0.391460093709515     
 Abd=            NaN
 Catch=                     NaN
 Abd=            NaN
 Catch=                     NaN
 Abd=   226856.6    
 Catch=   566.393150395436     
 Abd=   1922.730    
 Catch=   337.932814514079     
 Abd=   149722.2    
 Catch=   1071.79329070375     
 Abd=   8418.797    
 Catch=   21.1244804663614     
 Abd=            NaN
 Catch=                     NaN
 Abd=   117763.5    
 Catch=   337.975660545212     
 Abd=   33319.95    
 Catch=   2417.58150470891     
 Abd=            NaN
 Catch=                     NaN
 Abd=   2411.318    
 Catch=   69.1697665750641     
 Abd=            NaN
 Catch=                     NaN
 Abd=   39062.99    
 Catch=   317.235349409140     
 Abd=   4303.435    
 Catch=   53.1864683269193     
 Abd=   1637.809    
 Catch=   7.18542196585891     
 Abd=   1402564.    
 Catch=   3502.12449294548     
 Abd=   130173.3    
 Catch=   1543.27023758975     
 Abd=   106160.5    
 Catch=   264.760944912803     
 Abd=            NaN
 Catch=                     NaN
 Abd=   23024.64    
 Catch=   457.290826797797     
 Abd=   19056.07    
 Catch=   1310.68739449684     
 Abd=   551157.8    
 Catch=   1546.03821279912     
 Abd=   155431.4    
 Catch=   2376.93512808446     
 Abd=   21629.07    
 Catch=   540.306148326910     
 Abd=   4232584.    
 Catch=   16997.4399658503     
 Time step =         1899
 Abd=   62626.36    
 Catch=   411.678722404592     
 Abd=   6799.694    
 Catch=   44.2766315276543     
 Abd=   14070.28    
 Catch=   547.822472341713     
 Abd=   9543.546    
 Catch=   24.0653955914147     
 Abd=   46233.19    
 Catch=   568.991092279810     
 Abd=   36.91130    
 Catch=  0.386450562979790     
 Abd=            NaN
 Catch=                     NaN
 Abd=            NaN
 Catch=                     NaN
 Abd=   226955.2    
 Catch=   566.377707709713     
 Abd=   1842.759    
 Catch=   349.721800206750     
 Abd=   145911.8    
 Catch=   1065.64130855816     
 Abd=   8464.760    
 Catch=   21.3351975661113     
 Abd=            NaN
 Catch=                     NaN
 Abd=   117800.3    
 Catch=   338.839797853819     
 Abd=   33586.79    
 Catch=   2372.53288092348     
 Abd=            NaN
 Catch=                     NaN
 Abd=   2432.628    
 Catch=   74.7470917571593     
 Abd=            NaN
 Catch=                     NaN
 Abd=   39520.34    
 Catch=   318.876689855607     
 Abd=   4378.667    
 Catch=   53.5174187990386     
 Abd=   1637.841    
 Catch=   7.19216743378873     
 Abd=   1403256.    
 Catch=   3500.92870428771     
 Abd=   129909.0    
 Catch=   1525.79086075296     
 Abd=   106086.8    
 Catch=   264.804178736005     
 Abd=            NaN
 Catch=                     NaN
 Abd=   23180.13    
 Catch=   464.959379146173     
 Abd=   18364.93    
 Catch=   1395.45073071159     
 Abd=   548210.7    
 Catch=   1540.61779046537     
 Abd=   153689.2    
 Catch=   2382.89649919959     
 Abd=   21986.88    
 Catch=   550.308554736093     
 Abd=   4261313.    
 Catch=   17111.4753715843     
 Time step =         1900
 Abd=   62904.77    
 Catch=   412.053602198997     
 Abd=   6815.558    
 Catch=   44.3022266067424     
 Abd=   14283.08    
 Catch=   544.690833448476     
 Abd=   9644.572    
 Catch=   24.3126628587719     
 Abd=   45893.86    
 Catch=   572.335029954478     
 Abd=   36.45142    
 Catch=  0.379851794571288     
 Abd=            NaN
 Catch=                     NaN
 Abd=            NaN
 Catch=                     NaN
 Abd=   226947.4    
 Catch=   566.464032679089     
 Abd=   1907.099    
 Catch=   369.649578779152     
 Abd=   145186.0    
 Catch=   1069.04711405180     
 Abd=   8549.993    
 Catch=   21.5630065407581     
 Abd=            NaN
 Catch=                     NaN
 Abd=   118106.7    
 Catch=   339.009742140765     
 Abd=   32958.01    
 Catch=   2169.50649406002     
 Abd=            NaN
 Catch=                     NaN
 Abd=   2631.120    
 Catch=   77.8838686747702     
 Abd=            NaN
 Catch=                     NaN
 Abd=   39719.95    
 Catch=   320.986595690750     
 Abd=   4405.005    
 Catch=   54.5779564966389     
 Abd=   1639.410    
 Catch=   7.18713728734394     
 Abd=   1402751.    
 Catch=   3526.37034476975     
 Abd=   128417.3    
 Catch=   1529.68358089198     
 Abd=   106105.9    
 Catch=   265.190458768817     
 Abd=            NaN
 Catch=                     NaN
 Abd=   23573.90    
 Catch=   459.726297780614     
 Abd=   19566.21    
 Catch=   1433.62172191893     
 Abd=   546352.3    
 Catch=   1535.90020687951     
 Abd=   154112.3    
 Catch=   2379.57609171630     
 Abd=   22394.66    
 Catch=   539.811832567064     
 Abd=   4289896.    
 Catch=   17189.4870666086     
 Time step =         1901
 Abd=   62957.06    
 Catch=   413.309532938947     
 Abd=   6819.267    
 Catch=   44.1876035546723     
 Abd=   14198.01    
 Catch=   561.597692102089     
 Abd=   9744.616    
 Catch=   24.2216492368210     
 Abd=   46174.01    
 Catch=   573.082138742134     
 Abd=   35.82615    
 Catch=  0.375911924860081     
 Abd=            NaN
 Catch=                     NaN
 Abd=            NaN
 Catch=                     NaN
 Abd=   226982.0    
 Catch=   566.637214608498     
 Abd=   2015.824    
 Catch=   351.480502842883     
 Abd=   145673.3    
 Catch=   1067.01649092020     
 Abd=   8641.396    
 Catch=   21.7612621899023     
 Abd=            NaN
 Catch=                     NaN
 Abd=   118161.2    
 Catch=   338.883783801789     
 Abd=   30114.98    
 Catch=   2178.44384821915     
 Abd=            NaN
 Catch=                     NaN
 Abd=   2740.103    
 Catch=   80.2362178362741     
 Abd=            NaN
 Catch=                     NaN
 Abd=   39983.73    
 Catch=   324.563208747482     
 Abd=   4493.434    
 Catch=   55.7322721583837     
 Abd=   1638.203    
 Catch=   7.17697700962557     
 Abd=   1413169.    
 Catch=   3548.38857362024     
 Abd=   128777.1    
 Catch=   1532.20626300116     
 Abd=   106263.6    
 Catch=   265.705797984832     
 Abd=            NaN
 Catch=                     NaN
 Abd=   23296.95    
 Catch=   470.615298948768     
 Abd=   20100.08    
 Catch=   1431.89531728020     
 Abd=   544621.8    
 Catch=   1527.64766289092     
 Abd=   153885.4    
 Catch=   2339.36462627888     
 Abd=   21955.42    
 Catch=   563.064069496450     
 Abd=   4309264.    
 Catch=   17204.8927249328     
 Time step =         1902
 Abd=   63151.78    
 Catch=   412.483860447011     
 Abd=   6801.192    
 Catch=   43.7531054410710     
 Abd=   14646.02    
 Catch=   553.972699967016     
 Abd=   9704.075    
 Catch=   24.0194924049544     
 Abd=   46230.79    
 Catch=   567.753946893819     
 Abd=   35.45914    
 Catch=  0.383195708358123     
 Abd=            NaN
 Catch=                     NaN
 Abd=            NaN
 Catch=                     NaN
 Abd=   227052.9    
 Catch=   566.578364656250     
 Abd=   1916.622    
 Catch=   342.817302507593     
 Abd=   145349.0    
 Catch=   1079.27370413231     
 Abd=   8720.577    
 Catch=   21.9028186336497     
 Abd=            NaN
 Catch=                     NaN
 Abd=   118115.2    
 Catch=   338.905998982431     
 Abd=   30254.72    
 Catch=   2388.97522239135     
 Abd=            NaN
 Catch=                     NaN
 Abd=   2822.119    
 Catch=   72.8787236795341     
 Abd=            NaN
 Catch=                     NaN
 Abd=   40433.23    
 Catch=   326.383623819391     
 Abd=   4588.559    
 Catch=   55.2720233753529     
 Abd=   1635.873    
 Catch=   7.17584206088127     
 Abd=   1421958.    
 Catch=   3557.00479235131     
 Abd=   128987.4    
 Catch=   1523.01794320699     
 Abd=   106472.0    
 Catch=   265.821314978013     
 Abd=            NaN
 Catch=                     NaN
 Abd=   23864.81    
 Catch=   467.863066253360     
 Abd=   20070.19    
 Catch=   1345.87596189383     
 Abd=   541713.7    
 Catch=   1530.52782682727     
 Abd=   151245.9    
 Catch=   2351.03258029437     
 Abd=   22928.30    
 Catch=   546.069805103728     
 Abd=   4312806.    
 Catch=   17209.4373964921     
 Time step =         1903
 Abd=   63019.30    
 Catch=   411.434448118836     
 Abd=   6733.383    
 Catch=   43.2454143907852     
 Abd=   14438.34    
 Catch=   556.034137429772     
 Abd=   9622.386    
 Catch=   24.1472716035177     
 Abd=   45792.00    
 Catch=   568.254101108980     
 Abd=   36.16585    
 Catch=  0.388703003632114     
 Abd=            NaN
 Catch=                     NaN
 Abd=            NaN
 Catch=                     NaN
 Abd=   227026.5    
 Catch=   566.870024779366     
 Abd=   1869.406    
 Catch=   346.390948769409     
 Abd=   147102.3    
 Catch=   1094.97843065324     
 Abd=   8776.822    
 Catch=   22.0079509555099     
 Abd=            NaN
 Catch=                     NaN
 Abd=   118123.9    
 Catch=   339.063962085320     
 Abd=   33200.87    
 Catch=   2270.87860050203     
 Abd=            NaN
 Catch=                     NaN
 Abd=   2559.026    
 Catch=   77.8655749107423     
 Abd=            NaN
 Catch=                     NaN
 Abd=   40654.78    
 Catch=   328.360089212408     
 Abd=   4548.217    
 Catch=   55.1450719810426     
 Abd=   1635.651    
 Catch=   7.16797248532075     
 Abd=   1425298.    
 Catch=   3557.70298797035     
 Abd=   128195.5    
 Catch=   1527.48042649075     
 Abd=   106514.9    
 Catch=   265.708357407105     
 Abd=            NaN
 Catch=                     NaN
 Abd=   23710.95    
 Catch=   475.164172049868     
 Abd=   18857.95    
 Catch=   1370.83748057561     
 Abd=   542851.9    
 Catch=   1536.63976546991     
 Abd=   152057.7    
 Catch=   2368.17206993426     
 Abd=   22206.24    
 Catch=   565.048348547624     
 Abd=   4313895.    
 Catch=   17136.2421389988     
 Time step =         1904
 Abd=   62858.05    
 Catch=   410.088024543727     
 Abd=   6655.042    
 Catch=   42.5937637968896     
 Abd=   14494.76    
 Catch=   540.291704348321     
 Abd=   9676.180    
 Catch=   24.4019440016266     
 Abd=   45841.00    
 Catch=   566.107868272528     
 Abd=   36.68185    
 Catch=  0.394680480079657     
 Abd=            NaN
 Catch=                     NaN
 Abd=            NaN
 Catch=                     NaN
 Abd=   227147.0    
 Catch=   567.583879379398     
 Abd=   1888.922    
 Catch=   332.947228431054     
 Abd=   149256.4    
 Catch=   1104.94537093434     
 Abd=   8818.650    
 Catch=   21.9897444807984     
 Abd=            NaN
 Catch=                     NaN
 Abd=   118179.9    
 Catch=   339.303782699660     
 Abd=   31523.81    
 Catch=   2413.01685166664     
 Abd=            NaN
 Catch=                     NaN
 Abd=   2741.462    
 Catch=   78.1994140540217     
 Abd=            NaN
 Catch=                     NaN
 Abd=   40901.46    
 Catch=   325.987624289500     
 Abd=   4538.309    
 Catch=   54.1191261531615     
 Abd=   1633.826    
 Catch=   7.16802005370330     
 Abd=   1425513.    
 Catch=   3548.58577932979     
 Abd=   128592.7    
 Catch=   1532.84792308355     
 Abd=   106467.8    
 Catch=   265.644953413712     
 Abd=            NaN
 Catch=                     NaN
 Abd=   24089.54    
 Catch=   470.162147436191     
 Abd=   19218.12    
 Catch=   1382.42597182486     
 Abd=   545013.9    
 Catch=   1556.05801556746     
 Abd=   153172.1    
 Catch=   2409.72023205242     
 Abd=   23001.26    
 Catch=   560.254169784007     
 Abd=   4295156.    
 Catch=   17096.4144842874     
 Time step =         1905
 Abd=   62651.84    
 Catch=   408.885017144371     
 Abd=   6554.298    
 Catch=   41.1001823196794     
 Abd=   14079.19    
 Catch=   522.838772954979     
 Abd=   9781.166    
 Catch=   24.6115508768681     
 Abd=   45663.57    
 Catch=   564.663142878799     
 Abd=   37.24704    
 Catch=  0.395119293964431     
 Abd=            NaN
 Catch=                     NaN
 Abd=            NaN
 Catch=                     NaN
 Abd=   227435.1    
 Catch=   566.783675861526     
 Abd=   1815.573    
 Catch=   343.595183767005     
 Abd=   150528.3    
 Catch=   1111.47900173860     
 Abd=   8810.338    
 Catch=   21.8329277900677     
 Abd=            NaN
 Catch=                     NaN
 Abd=   118264.1    
 Catch=   340.005002116430     
 Abd=   33523.52    
 Catch=   2316.97139079407     
 Abd=            NaN
 Catch=                     NaN
 Abd=   2749.331    
 Catch=   81.0186925409434     
 Abd=            NaN
 Catch=                     NaN
 Abd=   40596.07    
 Catch=   323.437087102726     
 Abd=   4452.538    
 Catch=   54.3807508575864     
 Abd=   1633.879    
 Catch=   7.16144467124420     
 Abd=   1421781.    
 Catch=   3564.81465330974     
 Abd=   129047.1    
 Catch=   1535.08576988813     
 Abd=   106441.9    
 Catch=   266.203415415155     
 Abd=            NaN
 Catch=                     NaN
 Abd=   23826.24    
 Catch=   454.201174487725     
 Abd=   19378.74    
 Catch=   1441.48732444191     
 Abd=   551991.8    
 Catch=   1560.60946733271     
 Abd=   155888.8    
 Catch=   2393.50220276385     
 Abd=   22790.91    
 Catch=   536.075108839511     
 Abd=   4285347.    
 Catch=   17091.0826516370     
 Time step =         1906
 Abd=   62468.57    
 Catch=   407.860159368224     
 Abd=   6321.988    
 Catch=   41.0997120031879     
 Abd=   13624.80    
 Catch=   519.077939480252     
 Abd=   9863.722    
 Catch=   24.7478488174164     
 Abd=   45548.48    
 Catch=   564.449920066943     
 Abd=   37.27809    
 Catch=  0.407911193443565     
 Abd=            NaN
 Catch=                     NaN
 Abd=            NaN
 Catch=                     NaN
 Abd=   227104.6    
 Catch=   566.636841105705     
 Abd=   1873.700    
 Catch=   351.162680468346     
 Abd=   151472.6    
 Catch=   1116.63828158612     
 Abd=   8746.391    
 Catch=   21.7186987051670     
 Abd=            NaN
 Catch=                     NaN
 Abd=   118511.8    
 Catch=   340.814905323966     
 Abd=   32165.79    
 Catch=   2241.49297962261     
 Abd=            NaN
 Catch=                     NaN
 Abd=   2849.677    
 Catch=   80.8187336124268     
 Abd=            NaN
 Catch=                     NaN
 Abd=   40278.22    
 Catch=   322.492725947318     
 Abd=   4476.008    
 Catch=   53.5303998282590     
 Abd=   1632.346    
 Catch=   7.18268730598637     
 Abd=   1428495.    
 Catch=   3568.76441971113     
 Abd=   129228.5    
 Catch=   1535.85432776841     
 Abd=   106671.8    
 Catch=   266.377534404810     
 Abd=            NaN
 Catch=                     NaN
 Abd=   23009.18    
 Catch=   449.319982225233     
 Abd=   20212.22    
 Catch=   1400.68545533296     
 Abd=   553545.2    
 Catch=   1567.85023991715     
 Abd=   154772.3    
 Catch=   2376.87868929151     
 Abd=   21796.02    
 Catch=   528.849220771602     
 Abd=   4284182.    
 Catch=   17081.5140069479     
 Time step =         1907
 Abd=   62312.54    
 Catch=   409.572123533695     
 Abd=   6326.322    
 Catch=   41.1755028760017     
 Abd=   13530.36    
 Catch=   507.048661849827     
 Abd=   9917.008    
 Catch=   25.0573482182762     
 Abd=   45533.12    
 Catch=   564.471280261196     
 Abd=   38.50793    
 Catch=  0.392041166629991     
 Abd=            NaN
 Catch=                     NaN
 Abd=            NaN
 Catch=                     NaN
 Abd=   227047.9    
 Catch=   566.923901525866     
 Abd=   1914.947    
 Catch=   351.203302262588     
 Abd=   152161.8    
 Catch=   1104.26026174269     
 Abd=   8700.995    
 Catch=   21.4673291585072     
 Abd=            NaN
 Catch=                     NaN
 Abd=   118794.7    
 Catch=   342.105205922519     
 Abd=   31119.73    
 Catch=   2513.66981894317     
 Abd=            NaN
 Catch=                     NaN
 Abd=   2841.304    
 Catch=   83.7556524218378     
 Abd=            NaN
 Catch=                     NaN
 Abd=   40164.09    
 Catch=   320.171430129775     
 Abd=   4404.330    
 Catch=   52.7779928739122     
 Abd=   1637.315    
 Catch=   7.19127562994790     
 Abd=   1429970.    
 Catch=   3583.55272669207     
 Abd=   129291.8    
 Catch=   1528.54886330011     
 Abd=   106737.3    
 Catch=   267.163241231693     
 Abd=            NaN
 Catch=                     NaN
 Abd=   22770.14    
 Catch=   437.839566414337     
 Abd=   19630.87    
 Catch=   1473.99963978112     
 Abd=   556110.9    
 Catch=   1573.83677534060     
 Abd=   153696.3    
 Catch=   2380.28377448418     
 Abd=   21511.71    
 Catch=   511.689475631877     
 Abd=   4281755.    
 Catch=   17056.6045148377     
 Time step =         1908
 Abd=   62582.65    
 Catch=   410.940704171721     
 Abd=   6338.134    
 Catch=   41.2460094913525     
 Abd=   13213.64    
 Catch=   514.107848478453     
 Abd=   10042.20    
 Catch=   25.3298555071720     
 Abd=   45535.19    
 Catch=   566.359067924468     
 Abd=   36.96011    
 Catch=  0.391707821631421     
 Abd=            NaN
 Catch=                     NaN
 Abd=            NaN
 Catch=                     NaN
 Abd=   227166.7    
 Catch=   567.670251903981     
 Abd=   1915.147    
 Catch=   360.302566579590     
 Abd=   150427.1    
 Catch=   1093.17807650349     
 Abd=   8599.158    
 Catch=   21.4072251752422     
 Abd=            NaN
 Catch=                     NaN
 Abd=   119247.7    
 Catch=   342.993172225779     
 Abd=   34947.55    
 Catch=   2296.94270340653     
 Abd=            NaN
 Catch=                     NaN
 Abd=   2946.147    
 Catch=   83.7189999783080     
 Abd=            NaN
 Catch=                     NaN
 Abd=   39871.69    
 Catch=   320.349344003577     
 Abd=   4342.579    
 Catch=   52.5390017054653     
 Abd=   1639.211    
 Catch=   7.17349395568737     
 Abd=   1435988.    
 Catch=   3596.22994985857     
 Abd=   128664.3    
 Catch=   1524.49538375620     
 Abd=   107057.2    
 Catch=   267.733808485481     
 Abd=            NaN
 Catch=                     NaN
 Abd=   22183.18    
 Catch=   440.756648044016     
 Abd=   20668.98    
 Catch=   1480.99141876044     
 Abd=   558215.4    
 Catch=   1569.96747474503     
 Abd=   153940.5    
 Catch=   2358.47978104225     
 Abd=   20808.26    
 Catch=   517.550745996715     
 Abd=   4275440.    
 Catch=   17046.6418196714     
 Time step =         1909
 Abd=   62790.93    
 Catch=   411.893472961523     
 Abd=   6348.972    
 Catch=   41.2301609238392     
 Abd=   13402.36    
 Catch=   531.300868069918     
 Abd=   10150.88    
 Catch=   25.3050605250718     
 Abd=   45689.57    
 Catch=   565.874734137313     
 Abd=   36.95633    
 Catch=  0.398096180074594     
 Abd=            NaN
 Catch=                     NaN
 Abd=            NaN
 Catch=                     NaN
 Abd=   227469.4    
 Catch=   568.124864715797     
 Abd=   1964.794    
 Catch=   338.718800216225     
 Abd=   148922.0    
 Catch=   1076.91705247938     
 Abd=   8576.658    
 Catch=   21.4011853873948     
 Abd=            NaN
 Catch=                     NaN
 Abd=   119554.3    
 Catch=   342.923069364388     
 Abd=   31878.24    
 Catch=   2320.48731004725     
 Abd=            NaN
 Catch=                     NaN
 Abd=   2943.333    
 Catch=   82.3718413578657     
 Abd=            NaN
 Catch=                     NaN
 Abd=   39899.80    
 Catch=   322.413974291853     
 Abd=   4323.667    
 Catch=   52.8830620239407     
 Abd=   1635.036    
 Catch=   7.18238969586729     
 Abd=   1441048.    
 Catch=   3600.02374765687     
 Abd=   128329.1    
 Catch=   1509.76995133242     
 Abd=   107283.9    
 Catch=   267.806851293702     
 Abd=            NaN
 Catch=                     NaN
 Abd=   22343.70    
 Catch=   458.017914669260     
 Abd=   20761.99    
 Catch=   1359.47053391880     
 Abd=   556765.9    
 Catch=   1575.37627916616     
 Abd=   152499.9    
 Catch=   2318.17762397821     
 Abd=   21061.80    
 Catch=   545.063984257798     
 Abd=   4273025.    
 Catch=   17073.5510467466     
 Time step =         1910
 Abd=   62935.38    
 Catch=   411.124968693971     
 Abd=   6346.271    
 Catch=   42.5113206068668     
 Abd=   13854.59    
 Catch=   557.077598659529     
 Abd=   10139.65    
 Catch=   25.2096046256482     
 Abd=   45647.23    
 Catch=   565.877933805343     
 Abd=   37.56991    
 Catch=  0.406457402307352     
 Abd=            NaN
 Catch=                     NaN
 Abd=            NaN
 Catch=                     NaN
 Abd=   227648.9    
 Catch=   568.265308577836     
 Abd=   1847.018    
 Catch=   318.708275303786     
 Abd=   146694.0    
 Catch=   1054.14632893101     
 Abd=   8574.650    
 Catch=   21.4912305449990     
 Abd=            NaN
 Catch=                     NaN
 Abd=   119523.0    
 Catch=   341.639093781467     
 Abd=   32225.75    
 Catch=   2203.18095500264     
 Abd=            NaN
 Catch=                     NaN
 Abd=   2895.428    
 Catch=   78.0457139404492     
 Abd=            NaN
 Catch=                     NaN
 Abd=   40161.59    
 Catch=   325.195103010120     
 Abd=   4352.850    
 Catch=   53.0940719037014     
 Abd=   1637.189    
 Catch=   7.20522923897255     
 Abd=   1442494.    
 Catch=   3600.12258896917     
 Abd=   127072.2    
 Catch=   1504.86138203938     
 Abd=   107309.1    
 Catch=   267.336553354253     
 Abd=            NaN
 Catch=                     NaN
 Abd=   23231.44    
 Catch=   479.135186184984     
 Abd=   19046.52    
 Catch=   1284.32196489221     
 Abd=   558748.6    
 Catch=   1576.68504444659     
 Abd=   149875.8    
 Catch=   2301.58863139934     
 Abd=   22196.23    
 Catch=   578.164447952493     
 Abd=   4279950.    
 Catch=   17081.8116948143     
 Time step =         1911
 Abd=   62811.63    
 Catch=   409.951635241437     
 Abd=   6547.752    
 Catch=   42.5937238988892     
 Abd=   14529.10    
 Catch=   573.201396518192     
 Abd=   10100.66    
 Catch=   25.0512657012469     
 Abd=   45648.68    
 Catch=   564.397659321670     
 Abd=   38.36218    
 Catch=  0.404155072099306     
 Abd=            NaN
 Catch=                     NaN
 Abd=            NaN
 Catch=                     NaN
 Abd=   227704.2    
 Catch=   567.550680158132     
 Abd=   1737.904    
 Catch=   303.360680571151     
 Abd=   143569.8    
 Catch=   1047.25583719804     
 Abd=   8611.518    
 Catch=   21.6569428705714     
 Abd=            NaN
 Catch=                     NaN
 Abd=   119067.2    
 Catch=   340.083729176306     
 Abd=   30584.90    
 Catch=   2024.05148676505     
 Abd=            NaN
 Catch=                     NaN
 Abd=   2741.626    
 Catch=   76.0845216079208     
 Abd=            NaN
 Catch=                     NaN
 Abd=   40509.75    
 Catch=   327.592149585961     
 Abd=   4369.998    
 Catch=   53.3094496231946     
 Abd=   1642.458    
 Catch=   7.21947508246130     
 Abd=   1442507.    
 Catch=   3593.65173350038     
 Abd=   126674.8    
 Catch=   1480.57038742374     
 Abd=   107117.3    
 Catch=   266.589417845364     
 Abd=            NaN
 Catch=                     NaN
 Abd=   24304.70    
 Catch=   496.360283590507     
 Abd=   17998.16    
 Catch=   1245.11078454349     
 Abd=   559164.5    
 Catch=   1569.02678343494     
 Abd=   148829.0    
 Catch=   2292.20674790392     
 Abd=   23545.95    
 Catch=   605.220375589828     
 Abd=   4281922.    
 Catch=   17120.1508307587     
 Time step =         1912
 Abd=   62631.42    
 Catch=   410.696633168765     
 Abd=   6556.376    
 Catch=   42.3408792697056     
 Abd=   14947.79    
 Catch=   577.060401855167     
 Abd=   10038.71    
 Catch=   24.7032128893841     
 Abd=   45526.89    
 Catch=   565.570700302125     
 Abd=   38.12576    
 Catch=  0.405163801399790     
 Abd=            NaN
 Catch=                     NaN
 Abd=            NaN
 Catch=                     NaN
 Abd=   227411.6    
 Catch=   567.639038275401     
 Abd=   1654.239    
 Catch=   320.347171182581     
 Abd=   142684.5    
 Catch=   1036.79966082613     
 Abd=   8678.529    
 Catch=   21.9392747341848     
 Abd=            NaN
 Catch=                     NaN
 Abd=   118523.5    
 Catch=   338.171587488951     
 Abd=   28092.36    
 Catch=   2255.10368025348     
 Abd=            NaN
 Catch=                     NaN
 Abd=   2673.955    
 Catch=   68.9479041313031     
 Abd=            NaN
 Catch=                     NaN
 Abd=   40807.58    
 Catch=   329.046926890880     
 Abd=   4387.733    
 Catch=   53.9966098848529     
 Abd=   1645.667    
 Catch=   7.24580300977681     
 Abd=   1439861.    
 Catch=   3556.66380332406     
 Abd=   124601.4    
 Catch=   1494.05247767739     
 Abd=   106814.8    
 Catch=   265.032860271875     
 Abd=            NaN
 Catch=                     NaN
 Abd=   25174.79    
 Catch=   505.139742098253     
 Abd=   17452.14    
 Catch=   1238.33789287307     
 Abd=   556392.4    
 Catch=   1577.51236580295     
 Abd=   148229.3    
 Catch=   2304.27405224061     
 Abd=   24642.55    
 Catch=   608.852358631493     
 Abd=   4291688.    
 Catch=   17155.0132444155     
 Time step =         1913
 Abd=   62751.14    
 Catch=   410.480833663884     
 Abd=   6516.537    
 Catch=   42.1576545629431     
 Abd=   15042.37    
 Catch=   574.335239703709     
 Abd=   9894.776    
 Catch=   24.5160282859580     
 Abd=   45625.23    
 Catch=   571.881267366742     
 Abd=   38.21987    
 Catch=  0.406249333284628     
 Abd=            NaN
 Catch=                     NaN
 Abd=            NaN
 Catch=                     NaN
 Abd=   227448.4    
 Catch=   568.500602214381     
 Abd=   1747.018    
 Catch=   350.369124307856     
 Abd=   141232.9    
 Catch=   1045.73872397960     
 Abd=   8792.622    
 Catch=   22.2143272335908     
 Abd=            NaN
 Catch=                     NaN
 Abd=   117854.9    
 Catch=   337.516664398645     
 Abd=   31352.67    
 Catch=   2228.31035393145     
 Abd=            NaN
 Catch=                     NaN
 Abd=   2421.216    
 Catch=   73.6452358036187     
 Abd=            NaN
 Catch=                     NaN
 Abd=   40986.34    
 Catch=   329.985445588865     
 Abd=   4445.011    
 Catch=   53.6825024305460     
 Abd=   1651.726    
 Catch=   7.25022061036194     
 Abd=   1424796.    
 Catch=   3562.53100926947     
 Abd=   125793.7    
 Catch=   1495.81487544047     
 Abd=   106184.9    
 Catch=   264.623063980652     
 Abd=            NaN
 Catch=                     NaN
 Abd=   25608.84    
 Catch=   501.724564106780     
 Abd=   17368.41    
 Catch=   1363.71532857005     
 Abd=   559505.4    
 Catch=   1574.96128172168     
 Abd=   149032.9    
 Catch=   2309.80157421219     
 Abd=   24770.98    
 Catch=   592.898196583001     
 Abd=   4300404.    
 Catch=   17123.9144094663     
 Time step =         1914
 Abd=   62715.44    
 Catch=   411.357638700634     
 Abd=   6488.545    
 Catch=   41.9760295844936     
 Abd=   14970.25    
 Catch=   592.250257512499     
 Abd=   9821.010    
 Catch=   24.4206407895107     
 Abd=   46141.80    
 Catch=   567.687651004609     
 Abd=   38.32999    
 Catch=  0.406718787630962     
 Abd=            NaN
 Catch=                     NaN
 Abd=            NaN
 Catch=                     NaN
 Abd=   227805.1    
 Catch=   569.486910874899     
 Abd=   1910.714    
 Catch=   336.146332121930     
 Abd=   142526.0    
 Catch=   1057.30856551201     
 Abd=   8902.743    
 Catch=   22.3655210823953     
 Abd=            NaN
 Catch=                     NaN
 Abd=   117635.3    
 Catch=   338.050793739828     
 Abd=   30956.21    
 Catch=   2132.59402536010     
 Abd=            NaN
 Catch=                     NaN
 Abd=   2591.832    
 Catch=   74.7053677785418     
 Abd=            NaN
 Catch=                     NaN
 Abd=   41101.81    
 Catch=   333.045672562783     
 Abd=   4417.629    
 Catch=   54.3289432764059     
 Abd=   1652.630    
 Catch=   7.23843636638878     
 Abd=   1427498.    
 Catch=   3562.07628125555     
 Abd=   125922.2    
 Catch=   1504.24130468207     
 Abd=   106029.9    
 Catch=   265.047462123653     
 Abd=            NaN
 Catch=                     NaN
 Abd=   25426.27    
 Catch=   510.823924116576     
 Abd=   19129.71    
 Catch=   1335.00983955187     
 Abd=   558547.4    
 Catch=   1589.48714914921     
 Abd=   149384.7    
 Catch=   2318.59180150292     
 Abd=   24110.50    
 Catch=   600.324315894046     
 Abd=   4292274.    
 Catch=   17072.3427304451     
 Time step =         1915
 Abd=   62852.16    
 Catch=   413.115591368594     
 Abd=   6460.665    
 Catch=   43.1755111424422     
 Abd=   15444.86    
 Catch=   570.543491838071     
 Abd=   9783.787    
 Catch=   23.8782072841485     
 Abd=   45788.40    
 Catch=   571.004354162240     
 Abd=   38.37277    
 Catch=  0.394364043719193     
 Abd=            NaN
 Catch=                     NaN
 Abd=            NaN
 Catch=                     NaN
 Abd=   228200.8    
 Catch=   570.147652101968     
 Abd=   1833.027    
 Catch=   368.263894457398     
 Abd=   144100.2    
 Catch=   1055.96026884728     
 Abd=   8962.277    
 Catch=   22.5006020173575     
 Abd=            NaN
 Catch=                     NaN
 Abd=   117829.7    
 Catch=   339.568818691756     
 Abd=   29607.43    
 Catch=   2422.83154471516     
 Abd=            NaN
 Catch=                     NaN
 Abd=   2627.090    
 Catch=   76.0759997527523     
 Abd=            NaN
 Catch=                     NaN
 Abd=   41487.91    
 Catch=   329.321007108135     
 Abd=   4472.314    
 Catch=   52.8301532488508     
 Abd=   1649.874    
 Catch=   7.26009977231920     
 Abd=   1427258.    
 Catch=   3573.43052573475     
 Abd=   126642.7    
 Catch=   1498.11082962252     
 Abd=   106207.5    
 Catch=   265.789858951793     
 Abd=            NaN
 Catch=                     NaN
 Abd=   25898.64    
 Catch=   511.319979887567     
 Abd=   18710.24    
 Catch=   1461.43639919553     
 Abd=   563840.1    
 Catch=   1598.90585906524     
 Abd=   149950.2    
 Catch=   2292.94940813648     
 Abd=   24428.06    
 Catch=   599.229646000047     
 Abd=   4279253.    
 Catch=   17048.0725300431     
 Time step =         1916
 Abd=   63123.60    
 Catch=   415.163370190522     
 Abd=   6649.677    
 Catch=   43.9706345437150     
 Abd=   14866.56    
 Catch=   559.687540434845     
 Abd=   9564.988    
 Catch=   23.4566519198389     
 Abd=   46066.07    
 Catch=   570.286362684028     
 Abd=   37.18522    
 Catch=  0.401147179830745     
 Abd=            NaN
 Catch=                     NaN
 Abd=            NaN
 Catch=                     NaN
 Abd=   228462.4    
 Catch=   570.969042915482     
 Abd=   2008.286    
 Catch=   357.788260342863     
 Abd=   143875.7    
 Catch=   1056.18575286859     
 Abd=   9016.287    
 Catch=   22.5065578653764     
 Abd=            NaN
 Catch=                     NaN
 Abd=   118365.4    
 Catch=   340.449608102729     
 Abd=   33687.08    
 Catch=   2424.59436307661     
 Abd=            NaN
 Catch=                     NaN
 Abd=   2675.287    
 Catch=   80.8955592124037     
 Abd=            NaN
 Catch=                     NaN
 Abd=   41008.29    
 Catch=   329.545227152125     
 Abd=   4345.755    
 Catch=   52.6600539485373     
 Abd=   1654.969    
 Catch=   7.27394562646052     
 Abd=   1431904.    
 Catch=   3575.12549683537     
 Abd=   126103.5    
 Catch=   1500.20188971945     
 Abd=   106506.5    
 Catch=   266.202687304660     
 Abd=            NaN
 Catch=                     NaN
 Abd=   25916.52    
 Catch=   492.615590604359     
 Abd=   20495.93    
 Catch=   1441.12735414409     
 Abd=   567129.8    
 Catch=   1608.91736760936     
 Abd=   148261.3    
 Catch=   2281.59814479469     
 Abd=   24376.27    
 Catch=   572.673550406936     
 Abd=   4273306.    
 Catch=   17042.9230970975     
 Time step =         1917
 Abd=   63437.05    
 Catch=   418.815682788159     
 Abd=   6770.365    
 Catch=   44.9975694890916     
 Abd=   14588.44    
 Catch=   546.162284152917     
 Abd=   9395.083    
 Catch=   23.3681748119410     
 Abd=   46002.95    
 Catch=   577.739217648907     
 Abd=   37.85886    
 Catch=  0.398871917357303     
 Abd=            NaN
 Catch=                     NaN
 Abd=            NaN
 Catch=                     NaN
 Abd=   228791.3    
 Catch=   571.048713189241     
 Abd=   1951.043    
 Catch=   374.550523002157     
 Abd=   143912.9    
 Catch=   1059.80154176620     
 Abd=   9017.601    
 Catch=   22.5180754610999     
 Abd=            NaN
 Catch=                     NaN
 Abd=   118667.8    
 Catch=   341.242801606428     
 Abd=   33696.58    
 Catch=   2345.43295622394     
 Abd=            NaN
 Catch=                     NaN
 Abd=   2846.777    
 Catch=   82.3652942923369     
 Abd=            NaN
 Catch=                     NaN
 Abd=   41045.04    
 Catch=   328.804418219068     
 Abd=   4333.752    
 Catch=   53.3146384400760     
 Abd=   1658.081    
 Catch=   7.27447546854418     
 Abd=   1432503.    
 Catch=   3594.93213993935     
 Abd=   126294.0    
 Catch=   1488.79183918886     
 Abd=   106670.2    
 Catch=   266.991929970333     
 Abd=            NaN
 Catch=                     NaN
 Abd=   24954.53    
 Catch=   470.276326929781     
 Abd=   20197.49    
 Catch=   1467.99594327888     
 Abd=   570676.8    
 Catch=   1628.16593573095     
 Abd=   147542.6    
 Catch=   2290.29894745300     
 Abd=   23285.03    
 Catch=   541.502572982212     
 Abd=   4272114.    
 Catch=   17040.3703565836     
 Time step =         1918
 Abd=   63999.88    
 Catch=   420.774582291588     
 Abd=   6929.292    
 Catch=   46.0993279304994     
 Abd=   14234.45    
 Catch=   532.235072948442     
 Abd=   9362.170    
 Catch=   22.9761803187945     
 Abd=   46615.75    
 Catch=   578.165971430279     
 Abd=   37.62733    
 Catch=  0.378784234802790     
 Abd=            NaN
 Catch=                     NaN
 Abd=            NaN
 Catch=                     NaN
 Abd=   228817.7    
 Catch=   571.884196404089     
 Abd=   2042.535    
 Catch=   345.803053731263     
 Abd=   144427.4    
 Catch=   1065.72370512962     
 Abd=   9022.283    
 Catch=   22.4841205122532     
 Abd=            NaN
 Catch=                     NaN
 Abd=   118943.6    
 Catch=   342.224883939001     
 Abd=   32587.32    
 Catch=   1984.30967518459     
 Abd=            NaN
 Catch=                     NaN
 Abd=   2896.334    
 Catch=   80.6929876562362     
 Abd=            NaN
 Catch=                     NaN
 Abd=   40950.17    
 Catch=   327.568222064562     
 Abd=   4388.843    
 Catch=   53.2743957999756     
 Abd=   1658.140    
 Catch=   7.27245813491507     
 Abd=   1440590.    
 Catch=   3604.59725643572     
 Abd=   125313.7    
 Catch=   1490.36343780892     
 Abd=   106989.5    
 Catch=   267.732626034504     
 Abd=            NaN
 Catch=                     NaN
 Abd=   23818.62    
 Catch=   456.994225662444     
 Abd=   20581.66    
 Catch=   1418.00952723553     
 Abd=   577575.8    
 Catch=   1644.47533313853     
 Abd=   148126.6    
 Catch=   2279.21417684599     
 Abd=   22013.39    
 Catch=   530.175097000307     
 Abd=   4271483.    
 Catch=   17049.2253777367     
 Time step =         1919
 Abd=   64294.66    
 Catch=   424.718033543002     
 Abd=   7099.071    
 Catch=   46.0233598732086     
 Abd=   13870.94    
 Catch=   523.607044110853     
 Abd=   9202.971    
 Catch=   22.4009325102614     
 Abd=   46639.99    
 Catch=   579.434506403495     
 Abd=   35.70371    
 Catch=  0.384605219297005     
 Abd=            NaN
 Catch=                     NaN
 Abd=            NaN
 Catch=                     NaN
 Abd=   229157.5    
 Catch=   573.322030730846     
 Abd=   1885.637    
 Catch=   328.344884357358     
 Abd=   145168.6    
 Catch=   1034.23665295766     
 Abd=   9008.303    
 Catch=   22.6027692144842     
 Abd=            NaN
 Catch=                     NaN
 Abd=   119287.1    
 Catch=   341.486855173365     
 Abd=   27532.23    
 Catch=   2135.98335926535     
 Abd=            NaN
 Catch=                     NaN
 Abd=   2836.047    
 Catch=   73.3732798366615     
 Abd=            NaN
 Catch=                     NaN
 Abd=   40796.09    
 Catch=   325.999673404018     
 Abd=   4384.449    
 Catch=   53.8597434243167     
 Abd=   1657.667    
 Catch=   7.27151015234686     
 Abd=   1444374.    
 Catch=   3585.41857417591     
 Abd=   125465.0    
 Catch=   1491.03850366913     
 Abd=   107284.8    
 Catch=   266.980005938188     
 Abd=            NaN
 Catch=                     NaN
 Abd=   23154.62    
 Catch=   443.816904736017     
 Abd=   19870.70    
 Catch=   1306.64243010085     
 Abd=   583328.1    
 Catch=   1650.76908109108     
 Abd=   147387.8    
 Catch=   2261.16074615975     
 Abd=   21566.17    
 Catch=   511.327279084108     
 Abd=   4273756.    
 Catch=   17093.9385340572     
 Time step =         1920
 Abd=   64903.30    
 Catch=   427.485668244655     
 Abd=   7084.026    
 Catch=   46.4459688896569     
 Abd=   13646.81    
 Catch=   518.062173138927     
 Abd=   8970.891    
 Catch=   21.9598845097087     
 Abd=   46743.30    
 Catch=   578.252700129433     
 Abd=   36.29701    
 Catch=  0.383098663866853     
 Abd=            NaN
 Catch=                     NaN
 Abd=            NaN
 Catch=                     NaN
 Abd=   229738.0    
 Catch=   573.189633679531     
 Abd=   1790.464    
 Catch=   332.227598256515     
 Abd=   140847.0    
 Catch=   1046.57053408851     
 Abd=   9057.115    
 Catch=   22.7382556199788     
 Abd=            NaN
 Catch=                     NaN
 Abd=   119018.0    
 Catch=   341.285775253578     
 Abd=   29682.47    
 Catch=   2420.18352126332     
 Abd=            NaN
 Catch=                     NaN
 Abd=   2576.410    
 Catch=   75.6779117240610     
 Abd=            NaN
 Catch=                     NaN
 Abd=   40598.07    
 Catch=   321.293604832892     
 Abd=   4433.596    
 Catch=   54.6074122518955     
 Abd=   1657.460    
 Catch=   7.27235127634358     
 Abd=   1436456.    
 Catch=   3566.52434785209     
 Abd=   125519.3    
 Catch=   1490.44588995863     
 Abd=   106971.2    
 Catch=   266.601270687135     
 Abd=            NaN
 Catch=                     NaN
 Abd=   22484.60    
 Catch=   425.707818852396     
 Abd=   18305.63    
 Catch=   1355.01274067203     
 Abd=   585474.0    
 Catch=   1663.26300912614     
 Abd=   146211.1    
 Catch=   2275.49973435319     
 Abd=   20792.29    
 Catch=   487.400214963853     
 Abd=   4285150.    
 Catch=   17153.4185355870     
 Time step =         1921
 Abd=   65322.23    
 Catch=   427.730576025357     
 Abd=   7150.428    
 Catch=   48.4942935991330     
 Abd=   13501.96    
 Catch=   516.798701826708     
 Abd=   8795.413    
 Catch=   21.6360880510389     
 Abd=   46644.91    
 Catch=   576.961987252177     
 Abd=   36.14058    
 Catch=  0.379152022291276     
 Abd=            NaN
 Catch=                     NaN
 Abd=            NaN
 Catch=                     NaN
 Abd=   229674.1    
 Catch=   573.475998969880     
 Abd=   1811.687    
 Catch=   358.950450467272     
 Abd=   142650.9    
 Catch=   1069.61264506590     
 Abd=   9111.514    
 Catch=   22.8731785011751     
 Abd=            NaN
 Catch=                     NaN
 Abd=   118951.9    
 Catch=   341.405039640995     
 Abd=   33642.11    
 Catch=   2375.81611301748     
 Abd=            NaN
 Catch=                     NaN
 Abd=   2661.740    
 Catch=   80.3530443779920     
 Abd=            NaN
 Catch=                     NaN
 Abd=   40005.47    
 Catch=   318.080662103876     
 Abd=   4495.363    
 Catch=   54.0293958212507     
 Abd=   1657.662    
 Catch=   7.27657379638599     
 Abd=   1428893.    
 Catch=   3568.74515254722     
 Abd=   125467.7    
 Catch=   1495.51838234953     
 Abd=   106822.7    
 Catch=   266.453386523242     
 Abd=            NaN
 Catch=                     NaN
 Abd=   21564.35    
 Catch=   420.159765435096     
 Abd=   18999.35    
 Catch=   1399.26461111293     
 Abd=   589977.0    
 Catch=   1686.22077234204     
 Abd=   147177.7    
 Catch=   2310.67877615235     
 Abd=   19816.96    
 Catch=   485.136131698750     
 Abd=   4300130.    
 Catch=   17220.9481030244     
 Time step =         1922
 Abd=   65352.48    
 Catch=   429.066504467664     
 Abd=   7470.854    
 Catch=   51.2612184195405     
 Abd=   13469.66    
 Catch=   530.677626778691     
 Abd=   8666.406    
 Catch=   21.2681894467651     
 Abd=   46540.81    
 Catch=   580.896938679017     
 Abd=   35.76454    
 Catch=  0.391748528327606     
 Abd=            NaN
 Catch=                     NaN
 Abd=            NaN
 Catch=                     NaN
 Abd=   229791.8    
 Catch=   574.393204132496     
 Abd=   1957.474    
 Catch=   345.426690816595     
 Abd=   145821.0    
 Catch=   1078.59171705489     
 Abd=   9165.565    
 Catch=   23.0336926722589     
 Abd=            NaN
 Catch=                     NaN
 Abd=   118995.5    
 Catch=   342.525110705576     
 Abd=   32988.52    
 Catch=   2049.49229639154     
 Abd=            NaN
 Catch=                     NaN
 Abd=   2827.332    
 Catch=   79.6869757539924     
 Abd=            NaN
 Catch=                     NaN
 Abd=   39608.38    
 Catch=   317.583740805300     
 Abd=   4445.785    
 Catch=   53.2231922404978     
 Abd=   1658.635    
 Catch=   7.29619804035262     
 Abd=   1429955.    
 Catch=   3579.58908776745     
 Abd=   125904.5    
 Catch=   1503.85986748462     
 Abd=   106766.1    
 Catch=   266.978279393870     
 Abd=            NaN
 Catch=                     NaN
 Abd=   21291.91    
 Catch=   434.599267417161     
 Abd=   19618.67    
 Catch=   1393.63134482174     
 Abd=   598177.5    
 Catch=   1695.11068617353     
 Abd=   149477.0    
 Catch=   2252.42992759486     
 Abd=   19736.47    
 Catch=   517.826264211958     
 Abd=   4317098.    
 Catch=   17256.1698834371     
 Time step =         1923
 Abd=   65558.97    
 Catch=   430.227267965348     
 Abd=   7899.042    
 Catch=   52.5118812567116     
 Abd=   13837.91    
 Catch=   550.698167916375     
 Abd=   8519.291    
 Catch=   20.7581771606585     
 Abd=   46865.63    
 Catch=   581.040422562753     
 Abd=   36.98270    
 Catch=  0.381606551313319     
 Abd=            NaN
 Catch=                     NaN
 Abd=            NaN
 Catch=                     NaN
 Abd=   230164.5    
 Catch=   575.027376889282     
 Abd=   1883.615    
 Catch=   343.095750709044     
 Abd=   146975.2    
 Catch=   1115.94676194801     
 Abd=   9230.093    
 Catch=   23.2791936933555     
 Abd=            NaN
 Catch=                     NaN
 Abd=   119392.9    
 Catch=   342.543624604881     
 Abd=   28436.20    
 Catch=   2345.16442890649     
 Abd=            NaN
 Catch=                     NaN
 Abd=   2800.937    
 Catch=   79.1491946017854     
 Abd=            NaN
 Catch=                     NaN
 Abd=   39553.53    
 Catch=   319.035148402716     
 Abd=   4379.135    
 Catch=   54.3663819004025     
 Abd=   1663.182    
 Catch=   7.32101930433199     
 Abd=   1434368.    
 Catch=   3572.00255376315     
 Abd=   126610.6    
 Catch=   1507.26116789650     
 Abd=   106981.9    
 Catch=   266.651679443661     
 Abd=            NaN
 Catch=                     NaN
 Abd=   22042.50    
 Catch=   440.357351184741     
 Abd=   19534.18    
 Catch=   1408.04513195061     
 Abd=   601215.4    
 Catch=   1718.13399114839     
 Abd=   145605.8    
 Catch=   2253.83261053087     
 Abd=   21092.85    
 Catch=   521.260493606859     
 Abd=   4325760.    
 Catch=   17304.6491040233     
 Time step =         1924
 Abd=   65736.97    
 Catch=   429.079916108222     
 Abd=   8086.540    
 Catch=   50.7946076525690     
 Abd=   14360.79    
 Catch=   548.172656539044     
 Abd=   8314.126    
 Catch=   19.9611779981483     
 Abd=   46871.29    
 Catch=   579.351515237063     
 Abd=   35.98521    
 Catch=  0.378623018986859     
 Abd=            NaN
 Catch=                     NaN
 Abd=            NaN
 Catch=                     NaN
 Abd=   230416.8    
 Catch=   575.728976565833     
 Abd=   1870.933    
 Catch=   358.352330832894     
 Abd=   152180.5    
 Catch=   1121.47700391543     
 Abd=   9329.167    
 Catch=   23.4932366484913     
 Abd=            NaN
 Catch=                     NaN
 Abd=   119391.4    
 Catch=   343.194784684811     
 Abd=   32608.20    
 Catch=   2424.31941799426     
 Abd=            NaN
 Catch=                     NaN
 Abd=   2782.192    
 Catch=   79.1056570889380     
 Abd=            NaN
 Catch=                     NaN
 Abd=   39738.59    
 Catch=   318.902894518438     
 Abd=   4476.182    
 Catch=   53.4638956576468     
 Abd=   1668.863    
 Catch=   7.33574936723318     
 Abd=   1431174.    
 Catch=   3578.88200554695     
 Abd=   126889.2    
 Catch=   1505.97715321230     
 Abd=   106843.0    
 Catch=   266.841240148368     
 Abd=            NaN
 Catch=                     NaN
 Abd=   22326.11    
 Catch=   447.907809679644     
 Abd=   19738.13    
 Catch=   1400.29900983513     
 Abd=   609529.5    
 Catch=   1735.06328911565     
 Abd=   145760.0    
 Catch=   2255.77819948529     
 Abd=   21210.50    
 Catch=   532.684586338197     
 Abd=   4337983.    
 Catch=   17368.7934896351     
 Time step =         1925
 Abd=   65553.34    
 Catch=   428.057126501980     
 Abd=   7814.530    
 Catch=   51.8171755432369     
 Abd=   14288.47    
 Catch=   539.382503841989     
 Abd=   7992.790    
 Catch=   19.3473743365604     
 Abd=   46733.15    
 Catch=   580.652302912383     
 Abd=   35.71682    
 Catch=  0.373149678738796     
 Abd=            NaN
 Catch=                     NaN
 Abd=            NaN
 Catch=                     NaN
 Abd=   230697.5    
 Catch=   576.521625274847     
 Abd=   1954.187    
 Catch=   363.273124547834     
 Abd=   152815.7    
 Catch=   1119.67682348170     
 Abd=   9414.646    
 Catch=   23.6709305341991     
 Abd=            NaN
 Catch=                     NaN
 Abd=   119622.9    
 Catch=   343.457479862954     
 Abd=   33679.00    
 Catch=   2175.97318273643     
 Abd=            NaN
 Catch=                     NaN
 Abd=   2781.035    
 Catch=   82.3243606094970     
 Abd=            NaN
 Catch=                     NaN
 Abd=   39718.24    
 Catch=   317.928057720987     
 Abd=   4398.757    
 Catch=   53.4419613472595     
 Abd=   1672.170    
 Catch=   7.33812798131505     
 Abd=   1434052.    
 Catch=   3602.27437832373     
 Abd=   126773.3    
 Catch=   1508.48472102165     
 Abd=   106924.3    
 Catch=   267.297284305294     
 Abd=            NaN
 Catch=                     NaN
 Abd=   22709.20    
 Catch=   442.109963321636     
 Abd=   19628.11    
 Catch=   1442.28849949682     
 Abd=   615476.1    
 Catch=   1740.68268256146     
 Abd=   145887.1    
 Catch=   2257.91645913688     
 Abd=   21679.28    
 Catch=   525.631563934562     
 Abd=   4354140.    
 Catch=   17434.5937727032     
 Time step =         1926
 Abd=   65397.62    
 Catch=   427.301590041345     
 Abd=   7979.088    
 Catch=   52.3951862204620     
 Abd=   14057.46    
 Catch=   543.533377891525     
 Abd=   7747.087    
 Catch=   18.7897595432473     
 Abd=   46841.36    
 Catch=   580.631985151708     
 Abd=   35.19560    
 Catch=  0.384107988555812     
 Abd=            NaN
 Catch=                     NaN
 Abd=            NaN
 Catch=                     NaN
 Abd=   231014.7    
 Catch=   577.259872454909     
 Abd=   1980.986    
 Catch=   345.267794146368     
 Abd=   152570.1    
 Catch=   1122.32238073431     
 Abd=   9485.541    
 Catch=   23.8761238506019     
 Abd=            NaN
 Catch=                     NaN
 Abd=   119711.8    
 Catch=   343.910263510875     
 Abd=   30203.96    
 Catch=   2536.06802888749     
 Abd=            NaN
 Catch=                     NaN
 Abd=   2896.019    
 Catch=   80.9532690242232     
 Abd=            NaN
 Catch=                     NaN
 Abd=   39594.92    
 Catch=   319.036297347705     
 Abd=   4398.312    
 Catch=   53.9176413448550     
 Abd=   1672.659    
 Catch=   7.34330037886886     
 Abd=   1443562.    
 Catch=   3608.01675009600     
 Abd=   126989.2    
 Catch=   1508.18744287845     
 Abd=   107109.2    
 Catch=   267.501597380462     
 Abd=            NaN
 Catch=                     NaN
 Abd=   22404.26    
 Catch=   445.523028729457     
 Abd=   20222.60    
 Catch=   1416.04849317884     
 Abd=   617401.0    
 Catch=   1748.39501819998     
 Abd=   146031.6    
 Catch=   2249.26298581601     
 Abd=   21380.79    
 Catch=   526.443353633876     
 Abd=   4370642.    
 Catch=   17481.2575920178     
 Time step =         1927
 Abd=   65283.12    
 Catch=   426.352534701136     
 Abd=   8066.577    
 Catch=   52.2057006044190     
 Abd=   14170.42    
 Catch=   552.965736945271     
 Abd=   7524.968    
 Catch=   18.2213543520415     
 Abd=   46838.61    
 Catch=   582.432728479588     
 Abd=   36.25890    
 Catch=  0.396203607211452     
 Abd=            NaN
 Catch=                     NaN
 Abd=            NaN
 Catch=                     NaN
 Abd=   231311.8    
 Catch=   577.453798095966     
 Abd=   1882.752    
 Catch=   346.548191294519     
 Abd=   152931.7    
 Catch=   1124.00770448714     
 Abd=   9567.992    
 Catch=   23.9588066062490     
 Abd=            NaN
 Catch=                     NaN
 Abd=   119870.9    
 Catch=   344.140007207521     
 Abd=   35306.23    
 Catch=   2578.25335967129     
 Abd=            NaN
 Catch=                     NaN
 Abd=   2845.241    
 Catch=   79.1542753536212     
 Abd=            NaN
 Catch=                     NaN
 Abd=   39737.56    
 Catch=   320.668563755430     
 Abd=   4438.192    
 Catch=   54.6677603898161     
 Abd=   1673.848    
 Catch=   7.35155525240851     
 Abd=   1445711.    
 Catch=   3603.15215869526     
 Abd=   126960.6    
 Catch=   1504.49060715775     
 Abd=   107188.9    
 Catch=   267.470422376280     
 Abd=            NaN
 Catch=                     NaN
 Abd=   22584.50    
 Catch=   452.792999844453     
 Abd=   19849.96    
 Catch=   1404.45763792939     
 Abd=   620072.3    
 Catch=   1771.30821562529     
 Abd=   145454.6    
 Catch=   2263.96244328393     
 Abd=   21418.72    
 Catch=   540.583433113336     
 Abd=   4382239.    
 Catch=   17503.1813659104     
 Time step =         1928
 Abd=   65137.36    
 Catch=   424.562731164464     
 Abd=   8035.293    
 Catch=   52.5500304808868     
 Abd=   14417.62    
 Catch=   537.728951691337     
 Abd=   7297.144    
 Catch=   17.7075492994632     
 Abd=   46985.92    
 Catch=   577.639558427876     
 Abd=   37.40197    
 Catch=  0.394347649759808     
 Abd=            NaN
 Catch=                     NaN
 Abd=            NaN
 Catch=                     NaN
 Abd=   231385.3    
 Catch=   577.579764286260     
 Abd=   1889.775    
 Catch=   329.070201925979     
 Abd=   153174.8    
 Catch=   1123.78398865246     
 Abd=   9600.090    
 Catch=   23.9907914406361     
 Abd=            NaN
 Catch=                     NaN
 Abd=   119949.2    
 Catch=   344.167589930318     
 Abd=   35823.55    
 Catch=   2233.67604290906     
 Abd=            NaN
 Catch=                     NaN
 Abd=   2781.790    
 Catch=   77.2134946411883     
 Abd=            NaN
 Catch=                     NaN
 Abd=   39942.26    
 Catch=   320.728419781002     
 Abd=   4500.336    
 Catch=   54.3347641518992     
 Abd=   1675.748    
 Catch=   7.34884819155056     
 Abd=   1443677.    
 Catch=   3609.53030775387     
 Abd=   126646.2    
 Catch=   1505.27058254698     
 Abd=   107173.5    
 Catch=   267.496609052663     
 Abd=            NaN
 Catch=                     NaN
 Abd=   22956.59    
 Catch=   444.432396505885     
 Abd=   19687.66    
 Catch=   1350.69000776635     
 Abd=   628379.1    
 Catch=   1783.24821375239     
 Abd=   146430.8    
 Catch=   2287.36214162138     
 Abd=   22002.37    
 Catch=   527.460109379631     
 Abd=   4387613.    
 Catch=   17534.3336229504     
 Time step =         1929
 Abd=   64861.18    
 Catch=   422.471586874874     
 Abd=   8089.754    
 Catch=   53.4665179644452     
 Abd=   14012.86    
 Catch=   527.318020053655     
 Abd=   7092.863    
 Catch=   17.0922021537121     
 Abd=   46591.80    
 Catch=   570.572541794920     
 Abd=   37.20125    
 Catch=  0.409758795491294     
 Abd=            NaN
 Catch=                     NaN
 Abd=            NaN
 Catch=                     NaN
 Abd=   231433.5    
 Catch=   578.316626276148     
 Abd=   1794.427    
 Catch=   345.210421586046     
 Abd=   153118.2    
 Catch=   1112.93201486401     
 Abd=   9612.506    
 Catch=   24.0154984622472     
 Abd=            NaN
 Catch=                     NaN
 Abd=   119957.5    
 Catch=   344.394180662607     
 Abd=   31010.39    
 Catch=   2483.46673033856     
 Abd=            NaN
 Catch=                     NaN
 Abd=   2713.482    
 Catch=   77.9820778096343     
 Abd=            NaN
 Catch=                     NaN
 Abd=   39945.55    
 Catch=   318.845472248885     
 Abd=   4471.279    
 Catch=   54.7785149793612     
 Abd=   1675.078    
 Catch=   7.33740062263198     
 Abd=   1446328.    
 Catch=   3595.51121663388     
 Abd=   126717.8    
 Catch=   1517.13392647866     
 Abd=   107184.5    
 Catch=   267.423075983283     
 Abd=            NaN
 Catch=                     NaN
 Abd=   22519.07    
 Catch=   432.031182906791     
 Abd=   18930.47    
 Catch=   1407.22466633097     
 Abd=   632490.5    
 Catch=   1810.34837425104     
 Abd=   147960.1    
 Catch=   2305.37284188058     
 Abd=   21451.35    
 Catch=   505.943130758248     
 Abd=   4395472.    
 Catch=   17565.6468413203     
 Time step =         1930
 Abd=   64541.23    
 Catch=   419.553986196566     
 Abd=   8232.530    
 Catch=   55.2722188067217     
 Abd=   13742.93    
 Catch=   516.680967341815     
 Abd=   6843.479    
 Catch=   16.6292915231770     
 Abd=   46017.67    
 Catch=   570.667213885697     
 Abd=   38.68726    
 Catch=  0.409321418601854     
 Abd=            NaN
 Catch=                     NaN
 Abd=            NaN
 Catch=                     NaN
 Abd=   231734.3    
 Catch=   578.718917508138     
 Abd=   1882.521    
 Catch=   351.965054250545     
 Abd=   151571.4    
 Catch=   1118.17173485703     
 Abd=   9622.353    
 Catch=   24.0621734015011     
 Abd=            NaN
 Catch=                     NaN
 Abd=   120038.0    
 Catch=   344.526822810681     
 Abd=   34539.52    
 Catch=   2616.95033897685     
 Abd=            NaN
 Catch=                     NaN
 Abd=   2741.996    
 Catch=   82.0792445122515     
 Abd=            NaN
 Catch=                     NaN
 Abd=   39706.59    
 Catch=   316.471645808730     
 Abd=   4509.003    
 Catch=   55.1419441494281     
 Abd=   1672.431    
 Catch=   7.33240601457496     
 Abd=   1440541.    
 Catch=   3596.25035336739     
 Abd=   127735.0    
 Catch=   1515.34809735026     
 Abd=   107155.2    
 Catch=   267.630058109574     
 Abd=            NaN
 Catch=                     NaN
 Abd=   21887.90    
 Catch=   419.382967446413     
 Abd=   19733.71    
 Catch=   1431.83460290470     
 Abd=   642222.9    
 Catch=   1810.12300684203     
 Abd=   149112.1    
 Catch=   2316.51366025671     
 Abd=   20571.71    
 Catch=   493.312536075660     
 Abd=   4403320.    
 Catch=   17611.3523254683     
 Time step =         1931
 Abd=   64093.04    
 Catch=   418.401222152137     
 Abd=   8513.275    
 Catch=   54.9545678138780     
 Abd=   13465.88    
 Catch=   513.356232636453     
 Abd=   6659.184    
 Catch=   16.3683366160123     
 Abd=   46035.12    
 Catch=   575.113017520738     
 Abd=   38.61611    
 Catch=  0.391747475952856     
 Abd=            NaN
 Catch=                     NaN
 Abd=            NaN
 Catch=                     NaN
 Abd=   231892.7    
 Catch=   578.108025882737     
 Abd=   1919.323    
 Catch=   365.806833247197     
 Abd=   152386.1    
 Catch=   1138.99632498071     
 Abd=   9641.236    
 Catch=   24.1080662515826     
 Abd=            NaN
 Catch=                     NaN
 Abd=   120083.4    
 Catch=   345.405599667785     
 Abd=   36372.13    
 Catch=   2150.77300068782     
 Abd=            NaN
 Catch=                     NaN
 Abd=   2887.667    
 Catch=   84.0555568907421     
 Abd=            NaN
 Catch=                     NaN
 Abd=   39410.38    
 Catch=   316.871269138475     
 Abd=   4538.768    
 Catch=   55.0242485903970     
 Abd=   1671.323    
 Catch=   7.32948867711105     
 Abd=   1440961.    
 Catch=   3618.37066348130     
 Abd=   127560.6    
 Catch=   1517.99455404204     
 Abd=   107240.4    
 Catch=   268.355958166664     
 Abd=            NaN
 Catch=                     NaN
 Abd=   21248.11    
 Catch=   419.005141439693     
 Abd=   20073.88    
 Catch=   1471.61122521560     
 Abd=   641994.8    
 Catch=   1820.87696735109     
 Abd=   149827.2    
 Catch=   2275.88529204535     
 Abd=   20064.04    
 Catch=   494.266586953278     
 Abd=   4414852.    
 Catch=   17627.9805394757     
 Time step =         1932
 Abd=   63922.18    
 Catch=   417.052845665758     
 Abd=   8458.033    
 Catch=   54.7317396836129     
 Abd=   13381.38    
 Catch=   540.323899022940     
 Abd=   6556.684    
 Catch=   16.2657903764067     
 Abd=   46399.33    
 Catch=   568.369159854625     
 Abd=   36.92989    
 Catch=  0.394078234672418     
 Abd=            NaN
 Catch=                     NaN
 Abd=            NaN
 Catch=                     NaN
 Abd=   231641.2    
 Catch=   578.765232436433     
 Abd=   1994.826    
 Catch=   332.757860817621     
 Abd=   155237.8    
 Catch=   1123.52248078520     
 Abd=   9659.614    
 Catch=   24.1797409403004     
 Abd=            NaN
 Catch=                     NaN
 Abd=   120395.2    
 Catch=   345.403690874161     
 Abd=   29832.17    
 Catch=   2140.59994982350     
 Abd=            NaN
 Catch=                     NaN
 Abd=   2956.024    
 Catch=   78.0200003639134     
 Abd=            NaN
 Catch=                     NaN
 Abd=   39466.32    
 Catch=   319.816853942684     
 Abd=   4528.356    
 Catch=   55.0681721661901     
 Abd=   1670.663    
 Catch=   7.35062442396413     
 Abd=   1450000.    
 Catch=   3614.47056841653     
 Abd=   127791.1    
 Catch=   1522.22772829162     
 Abd=   107535.6    
 Catch=   268.341052998177     
 Abd=            NaN
 Catch=                     NaN
 Abd=   21237.49    
 Catch=   439.831993925514     
 Abd=   20634.51    
 Catch=   1390.73559626017     
 Abd=   645853.4    
 Catch=   1836.02753995681     
 Abd=   147141.6    
 Catch=   2322.52038971443     
 Abd=   20109.59    
 Catch=   528.534627272040     
 Abd=   4418868.    
 Catch=   17623.1784581426     
 Time step =         1933
 Abd=   63715.63    
 Catch=   416.595354588576     
 Abd=   8423.926    
 Catch=   56.2917320846225     
 Abd=   14095.00    
 Catch=   532.847671890597     
 Abd=   6517.381    
 Catch=   16.1893798413238     
 Abd=   45840.24    
 Catch=   571.301537471099     
 Abd=   37.18404    
 Catch=  0.399683656320301     
 Abd=            NaN
 Catch=                     NaN
 Abd=            NaN
 Catch=                     NaN
 Abd=   231913.8    
 Catch=   579.193462067150     
 Abd=   1814.501    
 Catch=   344.835084655984     
 Abd=   153076.8    
 Catch=   1171.33430329316     
 Abd=   9688.547    
 Catch=   24.2463546168884     
 Abd=            NaN
 Catch=                     NaN
 Abd=   120388.0    
 Catch=   344.796373289283     
 Abd=   29727.54    
 Catch=   2319.97613060427     
 Abd=            NaN
 Catch=                     NaN
 Abd=   2740.116    
 Catch=   79.8584499070997     
 Abd=            NaN
 Catch=                     NaN
 Abd=   39839.52    
 Catch=   320.581544681396     
 Abd=   4532.227    
 Catch=   54.9616810479327     
 Abd=   1675.594    
 Catch=   7.33855374022139     
 Abd=   1448218.    
 Catch=   3612.47494405211     
 Abd=   128150.8    
 Catch=   1530.04944731892     
 Abd=   107522.4    
 Catch=   267.939953757023     
 Abd=            NaN
 Catch=                     NaN
 Abd=   22313.54    
 Catch=   438.568052928276     
 Abd=   19489.84    
 Catch=   1357.92803218523     
 Abd=   651256.9    
 Catch=   1867.10151521278     
 Abd=   150265.6    
 Catch=   2366.53449903838     
 Abd=   21528.04    
 Catch=   524.880498749043     
 Abd=   4417559.    
 Catch=   17665.4095710786     
 Time step =         1934
 Abd=   63648.60    
 Catch=   415.488192615296     
 Abd=   8669.490    
 Catch=   56.5614364088830     
 Abd=   13886.74    
 Catch=   535.115582525661     
 Abd=   6485.729    
 Catch=   16.3455522443044     
 Abd=   46089.97    
 Catch=   572.630914833964     
 Abd=   37.71807    
 Catch=  0.402836944510548     
 Abd=            NaN
 Catch=                     NaN
 Abd=            NaN
 Catch=                     NaN
 Abd=   232083.0    
 Catch=   579.323907470633     
 Abd=   1880.453    
 Catch=   357.004730109783     
 Abd=   159765.5    
 Catch=   1217.90891042993     
 Abd=   9715.189    
 Catch=   24.1962818175805     
 Abd=            NaN
 Catch=                     NaN
 Abd=   120172.1    
 Catch=   343.920049582547     
 Abd=   32259.20    
 Catch=   2017.97083932933     
 Abd=            NaN
 Catch=                     NaN
 Abd=   2808.480    
 Catch=   82.8122086140701     
 Abd=            NaN
 Catch=                     NaN
 Abd=   39929.05    
 Catch=   322.488712483547     
 Abd=   4523.233    
 Catch=   54.6992576416068     
 Abd=   1672.685    
 Catch=   7.33837614717871     
 Abd=   1447439.    
 Catch=   3634.01330536867     
 Abd=   128815.2    
 Catch=   1524.64451338343     
 Abd=   107359.6    
 Catch=   268.166346487802     
 Abd=            NaN
 Catch=                     NaN
 Abd=   22227.82    
 Catch=   445.007621272247     
 Abd=   19033.60    
 Catch=   1396.26095249456     
 Abd=   662417.4    
 Catch=   1897.90484746505     
 Abd=   153097.7    
 Catch=   2397.33761012363     
 Abd=   21351.65    
 Catch=   534.727789118023     
 Abd=   4428384.    
 Catch=   17693.7294942629     
 Time step =         1935
 Abd=   63477.25    
 Catch=   413.935776824474     
 Abd=   8706.940    
 Catch=   60.6378216709530     
 Abd=   13948.91    
 Catch=   541.164266908140     
 Abd=   6550.694    
 Catch=   16.4701926797370     
 Abd=   46194.74    
 Catch=   569.136596658877     
 Abd=   38.01109    
 Catch=  0.389630297389204     
 Abd=            NaN
 Catch=                     NaN
 Abd=            NaN
 Catch=                     NaN
 Abd=   232131.0    
 Catch=   579.777356210457     
 Abd=   1946.825    
 Catch=   295.621073891831     
 Abd=   166093.9    
 Catch=   1266.30177667200     
 Abd=   9694.162    
 Catch=   24.2222654440981     
 Abd=            NaN
 Catch=                     NaN
 Abd=   119865.4    
 Catch=   340.727098874148     
 Abd=   28000.56    
 Catch=   2191.18113576898     
 Abd=            NaN
 Catch=                     NaN
 Abd=   2912.968    
 Catch=   70.6082186320218     
 Abd=            NaN
 Catch=                     NaN
 Abd=   40169.45    
 Catch=   324.649583185292     
 Abd=   4501.406    
 Catch=   54.8120334434538     
 Abd=   1672.703    
 Catch=   7.33484930997897     
 Abd=   1456263.    
 Catch=   3611.37788238014     
 Abd=   128339.3    
 Catch=   1523.96569619188     
 Abd=   107455.6    
 Catch=   266.708820270968     
 Abd=            NaN
 Catch=                     NaN
 Abd=   22560.90    
 Catch=   455.685061555936     
 Abd=   19579.49    
 Catch=   1199.30663058535     
 Abd=   673332.6    
 Catch=   1911.51358112210     
 Abd=   155075.7    
 Catch=   2370.55627828483     
 Abd=   21760.81    
 Catch=   550.426368533052     
 Abd=   4435408.    
 Catch=   17736.0510133498     
 Time step =         1936
 Abd=   63238.56    
 Catch=   413.211297748956     
 Abd=   9346.869    
 Catch=   63.0144148346725     
 Abd=   14108.14    
 Catch=   532.909664147131     
 Abd=   6601.045    
 Catch=   16.5584094536647     
 Abd=   45906.20    
 Catch=   561.934906110541     
 Abd=   36.73733    
 Catch=  0.407078912349330     
 Abd=            NaN
 Catch=                     NaN
 Abd=            NaN
 Catch=                     NaN
 Abd=   232318.5    
 Catch=   580.187404016593     
 Abd=   1611.958    
 Catch=   327.259066263109     
 Abd=   172690.9    
 Catch=   1332.69514041277     
 Abd=   9705.221    
 Catch=   24.3200513211097     
 Abd=            NaN
 Catch=                     NaN
 Abd=   118737.2    
 Catch=   339.445960302650     
 Abd=   30490.47    
 Catch=   2254.58107804265     
 Abd=            NaN
 Catch=                     NaN
 Abd=   2477.210    
 Catch=   69.2843955589891     
 Abd=            NaN
 Catch=                     NaN
 Abd=   40439.16    
 Catch=   321.304472023438     
 Abd=   4511.254    
 Catch=   54.5579651183943     
 Abd=   1671.884    
 Catch=   7.34620744770629     
 Abd=   1446836.    
 Catch=   3565.41166465674     
 Abd=   128289.9    
 Catch=   1543.49148691136     
 Abd=   106857.2    
 Catch=   265.211697285193     
 Abd=            NaN
 Catch=                     NaN
 Abd=   23105.57    
 Catch=   451.705565435994     
 Abd=   16800.59    
 Catch=   1293.08467600908     
 Abd=   678019.7    
 Catch=   1953.58303303873     
 Abd=   153278.1    
 Catch=   2424.85051355761     
 Abd=   22403.09    
 Catch=   542.766989165823     
 Abd=   4446092.    
 Catch=   17760.0466225628     
 Time step =         1937
 Abd=   63131.82    
 Catch=   414.805518647200     
 Abd=   9706.627    
 Catch=   60.8365640305717     
 Abd=   13888.29    
 Catch=   532.463309305587     
 Abd=   6636.997    
 Catch=   16.6577924152366     
 Abd=   45321.02    
 Catch=   562.668825957311     
 Abd=   38.43914    
 Catch=  0.414968281440597     
 Abd=            NaN
 Catch=                     NaN
 Abd=            NaN
 Catch=                     NaN
 Abd=   232481.5    
 Catch=   579.528054370434     
 Abd=   1784.768    
 Catch=   334.473892083377     
 Abd=   181788.2    
 Catch=   1374.29962960457     
 Abd=   9744.984    
 Catch=   24.4073637672357     
 Abd=            NaN
 Catch=                     NaN
 Abd=   118304.5    
 Catch=   338.844418413915     
 Abd=   31339.21    
 Catch=   2714.24777269984     
 Abd=            NaN
 Catch=                     NaN
 Abd=   2435.553    
 Catch=   75.0574289063177     
 Abd=            NaN
 Catch=                     NaN
 Abd=   40009.50    
 Catch=   322.558880869046     
 Abd=   4489.782    
 Catch=   54.1389912237998     
 Abd=   1674.542    
 Catch=   7.36813646561579     
 Abd=   1428239.    
 Catch=   3536.81155417826     
 Abd=   129964.3    
 Catch=   1551.87075271612     
 Abd=   106257.6    
 Catch=   264.340460122743     
 Abd=            NaN
 Catch=                     NaN
 Abd=   22892.40    
 Catch=   444.234128084487     
 Abd=   18147.83    
 Catch=   1398.77865585028     
 Abd=   693166.1    
 Catch=   1988.66413396211     
 Abd=   156887.2    
 Catch=   2420.05462729647     
 Abd=   22077.69    
 Catch=   528.523519555269     
 Abd=   4452011.    
 Catch=   17770.5854515806     
 Time step =         1938
 Abd=   63382.32    
 Catch=   415.427245677928     
 Abd=   9358.468    
 Catch=   62.6544192505922     
 Abd=   13879.26    
 Catch=   519.414616232843     
 Abd=   6676.102    
 Catch=   16.6257412592422     
 Abd=   45390.59    
 Catch=   567.258283132214     
 Abd=   39.16365    
 Catch=  0.409366799829952     
 Abd=            NaN
 Catch=                     NaN
 Abd=            NaN
 Catch=                     NaN
 Abd=   232211.1    
 Catch=   579.410396870020     
 Abd=   1823.943    
 Catch=   353.459994611848     
 Abd=   187383.0    
 Catch=   1424.99629980529     
 Abd=   9779.867    
 Catch=   24.5434718476987     
 Abd=            NaN
 Catch=                     NaN
 Abd=   118098.6    
 Catch=   339.372284929298     
 Abd=   37766.70    
 Catch=   2407.99396300845     
 Abd=            NaN
 Catch=                     NaN
 Abd=   2642.251    
 Catch=   79.0249917304749     
 Abd=            NaN
 Catch=                     NaN
 Abd=   40176.80    
 Catch=   322.260402401576     
 Abd=   4455.068    
 Catch=   54.1025949162380     
 Abd=   1679.589    
 Catch=   7.35871638986551     
 Abd=   1416915.    
 Catch=   3532.75830734589     
 Abd=   130651.3    
 Catch=   1562.76675750251     
 Abd=   105914.2    
 Catch=   264.339484886193     
 Abd=            NaN
 Catch=                     NaN
 Abd=   22510.16    
 Catch=   434.312405792016     
 Abd=   19617.43    
 Catch=   1432.94105918978     
 Abd=   705547.4    
 Catch=   2032.32676058733     
 Abd=   156499.8    
 Catch=   2395.42130259433     
 Abd=   21493.77    
 Catch=   511.515189501950     
 Abd=   4454592.    
 Catch=   17761.2145628743     
 Time step =         1939
 Abd=   63474.44    
 Catch=   414.028454032854     
 Abd=   9649.791    
 Catch=   65.7099897481563     
 Abd=   13535.32    
 Catch=   520.351163213978     
 Abd=   6661.779    
 Catch=   16.6585501663308     
 Abd=   45766.41    
 Catch=   568.416829264083     
 Abd=   38.61206    
 Catch=  0.398833845594704     
 Abd=            NaN
 Catch=                     NaN
 Abd=            NaN
 Catch=                     NaN
 Abd=   232166.4    
 Catch=   579.726345107813     
 Abd=   1927.504    
 Catch=   378.168467858505     
 Abd=   194318.8    
 Catch=   1489.83546853555     
 Abd=   9834.811    
 Catch=   24.6668578101562     
 Abd=            NaN
 Catch=                     NaN
 Abd=   118290.3    
 Catch=   341.532834955750     
 Abd=   33412.87    
 Catch=   2274.00852172035     
 Abd=            NaN
 Catch=                     NaN
 Abd=   2780.309    
 Catch=   83.0602217182587     
 Abd=            NaN
 Catch=                     NaN
 Abd=   40135.44    
 Catch=   321.417158156100     
 Abd=   4452.646    
 Catch=   53.1759623508738     
 Abd=   1677.294    
 Catch=   7.34744343109152     
 Abd=   1415486.    
 Catch=   3552.97109878547     
 Abd=   131572.8    
 Catch=   1569.95589482709     
 Abd=   105920.6    
 Catch=   265.429056536386     
 Abd=            NaN
 Catch=                     NaN
 Abd=   22005.22    
 Catch=   433.017393806926     
 Abd=   20087.87    
 Catch=   1509.55723888376     
 Abd=   721092.7    
 Catch=   2081.20522975105     
 Abd=   154890.1    
 Catch=   2396.25373006280     
 Abd=   20800.62    
 Catch=   510.539104980089     
 Abd=   4452136.    
 Catch=   17728.9454600999     
 Time step =         1940
 Abd=   63253.45    
 Catch=   414.104092359131     
 Abd=   10123.91    
 Catch=   67.8610232411946     
 Abd=   13563.92    
 Catch=   524.955228922981     
 Abd=   6675.911    
 Catch=   16.7858407574333     
 Abd=   45855.70    
 Catch=   569.299009977053     
 Abd=   37.61025    
 Catch=  0.383944230628253     
 Abd=            NaN
 Catch=                     NaN
 Abd=            NaN
 Catch=                     NaN
 Abd=   232296.8    
 Catch=   579.935304782810     
 Abd=   2062.277    
 Catch=   363.736393463463     
 Abd=   203195.8    
 Catch=   1527.17129797242     
 Abd=   9884.133    
 Catch=   24.5929272196872     
 Abd=            NaN
 Catch=                     NaN
 Abd=   119054.4    
 Catch=   342.464269614747     
 Abd=   31580.04    
 Catch=   2368.72714963717     
 Abd=            NaN
 Catch=                     NaN
 Abd=   2922.229    
 Catch=   84.1365008342265     
 Abd=            NaN
 Catch=                     NaN
 Abd=   40029.29    
 Catch=   320.852745052680     
 Abd=   4375.058    
 Catch=   52.6832712336273     
 Abd=   1674.719    
 Catch=   7.35660173539178     
 Abd=   1423781.    
 Catch=   3576.38051809436     
 Abd=   132172.7    
 Catch=   1567.51466258670     
 Abd=   106364.9    
 Catch=   265.983930472892     
 Abd=            NaN
 Catch=                     NaN
 Abd=   21946.88    
 Catch=   446.111395526210     
 Abd=   21167.78    
 Catch=   1438.48244510512     
 Abd=   738425.5    
 Catch=   2123.79637721383     
 Abd=   154972.1    
 Catch=   2369.95230009149     
 Abd=   20770.40    
 Catch=   530.456698074314     
 Abd=   4443936.    
 Catch=   17688.8690811517     
 Time step =         1941
 Abd=   63269.82    
 Catch=   415.184637060397     
 Abd=   10451.95    
 Catch=   68.2187735527609     
 Abd=   13685.37    
 Catch=   528.630487230452     
 Abd=   6726.743    
 Catch=   17.0663083120504     
 Abd=   45925.67    
 Catch=   563.683039682306     
 Abd=   36.19851    
 Catch=  0.378179861406635     
 Abd=            NaN
 Catch=                     NaN
 Abd=            NaN
 Catch=                     NaN
 Abd=   232377.9    
 Catch=   580.247479110361     
 Abd=   1983.460    
 Catch=   353.252490397039     
 Abd=   208203.5    
 Catch=   1531.25550726558     
 Abd=   9852.878    
 Catch=   24.4763789233164     
 Abd=            NaN
 Catch=                     NaN
 Abd=   119370.2    
 Catch=   343.273847209552     
 Abd=   32934.33    
 Catch=   2457.48654969820     
 Abd=            NaN
 Catch=                     NaN
 Abd=   2958.520    
 Catch=   82.0943109546220     
 Abd=            NaN
 Catch=                     NaN
 Abd=   39960.23    
 Catch=   318.722134175379     
 Abd=   4335.167    
 Catch=   53.3045418970502     
 Abd=   1676.902    
 Catch=   7.35783414326683     
 Abd=   1433185.    
 Catch=   3589.48973078416     
 Abd=   131951.8    
 Catch=   1560.31850546201     
 Abd=   106582.7    
 Catch=   266.561230841323     
 Abd=            NaN
 Catch=                     NaN
 Abd=   22623.07    
 Catch=   450.074011510144     
 Abd=   20156.49    
 Catch=   1420.77268625572     
 Abd=   753521.4    
 Catch=   2153.22126811792     
 Abd=   153239.6    
 Catch=   2337.36574964893     
 Abd=   21595.07    
 Catch=   540.082838023696     
 Abd=   4433854.    
 Catch=   17661.9009071957     
 Time step =         1942
 Abd=   63437.33    
 Catch=   417.868564052647     
 Abd=   10501.54    
 Catch=   66.4367131090995     
 Abd=   13781.84    
 Catch=   523.426755599278     
 Abd=   6840.301    
 Catch=   17.3210357620502     
 Abd=   45464.09    
 Catch=   563.560402449582     
 Abd=   35.66980    
 Catch=  0.356804205673471     
 Abd=            NaN
 Catch=                     NaN
 Abd=            NaN
 Catch=                     NaN
 Abd=   232504.0    
 Catch=   579.921370210978     
 Abd=   1926.300    
 Catch=   366.064476957047     
 Abd=   208674.8    
 Catch=   1555.61625999436     
 Abd=   9805.865    
 Catch=   24.1657690838619     
 Abd=            NaN
 Catch=                     NaN
 Abd=   119651.5    
 Catch=   344.742092533693     
 Abd=   34140.41    
 Catch=   2512.16126197144     
 Abd=            NaN
 Catch=                     NaN
 Abd=   2884.898    
 Catch=   82.1317647368956     
 Abd=            NaN
 Catch=                     NaN
 Abd=   39691.24    
 Catch=   317.708359037931     
 Abd=   4387.970    
 Catch=   52.7073362594902     
 Abd=   1677.149    
 Catch=   7.34746935695987     
 Abd=   1438350.    
 Catch=   3589.92126155052     
 Abd=   131337.4    
 Catch=   1558.37534320492     
 Abd=   106815.2    
 Catch=   267.237307052982     
 Abd=            NaN
 Catch=                     NaN
 Abd=   22818.02    
 Catch=   443.258112633404     
 Abd=   19915.11    
 Catch=   1492.03104662939     
 Abd=   763859.0    
 Catch=   2186.53475679835     
 Abd=   151127.6    
 Catch=   2309.66044670135     
 Abd=   21981.77    
 Catch=   529.187230153909     
 Abd=   4427158.    
 Catch=   17604.5551662513     
 Time step =         1943
 Abd=   63853.11    
 Catch=   418.558086854700     
 Abd=   10221.28    
 Catch=   70.1741316198176     
 Abd=   13642.14    
 Catch=   519.386326811932     
 Abd=   6942.086    
 Catch=   17.4610535741372     
 Abd=   45461.33    
 Catch=   565.931319597575     
 Abd=   33.62739    
 Catch=  0.351920230015072     
 Abd=            NaN
 Catch=                     NaN
 Abd=            NaN
 Catch=                     NaN
 Abd=   232371.5    
 Catch=   580.406191264729     
 Abd=   1996.218    
 Catch=   369.776155594081     
 Abd=   212039.5    
 Catch=   1586.02266297372     
 Abd=   9679.846    
 Catch=   23.7982461604789     
 Abd=            NaN
 Catch=                     NaN
 Abd=   120167.9    
 Catch=   345.822002602306     
 Abd=   34894.15    
 Catch=   2542.78395837766     
 Abd=            NaN
 Catch=                     NaN
 Abd=   2887.938    
 Catch=   87.4179712849270     
 Abd=            NaN
 Catch=                     NaN
 Abd=   39567.37    
 Catch=   318.041582936808     
 Abd=   4336.954    
 Catch=   53.2983482486786     
 Abd=   1674.732    
 Catch=   7.35197526804543     
 Abd=   1438420.    
 Catch=   3603.67116564439     
 Abd=   131183.1    
 Catch=   1547.85052170899     
 Abd=   107086.9    
 Catch=   267.794811457925     
 Abd=            NaN
 Catch=                     NaN
 Abd=   22461.20    
 Catch=   434.848872087140     
 Abd=   20922.48    
 Catch=   1513.51250075860     
 Abd=   775648.6    
 Catch=   2228.41212153842     
 Abd=   149340.7    
 Catch=   2305.79866026713     
 Abd=   21522.49    
 Catch=   516.250006784632     
 Abd=   4412634.    
 Catch=   17603.4135282910     
 Time step =         1944
 Abd=   63952.63    
 Catch=   416.864732377459     
 Abd=   10813.56    
 Catch=   67.3427006152879     
 Abd=   13537.35    
 Catch=   531.716841659873     
 Abd=   6997.271    
 Catch=   17.5189306591235     
 Abd=   45655.90    
 Catch=   570.515670104612     
 Abd=   33.19406    
 Catch=  0.355796693831459     
 Abd=            NaN
 Catch=                     NaN
 Abd=            NaN
 Catch=                     NaN
 Abd=   232571.0    
 Catch=   579.649364307500     
 Abd=   2016.439    
 Catch=   360.648083421780     
 Abd=   216200.6    
 Catch=   1590.23181458791     
 Abd=   9532.166    
 Catch=   23.4661305535558     
 Abd=            NaN
 Catch=                     NaN
 Abd=   120541.5    
 Catch=   344.694577847060     
 Abd=   35313.89    
 Catch=   2056.65852618365     
 Abd=            NaN
 Catch=                     NaN
 Abd=   3077.072    
 Catch=   86.1853980826729     
 Abd=            NaN
 Catch=                     NaN
 Abd=   39611.90    
 Catch=   318.512809021163     
 Abd=   4387.417    
 Catch=   53.1941081548693     
 Abd=   1675.826    
 Catch=   7.35423465052151     
 Abd=   1444041.    
 Catch=   3629.27301470420     
 Abd=   130285.0    
 Catch=   1544.01051363995     
 Abd=   107309.3    
 Catch=   267.982972278862     
 Abd=            NaN
 Catch=                     NaN
 Abd=   22033.79    
 Catch=   441.551586499618     
 Abd=   21218.65    
 Catch=   1447.91907146958     
 Abd=   790613.9    
 Catch=   2257.82367586878     
 Abd=   149114.5    
 Catch=   2280.68584231472     
 Abd=   20995.43    
 Catch=   527.425401412362     
 Abd=   4412635.    
 Catch=   17591.3281198199     
 Time step =         1945
 Abd=   63685.60    
 Catch=   412.519322642069     
 Abd=   10357.91    
 Catch=   69.9619916955934     
 Abd=   13864.76    
 Catch=   533.002727836558     
 Abd=   7020.860    
 Catch=   17.5573601445608     
 Abd=   46030.39    
 Catch=   565.225476549633     
 Abd=   33.57467    
 Catch=  0.347367028250649     
 Abd=            NaN
 Catch=                     NaN
 Abd=            NaN
 Catch=                     NaN
 Abd=   232258.5    
 Catch=   579.412461254048     
 Abd=   1966.636    
 Catch=   306.983816862336     
 Abd=   216684.0    
 Catch=   1610.86590611863     
 Abd=   9399.394    
 Catch=   23.3288385154982     
 Abd=            NaN
 Catch=                     NaN
 Abd=   120133.7    
 Catch=   343.366138519242     
 Abd=   28525.58    
 Catch=   2023.53048265035     
 Abd=            NaN
 Catch=                     NaN
 Abd=   3029.308    
 Catch=   74.4358361031667     
 Abd=            NaN
 Catch=                     NaN
 Abd=   39671.21    
 Catch=   315.572838354719     
 Abd=   4377.748    
 Catch=   52.6567766244400     
 Abd=   1676.330    
 Catch=   7.35638219609600     
 Abd=   1454398.    
 Catch=   3626.19501756623     
 Abd=   129971.1    
 Catch=   1516.30702114021     
 Abd=   107380.8    
 Catch=   267.186962440748     
 Abd=            NaN
 Catch=                     NaN
 Abd=   22387.29    
 Catch=   453.016539398932     
 Abd=   20291.77    
 Catch=   1281.57258999204     
 Abd=   800948.8    
 Catch=   2289.94899660996     
 Abd=   147466.5    
 Catch=   2284.52813800591     
 Abd=   21468.15    
 Catch=   545.563393438274     
 Abd=   4409539.    
 Catch=   17573.9553995522     
 Time step =         1946
 Abd=   63014.09    
 Catch=   409.016580857886     
 Abd=   10777.23    
 Catch=   66.8179962419066     
 Abd=   13894.79    
 Catch=   520.716953796404     
 Abd=   7035.979    
 Catch=   17.5436286554884     
 Abd=   45588.61    
 Catch=   556.312446807253     
 Abd=   32.75821    
 Catch=  0.351257121704660     
 Abd=            NaN
 Catch=                     NaN
 Abd=            NaN
 Catch=                     NaN
 Abd=   232167.6    
 Catch=   579.328992045544     
 Abd=   1673.926    
 Catch=   314.045952462540     
 Abd=   219566.3    
 Catch=   1649.64990831171     
 Abd=   9345.959    
 Catch=   23.2345591070819     
 Abd=            NaN
 Catch=                     NaN
 Abd=   119669.4    
 Catch=   341.275941589936     
 Abd=   28110.00    
 Catch=   2431.68866127836     
 Abd=            NaN
 Catch=                     NaN
 Abd=   2612.221    
 Catch=   69.6252031251642     
 Abd=            NaN
 Catch=                     NaN
 Abd=   39297.69    
 Catch=   311.048550783246     
 Abd=   4332.899    
 Catch=                     NaN
 Abd=   1676.821    
 Catch=   7.35504679279134     
 Abd=   1452924.    
 Catch=   3573.69273336266     
 Abd=   127604.0    
 Catch=   1509.51063513299     
 Abd=   107053.9    
 Catch=   265.362334023180     
 Abd=            NaN
 Catch=                     NaN
 Abd=   22972.28    
 Catch=   447.054294418063     
 Abd=   17954.45    
 Catch=   1233.47961347121     
 Abd=   812370.2    
 Catch=   2331.32092675811     
 Abd=   147757.1    
 Catch=   2357.33393275616     
 Abd=   22209.51    
 Catch=   536.403484700747     
 Abd=   4405157.    
 Catch=   17528.5033891021     
 Time step =         1947
 Abd=   62481.16    
 Catch=   404.524267045881     
 Abd=   10276.24    
 Catch=   63.9889251161337     
 Abd=   13569.17    
 Catch=   522.676475078846     
 Abd=   7029.960    
 Catch=   17.5451421408422     
 Abd=   44864.92    
 Catch=   558.551065100738     
 Abd=   33.14665    
 Catch=  0.370925114418098     
 Abd=            NaN
 Catch=                     NaN
 Abd=            NaN
 Catch=                     NaN
 Abd=   232134.6    
 Catch=   579.100069868752     
 Abd=   1712.723    
 Catch=   338.112245539608     
 Abd=   224891.4    
 Catch=   1737.77468940686     
 Abd=   9308.504    
 Catch=   23.1599077850764     
 Abd=            NaN
 Catch=                     NaN
 Abd=   118935.8    
 Catch=   339.289321726985     
 Abd=   33884.11    
 Catch=   2497.13752927067     
 Abd=            NaN
 Catch=                     NaN
 Abd=   2446.694    
 Catch=   71.0177486963721     
 Abd=            NaN
 Catch=                     NaN
 Abd=   38730.40    
 Catch=   311.918453709908     
 Abd=            NaN
 Catch=                     NaN
 Abd=   1676.500    
 Catch=   7.34658399326901     
 Abd=   1431495.    
 Catch=   3557.88545792122     
 Abd=   127062.5    
 Catch=   1514.87807549016     
 Abd=   106314.9    
 Catch=   264.224651571560     
 Abd=            NaN
 Catch=                     NaN
 Abd=   22654.22    
 Catch=   441.472715284661     
 Abd=   17302.63    
 Catch=   1302.03010556513     
 Abd=   827104.4    
 Catch=   2393.50744425577     
 Abd=   152542.9    
 Catch=   2438.28973485368     
 Abd=   21816.68    
 Catch=   525.732156027003     
 Abd=   4393625.    
 Catch=   17470.4683625763     
 Time step =         1948
 Abd=   61792.56    
 Catch=   404.259535819055     
 Abd=   9841.647    
 Catch=   64.7092621372048     
 Abd=   13625.20    
 Catch=   544.589221811774     
 Abd=   7030.705    
 Catch=   17.4527984481084     
 Abd=   45060.55    
 Catch=   565.979397179717     
 Abd=   35.03210    
 Catch=  0.386495983810639     
 Abd=            NaN
 Catch=                     NaN
 Abd=            NaN
 Catch=                     NaN
 Abd=   232042.9    
 Catch=   579.367690237668     
 Abd=   1843.847    
 Catch=   347.958793260330     
 Abd=   237038.3    
 Catch=   1522.96812937863     
 Abd=   9278.748    
 Catch=   23.1758042791537     
 Abd=            NaN
 Catch=                     NaN
 Abd=   118243.9    
 Catch=   339.245959440697     
 Abd=   34701.56    
 Catch=   2190.52511156431     
 Abd=            NaN
 Catch=                     NaN
 Abd=   2497.679    
 Catch=   73.6736186806291     
 Abd=            NaN
 Catch=                     NaN
 Abd=   38851.01    
 Catch=   317.445979069804     
 Abd=            NaN
 Catch=                     NaN
 Abd=   1674.535    
 Catch=   7.36911412392353     
 Abd=   1425463.    
 Catch=   3573.14215634078     
 Abd=   127535.1    
 Catch=   1517.07345844387     
 Abd=   105865.5    
 Catch=   264.238432716399     
 Abd=            NaN
 Catch=                     NaN
 Abd=   22371.86    
 Catch=   454.977783022479     
 Abd=   18257.51    
 Catch=   1373.87396627560     
 Abd=   849310.0    
 Catch=   2351.80454954904     
 Abd=   157788.7    
 Catch=   2429.75474764003     
 Abd=   21382.64    
 Catch=   545.128573494356     
 Abd=   4379020.    
 Catch=   17463.9519486101     
 Time step =         1949
 Abd=   61764.43    
 Catch=   405.209758631312     
 Abd=   9962.593    
 Catch=   61.1613564617246     
 Abd=   14202.66    
 Catch=   564.163951517925     
 Abd=   6993.017    
 Catch=   17.4440341726785     
 Abd=   45666.99    
 Catch=   570.048685552001     
 Abd=   36.49184    
 Catch=  0.378656589814804     
 Abd=            NaN
 Catch=                     NaN
 Abd=            NaN
 Catch=                     NaN
 Abd=   232152.1    
 Catch=   579.141983888497     
 Abd=   1897.494    
 Catch=   331.529001002015     
 Abd=   206812.4    
 Catch=   1469.22514005663     
 Abd=   9285.861    
 Catch=   23.2766580878231     
 Abd=            NaN
 Catch=                     NaN
 Abd=   118242.1    
 Catch=   339.453347110992     
 Abd=   30419.34    
 Catch=   2379.52464432078     
 Abd=            NaN
 Catch=                     NaN
 Abd=   2591.504    
 Catch=   74.4073477191763     
 Abd=            NaN
 Catch=                     NaN
 Abd=   39550.37    
 Catch=   322.159881022705     
 Abd=            NaN
 Catch=                     NaN
 Abd=   1679.814    
 Catch=   7.38270350415934     
 Abd=   1431823.    
 Catch=   3559.46486143600     
 Abd=   127711.2    
 Catch=   1531.15214945111     
 Abd=   105880.1    
 Catch=   264.276231881343     
 Abd=            NaN
 Catch=                     NaN
 Abd=   23072.75    
 Catch=   472.035973460181     
 Abd=   19266.13    
 Catch=   1359.54334578433     
 Abd=   833689.1    
 Catch=   2324.36984212996     
 Abd=   157128.1    
 Catch=   2364.91782104892     
 Abd=   22191.57    
 Catch=   571.163634006079     
 Abd=   4377644.    
 Catch=   17457.2498917507     
 Time step =         1950
 Abd=   61913.50    
 Catch=   407.186577313927     
 Abd=   9404.102    
 Catch=   60.5117983326021     
 Abd=   14713.01    
 Catch=   568.694842718136     
 Abd=   6990.152    
 Catch=   17.4654256736064     
 Abd=   45990.68    
 Catch=   571.482209644762     
 Abd=   35.71040    
 Catch=  0.378172289766262     
 Abd=            NaN
 Catch=                     NaN
 Abd=            NaN
 Catch=                     NaN
 Abd=   232058.3    
 Catch=   579.255860650062     
 Abd=   1807.879    
 Catch=   335.261640776970     
 Abd=   200113.8    
 Catch=   1391.05067730443     
 Abd=   9326.961    
 Catch=   23.4151654283494     
 Abd=            NaN
 Catch=                     NaN
 Abd=   118316.2    
 Catch=   339.133471211255     
 Abd=   33104.52    
 Catch=   2628.21077210308     
 Abd=            NaN
 Catch=                     NaN
 Abd=   2616.691    
 Catch=   72.7563057710051     
 Abd=            NaN
 Catch=                     NaN
 Abd=   40135.59    
 Catch=   325.905986461931     
 Abd=            NaN
 Catch=                     NaN
 Abd=   1682.876    
 Catch=   7.40600084619495     
 Abd=   1426102.    
 Catch=   3546.27831156165     
 Abd=   128914.3    
 Catch=   1530.70756719969     
 Abd=   105894.4    
 Catch=   263.876217313246     
 Abd=            NaN
 Catch=                     NaN
 Abd=   23941.51    
 Catch=   482.475732579635     
 Abd=   19057.34    
 Catch=   1409.26596725377     
 Abd=   824147.4    
 Catch=   2299.07614123858     
 Abd=   152875.7    
 Catch=   2322.84487819620     
 Abd=   23257.23    
 Catch=   580.893863518629     
 Abd=   4375958.    
 Catch=   17474.8768095010     
 Time step =         1951
 Abd=   62218.73    
 Catch=   411.114085163579     
 Abd=   9313.002    
 Catch=   64.0469843365319     
 Abd=   14824.51    
 Catch=   545.429488950376     
 Abd=   6998.923    
 Catch=   17.4643207957618     
 Abd=   46101.98    
 Catch=   572.728556780059     
 Abd=   35.67850    
 Catch=  0.374156747391349     
 Abd=            NaN
 Catch=                     NaN
 Abd=            NaN
 Catch=                     NaN
 Abd=   232107.0    
 Catch=   579.368358637546     
 Abd=   1828.239    
 Catch=   350.895947331459     
 Abd=   189336.2    
 Catch=   1332.15433208668     
 Abd=   9382.756    
 Catch=   23.4522892423710     
 Abd=            NaN
 Catch=                     NaN
 Abd=   118200.8    
 Catch=   338.998809967513     
 Abd=   36537.41    
 Catch=   2085.30142800660     
 Abd=            NaN
 Catch=                     NaN
 Abd=   2557.646    
 Catch=   77.1695026388822     
 Abd=            NaN
 Catch=                     NaN
 Abd=   40599.40    
 Catch=   325.063902495539     
 Abd=            NaN
 Catch=                     NaN
 Abd=   1688.229    
 Catch=   7.38761786624680     
 Abd=   1420825.    
 Catch=   3546.04463023977     
 Abd=   128854.8    
 Catch=   1523.50230179930     
 Abd=   105730.5    
 Catch=   263.562302946668     
 Abd=            NaN
 Catch=                     NaN
 Abd=   24462.02    
 Catch=   462.760401094770     
 Abd=   19756.55    
 Catch=   1350.61437219257     
 Abd=   815189.9    
 Catch=   2279.89154260361     
 Abd=   150175.9    
 Catch=   2296.72072739009     
 Abd=   23636.88    
 Catch=   548.235954505474     
 Abd=   4380500.    
 Catch=   17532.4030641122     
 Time step =         1952
 Abd=   62824.38    
 Catch=   412.658813477951     
 Abd=   9870.045    
 Catch=   61.6501014772629     
 Abd=   14210.10    
 Catch=   529.996972354636     
 Abd=   6998.215    
 Catch=   17.4843233972039     
 Abd=   46202.22    
 Catch=   564.395561163657     
 Abd=   35.29303    
 Catch=  0.376709318408600     
 Abd=            NaN
 Catch=                     NaN
 Abd=            NaN
 Catch=                     NaN
 Abd=   232152.8    
 Catch=   579.032228754479     
 Abd=   1913.530    
 Catch=   340.321813355824     
 Abd=   181363.2    
 Catch=   1259.91500252375     
 Abd=   9396.779    
 Catch=   23.6133686023790     
 Abd=            NaN
 Catch=                     NaN
 Abd=   118155.1    
 Catch=   339.104365360853     
 Abd=   28932.94    
 Catch=   2178.39823094243     
 Abd=            NaN
 Catch=                     NaN
 Abd=   2716.208    
 Catch=   75.0833429613982     
 Abd=            NaN
 Catch=                     NaN
 Abd=   40483.42    
 Catch=   322.256142358917     
 Abd=            NaN
 Catch=                     NaN
 Abd=   1683.844    
 Catch=   7.38969130123251     
 Abd=   1420839.    
 Catch=   3548.35890848198     
 Abd=   128240.1    
 Catch=   1507.30964215827     
 Abd=   105605.4    
 Catch=   263.530270923906     
 Abd=            NaN
 Catch=                     NaN
 Abd=   23439.36    
 Catch=   453.953251412888     
 Abd=   18927.79    
 Catch=   1324.44600256720     
 Abd=   808423.5    
 Catch=   2256.06934410860     
 Abd=   148505.1    
 Catch=   2261.92611202156     
 Abd=   22285.52    
 Catch=   536.233725228866     
 Abd=   4395122.    
 Catch=   17602.6541430953     
 Time step =         1953
 Abd=   63052.24    
 Catch=   415.777610211891     
 Abd=   9482.129    
 Catch=   61.1699820006036     
 Abd=   13810.25    
 Catch=   548.718791234167     
 Abd=   7005.527    
 Catch=   17.4014003523493     
 Abd=   45517.66    
 Catch=   566.163907979317     
 Abd=   35.54542    
 Catch=  0.380014565746243     
 Abd=            NaN
 Catch=                     NaN
 Abd=            NaN
 Catch=                     NaN
 Abd=   232012.7    
 Catch=   578.883361262804     
 Abd=   1855.800    
 Catch=   351.993727120611     
 Abd=   171489.4    
 Catch=   1230.04493271286     
 Abd=   9462.369    
 Catch=   23.7905919082770     
 Abd=            NaN
 Catch=                     NaN
 Abd=   118193.6    
 Catch=   339.246822522715     
 Abd=   30267.39    
 Catch=   2462.07046505594     
 Abd=            NaN
 Catch=                     NaN
 Abd=   2638.574    
 Catch=   75.2371067577456     
 Abd=            NaN
 Catch=                     NaN
 Abd=   40129.28    
 Catch=   326.217068853047     
 Abd=            NaN
 Catch=                     NaN
 Abd=   1684.414    
 Catch=   7.42487588191171     
 Abd=   1421784.    
 Catch=   3540.29064170168     
 Abd=   126862.2    
 Catch=   1492.93749764301     
 Abd=   105594.9    
 Catch=   263.317754377030     
 Abd=            NaN
 Catch=                     NaN
 Abd=   23001.68    
 Catch=   457.686630076998     
 Abd=   18562.70    
 Catch=   1400.81685359464     
 Abd=   799951.8    
 Catch=   2241.49271350882     
 Abd=   146243.7    
 Catch=   2285.63826520409     
 Abd=   21808.99    
 Catch=   543.769634149520     
 Abd=   4412792.    
 Catch=   17628.0019619139     
 Time step =         1954
 Abd=   63535.09    
 Catch=   418.335985778460     
 Abd=   9414.207    
 Catch=   58.0396420303910     
 Abd=   14309.23    
 Catch=   547.318727225944     
 Abd=   6972.437    
 Catch=   17.4669203579095     
 Abd=   45674.38    
 Catch=   571.870492543283     
 Abd=   35.85825    
 Catch=  0.370113054430750     
 Abd=            NaN
 Catch=                     NaN
 Abd=            NaN
 Catch=                     NaN
 Abd=   231954.7    
 Catch=   578.151588519476     
 Abd=   1919.491    
 Catch=   350.728364376599     
 Abd=   167525.7    
 Catch=   1171.51659591940     
 Abd=   9533.490    
 Catch=   23.9982254725978     
 Abd=            NaN
 Catch=                     NaN
 Abd=   118243.6    
 Catch=   339.559793607306     
 Abd=   34236.46    
 Catch=   2246.56152650640     
 Abd=            NaN
 Catch=                     NaN
 Abd=   2645.250    
 Catch=   76.3755483900008     
 Abd=            NaN
 Catch=                     NaN
 Abd=   40638.74    
 Catch=   327.832187899939     
 Abd=            NaN
 Catch=                     NaN
 Abd=   1692.585    
 Catch=   7.43392922829546     
 Abd=   1418466.    
 Catch=   3540.36668352869     
 Abd=   125656.1    
 Catch=   1479.14071910605     
 Abd=   105508.3    
 Catch=   263.286245367300     
 Abd=            NaN
 Catch=                     NaN
 Abd=   23200.67    
 Catch=   451.141217385275     
 Abd=   19644.31    
 Catch=   1392.77493654482     
 Abd=   794833.9    
 Catch=   2210.26218985164     
 Abd=   147844.2    
 Catch=   2305.96632506689     
 Abd=   22127.37    
 Catch=   534.619229828228     
 Abd=   4418917.    
 Catch=   17654.2239630892     
 Time step =         1955
 Abd=   63924.45    
 Catch=   418.919752443892     
 Abd=   8925.326    
 Catch=   56.0917175463005     
 Abd=   14265.53    
 Catch=   543.548659455036     
 Abd=   6998.898    
 Catch=   17.5520656458673     
 Abd=   46139.48    
 Catch=   572.293512141901     
 Abd=   34.90157    
 Catch=  0.364289396196359     
 Abd=            NaN
 Catch=                     NaN
 Abd=            NaN
 Catch=                     NaN
 Abd=   231658.5    
 Catch=   577.957763869635     
 Abd=   1912.574    
 Catch=   388.913996403291     
 Abd=   159478.4    
 Catch=   1142.82141497075     
 Abd=   9616.935    
 Catch=   24.1519426263466     
 Abd=            NaN
 Catch=                     NaN
 Abd=   118353.8    
 Catch=   339.924322750139     
 Abd=   31190.24    
 Catch=   2149.63670748220     
 Abd=            NaN
 Catch=                     NaN
 Abd=   2685.623    
 Catch=   83.2926341514125     
 Abd=            NaN
 Catch=                     NaN
 Abd=   40833.70    
 Catch=   326.729089165851     
 Abd=            NaN
 Catch=                     NaN
 Abd=   1694.524    
 Catch=   7.44122484775865     
 Abd=   1418565.    
 Catch=   3573.15615283752     
 Abd=   124494.7    
 Catch=   1479.49222282318     
 Abd=   105497.2    
 Catch=   264.336471915576     
 Abd=            NaN
 Catch=                     NaN
 Abd=   22860.48    
 Catch=   443.961122814139     
 Abd=   19522.71    
 Catch=   1540.89589679690     
 Abd=   783636.8    
 Catch=   2191.23333138539     
 Abd=   149152.6    
 Catch=   2329.59220916156     
 Abd=   21744.30    
 Catch=   524.646506925262     
 Abd=   4425512.    
 Catch=   17698.3342959766     
 Time step =         1956
 Abd=   64006.68    
 Catch=   422.528298477786     
 Abd=   8628.395    
 Catch=   58.1050249505176     
 Abd=   14166.72    
 Catch=   545.527845984817     
 Abd=   7034.026    
 Catch=   17.3315257603319     
 Abd=   46167.03    
 Catch=   572.140811613518     
 Abd=   34.35987    
 Catch=  0.369949338713467     
 Abd=            NaN
 Catch=                     NaN
 Abd=            NaN
 Catch=                     NaN
 Abd=   231582.5    
 Catch=   577.615415023154     
 Abd=   2120.912    
 Catch=   305.152390661649     
 Abd=   155644.8    
 Catch=   1112.20732435615     
 Abd=   9678.065    
 Catch=   24.3465893558242     
 Abd=            NaN
 Catch=                     NaN
 Abd=   118481.9    
 Catch=   338.818241527426     
 Abd=   29851.07    
 Catch=   1983.88577961501     
 Abd=            NaN
 Catch=                     NaN
 Abd=   2932.436    
 Catch=   74.5322769992844     
 Abd=            NaN
 Catch=                     NaN
 Abd=   40690.13    
 Catch=   323.216787926335     
 Abd=            NaN
 Catch=                     NaN
 Abd=   1696.180    
 Catch=   7.43347178746442     
 Abd=   1431977.    
 Catch=   3559.90306613155     
 Abd=   124547.5    
 Catch=   1483.68332237822     
 Abd=   105927.0    
 Catch=   263.862730070339     
 Abd=            NaN
 Catch=                     NaN
 Abd=   22496.64    
 Catch=   448.332655337055     
 Abd=   21615.73    
 Catch=   1282.96358774631     
 Abd=   776955.7    
 Catch=   2159.18532880946     
 Abd=   150684.3    
 Catch=   2312.45909041636     
 Abd=   21339.53    
 Catch=   531.008329719981     
 Abd=   4436648.    
 Catch=   17719.9560287627     
 Time step =         1957
 Abd=   64566.75    
 Catch=   421.123522665438     
 Abd=   8950.193    
 Catch=   59.1751500147736     
 Abd=   14220.61    
 Catch=   552.661624642851     
 Abd=   6944.281    
 Catch=   17.0709512476607     
 Abd=   46153.89    
 Catch=   560.393858666682     
 Abd=   34.91315    
 Catch=  0.378675056335055     
 Abd=            NaN
 Catch=                     NaN
 Abd=            NaN
 Catch=                     NaN
 Abd=   231446.4    
 Catch=   577.691626443877     
 Abd=   1663.893    
 Catch=   305.507838980886     
 Abd=   151469.4    
 Catch=   1107.49857913402     
 Abd=   9756.406    
 Catch=   24.5187692320788     
 Abd=            NaN
 Catch=                     NaN
 Abd=   118085.8    
 Catch=   335.869507236089     
 Abd=   27553.83    
 Catch=   2226.36759088814     
 Abd=            NaN
 Catch=                     NaN
 Abd=   2616.848    
 Catch=   67.4920512874043     
 Abd=            NaN
 Catch=                     NaN
 Abd=   40247.64    
 Catch=   321.890511286181     
 Abd=            NaN
 Catch=                     NaN
 Abd=   1694.346    
 Catch=   7.43783067727121     
 Abd=   1426280.    
 Catch=   3505.03840556365     
 Abd=   124905.9    
 Catch=   1488.49941382793     
 Abd=   105724.5    
 Catch=   261.892096355314     
 Abd=            NaN
 Catch=                     NaN
 Abd=   22727.23    
 Catch=   450.192476581285     
 Abd=   17968.96    
 Catch=   1257.05283652105     
 Abd=   765437.3    
 Catch=   2164.15414696428     
 Abd=   149528.9    
 Catch=   2332.83683625537     
 Abd=   21606.90    
 Catch=   528.453285802021     
 Abd=   4441948.    
 Catch=   17754.8454609124     
 Time step =         1958
 Abd=   64338.50    
 Catch=   421.910858950290     
 Abd=   9111.594    
 Catch=   57.7475669080674     
 Abd=   14407.96    
 Catch=   547.023706832792     
 Abd=   6838.708    
 Catch=   16.9017608739159     
 Abd=   45190.83    
 Catch=   565.680201715927     
 Abd=   35.74203    
 Catch=  0.381987332903033     
 Abd=            NaN
 Catch=                     NaN
 Abd=            NaN
 Catch=                     NaN
 Abd=   231480.6    
 Catch=   576.975143033472     
 Abd=   1666.089    
 Catch=   357.242472167609     
 Abd=   150906.7    
 Catch=   1081.35337968699     
 Abd=   9825.197    
 Catch=   24.6138211984786     
 Abd=            NaN
 Catch=                     NaN
 Abd=   117046.4    
 Catch=   335.804310972870     
 Abd=   30973.18    
 Catch=   2496.48628899300     
 Abd=            NaN
 Catch=                     NaN
 Abd=   2371.211    
 Catch=   73.8697681796082     
 Abd=            NaN
 Catch=                     NaN
 Abd=   40087.36    
 Catch=   322.942829728772     
 Abd=            NaN
 Catch=                     NaN
 Abd=   1695.393    
 Catch=   7.41989849895015     
 Abd=   1403975.    
 Catch=   3505.22773498034     
 Abd=   125315.1    
 Catch=   1492.30421032648     
 Abd=   104923.6    
 Catch=   261.767235300481     
 Abd=            NaN
 Catch=                     NaN
 Abd=   22818.89    
 Catch=   445.328984028686     
 Abd=   17635.88    
 Catch=   1379.69981800911     
 Abd=   767559.5    
 Catch=   2147.12469775179     
 Abd=   150891.8    
 Catch=   2351.36309541825     
 Abd=   21497.13    
 Catch=   526.946565482215     
 Abd=   4450762.    
 Catch=   17767.7587003176     
 Time step =         1959
 Abd=   64465.27    
 Catch=   423.586763130870     
 Abd=   8884.789    
 Catch=   55.5592542172055     
 Abd=   14257.33    
 Catch=   563.364861710445     
 Abd=   6771.491    
 Catch=   16.7117397190629     
 Abd=   45640.31    
 Catch=   571.137772025170     
 Abd=   36.04508    
 Catch=  0.383683682628375     
 Abd=            NaN
 Catch=                     NaN
 Abd=            NaN
 Catch=                     NaN
 Abd=   231185.3    
 Catch=   576.483166069907     
 Abd=   1948.324    
 Catch=   363.855907230740     
 Abd=   147279.8    
 Catch=   1054.23932181129     
 Abd=   9862.640    
 Catch=   24.6698130347607     
 Abd=            NaN
 Catch=                     NaN
 Abd=   117042.8    
 Catch=   336.913463502547     
 Abd=   34731.22    
 Catch=   2251.59061088946     
 Abd=            NaN
 Catch=                     NaN
 Abd=   2601.186    
 Catch=   79.6265245755287     
 Abd=            NaN
 Catch=                     NaN
 Abd=   40224.01    
 Catch=   326.879509903671     
 Abd=            NaN
 Catch=                     NaN
 Abd=   1691.204    
 Catch=   7.39009098898060     
 Abd=   1404495.    
 Catch=   3523.49605689202     
 Abd=   125631.0    
 Catch=   1491.76430333699     
 Abd=   104889.1    
 Catch=   262.636312967736     
 Abd=            NaN
 Catch=                     NaN
 Abd=   22567.98    
 Catch=   456.615499598694     
 Abd=   19357.32    
 Catch=   1442.67121693717     
 Abd=   761346.4    
 Catch=   2119.78201419564     
 Abd=   152086.8    
 Catch=   2321.73133661956     
 Abd=   21438.07    
 Catch=   540.636635442770     
 Abd=   4453888.    
 Catch=   17789.7148876934     
 Time step =         1960
 Abd=   64722.48    
 Catch=   427.070709541713     
 Abd=   8546.041    
 Catch=   55.8271950773049     
 Abd=   14690.28    
 Catch=   581.777917489123     
 Abd=   6694.357    
 Catch=   16.5167413952447     
 Abd=   46080.23    
 Catch=   574.746442733357     
 Abd=   36.20156    
 Catch=  0.386325341684373     
 Abd=            NaN
 Catch=                     NaN
 Abd=            NaN
 Catch=                     NaN
 Abd=   230990.8    
 Catch=   575.492593940859     
 Abd=   1984.186    
 Catch=   361.655078114984     
 Abd=   143579.9    
 Catch=   1037.52338365923     
 Abd=   9884.762    
 Catch=   24.7482758865734     
 Abd=            NaN
 Catch=                     NaN
 Abd=   117437.2    
 Catch=   338.733974584858     
 Abd=   31291.38    
 Catch=   2307.89377315903     
 Abd=            NaN
 Catch=                     NaN
 Abd=   2802.568    
 Catch=   79.8606299047057     
 Abd=            NaN
 Catch=                     NaN
 Abd=   40720.92    
 Catch=   331.692213406355     
 Abd=            NaN
 Catch=                     NaN
 Abd=   1684.363    
 Catch=   7.39988925456736     
 Abd=   1411957.    
 Catch=   3523.56587352228     
 Abd=   125577.2    
 Catch=   1494.18008429792     
 Abd=   105245.1    
 Catch=   263.451391571062     
 Abd=            NaN
 Catch=                     NaN
 Abd=   23153.57    
 Catch=   470.703206936777     
 Abd=   20227.66    
 Catch=   1467.21844870376     
 Abd=   751593.3    
 Catch=   2101.30016753269     
 Abd=   150115.5    
 Catch=   2310.69137441556     
 Abd=   22005.52    
 Catch=   556.484713298109     
 Abd=   4459440.    
 Catch=   17819.2221853929     
 Time step =         1961
 Abd=   65260.44    
 Catch=   426.763871177125     
 Abd=   8594.005    
 Catch=   55.4506719837175     
 Abd=   15170.15    
 Catch=   533.096996000982     
 Abd=   6617.125    
 Catch=   16.3316647073807     
 Abd=   46368.33    
 Catch=   576.850276006727     
 Abd=   36.45279    
 Catch=  0.384031441076180     
 Abd=            NaN
 Catch=                     NaN
 Abd=            NaN
 Catch=                     NaN
 Abd=   230591.3    
 Catch=   575.430521290469     
 Abd=   1972.173    
 Catch=   370.072838776667     
 Abd=   141330.7    
 Catch=   1016.72732721186     
 Abd=   9916.393    
 Catch=   24.8405712437841     
 Abd=            NaN
 Catch=                     NaN
 Abd=   118076.7    
 Catch=   340.422459793073     
 Abd=   32100.21    
 Catch=   2519.33584506325     
 Abd=            NaN
 Catch=                     NaN
 Abd=   2807.901    
 Catch=   82.3703921210395     
 Abd=            NaN
 Catch=                     NaN
 Abd=   41322.16    
 Catch=   326.242695417903     
 Abd=            NaN
 Catch=                     NaN
 Abd=   1686.776    
 Catch=   7.36522118074742     
 Abd=   1411830.    
 Catch=   3530.36154801167     
 Abd=   125786.4    
 Catch=   1471.27487988736     
 Abd=   105570.2    
 Catch=   264.158512330518     
 Abd=            NaN
 Catch=                     NaN
 Abd=   23869.39    
 Catch=   433.674105356681     
 Abd=   20572.60    
 Catch=   1489.92053283683     
 Abd=   745074.5    
 Catch=   2072.86334540678     
 Abd=   149423.3    
 Catch=   2328.32804848317     
 Abd=   22650.97    
 Catch=   502.140572224623     
 Abd=   4466876.    
 Catch=   17875.1444647900     
 Time step =         1962
 Abd=   65202.25    
 Catch=   428.353967169734     
 Abd=   8534.059    
 Catch=   55.2166462450449     
 Abd=   13883.09    
 Catch=   528.037554234137     
 Abd=   6542.995    
 Catch=   16.1969252647216     
 Abd=   46536.42    
 Catch=   580.608804015217     
 Abd=   36.22791    
 Catch=  0.370907045665610     
 Abd=            NaN
 Catch=                     NaN
 Abd=            NaN
 Catch=                     NaN
 Abd=   230573.2    
 Catch=   575.963111928198     
 Abd=   2018.085    
 Catch=   368.836812521405     
 Abd=   138484.7    
 Catch=   996.738669632560     
 Abd=   9953.483    
 Catch=   24.9989217773813     
 Abd=            NaN
 Catch=                     NaN
 Abd=   118664.0    
 Catch=   341.352775287438     
 Abd=   35034.00    
 Catch=   2143.37106735602     
 Abd=            NaN
 Catch=                     NaN
 Abd=   2897.212    
 Catch=   81.7708677522677     
 Abd=            NaN
 Catch=                     NaN
 Abd=   40619.22    
 Catch=   324.345425901022     
 Abd=            NaN
 Catch=                     NaN
 Abd=   1678.667    
 Catch=   7.35869680374741     
 Abd=   1414611.    
 Catch=   3553.48479112408     
 Abd=   123820.0    
 Catch=   1452.84513694175     
 Abd=   105852.5    
 Catch=   264.921343796327     
 Abd=            NaN
 Catch=                     NaN
 Abd=   21952.78    
 Catch=   427.178646250018     
 Abd=   20888.80    
 Catch=   1439.75885444141     
 Abd=   734945.1    
 Catch=   2045.15035692171     
 Abd=   150595.5    
 Catch=   2293.96450720659     
 Abd=   20399.58    
 Catch=   500.399315900399     
 Abd=   4481026.    
 Catch=   17905.5058792189     
 Time step =         1963
 Abd=   65452.12    
 Catch=   428.861513479175     
 Abd=   8498.494    
 Catch=   54.6450130839372     
 Abd=   13763.77    
 Catch=   534.849570127234     
 Abd=   6489.498    
 Catch=   16.0830192400528     
 Abd=   46843.21    
 Catch=   578.018745707136     
 Abd=   34.97108    
 Catch=  0.361358437458882     
 Abd=            NaN
 Catch=                     NaN
 Abd=            NaN
 Catch=                     NaN
 Abd=   230789.2    
 Catch=   576.039236975620     
 Abd=   2011.312    
 Catch=   347.717947167090     
 Abd=   135763.9    
 Catch=   997.620857681046     
 Abd=   10017.48    
 Catch=   25.2072722954903     
 Abd=            NaN
 Catch=                     NaN
 Abd=   118982.9    
 Catch=   341.890014026141     
 Abd=   29736.37    
 Catch=   2279.72681954533     
 Abd=            NaN
 Catch=                     NaN
 Abd=   2874.640    
 Catch=   81.8548590645541     
 Abd=            NaN
 Catch=                     NaN
 Abd=   40391.70    
 Catch=   323.603758042957     
 Abd=            NaN
 Catch=                     NaN
 Abd=   1677.308    
 Catch=   7.35270170815925     
 Abd=   1424010.    
 Catch=   3564.21445878095     
 Abd=   122275.9    
 Catch=   1450.32147527385     
 Abd=   106158.7    
 Catch=   265.386683898212     
 Abd=            NaN
 Catch=                     NaN
 Abd=   21647.18    
 Catch=   432.246632773710     
 Abd=   20177.40    
 Catch=   1394.89201617612     
 Abd=   725117.5    
 Catch=   2041.11579580493     
 Abd=   148317.2    
 Catch=   2307.67539439355     
 Abd=   20358.15    
 Catch=   510.404595556710     
 Abd=   4488502.    
 Catch=   17930.4115517054     
 Time step =         1964
 Abd=   65525.87    
 Catch=   427.051719505777     
 Abd=   8409.521    
 Catch=   56.0152773264443     
 Abd=   13943.54    
 Catch=   528.467972102156     
 Abd=   6443.907    
 Catch=   15.8814290628477     
 Abd=   46623.90    
 Catch=   568.507126370126     
 Abd=   34.07648    
 Catch=  0.371205534194903     
 Abd=            NaN
 Catch=                     NaN
 Abd=            NaN
 Catch=                     NaN
 Abd=   230818.5    
 Catch=   575.912868911991     
 Abd=   1896.101    
 Catch=   339.831186556099     
 Abd=   135907.4    
 Catch=   1003.43157774816     
 Abd=   10101.37    
 Catch=   25.5024103277218     
 Abd=            NaN
 Catch=                     NaN
 Abd=   119167.3    
 Catch=   341.973072437846     
 Abd=   31715.64    
 Catch=   2608.26831086034     
 Abd=            NaN
 Catch=                     NaN
 Abd=   2877.680    
 Catch=   78.5441146959694     
 Abd=            NaN
 Catch=                     NaN
 Abd=   40301.96    
 Catch=   320.198962402543     
 Abd=            NaN
 Catch=                     NaN
 Abd=   1675.943    
 Catch=   7.35929048165343     
 Abd=   1428204.    
 Catch=   3542.80725546705     
 Abd=   122088.3    
 Catch=   1451.29333111618     
 Abd=   106342.6    
 Catch=   264.975574919870     
 Abd=            NaN
 Catch=                     NaN
 Abd=   21913.11    
 Catch=   434.809757320937     
 Abd=   19548.40    
 Catch=   1384.75728828880     
 Abd=   723836.0    
 Catch=   1997.06911078148     
 Abd=   149264.1    
 Catch=   2311.99361391863     
 Abd=   20771.80    
 Catch=   516.989608689307     
 Abd=   4494723.    
 Catch=   17894.0579840984     
 Time step =         1965
 Abd=   65241.58    
 Catch=   425.531739194695     
 Abd=   8626.339    
 Catch=   53.0482349234429     
 Abd=   13772.94    
 Catch=   520.117140098474     
 Abd=   6362.438    
 Catch=   15.7496129886886     
 Abd=   45847.84    
 Catch=   565.819332792016     
 Abd=   35.03964    
 Catch=  0.377942367692107     
 Abd=            NaN
 Catch=                     NaN
 Abd=            NaN
 Catch=                     NaN
 Abd=   230766.2    
 Catch=   575.682453292862     
 Abd=   1853.130    
 Catch=   376.696369176448     
 Abd=   136751.8    
 Catch=   1003.49979991955     
 Abd=   10220.34    
 Catch=   25.7286616567505     
 Abd=            NaN
 Catch=                     NaN
 Abd=   119193.2    
 Catch=   342.853174777893     
 Abd=   36258.46    
 Catch=   2513.40680271140     
 Abd=            NaN
 Catch=                     NaN
 Abd=   2759.675    
 Catch=   82.7598658059081     
 Abd=            NaN
 Catch=                     NaN
 Abd=   39871.90    
 Catch=   315.511637054927     
 Abd=            NaN
 Catch=                     NaN
 Abd=   1677.501    
 Catch=   7.35114362339082     
 Abd=   1419365.    
 Catch=   3554.69919153000     
 Abd=   122174.1    
 Catch=   1449.39397730857     
 Abd=   106170.9    
 Catch=   265.407416476815     
 Abd=            NaN
 Catch=                     NaN
 Abd=   22041.12    
 Catch=   428.768972963743     
 Abd=   19410.95    
 Catch=   1511.29010145172     
 Abd=   707836.9    
 Catch=   1989.10942348617     
 Abd=   149522.6    
 Catch=   2329.56853368702     
 Abd=   21037.53    
 Catch=   505.412468605136     
 Abd=   4485300.    
 Catch=   17812.1873346783     
 Time step =         1966
 Abd=   65010.11    
 Catch=   421.779770196790     
 Abd=   8157.000    
 Catch=   55.3055328685572     
 Abd=   13554.90    
 Catch=   529.188683381556     
 Abd=   6309.239    
 Catch=   15.6324440053947     
 Abd=   45641.09    
 Catch=   568.742093580558     
 Abd=   35.66883    
 Catch=  0.376878842297602     
 Abd=            NaN
 Catch=                     NaN
 Abd=            NaN
 Catch=                     NaN
 Abd=   230674.2    
 Catch=   574.765081802862     
 Abd=   2054.282    
 Catch=   384.151020643476     
 Abd=   136734.8    
 Catch=   1000.15259915424     
 Abd=   10310.39    
 Catch=   25.8764825629730     
 Abd=            NaN
 Catch=                     NaN
 Abd=   119505.9    
 Catch=   343.408783999394     
 Abd=   34907.28    
 Catch=   2148.01755273481     
 Abd=            NaN
 Catch=                     NaN
 Abd=   2911.928    
 Catch=   89.1897637920013     
 Abd=            NaN
 Catch=                     NaN
 Abd=   39285.20    
 Catch=   314.945327493529     
 Abd=            NaN
 Catch=                     NaN
 Abd=   1675.576    
 Catch=   7.34502132787016     
 Abd=   1424408.    
 Catch=   3586.62927769949     
 Abd=   122008.9    
 Catch=   1451.95028910266     
 Abd=   106351.0    
 Catch=   266.308505123603     
 Abd=            NaN
 Catch=                     NaN
 Abd=   21727.34    
 Catch=   427.866398551528     
 Abd=   21199.38    
 Catch=   1546.48508666022     
 Abd=   705407.0    
 Catch=   1968.56766113327     
 Abd=   150681.2    
 Catch=   2321.66764219578     
 Abd=   20555.04    
 Catch=   508.112061940757     
 Abd=   4464561.    
 Catch=   17695.5566674640     
 Time step =         1967
 Abd=   64430.61    
 Catch=   419.475006777361     
 Abd=   8520.521    
 Catch=   55.6004643462377     
 Abd=   13797.05    
 Catch=   538.676519484231     
 Abd=   6262.346    
 Catch=   15.4709529123693     
 Abd=   45884.63    
 Catch=   573.328607510917     
 Abd=   35.55516    
 Catch=  0.381821785567839     
 Abd=            NaN
 Catch=                     NaN
 Abd=            NaN
 Catch=                     NaN
 Abd=   230299.3    
 Catch=   574.523205542232     
 Abd=   2094.846    
 Catch=   334.833048456624     
 Abd=   136269.5    
 Catch=   992.383335693506     
 Abd=   10368.97    
 Catch=   25.9706937258113     
 Abd=            NaN
 Catch=                     NaN
 Abd=   119697.1    
 Catch=   342.576913294365     
 Abd=   29800.87    
 Catch=   2007.29187442622     
 Abd=            NaN
 Catch=                     NaN
 Abd=   3139.287    
 Catch=   82.8782066728451     
 Abd=            NaN
 Catch=                     NaN
 Abd=   39224.62    
 Catch=   316.207403134566     
 Abd=            NaN
 Catch=                     NaN
 Abd=   1674.191    
 Catch=   7.32296576039408     
 Abd=   1437362.    
 Catch=   3599.10194292222     
 Abd=   122230.8    
 Catch=   1441.96667564327     
 Abd=   106716.8    
 Catch=   266.373160168628     
 Abd=            NaN
 Catch=                     NaN
 Abd=   21687.05    
 Catch=   441.227858417983     
 Abd=   21684.53    
 Catch=   1358.20544407201     
 Abd=   697899.9    
 Catch=   1958.14862666445     
 Abd=   150136.1    
 Catch=   2329.61920083679     
 Abd=   20675.03    
 Catch=   527.769133282029     
 Abd=   4435156.    
 Catch=   17626.5037368083     
 Time step =         1968
 Abd=   64083.84    
 Catch=   418.666451897062     
 Abd=   8558.973    
 Catch=   54.1790873822792     
 Abd=   14044.47    
 Catch=   553.167981624974     
 Abd=   6198.177    
 Catch=   15.2471555506554     
 Abd=   46256.05    
 Catch=   569.150505229855     
 Abd=   36.03209    
 Catch=  0.378487086241634     
 Abd=            NaN
 Catch=                     NaN
 Abd=            NaN
 Catch=                     NaN
 Abd=   230208.7    
 Catch=   574.209683203947     
 Abd=   1825.782    
 Catch=   325.688647428298     
 Abd=   135200.1    
 Catch=   988.818019109525     
 Abd=   10406.29    
 Catch=   25.8860772575940     
 Abd=            NaN
 Catch=                     NaN
 Abd=   119397.2    
 Catch=   341.125591682039     
 Abd=   27891.87    
 Catch=   2263.10380323755     
 Abd=            NaN
 Catch=                     NaN
 Abd=   2910.900    
 Catch=   75.1363721312341     
 Abd=            NaN
 Catch=                     NaN
 Abd=   39385.88    
 Catch=   318.509862250541     
 Abd=            NaN
 Catch=                     NaN
 Abd=   1669.093    
 Catch=   7.34150936272442     
 Abd=   1442198.    
 Catch=   3567.57876011199     
 Abd=   121372.7    
 Catch=   1447.68995580181     
 Abd=   106734.6    
 Catch=   265.374676273970     
 Abd=            NaN
 Catch=                     NaN
 Abd=   22376.03    
 Catch=   453.121522818177     
 Abd=   19024.26    
 Catch=   1322.08336588498     
 Abd=   694389.6    
 Catch=   1960.24197621837     
 Abd=   150670.4    
 Catch=   2385.09277360119     
 Abd=   21485.73    
 Catch=   546.142521021765     
 Abd=   4418082.    
 Catch=   17546.0054371622     
 Time step =         1969
 Abd=   63963.60    
 Catch=   418.147237591611     
 Abd=   8335.168    
 Catch=   55.4072945169971     
 Abd=   14423.93    
 Catch=   536.127899959480     
 Abd=   6108.249    
 Catch=   15.0448726470843     
 Abd=   45906.34    
 Catch=   569.076118139405     
 Abd=   35.70316    
 Catch=  0.391265623429629     
 Abd=            NaN
 Catch=                     NaN
 Abd=            NaN
 Catch=                     NaN
 Abd=   230080.9    
 Catch=   574.960945075466     
 Abd=   1776.086    
 Catch=   325.724075559242     
 Abd=   134649.2    
 Catch=   997.745342729995     
 Abd=   10370.91    
 Catch=   25.6411571478817     
 Abd=            NaN
 Catch=                     NaN
 Abd=   118888.0    
 Catch=   340.441763943587     
 Abd=   31471.36    
 Catch=   2686.19767513506     
 Abd=            NaN
 Catch=                     NaN
 Abd=   2638.662    
 Catch=   76.2070077954898     
 Abd=            NaN
 Catch=                     NaN
 Abd=   39675.17    
 Catch=   319.742956375434     
 Abd=            NaN
 Catch=                     NaN
 Abd=   1673.509    
 Catch=   7.34173648692952     
 Abd=   1429214.    
 Catch=   3535.47181352452     
 Abd=   121878.8    
 Catch=   1450.74688422539     
 Abd=   106326.4    
 Catch=   264.460038759740     
 Abd=            NaN
 Catch=                     NaN
 Abd=   22978.36    
 Catch=   449.924286425490     
 Abd=   18538.74    
 Catch=   1342.41425072714     
 Abd=   695183.9    
 Catch=   1924.20944881285     
 Abd=   154322.2    
 Catch=   2332.44113587581     
 Abd=   22233.04    
 Catch=   539.284200084465     
 Abd=   4397838.    
 Catch=   17475.5546824842     
 Time step =         1970
 Abd=   63885.76    
 Catch=   419.036887883797     
 Abd=   8532.371    
 Catch=   56.4839509607717     
 Abd=   13969.38    
 Catch=   504.536138795871     
 Abd=   6026.386    
 Catch=   14.9228006201485     
 Abd=   45906.30    
 Catch=   570.549708371725     
 Abd=   36.93749    
 Catch=  0.395380618924749     
 Abd=            NaN
 Catch=                     NaN
 Abd=            NaN
 Catch=                     NaN
 Abd=   230389.3    
 Catch=   574.902850226360     
 Abd=   1776.223    
 Catch=   338.582285320971     
 Abd=   135984.1    
 Catch=   1002.31161375122     
 Abd=   10271.50    
 Catch=   25.4501171651187     
 Abd=            NaN
 Catch=                     NaN
 Abd=   118654.6    
 Catch=   340.775196971157     
 Abd=   37457.83    
 Catch=   2222.05111779666     
 Abd=            NaN
 Catch=                     NaN
 Abd=   2680.110    
 Catch=   77.5054233864589     
 Abd=            NaN
 Catch=                     NaN
 Abd=   39825.80    
 Catch=   317.681105238109     
 Abd=            NaN
 Catch=                     NaN
 Abd=   1673.476    
 Catch=   7.34506645391920     
 Abd=   1416345.    
 Catch=   3537.80316633691     
 Abd=   122130.7    
 Catch=   1460.13413957112     
 Abd=   105960.5    
 Catch=   264.540305418039     
 Abd=            NaN
 Catch=                     NaN
 Abd=   22801.56    
 Catch=   424.579619703150     
 Abd=   18821.04    
 Catch=   1385.04996058206     
 Abd=   682114.7    
 Catch=   1911.82237261080     
 Abd=   150785.0    
 Catch=   2299.76342794233     
 Abd=   21935.40    
 Catch=   498.374502080234     
 Abd=   4380232.    
 Catch=   17389.8514178518     
 Time step =         1971
 Abd=   64026.09    
 Catch=   419.992249622597     
 Abd=   8697.409    
 Catch=   56.3704203898544     
 Abd=   13143.83    
 Catch=   495.627555504516     
 Abd=   5978.055    
 Catch=   14.8229755302249     
 Abd=   46027.49    
 Catch=   570.445639934184     
 Abd=   37.31000    
 Catch=  0.383556033715619     
 Abd=            NaN
 Catch=                     NaN
 Abd=            NaN
 Catch=                     NaN
 Abd=   230363.0    
 Catch=   574.982186601182     
 Abd=   1846.375    
 Catch=   361.588677633711     
 Abd=   136583.8    
 Catch=   1031.60466368950     
 Abd=   10195.43    
 Catch=   25.0869280499305     
 Abd=            NaN
 Catch=                     NaN
 Abd=   118777.6    
 Catch=   341.535102841723     
 Abd=   30844.44    
 Catch=   2162.35944891000     
 Abd=            NaN
 Catch=                     NaN
 Abd=   2725.298    
 Catch=   82.3677949831128     
 Abd=            NaN
 Catch=                     NaN
 Abd=   39561.09    
 Catch=   314.208846431626     
 Abd=            NaN
 Catch=                     NaN
 Abd=   1674.248    
 Catch=   7.33942042465471     
 Abd=   1417560.    
 Catch=   3552.34671383712     
 Abd=   122931.3    
 Catch=   1480.82854929702     
 Abd=   106001.6    
 Catch=   264.975501425337     
 Abd=            NaN
 Catch=                     NaN
 Abd=   21501.55    
 Catch=   414.684179573166     
 Abd=   19421.64    
 Catch=   1470.61985681341     
 Abd=   677948.1    
 Catch=   1903.47294131950     
 Abd=   148694.3    
 Catch=   2291.19936485511     
 Abd=   20255.14    
 Catch=   486.138264204404     
 Abd=   4358672.    
 Catch=   17329.0047142557     
 Time step =         1972
 Abd=   64171.48    
 Catch=   417.906280678657     
 Abd=   8676.372    
 Catch=   53.2778571087545     
 Abd=   12915.88    
 Catch=   508.126709676977     
 Abd=   5938.213    
 Catch=   14.7668957348411     
 Abd=   46017.11    
 Catch=   568.538042152983     
 Abd=   36.16656    
 Catch=  0.372529760719303     
 Abd=            NaN
 Catch=                     NaN
 Abd=            NaN
 Catch=                     NaN
 Abd=   230394.2    
 Catch=   574.919121274681     
 Abd=   1971.839    
 Catch=   360.570950916387     
 Abd=   140645.1    
 Catch=   1026.80719001855     
 Abd=   10048.51    
 Catch=   24.9894663317223     
 Abd=            NaN
 Catch=                     NaN
 Abd=   119045.3    
 Catch=   341.139371631260     
 Abd=   30075.30    
 Catch=   2238.38291973498     
 Abd=            NaN
 Catch=                     NaN
 Abd=   2898.292    
 Catch=   77.3566259677700     
 Abd=            NaN
 Catch=                     NaN
 Abd=   39125.68    
 Catch=   314.131508798936     
 Abd=            NaN
 Catch=                     NaN
 Abd=   1672.914    
 Catch=   7.34876537517809     
 Abd=   1423482.    
 Catch=   3576.74775451597     
 Abd=   124691.0    
 Catch=   1495.09152843310     
 Abd=   106178.7    
 Catch=   265.158513995957     
 Abd=            NaN
 Catch=                     NaN
 Abd=   21011.08    
 Catch=   417.741774895692     
 Abd=   20624.49    
 Catch=   1353.71865328921     
 Abd=   674960.2    
 Catch=   1876.25010536151     
 Abd=   148168.8    
 Catch=   2283.42292710689     
 Abd=   19771.54    
 Catch=   492.172433295559     
 Abd=   4343544.    
 Catch=   17327.7847300460     
 Time step =         1973
 Abd=   63844.84    
 Catch=   414.148094991306     
 Abd=   8191.963    
 Catch=   52.3523205927878     
 Abd=   13248.39    
 Catch=   511.643716513705     
 Abd=   5915.867    
 Catch=   14.5739358932954     
 Abd=   45860.47    
 Catch=   567.974739819523     
 Abd=   35.12814    
 Catch=  0.373169501001553     
 Abd=            NaN
 Catch=                     NaN
 Abd=            NaN
 Catch=                     NaN
 Abd=   230366.0    
 Catch=   573.895610326350     
 Abd=   1966.232    
 Catch=   359.156560928162     
 Abd=   139915.9    
 Catch=   1024.55112122788     
 Abd=   10011.65    
 Catch=   24.9164462372445     
 Abd=            NaN
 Catch=                     NaN
 Abd=   118899.4    
 Catch=   339.267263091909     
 Abd=   31095.15    
 Catch=   1970.52861962727     
 Abd=            NaN
 Catch=                     NaN
 Abd=   2717.428    
 Catch=   80.8517576148746     
 Abd=            NaN
 Catch=                     NaN
 Abd=   39124.08    
 Catch=   313.798983524408     
 Abd=            NaN
 Catch=                     NaN
 Abd=   1675.112    
 Catch=   7.32789464178554     
 Abd=   1433341.    
 Catch=   3599.89826484705     
 Abd=   125882.6    
 Catch=   1487.50097765191     
 Abd=   106249.1    
 Catch=   265.056117282423     
 Abd=            NaN
 Catch=                     NaN
 Abd=   21176.56    
 Catch=   421.715919449435     
 Abd=   18967.98    
 Catch=   1379.50519061302     
 Abd=   665198.6    
 Catch=   1850.20139462793     
 Abd=   147663.3    
 Catch=   2239.94896828184     
 Abd=   20027.96    
 Catch=   501.664622135510     
 Abd=   4343539.    
 Catch=   17356.9627610168     
 Time step =         1974
 Abd=   63265.87    
 Catch=   411.813999357974     
 Abd=   8055.595    
 Catch=   54.9680363055460     
 Abd=   13338.08    
 Catch=   528.086378515213     
 Abd=   5838.528    
 Catch=   14.2643647145179     
 Abd=   45817.02    
 Catch=   561.299534298835     
 Abd=   35.20830    
 Catch=  0.381971471202452     
 Abd=            NaN
 Catch=                     NaN
 Abd=            NaN
 Catch=                     NaN
 Abd=   229948.0    
 Catch=   573.299094624655     
 Abd=   1958.521    
 Catch=   287.808777109754     
 Abd=   139616.2    
 Catch=   1053.46235029350     
 Abd=   9982.545    
 Catch=   24.8031062280653     
 Abd=            NaN
 Catch=                     NaN
 Abd=   118237.2    
 Catch=   336.603274025907     
 Abd=   27350.20    
 Catch=   2213.10612078285     
 Abd=            NaN
 Catch=                     NaN
 Abd=   2844.337    
 Catch=   70.7058071604440     
 Abd=            NaN
 Catch=                     NaN
 Abd=   39082.19    
 Catch=   314.113006842408     
 Abd=            NaN
 Catch=                     NaN
 Abd=   1670.216    
 Catch=   7.31807326267869     
 Abd=   1442604.    
 Catch=   3549.00652205311     
 Abd=   125210.5    
 Catch=   1493.05867044487     
 Abd=   106205.9    
 Catch=   263.135789458403     
 Abd=            NaN
 Catch=                     NaN
 Abd=   21379.72    
 Catch=   430.963906652457     
 Abd=   19340.54    
 Catch=   1237.96709521765     
 Abd=   655990.5    
 Catch=   1838.25286639770     
 Abd=   144815.4    
 Catch=   2274.68963827325     
 Abd=   20418.57    
 Catch=   519.179214101354     
 Abd=   4351000.    
 Catch=   17375.9910794565     
 Time step =         1975
 Abd=   62912.88    
 Catch=   411.407591606485     
 Abd=   8469.439    
 Catch=   57.3081554135139     
 Abd=   13771.55    
 Catch=   520.901962259867     
 Abd=   5713.625    
 Catch=   13.8015992030948     
 Abd=   45270.38    
 Catch=   560.147844374154     
 Abd=   36.05306    
 Catch=  0.389815338825672     
 Abd=            NaN
 Catch=                     NaN
 Abd=            NaN
 Catch=                     NaN
 Abd=   229712.9    
 Catch=   571.530862306160     
 Abd=   1569.360    
 Catch=   315.294867374704     
 Abd=   143635.6    
 Catch=   1082.34852319693     
 Abd=   9936.799    
 Catch=   24.8794971658377     
 Abd=            NaN
 Catch=                     NaN
 Abd=   117304.4    
 Catch=   334.568333420189     
 Abd=   30765.29    
 Catch=   2687.95685770793     
 Abd=            NaN
 Catch=                     NaN
 Abd=   2482.175    
 Catch=   65.3891642184746     
 Abd=            NaN
 Catch=                     NaN
 Abd=   39123.50    
 Catch=   309.100821702180     
 Abd=            NaN
 Catch=                     NaN
 Abd=   1668.036    
 Catch=   7.33651602809240     
 Abd=   1421619.    
 Catch=   3506.12558551246     
 Abd=   125699.1    
 Catch=   1502.08177494410     
 Abd=   105422.2    
 Catch=   261.333844180980     
 Abd=            NaN
 Catch=                     NaN
 Abd=   21854.21    
 Catch=   431.887456883079     
 Abd=   17346.91    
 Catch=   1263.58180163301     
 Abd=   651868.8    
 Catch=   1844.53682975936     
 Abd=   147158.6    
 Catch=   2339.50595986821     
 Abd=   21138.05    
 Catch=   515.325734606259     
 Abd=   4355717.    
 Catch=   17393.5816743266     
 Time step =         1976
 Abd=   62856.75    
 Catch=   411.689673787044     
 Abd=   8828.396    
 Catch=   57.5508397165620     
 Abd=   13575.52    
 Catch=   526.017643337697     
 Abd=   5526.208    
 Catch=   13.4621791341517     
 Abd=   45184.68    
 Catch=   559.598633873674     
 Abd=   36.79108    
 Catch=  0.397235442191801     
 Abd=            NaN
 Catch=                     NaN
 Abd=            NaN
 Catch=                     NaN
 Abd=   228993.4    
 Catch=   571.101490036658     
 Abd=   1719.432    
 Catch=   349.133768120365     
 Abd=   147566.9    
 Catch=   1087.55254481538     
 Abd=   9968.980    
 Catch=   24.9694834140393     
 Abd=            NaN
 Catch=                     NaN
 Abd=   116598.8    
 Catch=   334.956490926139     
 Abd=   37477.93    
 Catch=   2308.79148489486     
 Abd=            NaN
 Catch=                     NaN
 Abd=   2296.973    
 Catch=   74.5234992485679     
 Abd=            NaN
 Catch=                     NaN
 Abd=   38486.77    
 Catch=   309.477940673334     
 Abd=            NaN
 Catch=                     NaN
 Abd=   1672.371    
 Catch=   7.32189944312985     
 Abd=   1404507.    
 Catch=   3510.03121839293     
 Abd=   126462.1    
 Catch=   1501.70102370461     
 Abd=   104701.2    
 Catch=   261.479169824315     
 Abd=            NaN
 Catch=                     NaN
 Abd=   21891.91    
 Catch=   437.555610168716     
 Abd=   17717.55    
 Catch=   1386.04096285042     
 Abd=   654230.6    
 Catch=   1844.73102840134     
 Abd=   151375.6    
 Catch=   2334.73907505912     
 Abd=   20963.30    
 Catch=   524.735064839113     
 Abd=   4360119.    
 Catch=   17364.9434187228     
 Time step =         1977
 Abd=   62901.24    
 Catch=   412.351753825156     
 Abd=   8858.992    
 Catch=   58.5158079849348     
 Abd=   13712.06    
 Catch=   538.369476068576     
 Abd=   5391.178    
 Catch=   13.1689560973048     
 Abd=   45141.20    
 Catch=   562.283666347155     
 Abd=   37.49047    
 Catch=  0.379765807091712     
 Abd=            NaN
 Catch=                     NaN
 Abd=            NaN
 Catch=                     NaN
 Abd=   228834.8    
 Catch=   570.884603353515     
 Abd=   1903.998    
 Catch=   366.882074868658     
 Abd=   148209.3    
 Catch=   1095.41424487580     
 Abd=   10005.11    
 Catch=   24.9400699608355     
 Abd=            NaN
 Catch=                     NaN
 Abd=   116750.6    
 Catch=   336.427646372930     
 Abd=   32055.12    
 Catch=   2132.43591420420     
 Abd=            NaN
 Catch=                     NaN
 Abd=   2625.465    
 Catch=   79.6027107640787     
 Abd=            NaN
 Catch=                     NaN
 Abd=   38546.05    
 Catch=   312.400449133549     
 Abd=            NaN
 Catch=                     NaN
 Abd=   1668.884    
 Catch=   7.32039294518100     
 Abd=   1406448.    
 Catch=   3532.81033974740     
 Abd=   126415.9    
 Catch=   1511.66861094468     
 Abd=   104775.9    
 Catch=   262.331294380604     
 Abd=            NaN
 Catch=                     NaN
 Abd=   22182.65    
 Catch=   444.131198123072     
 Abd=   19443.89    
 Catch=   1448.68982142540     
 Abd=   654258.6    
 Catch=   1852.79110272090     
 Abd=   150987.2    
 Catch=   2278.71758170819     
 Abd=   21354.35    
 Catch=   532.377049595265     
 Abd=   4352705.    
 Catch=   17330.3931913349     
 Time step =         1978
 Abd=   63003.45    
 Catch=   412.418828164500     
 Abd=   9009.924    
 Catch=   56.3218229838465     
 Abd=   14036.60    
 Catch=   547.037280643605     
 Abd=   5273.938    
 Catch=   12.9226240883194     
 Abd=   45362.60    
 Catch=   560.036763099392     
 Abd=   35.79962    
 Catch=  0.387279791356905     
 Abd=            NaN
 Catch=                     NaN
 Abd=            NaN
 Catch=                     NaN
 Abd=   228750.1    
 Catch=   570.502580374144     
 Abd=   2000.702    
 Catch=   341.988285309808     
 Abd=   149288.5    
 Catch=   1104.54904836989     
 Abd=   9992.338    
 Catch=   24.8983633612407     
 Abd=            NaN
 Catch=                     NaN
 Abd=   117270.5    
 Catch=   337.294606830231     
 Abd=   29621.87    
 Catch=   2328.61521211166     
 Abd=            NaN
 Catch=                     NaN
 Abd=   2801.268    
 Catch=   79.4063463642100     
 Abd=            NaN
 Catch=                     NaN
 Abd=   38915.91    
 Catch=   314.717996345822     
 Abd=            NaN
 Catch=                     NaN
 Abd=   1668.603    
 Catch=   7.32497095793321     
 Abd=   1415725.    
 Catch=   3531.79434768588     
 Abd=   127270.1    
 Catch=   1524.66342332351     
 Abd=   105122.8    
 Catch=   262.619880105395     
 Abd=            NaN
 Catch=                     NaN
 Abd=   22516.97    
 Catch=   449.419903732417     
 Abd=   20312.12    
 Catch=   1430.02143026863     
 Abd=   657169.1    
 Catch=   1870.41715735625     
 Abd=   147305.8    
 Catch=   2269.68146249121     
 Abd=   21664.01    
 Catch=   539.045007854599     
 Abd=   4344024.    
 Catch=   17317.0949055267     
 Time step =         1979
 Abd=   63012.01    
 Catch=   412.419557927085     
 Abd=   8663.498    
 Catch=   56.0096987617430     
 Abd=   14261.53    
 Catch=   533.073492472813     
 Abd=   5175.686    
 Catch=   12.7629152190384     
 Abd=   45174.15    
 Catch=   567.351061668479     
 Abd=   36.55199    
 Catch=  0.394602764150425     
 Abd=            NaN
 Catch=                     NaN
 Abd=            NaN
 Catch=                     NaN
 Abd=   228594.2    
 Catch=   570.877724692345     
 Abd=   1864.853    
 Catch=   366.710728377674     
 Abd=   150524.5    
 Catch=   1104.92516827090     
 Abd=   9975.547    
 Catch=   24.8376867026233     
 Abd=            NaN
 Catch=                     NaN
 Abd=   117568.1    
 Catch=   338.396908932646     
 Abd=   32375.42    
 Catch=   2097.09306565475     
 Abd=            NaN
 Catch=                     NaN
 Abd=   2791.335    
 Catch=   84.3021263898341     
 Abd=            NaN
 Catch=                     NaN
 Abd=   39202.91    
 Catch=   314.696918579112     
 Abd=            NaN
 Catch=                     NaN
 Abd=   1669.673    
 Catch=   7.31199981697817     
 Abd=   1415117.    
 Catch=   3548.69999068787     
 Abd=   128368.6    
 Catch=   1529.10367492182     
 Abd=   105233.6    
 Catch=   263.252524229990     
 Abd=            NaN
 Catch=                     NaN
 Abd=   22783.14    
 Catch=   439.111784925321     
 Abd=   20042.60    
 Catch=   1468.39335941610     
 Abd=   663469.5    
 Catch=   1890.72926938780     
 Abd=   146773.3    
 Catch=   2244.13087722185     
 Abd=   21935.38    
 Catch=   514.252248838718     
 Abd=   4340794.    
 Catch=   17405.0531305795     
 Time step =         1980
 Abd=   63011.95    
 Catch=   412.812497693217     
 Abd=   8620.444    
 Catch=   57.1978091855269     
 Abd=   13890.51    
 Catch=   550.352413534040     
 Abd=   5112.439    
 Catch=   12.8649653909207     
 Abd=   45777.73    
 Catch=   569.325480781530     
 Abd=   37.24169    
 Catch=  0.384899269433971     
 Abd=            NaN
 Catch=                     NaN
 Abd=            NaN
 Catch=                     NaN
 Abd=   228750.5    
 Catch=   570.426369086962     
 Abd=   1999.790    
 Catch=   353.074448558066     
 Abd=   150569.3    
 Catch=   1120.07810931066     
 Abd=   9951.081    
 Catch=   24.8796510512632     
 Abd=            NaN
 Catch=                     NaN
 Abd=   117954.0    
 Catch=   340.247725593627     
 Abd=   29115.28    
 Catch=   2061.24896948977     
 Abd=            NaN
 Catch=                     NaN
 Abd=   2966.337    
 Catch=   85.6303613210012     
 Abd=            NaN
 Catch=                     NaN
 Abd=   39194.47    
 Catch=   314.418876583525     
 Abd=            NaN
 Catch=                     NaN
 Abd=   1666.631    
 Catch=   7.30860229726364     
 Abd=   1422042.    
 Catch=   3560.12045024133     
 Abd=   128729.8    
 Catch=   1540.24013895255     
 Abd=   105489.0    
 Catch=   264.313152298270     
 Abd=            NaN
 Catch=                     NaN
 Abd=   22248.17    
 Catch=   449.889912269691     
 Abd=   20586.27    
 Catch=   1487.28595829557     
 Abd=   670696.0    
 Catch=   1912.57151862385     
 Abd=   145101.9    
 Catch=   2286.45569828008     
 Abd=   20907.60    
 Catch=   532.857632892066     
 Abd=   4363358.    
 Catch=   17419.0087415007     
 Time step =         1981
 Abd=   63073.73    
 Catch=   412.257243709070     
 Abd=   8807.762    
 Catch=   54.4279373347501     
 Abd=   14352.16    
 Catch=   546.048863029171     
 Abd=   5155.854    
 Catch=   12.8185010161227     
 Abd=   45929.81    
 Catch=   573.787341266088     
 Abd=   36.29645    
 Catch=  0.374082049060110     
 Abd=            NaN
 Catch=                     NaN
 Abd=            NaN
 Catch=                     NaN
 Abd=   228563.6    
 Catch=   569.770128712186     
 Abd=   1925.336    
 Catch=   337.990009374719     
 Abd=   152672.4    
 Catch=   1125.63392453178     
 Abd=   9968.746    
 Catch=   24.9427652082470     
 Abd=            NaN
 Catch=                     NaN
 Abd=   118604.3    
 Catch=   340.474623157111     
 Abd=   28633.66    
 Catch=   2386.31333723429     
 Abd=            NaN
 Catch=                     NaN
 Abd=   3011.074    
 Catch=   84.6692526791753     
 Abd=            NaN
 Catch=                     NaN
 Abd=   39159.93    
 Catch=   315.150956265131     
 Abd=            NaN
 Catch=                     NaN
 Abd=   1665.903    
 Catch=   7.31372222193021     
 Abd=   1426571.    
 Catch=   3541.06048070757     
 Abd=   129678.1    
 Catch=   1543.42305001939     
 Abd=   105917.5    
 Catch=   264.001093906387     
 Abd=            NaN
 Catch=                     NaN
 Abd=   22812.91    
 Catch=   444.381122508563     
 Abd=   20851.11    
 Catch=   1413.62063092803     
 Abd=   678458.7    
 Catch=   1927.97552601478     
 Abd=   147927.0    
 Catch=   2290.38394187237     
 Abd=   21693.49    
 Catch=   524.818579002531     
 Abd=   4366467.    
 Catch=   17372.6491876796     
 Time step =         1982
 Abd=   62985.20    
 Catch=   414.611312944356     
 Abd=   8369.765    
 Catch=   55.4935346031607     
 Abd=   14233.63    
 Catch=   540.069585391038     
 Abd=   5137.745    
 Catch=   12.9904263921033     
 Abd=   46292.79    
 Catch=   574.342040644359     
 Abd=   35.27470    
 Catch=  0.374411909856277     
 Abd=            NaN
 Catch=                     NaN
 Abd=            NaN
 Catch=                     NaN
 Abd=   228299.3    
 Catch=   569.905801125247     
 Abd=   1843.067    
 Catch=   335.532693041294     
 Abd=   153399.6    
 Catch=   1103.49708637225     
 Abd=   9994.191    
 Catch=   24.9859491194112     
 Abd=            NaN
 Catch=                     NaN
 Abd=   118672.0    
 Catch=   340.124453969765     
 Abd=   33235.61    
 Catch=   2336.15491411761     
 Abd=            NaN
 Catch=                     NaN
 Abd=   2976.659    
 Catch=   81.1614546883945     
 Abd=            NaN
 Catch=                     NaN
 Abd=   39253.27    
 Catch=   314.380615741341     
 Abd=            NaN
 Catch=                     NaN
 Abd=   1667.108    
 Catch=   7.32248406580075     
 Abd=   1418688.    
 Catch=   3531.07355703439     
 Abd=   129932.2    
 Catch=   1547.96002337775     
 Abd=   105781.3    
 Catch=   263.528771808751     
 Abd=            NaN
 Catch=                     NaN
 Abd=   22519.71    
 Catch=   440.484857185988     
 Abd=   19811.37    
 Catch=   1342.91304893443     
 Abd=   683877.6    
 Catch=   1938.00968375486     
 Abd=   148123.3    
 Catch=   2291.38455025561     
 Abd=   21348.08    
 Catch=   521.470986715837     
 Abd=   4354558.    
 Catch=   17355.9599218902     
 Time step =         1983
 Abd=   63353.46    
 Catch=   414.731666281805     
 Abd=   8545.605    
 Catch=   53.7861319323215     
 Abd=   14076.07    
 Catch=   529.910152707037     
 Abd=   5207.234    
 Catch=   13.2175071204692     
 Abd=   46331.90    
 Catch=   574.490533917247     
 Abd=   35.32494    
 Catch=  0.377159558459939     
 Abd=            NaN
 Catch=                     NaN
 Abd=            NaN
 Catch=                     NaN
 Abd=   228360.3    
 Catch=   568.682068493756     
 Abd=   1829.706    
 Catch=   360.924165055065     
 Abd=   150302.7    
 Catch=   1087.83530173296     
 Abd=   10011.33    
 Catch=   24.9121197895434     
 Abd=            NaN
 Catch=                     NaN
 Abd=   118545.9    
 Catch=   341.069388734106     
 Abd=   32447.09    
 Catch=   2357.54343724524     
 Abd=            NaN
 Catch=                     NaN
 Abd=   2851.497    
 Catch=   79.4458247615016     
 Abd=            NaN
 Catch=                     NaN
 Abd=   39153.38    
 Catch=   314.034852673445     
 Abd=            NaN
 Catch=                     NaN
 Abd=   1669.121    
 Catch=   7.31803887350452     
 Abd=   1414764.    
 Catch=   3530.46273938296     
 Abd=   130317.1    
 Catch=   1540.47324492296     
 Abd=   105590.8    
 Catch=   263.839275925937     
 Abd=            NaN
 Catch=                     NaN
 Abd=   22322.68    
 Catch=   440.307775803307     
 Abd=   18819.48    
 Catch=   1445.86024574618     
 Abd=   687377.0    
 Catch=   1938.56358378881     
 Abd=   148189.3    
 Catch=   2328.33794489977     
 Abd=   21213.06    
 Catch=   522.914273068347     
 Abd=   4350520.    
 Catch=   17356.7502950761     
 Time step =         1984
 Abd=   63365.23    
 Catch=   415.712805119232     
 Abd=   8273.955    
 Catch=   53.0196436341767     
 Abd=   13810.28    
 Catch=   538.507937955974     
 Abd=   5297.671    
 Catch=   13.4433516245171     
 Abd=   46344.51    
 Catch=   573.928096149050     
 Abd=   35.58820    
 Catch=  0.381909454947162     
 Abd=            NaN
 Catch=                     NaN
 Abd=            NaN
 Catch=                     NaN
 Abd=   227859.6    
 Catch=   567.456938444515     
 Abd=   1968.230    
 Catch=   374.733399870599     
 Abd=   148186.8    
 Catch=   1074.69190980697     
 Abd=   9980.781    
 Catch=   24.7941382547540     
 Abd=            NaN
 Catch=                     NaN
 Abd=   118884.5    
 Catch=   342.236497168748     
 Abd=   32744.26    
 Catch=   2336.48841743783     
 Abd=            NaN
 Catch=                     NaN
 Abd=   2792.514    
 Catch=   82.7140691561292     
 Abd=            NaN
 Catch=                     NaN
 Abd=   39111.39    
 Catch=   317.922826712432     
 Abd=            NaN
 Catch=                     NaN
 Abd=   1668.046    
 Catch=   7.34168273909325     
 Abd=   1414594.    
 Catch=   3546.91215716203     
 Abd=   129669.5    
 Catch=   1532.82265048594     
 Abd=   105721.6    
 Catch=   264.623807129701     
 Abd=            NaN
 Catch=                     NaN
 Abd=   22316.79    
 Catch=   447.914806813042     
 Abd=   20277.90    
 Catch=   1492.69950966932     
 Abd=   687515.9    
 Catch=   1938.87386643510     
 Abd=   150621.5    
 Catch=   2301.82277329801     
 Abd=   21274.81    
 Catch=   529.950246230593     
 Abd=   4350805.    
 Catch=   17347.2962997491     
 Time step =         1985
 Abd=   63517.62    
 Catch=   416.322464159605     
 Abd=   8158.803    
 Catch=   53.1138792812281     
 Abd=   14041.11    
 Catch=   551.110872188739     
 Abd=   5388.155    
 Catch=   13.6216443869825     
 Abd=   46296.73    
 Catch=   579.851155398821     
 Abd=   36.03990    
 Catch=  0.388859169508465     
 Abd=            NaN
 Catch=                     NaN
 Abd=            NaN
 Catch=                     NaN
 Abd=   227368.1    
 Catch=   566.790300585382     
 Abd=   2043.506    
 Catch=   366.570800086417     
 Abd=   146401.3    
 Catch=   1050.00622681762     
 Abd=   9933.168    
 Catch=   24.6723106262760     
 Abd=            NaN
 Catch=                     NaN
 Abd=   119292.5    
 Catch=   343.014875601268     
 Abd=   32449.09    
 Catch=   2265.29550242328     
 Abd=            NaN
 Catch=                     NaN
 Abd=   2909.581    
 Catch=   83.1404037683533     
 Abd=            NaN
 Catch=                     NaN
 Abd=   39605.66    
 Catch=   320.916042375095     
 Abd=            NaN
 Catch=                     NaN
 Abd=   1673.566    
 Catch=   7.35637554912025     
 Abd=   1421323.    
 Catch=   3566.87752856622     
 Abd=   129024.6    
 Catch=   1519.46406325392     
 Abd=   106039.7    
 Catch=   265.307364196793     
 Abd=            NaN
 Catch=                     NaN
 Abd=   22709.89    
 Catch=   454.390312232588     
 Abd=   20928.21    
 Catch=   1455.17321017399     
 Abd=   687622.4    
 Catch=   1928.70749763847     
 Abd=   148829.7    
 Catch=   2333.27279617805     
 Abd=   21566.97    
 Catch=   540.225262243366     
 Abd=   4348380.    
 Catch=   17330.4456363336     
 Time step =         1986
 Abd=   63610.86    
 Catch=   415.190112182492     
 Abd=   8175.730    
 Catch=   52.5125210112581     
 Abd=   14370.38    
 Catch=   561.639401152764     
 Abd=   5460.151    
 Catch=   13.8016675947613     
 Abd=   46784.86    
 Catch=   582.746717132667     
 Abd=   36.69922    
 Catch=  0.386289551909507     
 Abd=            NaN
 Catch=                     NaN
 Abd=            NaN
 Catch=                     NaN
 Abd=   227105.4    
 Catch=   566.427080995896     
 Abd=   1998.931    
 Catch=   375.215330186757     
 Abd=   143009.1    
 Catch=   1021.41817570293     
 Abd=   9884.332    
 Catch=   24.4689869613359     
 Abd=            NaN
 Catch=                     NaN
 Abd=   119561.1    
 Catch=   341.879786194133     
 Abd=   31465.45    
 Catch=   2135.29071124570     
 Abd=            NaN
 Catch=                     NaN
 Abd=   2923.236    
 Catch=   84.2266606934261     
 Abd=            NaN
 Catch=                     NaN
 Abd=   39976.02    
 Catch=   322.538611779919     
 Abd=            NaN
 Catch=                     NaN
 Abd=   1676.870    
 Catch=   7.35436487134524     
 Abd=   1429350.    
 Catch=   3600.06891442256     
 Abd=   127891.5    
 Catch=   1512.46711828017     
 Abd=   106312.7    
 Catch=   265.768713066973     
 Abd=            NaN
 Catch=                     NaN
 Abd=   23036.24    
 Catch=   454.619440226334     
 Abd=   20393.51    
 Catch=   1485.09351819384     
 Abd=   683939.1    
 Catch=   1914.45613870762     
 Abd=   150938.0    
 Catch=   2268.58278644571     
 Abd=   21984.59    
 Catch=   542.506206284527     
 Abd=   4344119.    
 Catch=   17313.8184186939     
 Time step =         1987
 Abd=   63432.32    
 Catch=   414.759340420375     
 Abd=   8081.069    
 Catch=   50.9157506712113     
 Abd=   14645.39    
 Catch=   569.887550174955     
 Abd=   5532.151    
 Catch=   13.9198316731568     
 Abd=   47013.36    
 Catch=   579.441269299623     
 Abd=   36.44051    
 Catch=  0.381775023412646     
 Abd=            NaN
 Catch=                     NaN
 Abd=            NaN
 Catch=                     NaN
 Abd=   226961.7    
 Catch=   566.395319398357     
 Abd=   2046.123    
 Catch=   308.083114119210     
 Abd=   139104.5    
 Catch=   1001.40785440297     
 Abd=   9802.202    
 Catch=   24.1999323009111     
 Abd=            NaN
 Catch=                     NaN
 Abd=   119153.0    
 Catch=   340.368243314721     
 Abd=   29639.47    
 Catch=   2236.52707853159     
 Abd=            NaN
 Catch=                     NaN
 Abd=   2961.684    
 Catch=   74.7035053293279     
 Abd=            NaN
 Catch=                     NaN
 Abd=   40175.57    
 Catch=   322.961181226089     
 Abd=            NaN
 Catch=                     NaN
 Abd=   1676.337    
 Catch=   7.33902462152823     
 Abd=   1442760.    
 Catch=   3588.90095316080     
 Abd=   127310.6    
 Catch=   1503.64353101336     
 Abd=   106495.9    
 Catch=   265.042477227729     
 Abd=            NaN
 Catch=                     NaN
 Abd=   23045.75    
 Catch=   468.829941559640     
 Abd=   20820.84    
 Catch=   1243.56889944380     
 Abd=   678854.9    
 Catch=   1906.53287328774     
 Abd=   146640.6    
 Catch=   2278.72056612868     
 Abd=   22077.14    
 Catch=   564.411692375340     
 Abd=   4339956.    
 Catch=   17289.2269482568     
 Time step =         1988
 Abd=   63368.81    
 Catch=   413.887797773028     
 Abd=   7832.559    
 Catch=   50.8352975476718     
 Abd=   14858.75    
 Catch=   542.651477231590     
 Abd=   5578.876    
 Catch=   13.9181013467245     
 Abd=   46739.39    
 Catch=   571.286883836641     
 Abd=   36.01112    
 Catch=  0.386188034809756     
 Abd=            NaN
 Catch=                     NaN
 Abd=            NaN
 Catch=                     NaN
 Abd=   226953.2    
 Catch=   566.675596690857     
 Abd=   1679.897    
 Catch=   301.271920259514     
 Abd=   136401.0    
 Catch=   988.989870190802     
 Abd=   9693.881    
 Catch=   24.0624340133086     
 Abd=            NaN
 Catch=                     NaN
 Abd=   118623.5    
 Catch=   337.160268600270     
 Abd=   31100.12    
 Catch=   2575.19648055425     
 Abd=            NaN
 Catch=                     NaN
 Abd=   2622.137    
 Catch=   62.3972650690939     
 Abd=            NaN
 Catch=                     NaN
 Abd=   40225.64    
 Catch=   318.613678690533     
 Abd=            NaN
 Catch=                     NaN
 Abd=   1672.785    
 Catch=   7.34651997590247     
 Abd=   1437918.    
 Catch=   3533.62013541118     
 Abd=   126565.8    
 Catch=   1496.38285453321     
 Abd=   106195.3    
 Catch=   262.934835627605     
 Abd=            NaN
 Catch=                     NaN
 Abd=   23777.36    
 Catch=   470.109160617425     
 Abd=   17417.58    
 Catch=   1154.67932605684     
 Abd=   676066.8    
 Catch=   1901.10777499768     
 Abd=   147382.8    
 Catch=   2277.96672135252     
 Abd=   22979.06    
 Catch=   561.054713536249     
 Abd=   4333754.    
 Catch=   17288.4650311713     
 Time step =         1989
 Abd=   63232.66    
 Catch=   411.914303477131     
 Abd=   7824.809    
 Catch=   54.0184390100956     
 Abd=   14138.88    
 Catch=   513.561116506491     
 Abd=   5576.407    
 Catch=   13.8635231754012     
 Abd=   46073.75    
 Catch=   571.153559425707     
 Abd=   36.44289    
 Catch=  0.398440773170700     
 Abd=            NaN
 Catch=                     NaN
 Abd=            NaN
 Catch=                     NaN
 Abd=   227065.2    
 Catch=   566.508630738815     
 Abd=   1642.986    
 Catch=   323.522003842899     
 Abd=   134728.0    
 Catch=   970.675463654763     
 Abd=   9639.872    
 Catch=   23.9724315821843     
 Abd=            NaN
 Catch=                     NaN
 Abd=   117494.5    
 Catch=   335.483156719747     
 Abd=   35851.02    
 Catch=   2620.94373269369     
 Abd=            NaN
 Catch=                     NaN
 Abd=   2189.653    
 Catch=   64.8440414675087     
 Abd=            NaN
 Catch=                     NaN
 Abd=   39673.21    
 Catch=   314.410978310746     
 Abd=            NaN
 Catch=                     NaN
 Abd=   1674.597    
 Catch=   7.32776794394480     
 Abd=   1415422.    
 Catch=   3503.60429041258     
 Abd=   125957.5    
 Catch=   1483.44466673534     
 Abd=   105340.2    
 Catch=   261.527058286305     
 Abd=            NaN
 Catch=                     NaN
 Abd=   23828.25    
 Catch=   447.395508960232     
 Abd=   16192.11    
 Catch=   1258.11260870665     
 Abd=   674187.1    
 Catch=   1894.65105764804     
 Abd=   147321.3    
 Catch=   2364.62956200555     
 Abd=   22823.73    
 Catch=   526.204080686712     
 Abd=   4333684.    
 Catch=   17239.1675631915     
 Time step =         1990
 Abd=   62928.98    
 Catch=   411.740698195376     
 Abd=   8325.131    
 Catch=   52.6921516069171     
 Abd=   13380.95    
 Catch=   528.357049501691     
 Abd=   5554.150    
 Catch=   13.8670946100772     
 Abd=   46074.24    
 Catch=   572.259016593176     
 Abd=   37.61314    
 Catch=  0.405486862368309     
 Abd=            NaN
 Catch=                     NaN
 Abd=            NaN
 Catch=                     NaN
 Abd=   226996.1    
 Catch=   566.728435320890     
 Abd=   1764.312    
 Catch=   359.084001868796     
 Abd=   132220.8    
 Catch=   952.407795476264     
 Abd=   9604.178    
 Catch=   23.9944952026151     
 Abd=            NaN
 Catch=                     NaN
 Abd=   116920.0    
 Catch=   335.343790692196     
 Abd=   36419.59    
 Catch=   1988.79041000427     
 Abd=            NaN
 Catch=                     NaN
 Abd=   2281.443    
 Catch=   70.8797191809186     
 Abd=            NaN
 Catch=                     NaN
 Abd=   39149.40    
 Catch=   317.287001004001     
 Abd=            NaN
 Catch=                     NaN
 Abd=   1670.198    
 Catch=   7.31671471128612     
 Abd=   1403604.    
 Catch=   3514.31933039375     
 Abd=   124859.9    
 Catch=   1477.59236562677     
 Abd=   104781.7    
 Catch=   261.294987734388     
 Abd=            NaN
 Catch=                     NaN
 Abd=   22658.62    
 Catch=   442.619944342337     
 Abd=   17647.55    
 Catch=   1323.23991066034     
 Abd=   671877.1    
 Catch=   1875.26938673193     
 Abd=   153037.1    
 Catch=   2352.71766326394     
 Abd=   21388.59    
 Catch=   519.097600916437     
 Abd=   4321079.    
 Catch=   17257.7414614228     
 Time step =         1991
 Abd=   62907.50    
 Catch=   409.675843125077     
 Abd=   8106.520    
 Catch=   52.5597405819585     
 Abd=   13778.62    
 Catch=   553.668636786340     
 Abd=   5556.970    
 Catch=   13.7785908586389     
 Abd=   46164.61    
 Catch=   576.878688070897     
 Abd=   38.26783    
 Catch=  0.395843628702115     
 Abd=            NaN
 Catch=                     NaN
 Abd=            NaN
 Catch=                     NaN
 Abd=   227088.8    
 Catch=   566.635414805082     
 Abd=   1958.274    
 Catch=   336.563371966512     
 Abd=   129728.3    
 Catch=   936.900136912705     
 Abd=   9613.936    
 Catch=   24.0340875742062     
 Abd=            NaN
 Catch=                     NaN
 Abd=   116881.7    
 Catch=   333.257509021959     
 Abd=   27603.63    
 Catch=   1933.51325005942     
 Abd=            NaN
 Catch=                     NaN
 Abd=   2495.491    
 Catch=   69.1260241921220     
 Abd=            NaN
 Catch=                     NaN
 Abd=   39524.18    
 Catch=   320.881257210450     
 Abd=            NaN
 Catch=                     NaN
 Abd=   1667.717    
 Catch=   7.30146487377309     
 Abd=   1408221.    
 Catch=   3537.36097950040     
 Abd=   124376.8    
 Catch=   1468.89429268821     
 Abd=   104697.9    
 Catch=   260.735026801075     
 Abd=            NaN
 Catch=                     NaN
 Abd=   22431.35    
 Catch=   454.578949444036     
 Abd=   18558.35    
 Catch=   1261.76752781580     
 Abd=   664930.1    
 Catch=   1856.47537437719     
 Abd=   152139.9    
 Catch=   2330.07579740439     
 Abd=   21116.22    
 Catch=   533.618421558644     
 Abd=   4326079.    
 Catch=   17269.6053452546     
 Time step =         1992
 Abd=   62586.46    
 Catch=   411.024776429847     
 Abd=   8090.141    
 Catch=   53.7030903865490     
 Abd=   14441.57    
 Catch=   589.822117870802     
 Abd=   5519.727    
 Catch=   13.7780740992551     
 Abd=   46541.96    
 Catch=   578.157407808595     
 Abd=   37.32917    
 Catch=  0.385395598086053     
 Abd=            NaN
 Catch=                     NaN
 Abd=            NaN
 Catch=                     NaN
 Abd=   227046.9    
 Catch=   567.407091766229     
 Abd=   1835.293    
 Catch=   328.325268354700     
 Abd=   127622.5    
 Catch=   929.462234070176     
 Abd=   9629.925    
 Catch=   24.1122427186736     
 Abd=            NaN
 Catch=                     NaN
 Abd=   116141.4    
 Catch=   332.111929608326     
 Abd=   26881.79    
 Catch=   2192.11488410164     
 Abd=            NaN
 Catch=                     NaN
 Abd=   2430.161    
 Catch=   69.0233978265021     
 Abd=            NaN
 Catch=                     NaN
 Abd=   39973.19    
 Catch=   327.112933037863     
 Abd=            NaN
 Catch=                     NaN
 Abd=   1664.217    
 Catch=   7.32770414212065     
 Abd=   1417549.    
 Catch=   3512.71119737765     
 Abd=   123640.8    
 Catch=   1468.04148710972     
 Abd=   104471.1    
 Catch=   259.786790333468     
 Abd=            NaN
 Catch=                     NaN
 Abd=   23052.13    
 Catch=   478.801892356133     
 Abd=   17683.76    
 Catch=   1284.24945231122     
 Abd=   658266.1    
 Catch=   1845.01355568144     
 Abd=   150663.9    
 Catch=   2358.30836941937     
 Abd=   21721.62    
 Catch=   571.705710023313     
 Abd=   4329018.    
 Catch=   17306.1483358697     
 Time step =         1993
 Abd=   62802.99    
 Catch=   411.682846017443     
 Abd=   8269.787    
 Catch=   51.4333348021583     
 Abd=   15387.27    
 Catch=   589.940489931519     
 Abd=   5520.278    
 Catch=   13.6469172140509     
 Abd=   46640.07    
 Catch=   577.586653840985     
 Abd=   36.34304    
 Catch=  0.388845111410140     
 Abd=            NaN
 Catch=                     NaN
 Abd=            NaN
 Catch=                     NaN
 Abd=   227363.2    
 Catch=   568.072480490416     
 Abd=   1790.564    
 Catch=   324.404490671209     
 Abd=   126629.6    
 Catch=   923.775619429993     
 Abd=   9661.557    
 Catch=   24.2239064619197     
 Abd=            NaN
 Catch=                     NaN
 Abd=   115748.7    
 Catch=   332.302453923232     
 Abd=   30483.63    
 Catch=   2559.05511019522     
 Abd=            NaN
 Catch=                     NaN
 Abd=   2427.128    
 Catch=   72.3583052648957     
 Abd=            NaN
 Catch=                     NaN
 Abd=   40755.88    
 Catch=   328.686962683854     
 Abd=            NaN
 Catch=                     NaN
 Abd=   1670.398    
 Catch=   7.33991149880246     
 Abd=   1407282.    
 Catch=   3498.55926433957     
 Abd=   123582.2    
 Catch=   1471.10278798656     
 Abd=   104087.9    
 Catch=   259.640969194283     
 Abd=            NaN
 Catch=                     NaN
 Abd=   24290.32    
 Catch=   480.083087135247     
 Abd=   18018.96    
 Catch=   1363.72587386665     
 Abd=   654252.2    
 Catch=   1837.94665679850     
 Abd=   152550.2    
 Catch=   2390.52754397678     
 Abd=   23286.00    
 Catch=   568.311369045459     
 Abd=   4338304.    
 Catch=   17288.0631680372     
 Time step =         1994
 Abd=   62901.21    
 Catch=   413.725875278051     
 Abd=   7910.255    
 Catch=   49.3924117024084     
 Abd=   15379.60    
 Catch=   580.545922702012     
 Abd=   5468.713    
 Catch=   13.4682319227443     
 Abd=   46592.26    
 Catch=   578.922087246266     
 Abd=   36.69209    
 Catch=  0.395698143286589     
 Abd=            NaN
 Catch=                     NaN
 Abd=            NaN
 Catch=                     NaN
 Abd=   227628.4    
 Catch=   568.103868258046     
 Abd=   1769.013    
 Catch=   352.536203785753     
 Abd=   125862.0    
 Catch=   923.829702059548     
 Abd=   9706.569    
 Catch=   24.2537681635630     
 Abd=            NaN
 Catch=                     NaN
 Abd=   115824.1    
 Catch=   332.698754212896     
 Abd=   35615.13    
 Catch=   1998.65839841474     
 Abd=            NaN
 Catch=                     NaN
 Abd=   2546.077    
 Catch=   77.2477089226062     
 Abd=            NaN
 Catch=                     NaN
 Abd=   40940.43    
 Catch=   331.621779640433     
 Abd=            NaN
 Catch=                     NaN
 Abd=   1673.110    
 Catch=   7.34430132959358     
 Abd=   1401699.    
 Catch=   3504.13683502675     
 Abd=   123846.6    
 Catch=   1493.42961486041     
 Abd=   104035.8    
 Catch=   259.816820264082     
 Abd=            NaN
 Catch=                     NaN
 Abd=   24334.82    
 Catch=   471.446345712711     
 Abd=   19123.12    
 Catch=   1401.07550938761     
 Abd=   651758.1    
 Catch=   1835.23879902103     
 Abd=   154634.1    
 Catch=   2397.00079149800     
 Abd=   23119.50    
 Catch=   552.495833952606     
 Abd=   4333487.    
 Catch=   17275.7330345599     
 Time step =         1995
 Abd=   63217.62    
 Catch=   414.984513815405     
 Abd=   7596.924    
 Catch=   47.1911727600593     
 Abd=   15131.93    
 Catch=   560.953575061481     
 Abd=   5394.767    
 Catch=   13.3316082448936     
 Abd=   46702.29    
 Catch=   576.085080727145     
 Abd=   37.34454    
 Catch=  0.380060525328326     
 Abd=            NaN
 Catch=                     NaN
 Abd=            NaN
 Catch=                     NaN
 Abd=   227636.1    
 Catch=   567.668118270027     
 Abd=   1922.505    
 Catch=   339.395174722009     
 Abd=   125845.4    
 Catch=   947.661635043651     
 Abd=   9717.848    
 Catch=   24.1382923848350     
 Abd=            NaN
 Catch=                     NaN
 Abd=   115963.3    
 Catch=   333.793722170832     
 Abd=   27728.16    
 Catch=   2232.95680704837     
 Abd=            NaN
 Catch=                     NaN
 Abd=   2719.140    
 Catch=   79.0003386657238     
 Abd=            NaN
 Catch=                     NaN
 Abd=   41308.72    
 Catch=   329.246914188521     
 Abd=            NaN
 Catch=                     NaN
 Abd=   1674.072    
 Catch=   7.30977712331914     
 Abd=   1404095.    
 Catch=   3508.05269186332     
 Abd=   125755.3    
 Catch=   1506.54646205072     
 Abd=   104108.8    
 Catch=   260.142947882132     
 Abd=            NaN
 Catch=                     NaN
 Abd=   23887.62    
 Catch=   452.626227071365     
 Abd=   19644.65    
 Catch=   1392.44787708803     
 Abd=   650790.0    
 Catch=   1839.87587513974     
 Abd=   155025.0    
 Catch=   2338.54587805817     
 Abd=   22467.83    
 Catch=   527.144595115623     
 Abd=   4330430.    
 Catch=   17267.6722652872     
 Time step =         1996
 Abd=   63406.88    
 Catch=   412.040494484509     
 Abd=   7257.626    
 Catch=   45.7915282439630     
 Abd=   14618.41    
 Catch=   539.101005755334     
 Abd=   5341.568    
 Catch=   13.1682892645908     
 Abd=   46467.64    
 Catch=   571.189042601018     
 Abd=   35.83049    
 Catch=  0.383112535498888     
 Abd=            NaN
 Catch=                     NaN
 Abd=            NaN
 Catch=                     NaN
 Abd=   227458.0    
 Catch=   567.470484034843     
 Abd=   1850.733    
 Catch=   335.261567100539     
 Abd=   129207.8    
 Catch=   950.666232594890     
 Abd=   9670.396    
 Catch=   23.9659161401376     
 Abd=            NaN
 Catch=                     NaN
 Abd=   116349.8    
 Catch=   334.017052533491     
 Abd=   31049.60    
 Catch=   2431.97474367168     
 Abd=            NaN
 Catch=                     NaN
 Abd=   2778.334    
 Catch=   74.1410391389531     
 Abd=            NaN
 Catch=  0.000000000000000E+000
 Abd=   41000.89    
 Catch=   325.928977410817     
 Abd=            NaN
 Catch=                     NaN
 Abd=   1666.031    
 Catch=   7.27272472535786     
 Abd=   1405647.    
 Catch=   3503.20662730728     
 Abd=   126844.0    
 Catch=   1498.28144494319     
 Abd=   104240.6    
 Catch=   260.079969164823     
 Abd=            NaN
 Catch=                     NaN
 Abd=   22926.81    
 Catch=   434.267833579817     
 Abd=   19518.14    
 Catch=   1355.92127257135     
 Abd=   652559.5    
 Catch=   1831.87999616107     
 Abd=   151170.6    
 Catch=   2301.02506192322     
 Abd=   21431.60    
 Catch=   501.583723836622     
 Abd=   4328432.    
 Catch=   17287.5865714638     
 Time step =         1997
 Abd=   62944.86    
 Catch=   411.530396639577     
 Abd=   7044.444    
 Catch=   45.1010062880558     
 Abd=   14048.36    
 Catch=   544.423543275722     
 Abd=   5274.723    
 Catch=   13.0765657066307     
 Abd=   46070.23    
 Catch=   569.602808642126     
 Abd=   36.15071    
 Catch=  0.372925336143140     
 Abd=            NaN
 Catch=                     NaN
 Abd=            NaN
 Catch=                     NaN
 Abd=   227379.5    
 Catch=   567.550168473068     
 Abd=   1828.211    
 Catch=   360.601802012067     
 Abd=   129554.2    
 Catch=   954.543625284439     
 Abd=   9600.891    
 Catch=   23.7164762396648     
 Abd=            NaN
 Catch=                     NaN
 Abd=   116421.4    
 Catch=   334.144547624621     
 Abd=   33812.43    
 Catch=   2035.40877415203     
 Abd=            NaN
 Catch=                     NaN
 Abd=   2604.197    
 Catch=   72.9798010849990     
 Abd=            NaN
 Catch=                     NaN
 Abd=   40585.25    
 Catch=   327.095358370512     
 Abd=            NaN
 Catch=                     NaN
 Abd=   1657.568    
 Catch=   7.25909800778712     
 Abd=   1403633.    
 Catch=   3523.96787912009     
 Abd=   126115.1    
 Catch=   1498.86451226665     
 Abd=   104212.2    
 Catch=   260.562217484050     
 Abd=            NaN
 Catch=                     NaN
 Abd=   21996.50    
 Catch=   439.435416842309     
 Abd=   19004.70    
 Catch=   1362.54726409629     
 Abd=   649619.5    
 Catch=   1825.64698635632     
 Abd=   148770.8    
 Catch=   2261.86338078407     
 Abd=   20391.64    
 Catch=   509.057506360838     
 Abd=   4333567.    
 Catch=   17255.3735537837     
 Time step =         1998
 Abd=   62874.35    
 Catch=   412.263735322878     
 Abd=   6940.154    
 Catch=   45.2086806402993     
 Abd=   14196.59    
 Catch=   541.603048288512     
 Abd=   5238.567    
 Catch=   12.9799223007656     
 Abd=   45946.66    
 Catch=   569.869952179844     
 Abd=   35.16640    
 Catch=  0.375473831974869     
 Abd=            NaN
 Catch=                     NaN
 Abd=            NaN
 Catch=                     NaN
 Abd=   227415.4    
 Catch=   567.968254915267     
 Abd=   1966.491    
 Catch=   345.763507347724     
 Abd=   130074.4    
 Catch=   953.824479783508     
 Abd=   9500.332    
 Catch=   23.5319777430580     
 Abd=            NaN
 Catch=                     NaN
 Abd=   116465.4    
 Catch=   335.542516612125     
 Abd=   28252.90    
 Catch=   2214.16620895048     
 Abd=            NaN
 Catch=                     NaN
 Abd=   2565.608    
 Catch=   75.8645745124538     
 Abd=            NaN
 Catch=                     NaN
 Abd=   40741.38    
 Catch=   325.538292548178     
 Abd=            NaN
 Catch=                     NaN
 Abd=   1654.574    
 Catch=   7.26571758024409     
 Abd=   1412167.    
 Catch=   3532.70486917661     
 Abd=   126178.2    
 Catch=   1492.12707490765     
 Abd=   104410.0    
 Catch=   261.154034201237     
 Abd=            NaN
 Catch=                     NaN
 Abd=   22279.16    
 Catch=   448.343171765428     
 Abd=   19103.18    
 Catch=   1402.53882997801     
 Abd=   647416.8    
 Catch=   1799.90744867348     
 Abd=   146234.9    
 Catch=   2225.22808879176     
 Abd=   20718.85    
 Catch=   528.367313708793     
 Abd=   4325223.    
 Catch=   17177.2747558917     
 Time step =         1999
 Abd=   62990.25    
 Catch=   411.703251841220     
 Abd=   6959.077    
 Catch=   45.3151619775664     
 Abd=   14118.48    
 Catch=   543.052500803203     
 Abd=   5200.779    
 Catch=   12.8500718385090     
 Abd=   45970.71    
 Catch=   565.127464975414     
 Abd=   35.42907    
 Catch=  0.381574558794655     
 Abd=            NaN
 Catch=                     NaN
 Abd=            NaN
 Catch=                     NaN
 Abd=   227586.4    
 Catch=   568.574555986024     
 Abd=   1885.462    
 Catch=   338.964662963381     
 Abd=   129964.3    
 Catch=   959.042047425486     
 Abd=   9426.951    
 Catch=   23.3324686545229     
 Abd=            NaN
 Catch=                     NaN
 Abd=   116961.5    
 Catch=   336.435021838499     
 Abd=   30780.88    
 Catch=   2514.43050024906     
 Abd=            NaN
 Catch=                     NaN
 Abd=   2668.856    
 Catch=   77.5718321663821     
 Abd=            NaN
 Catch=                     NaN
 Abd=   40540.96    
 Catch=   325.027119711179     
 Abd=            NaN
 Catch=                     NaN
 Abd=   1656.173    
 Catch=   7.27958120751847     
 Abd=   1415562.    
 Catch=   3535.35464739481     
 Abd=   125600.9    
 Catch=   1488.47949182074     
 Abd=   104647.8    
 Catch=   261.637230573545     
 Abd=            NaN
 Catch=                     NaN
 Abd=   22732.19    
 Catch=   451.590067413957     
 Abd=   19665.24    
 Catch=   1406.77469661262     
 Abd=   638020.8    
 Catch=   1797.11711157348     
 Abd=   143869.0    
 Catch=   2243.51385813893     
 Abd=   21508.77    
 Catch=   539.532233403981     
 Abd=   4305418.    
 Catch=   17133.5885137866     
 Time step =         2000
 Abd=   62900.79    
 Catch=   410.858134273658     
 Abd=   6975.417    
 Catch=   44.6137548246534     
 Abd=   14157.58    
 Catch=   538.301775619287     
 Abd=   5147.564    
 Catch=   12.8452730895546     
 Abd=   45581.35    
 Catch=   570.670777072226     
 Abd=   36.01043    
 Catch=  0.368553307376449     
 Abd=            NaN
 Catch=                     NaN
 Abd=            NaN
 Catch=                     NaN
 Abd=   227829.9    
 Catch=   568.323962959465     
 Abd=   1848.396    
 Catch=   347.756670103600     
 Abd=   130693.1    
 Catch=   947.284234167790     
 Abd=   9346.882    
 Catch=   23.1815316607503     
 Abd=            NaN
 Catch=                     NaN
 Abd=   117268.7    
 Catch=   336.630113130196     
 Abd=   34960.41    
 Catch=   2532.54790263184     
 Abd=            NaN
 Catch=                     NaN
 Abd=   2728.351    
 Catch=   78.2860985977899     
 Abd=            NaN
 Catch=                     NaN
 Abd=   40479.82    
 Catch=   324.262214305958     
 Abd=            NaN
 Catch=                     NaN
 Abd=   1659.366    
 Catch=   7.28952192261757     
 Abd=   1416574.    
 Catch=   3541.94879014024     
 Abd=   125297.7    
 Catch=   1486.24212629710     
 Abd=   104840.5    
 Catch=   261.772337985641     
 Abd=            NaN
 Catch=                     NaN
 Abd=   22892.82    
 Catch=   448.313030592170     
 Abd=   19720.34    
 Catch=   1409.93375970613     
 Abd=   637321.8    
 Catch=   1782.38234335836     
 Abd=   145114.2    
 Catch=   2281.79679435190     
 Abd=   21958.35    
 Catch=   532.312355308507     
 Abd=   4294646.    
 Catch=   17086.8282757634     
 Time step =         2001
 Abd=   62770.03    
 Catch=   408.535477215180     
 Abd=   6865.049    
 Catch=   45.3611521551544     
 Abd=   14031.62    
 Catch=   540.484435343791     
 Abd=   5147.805    
 Catch=   12.9036615851817     
 Abd=   46042.81    
 Catch=   574.348865655764     
 Abd=   34.74902    
 Catch=  0.367311849760985     
 Abd=            NaN
 Catch=                     NaN
 Abd=            NaN
 Catch=                     NaN
 Abd=   227722.3    
 Catch=   568.974320176027     
 Abd=   1896.378    
 Catch=   384.560813401717     
 Abd=   129044.8    
 Catch=   934.731860709715     
 Abd=   9286.807    
 Catch=   22.9902618176297     
 Abd=            NaN
 Catch=                     NaN
 Abd=   117332.0    
 Catch=   337.628134757856     
 Abd=   35187.70    
 Catch=   2125.72511748949     
 Abd=            NaN
 Catch=                     NaN
 Abd=   2752.701    
 Catch=   85.0883939747297     
 Abd=            NaN
 Catch=                     NaN
 Abd=   40383.69    
 Catch=   322.823846786340     
 Abd=            NaN
 Catch=                     NaN
 Abd=   1661.613    
 Catch=   7.28412637289381     
 Abd=   1419250.    
 Catch=   3573.72602229724     
 Abd=   125110.3    
 Catch=   1478.99267556358     
 Abd=   104891.9    
 Catch=   262.710198046074     
 Abd=            NaN
 Catch=                     NaN
 Abd=   22719.88    
 Catch=   450.044844003880     
 Abd=   19764.15    
 Catch=   1575.67897219169     
 Abd=   632024.5    
 Catch=   1768.83601003477     
 Abd=   147611.7    
 Catch=   2283.72972427360     
 Abd=   21651.57    
 Catch=   537.462629339805     
 Abd=   4282906.    
 Catch=   17071.6017916439     
 Time step =         2002
 Abd=   62411.43    
 Catch=   406.792881674153     
 Abd=   6984.617    
 Catch=   47.3511672670913     
 Abd=   14090.87    
 Catch=   549.616359095580     
 Abd=   5170.590    
 Catch=   13.0267999136188     
 Abd=   46336.98    
 Catch=   568.194048228162     
 Abd=   34.65242    
 Catch=  0.378562345205255     
 Abd=            NaN
 Catch=                     NaN
 Abd=            NaN
 Catch=                     NaN
 Abd=   227990.1    
 Catch=   567.942587793535     
 Abd=   2097.177    
 Catch=   308.457196081576     
 Abd=   127334.4    
 Catch=   936.725397514918     
 Abd=   9209.834    
 Catch=   22.8759695525689     
 Abd=            NaN
 Catch=                     NaN
 Abd=   117685.9    
 Catch=   336.713932901830     
 Abd=   29486.08    
 Catch=   2086.27941207180     
 Abd=            NaN
 Catch=                     NaN
 Abd=   2995.608    
 Catch=   77.3682663657924     
 Abd=            NaN
 Catch=                     NaN
 Abd=   40203.34    
 Catch=   322.573430746169     
 Abd=            NaN
 Catch=                     NaN
 Abd=   1660.312    
 Catch=   7.27273119053413     
 Abd=   1432193.    
 Catch=   3567.92498192870     
 Abd=   124493.8    
 Catch=   1489.19955850495     
 Abd=   105274.4    
 Catch=   262.155763659434     
 Abd=            NaN
 Catch=                     NaN
 Abd=   22812.59    
 Catch=   460.989915274448     
 Abd=   22110.38    
 Catch=   1234.25687026457     
 Abd=   627226.0    
 Catch=   1762.82265805162     
 Abd=   147696.2    
 Catch=   2281.21323668203     
 Abd=   21869.50    
 Catch=   551.320214496918     
 Abd=   4279252.    
 Catch=   17034.7674232298     
 Time step =         2003
 Abd=   62146.97    
 Catch=   405.412965054900     
 Abd=   7294.796    
 Catch=   47.9309098338867     
 Abd=   14331.08    
 Catch=   556.984158270149     
 Abd=   5221.438    
 Catch=   13.1092847883240     
 Abd=   45826.96    
 Catch=   564.912471953387     
 Abd=   35.73595    
 Catch=  0.390852970985048     
 Abd=            NaN
 Catch=                     NaN
 Abd=            NaN
 Catch=                     NaN
 Abd=   227564.2    
 Catch=   567.760728526309     
 Abd=   1681.931    
 Catch=   308.783354428893     
 Abd=   127650.3    
 Catch=   951.147377448904     
 Abd=   9164.676    
 Catch=   22.8374478378338     
 Abd=            NaN
 Catch=                     NaN
 Abd=   117353.6    
 Catch=   334.794402671412     
 Abd=   28985.78    
 Catch=   2195.98140593439     
 Abd=            NaN
 Catch=                     NaN
 Abd=   2716.729    
 Catch=   65.3349068186496     
 Abd=            NaN
 Catch=                     NaN
 Abd=   40175.12    
 Catch=   324.254250775976     
 Abd=            NaN
 Catch=                     NaN
 Abd=   1657.688    
 Catch=   7.29065216899612     
 Abd=   1429554.    
 Catch=   3531.06447456817     
 Abd=   125379.6    
 Catch=   1504.74812089043     
 Abd=   105039.9    
 Catch=   260.780413614518     
 Abd=            NaN
 Catch=                     NaN
 Abd=   23375.18    
 Catch=   466.890432249324     
 Abd=   17281.54    
 Catch=   1207.20323484823     
 Abd=   625129.4    
 Catch=   1765.88547196005     
 Abd=   147527.9    
 Catch=   2357.78640917017     
 Abd=   22440.21    
 Catch=   560.458853284028     
 Abd=   4269914.    
 Catch=   17043.8146601223     
 Time step =         2004
 Abd=   61938.36    
 Catch=   406.129246295549     
 Abd=   7379.318    
 Catch=   47.6476601271052     
 Abd=   14522.44    
 Catch=   542.265719415555     
 Abd=   5253.121    
 Catch=   13.2707933795690     
 Abd=   45566.25    
 Catch=   572.012918009667     
 Abd=   36.89711    
 Catch=  0.378752025206618     
 Abd=            NaN
 Catch=                     NaN
 Abd=            NaN
 Catch=                     NaN
 Abd=   227497.8    
 Catch=   567.617185294928     
 Abd=   1683.875    
 Catch=   340.811514618287     
 Abd=   129649.9    
 Catch=   957.757195671765     
 Abd=   9149.851    
 Catch=   22.8728257808910     
 Abd=            NaN
 Catch=                     NaN
 Abd=   116678.2    
 Catch=   333.089755942483     
 Abd=   30511.73    
 Catch=   2331.53177780276     
 Abd=            NaN
 Catch=                     NaN
 Abd=   2292.299    
 Catch=   70.3100017134566     
 Abd=            NaN
 Catch=                     NaN
 Abd=   40388.80    
 Catch=   323.643452111058     
 Abd=            NaN
 Catch=                     NaN
 Abd=   1661.910    
 Catch=   7.31448262055209     
 Abd=   1414541.    
 Catch=   3530.51766568620     
 Abd=   126697.9    
 Catch=   1509.90646721628     
 Abd=   104482.6    
 Catch=   259.920505522229     
 Abd=            NaN
 Catch=                     NaN
 Abd=   23669.10    
 Catch=   458.525538927336     
 Abd=   16927.82    
 Catch=   1310.24190900634     
 Abd=   626292.2    
 Catch=   1760.36240939544     
 Abd=   152569.1    
 Catch=   2401.64545804914     
 Abd=   22806.66    
 Catch=   544.487611988364     
 Abd=   4272409.    
 Catch=   17062.1939990937     
 Time step =         2005
 Abd=   62053.66    
 Catch=   407.732051672636     
 Abd=   7333.400    
 Catch=   49.5660011509461     
 Abd=   14132.45    
 Catch=   566.050227114993     
 Abd=   5318.442    
 Catch=   13.4012999561588     
 Abd=   46153.37    
 Catch=   576.248822021113     
 Abd=   35.71265    
 Catch=  0.376919766440461     
 Abd=            NaN
 Catch=                     NaN
 Abd=            NaN
 Catch=                     NaN
 Abd=   227439.7    
 Catch=   567.781870789588     
 Abd=   1858.638    
 Catch=   362.924475977184     
 Abd=   130529.8    
 Catch=   982.849915178695     
 Abd=   9164.624    
 Catch=   22.9841283151625     
 Abd=            NaN
 Catch=                     NaN
 Abd=   116085.5    
 Catch=   331.662882345071     
 Abd=   32394.81    
 Catch=   1982.70996671927     
 Abd=            NaN
 Catch=                     NaN
 Abd=   2475.129    
 Catch=   79.0017749802211     
 Abd=            NaN
 Catch=  0.000000000000000E+000
 Abd=   40307.13    
 Catch=   328.298726838295     
 Abd=            NaN
 Catch=                     NaN
 Abd=   1667.367    
 Catch=   7.33033715934112     
 Abd=   1414620.    
 Catch=   3553.39773395008     
 Abd=   127114.9    
 Catch=   1520.92329815743     
 Abd=   104142.2    
 Catch=   259.964459411587     
 Abd=            NaN
 Catch=                     NaN
 Abd=   23233.92    
 Catch=   477.208035689815     
 Abd=   18381.40    
 Catch=   1457.58265697887     
 Abd=   624270.9    
 Catch=   1767.41444470802     
 Abd=   155369.2    
 Catch=   2391.33187480437     
 Abd=   22142.76    
 Catch=   573.583864208173     
 Abd=   4277057.    
 Catch=   17100.9838504787     
 Time step =         2006
 Abd=   62300.59    
 Catch=   408.080239026067     
 Abd=   7635.413    
 Catch=   48.7354767771051     
 Abd=   14765.35    
 Catch=   598.225472403622     
 Abd=   5370.422    
 Catch=   13.4272254089774     
 Abd=   46490.33    
 Catch=   570.079211724361     
 Abd=   35.55767    
 Catch=  0.393386757585089     
 Abd=            NaN
 Catch=                     NaN
 Abd=            NaN
 Catch=                     NaN
 Abd=   227509.7    
 Catch=   567.172549685329     
 Abd=   1979.145    
 Catch=   287.406479509001     
 Abd=   133973.5    
 Catch=   1008.01975779936     
 Abd=   9209.839    
 Catch=   23.1330000334520     
 Abd=            NaN
 Catch=                     NaN
 Abd=   115590.8    
 Catch=   329.484296963262     
 Abd=   27505.38    
 Catch=   1806.67109973360     
 Abd=            NaN
 Catch=                     NaN
 Abd=   2782.506    
 Catch=   67.1924587866612     
 Abd=            NaN
 Catch=  0.000000000000000E+000
 Abd=   40899.72    
 Catch=   334.090702502588     
 Abd=            NaN
 Catch=                     NaN
 Abd=   1670.945    
 Catch=   7.35437358195043     
 Abd=   1423977.    
 Catch=   3528.31853169135     
 Abd=   128050.8    
 Catch=   1523.09745828015     
 Abd=   104167.3    
 Catch=   258.602024079798     
 Abd=            NaN
 Catch=                     NaN
 Abd=   24204.23    
 Catch=   505.353774537059     
 Abd=   20446.84    
 Catch=   1179.00129522310     
 Abd=   626847.9    
 Catch=   1731.07341416047     
 Abd=   154638.0    
 Catch=   2367.18697574671     
 Abd=   23356.39    
 Catch=   611.441736921611     
 Abd=   4286883.    
 Catch=   17122.2564639196     
 Time step =         2007
 Abd=   62349.88    
 Catch=   411.105191221793     
 Abd=   7499.004    
 Catch=   48.1672390742352     
 Abd=   15606.75    
 Catch=   596.961285817604     
 Abd=   5382.135    
 Catch=   13.4061875837447     
 Abd=   45979.25    
 Catch=   571.201171084769     
 Abd=   37.14470    
 Catch=  0.399996173696028     
 Abd=            NaN
 Catch=                     NaN
 Abd=            NaN
 Catch=                     NaN
 Abd=   227258.4    
 Catch=   566.842153399800     
 Abd=   1567.142    
 Catch=   329.624565176836     
 Abd=   137452.3    
 Catch=   1056.14533155532     
 Abd=   9269.787    
 Catch=   23.2761259517793     
 Abd=            NaN
 Catch=                     NaN
 Abd=   114826.0    
 Catch=   328.207775199407     
 Abd=   25079.64    
 Catch=   2493.92041809299     
 Abd=            NaN
 Catch=                     NaN
 Abd=   2357.263    
 Catch=   61.4960289964234     
 Abd=            NaN
 Catch=  0.000000000000000E+000
 Abd=   41623.79    
 Catch=   335.152952584518     
 Abd=            NaN
 Catch=                     NaN
 Abd=   1676.462    
 Catch=   7.39290834499919     
 Abd=   1413534.    
 Catch=   3505.67547531680     
 Abd=   128222.2    
 Catch=   1526.19152559000     
 Abd=   103609.8    
 Catch=   257.495335860180     
 Abd=            NaN
 Catch=                     NaN
 Abd=   25639.79    
 Catch=   513.559489025688     
 Abd=   16508.95    
 Catch=   1226.47440132947     
 Abd=   613666.2    
 Catch=   1750.41788601380     
 Abd=   153060.7    
 Catch=   2394.89386653024     
 Abd=   24902.45    
 Catch=   612.825154678666     
 Abd=   4292124.    
 Catch=   17126.3161561860     
 Time step =         2008
 Abd=   62820.74    
 Catch=   409.100719773149     
 Abd=   7412.467    
 Catch=   50.5318925594561     
 Abd=   15562.27    
 Catch=   547.160621835605     
 Abd=   5372.297    
 Catch=   13.4938488854066     
 Abd=   46079.52    
 Catch=   569.751686056515     
 Abd=   37.74899    
 Catch=  0.403550096099440     
 Abd=            NaN
 Catch=                     NaN
 Abd=            NaN
 Catch=                     NaN
 Abd=   227128.9    
 Catch=   566.914689734196     
 Abd=   1797.676    
 Catch=   348.441133432714     
 Abd=   144060.2    
 Catch=   1093.47030925851     
 Abd=   9327.078    
 Catch=   23.3498000790429     
 Abd=            NaN
 Catch=                     NaN
 Abd=   114387.1    
 Catch=   327.595577214362     
 Abd=   34779.14    
 Catch=   2630.74562077833     
 Abd=            NaN
 Catch=                     NaN
 Abd=   2160.667    
 Catch=   67.0245312010693     
 Abd=            NaN
 Catch=  0.000000000000000E+000
 Abd=   41744.63    
 Catch=   330.061130337550     
 Abd=            NaN
 Catch=                     NaN
 Abd=   1685.317    
 Catch=   7.37137247612321     
 Abd=   1404483.    
 Catch=   3492.26598334900     
 Abd=   128481.6    
 Catch=   1526.11446279041     
 Abd=   103167.5    
 Catch=   256.813117916403     
 Abd=            NaN
 Catch=                     NaN
 Abd=   26037.24    
 Catch=   471.009492662053     
 Abd=   17205.66    
 Catch=   1372.35087865913     
 Abd=   620949.5    
 Catch=   1764.94353709573     
 Abd=   154915.2    
 Catch=   2391.78805103765     
 Abd=   24932.68    
 Catch=   544.752382260574     
 Abd=   4293056.    
 Catch=   17117.5991687048     
 Time step =         2009
 Abd=   62499.02    
 Catch=   412.531014149092     
 Abd=   7785.924    
 Catch=   52.9550538174584     
 Abd=   14251.53    
 Catch=   536.892779716188     
 Abd=   5407.307    
 Catch=   13.5576981015217     
 Abd=   45959.48    
 Catch=   573.858923881480     
 Abd=   38.07903    
 Catch=  0.404001082761002     
 Abd=            NaN
 Catch=                     NaN
 Abd=            NaN
 Catch=                     NaN
 Abd=   227160.9    
 Catch=   566.636310815832     
 Abd=   1900.139    
 Catch=   338.219172979483     
 Abd=   149100.3    
 Catch=   1120.51105832782     
 Abd=   9356.019    
 Catch=   23.3597843256526     
 Abd=            NaN
 Catch=                     NaN
 Abd=   114178.2    
 Catch=   328.366732171814     
 Abd=   36558.42    
 Catch=   2238.38153829548     
 Abd=            NaN
 Catch=                     NaN
 Abd=   2361.498    
 Catch=   68.6958834208437     
 Abd=            NaN
 Catch=  0.000000000000000E+000
 Abd=   41095.83    
 Catch=   328.725521562653     
 Abd=            NaN
 Catch=                     NaN
 Abd=   1680.126    
 Catch=   7.36948052893607     
 Abd=   1399186.    
 Catch=   3497.17853047477     
 Abd=   128470.8    
 Catch=   1523.42978454950     
 Abd=   102897.5    
 Catch=   257.119239666041     
 Abd=            NaN
 Catch=                     NaN
 Abd=   23841.22    
 Catch=   448.359378389922     
 Abd=   19255.25    
 Catch=   1376.30972013397     
 Abd=   625989.9    
 Catch=   1783.75448442239     
 Abd=   154676.6    
 Catch=   2346.56839294152     
 Abd=   22126.52    
 Catch=   516.489249693669     
 Abd=   4290807.    
 Catch=   17110.2486287063     
 Time step =         2010
 Abd=   63039.74    
 Catch=   415.981088566140     
 Abd=   8158.732    
 Catch=   53.8855248954349     
 Abd=   13995.07    
 Catch=   534.824437074226     
 Abd=   5432.708    
 Catch=   13.6910910863780     
 Abd=   46297.43    
 Catch=   580.749328681111     
 Abd=   38.11639    
 Catch=  0.391511165690827     
 Abd=            NaN
 Catch=                     NaN
 Abd=            NaN
 Catch=                     NaN
 Abd=   227047.5    
 Catch=   566.181606239022     
 Abd=   1844.332    
 Catch=   368.624357988507     
 Abd=   152773.6    
 Catch=   1155.07329840294     
 Abd=   9359.502    
 Catch=   23.2892415153052     
 Abd=            NaN
 Catch=                     NaN
 Abd=   114456.3    
 Catch=   330.293368425812     
 Abd=   31066.62    
 Catch=   2459.32683382116     
 Abd=            NaN
 Catch=                     NaN
 Abd=   2416.597    
 Catch=   74.1746630164403     
 Abd=            NaN
 Catch=  0.000000000000000E+000
 Abd=   40938.27    
 Catch=   329.450005645658     
 Abd=            NaN
 Catch=                     NaN
 Abd=   1679.792    
 Catch=   7.38801875900309     
 Abd=   1401301.    
 Catch=   3511.56635583841     
 Abd=   128239.7    
 Catch=   1518.55001599301     
 Abd=   103028.1    
 Catch=   258.105133449934     
 Abd=            NaN
 Catch=                     NaN
 Abd=   22707.88    
 Catch=   444.289658867795     
 Abd=   19290.61    
 Catch=   1462.26693497149     
 Abd=   632752.6    
 Catch=   1804.08302877098     
 Abd=   151706.0    
 Catch=   2294.76644946149     
 Abd=   20997.17    
 Catch=   515.848607698199     
 Abd=   4288976.    
 Catch=   17091.6037305851     
 Time step =         2011
 Abd=   63566.23    
 Catch=   415.002824683142     
 Abd=   8296.908    
 Catch=   51.3999936298557     
 Abd=   13944.58    
 Catch=   537.907736147654     
 Abd=   5486.839    
 Catch=   13.8414058295896     
 Abd=   46857.69    
 Catch=   585.389321916362     
 Abd=   36.91626    
 Catch=  0.383730828541644     
 Abd=            NaN
 Catch=                     NaN
 Abd=            NaN
 Catch=                     NaN
 Abd=   226862.2    
 Catch=   566.726675878781     
 Abd=   2010.232    
 Catch=   361.376953402043     
 Abd=   157488.2    
 Catch=   1194.14449086728     
 Abd=   9330.584    
 Catch=   23.0009689918511     
 Abd=            NaN
 Catch=                     NaN
 Abd=   115136.0    
 Catch=   330.795281741625     
 Abd=   34240.91    
 Catch=   2273.46348424248     
 Abd=            NaN
 Catch=                     NaN
 Abd=   2611.068    
 Catch=   73.8164902714002     
 Abd=            NaN
 Catch=                     NaN
 Abd=   41033.41    
 Catch=   329.377359593993     
 Abd=            NaN
 Catch=                     NaN
 Abd=   1684.103    
 Catch=   7.37484477287413     
 Abd=   1407142.    
 Catch=   3533.76883803125     
 Abd=   127826.2    
 Catch=   1537.35496391206     
 Abd=   103428.6    
 Catch=   258.588389273896     
 Abd=            NaN
 Catch=                     NaN
 Abd=   22517.97    
 Catch=   453.612541087471     
 Abd=   20503.96    
 Catch=   1352.18898779609     
 Abd=   639964.4    
 Catch=   1830.25006784091     
 Abd=   148349.2    
 Catch=   2290.46488145828     
 Abd=   20990.88    
 Catch=   537.368515166208     
 Abd=   4284246.    
 Catch=   17107.8045764627     
 Time step =         2012
 Abd=   63403.49    
 Catch=   415.906900905086     
 Abd=   7904.583    
 Catch=   51.5760290620844     
 Abd=   14022.64    
 Catch=   563.383394756127     
 Abd=   5548.027    
 Catch=   14.0932533042244     
 Abd=   47228.97    
 Catch=   585.183652642938     
 Abd=   36.19007    
 Catch=  0.381290794338627     
 Abd=            NaN
 Catch=                     NaN
 Abd=            NaN
 Catch=                     NaN
 Abd=   227090.6    
 Catch=   567.202701444651     
 Abd=   1970.622    
 Catch=   356.450555428474     
 Abd=   162828.7    
 Catch=   1176.76750815695     
 Abd=   9213.326    
 Catch=   22.8465337565980     
 Abd=            NaN
 Catch=                     NaN
 Abd=   115300.5    
 Catch=   331.669185140749     
 Abd=   31557.22    
 Catch=   1985.71958546193     
 Abd=            NaN
 Catch=                     NaN
 Abd=   2595.385    
 Catch=   75.6288984315077     
 Abd=            NaN
 Catch=                     NaN
 Abd=   41022.37    
 Catch=   329.637201640389     
 Abd=            NaN
 Catch=                     NaN
 Abd=   1680.953    
 Catch=   7.36042744371088     
 Abd=   1416102.    
 Catch=   3557.28599962323     
 Abd=   129446.8    
 Catch=   1524.77003095249     
 Abd=   103617.9    
 Catch=   259.653224302727     
 Abd=            NaN
 Catch=                     NaN
 Abd=   23000.36    
 Catch=   467.718360169029     
 Abd=   18944.64    
 Catch=   1390.22749515251     
 Abd=   649289.1    
 Catch=   1830.47433958900     
 Abd=   148123.6    
 Catch=   2261.49756624042     
 Abd=   21877.32    
 Catch=   559.648563001198     
 Abd=   4288486.    
 Catch=   17114.8695536324     
 Time step =         2013
 Abd=   63547.32    
 Catch=   415.661714086896     
 Abd=   7939.732    
 Catch=   53.1954848090890     
 Abd=   14695.95    
 Catch=   580.589616379979     
 Abd=   5648.735    
 Catch=   14.2220330317814     
 Abd=   47205.68    
 Catch=   579.560950177888     
 Abd=   35.96883    
 Catch=  0.377738904420090     
 Abd=            NaN
 Catch=                     NaN
 Abd=            NaN
 Catch=                     NaN
 Abd=   227281.3    
 Catch=   567.083643573486     
 Abd=   1943.752    
 Catch=   315.219387026401     
 Abd=   160292.1    
 Catch=   1184.96765936446     
 Abd=   9152.570    
 Catch=   22.7299433995810     
 Abd=            NaN
 Catch=                     NaN
 Abd=   115608.0    
 Catch=   330.911077599124     
 Abd=   27561.01    
 Catch=   2178.00376051299     
 Abd=            NaN
 Catch=                     NaN
 Abd=   2660.757    
 Catch=   72.1605621099545     
 Abd=            NaN
 Catch=                     NaN
 Abd=   41056.19    
 Catch=   329.470389641806     
 Abd=            NaN
 Catch=                     NaN
 Abd=   1677.667    
 Catch=   7.37810830829307     
 Abd=   1425535.    
 Catch=   3552.18376337298     
 Abd=   128339.8    
 Catch=   1537.22314985463     
 Abd=   104049.5    
 Catch=   259.308975404982     
 Abd=            NaN
 Catch=                     NaN
 Abd=   23721.24    
 Catch=   478.530566077378     
 Abd=   19490.55    
 Catch=   1249.71883951758     
 Abd=   649182.0    
 Catch=   1843.64300414292     
 Abd=   146223.1    
 Catch=   2329.09579769492     
 Abd=   22788.12    
 Catch=   572.345827224772     
 Abd=   4290211.    
 Catch=   17080.1896646035     
 Time step =         2014
 Abd=   63506.55    
 Catch=   415.849624263569     
 Abd=   8193.209    
 Catch=   53.1148990434111     
 Abd=   15140.53    
 Catch=   581.014614830249     
 Abd=   5700.308    
 Catch=   14.3385305892151     
 Abd=   46744.72    
 Catch=   578.018834694291     
 Abd=   35.63337    
 Catch=  0.390002920369956     
 Abd=            NaN
 Catch=                     NaN
 Abd=            NaN
 Catch=                     NaN
 Abd=   227228.3    
 Catch=   568.083584414612     
 Abd=   1718.847    
 Catch=   313.966624819590     
 Abd=   161502.2    
 Catch=   1215.66160411025     
 Abd=   9106.143    
 Catch=   22.7041425280721     
 Abd=            NaN
 Catch=                     NaN
 Abd=   115332.2    
 Catch=   329.110821072786     
 Abd=   30277.81    
 Catch=   2413.79724405621     
 Abd=            NaN
 Catch=                     NaN
 Abd=   2536.055    
 Catch=   68.1127387834541     
 Abd=            NaN
 Catch=                     NaN
 Abd=   41034.25    
 Catch=   328.023639660417     
 Abd=            NaN
 Catch=                     NaN
 Abd=   1681.845    
 Catch=   7.38298236899053     
 Abd=   1423252.    
 Catch=   3513.22281556737     
 Abd=   129427.0    
 Catch=   1548.27454697318     
 Abd=   103899.9    
 Catch=   257.882837425772     
 Abd=            NaN
 Catch=                     NaN
 Abd=   24264.92    
 Catch=   485.779356627656     
 Abd=   17507.29    
 Catch=   1285.00410407577     
 Abd=   653942.1    
 Catch=   1868.21517478476     
 Abd=   150720.2    
 Catch=   2406.18295260357     
 Abd=   23293.52    
 Catch=   583.818932858571     
 Abd=   4281302.    
 Catch=   17075.3178251489     
 Time step =         2015
 Abd=   63536.76    
 Catch=   417.763579563159     
 Abd=   8175.199    
 Catch=   55.1996575669555     
 Abd=   15147.49    
 Catch=   557.889654875108     
 Abd=   5746.867    
 Catch=   14.4004496825590     
 Abd=   46625.61    
 Catch=   581.717923214607     
 Abd=   36.81747    
 Catch=  0.402985281058393     
 Abd=            NaN
 Catch=                     NaN
 Abd=            NaN
 Catch=                     NaN
 Abd=   227637.3    
 Catch=   569.041853648745     
 Abd=   1712.117    
 Catch=   347.979570151130     
 Abd=   165754.0    
 Catch=   1254.93815591342     
 Abd=   9096.546    
 Catch=   22.7467809436411     
 Abd=            NaN
 Catch=                     NaN
 Abd=   114698.5    
 Catch=   329.603054706667     
 Abd=   33554.07    
 Catch=   2256.45366286147     
 Abd=            NaN
 Catch=                     NaN
 Abd=   2393.368    
 Catch=   73.5203668942415     
 Abd=            NaN
 Catch=                     NaN
 Abd=   40851.38    
 Catch=   324.781004354043     
 Abd=            NaN
 Catch=                     NaN
 Abd=   1682.896    
 Catch=   7.39185891199270     
 Abd=   1407376.    
 Catch=   3520.89328486621     
 Abd=   130354.8    
 Catch=   1567.77601351998     
 Abd=   103320.3    
 Catch=   258.107121768940     
 Abd=            NaN
 Catch=                     NaN
 Abd=   24627.96    
 Catch=   477.916958676596     
 Abd=   18021.14    
 Catch=   1373.10196348598     
 Abd=   662738.3    
 Catch=   1889.34903687279     
 Abd=   155702.2    
 Catch=   2372.44709352577     
 Abd=   23758.62    
 Catch=   567.051517330929     
 Abd=   4280230.    
 Catch=   17106.6664023078     
 Time step =         2016
 Abd=   63835.06    
 Catch=   420.003356946128     
 Abd=   8503.106    
 Catch=   53.4262763479699     
 Abd=   14537.12    
 Catch=   548.163365667409     
 Abd=   5772.214    
 Catch=   14.5529233422128     
 Abd=   46931.32    
 Catch=   581.016859002210     
 Abd=   38.04324    
 Catch=  0.396859587749634     
 Abd=            NaN
 Catch=                     NaN
 Abd=            NaN
 Catch=                     NaN
 Abd=   228019.7    
 Catch=   568.970573833944     
 Abd=   1897.723    
 Catch=   366.499019169003     
 Abd=   171110.2    
 Catch=   1250.71700757695     
 Abd=   9114.181    
 Catch=   22.6756034486336     
 Abd=            NaN
 Catch=                     NaN
 Abd=   114885.4    
 Catch=   329.451028559015     
 Abd=   31325.30    
 Catch=   2270.24881744561     
 Abd=            NaN
 Catch=                     NaN
 Abd=   2588.167    
 Catch=   80.0450400126323     
 Abd=            NaN
 Catch=                     NaN
 Abd=   40443.03    
 Catch=   325.700911191745     
 Abd=            NaN
 Catch=                     NaN
 Abd=   1684.938    
 Catch=   7.39872859214973     
 Abd=   1410830.    
 Catch=   3538.34658941275     
 Abd=   132006.8    
 Catch=   1581.08224502734     
 Abd=   103423.4    
 Catch=   258.480919205608     
 Abd=            NaN
 Catch=                     NaN
 Abd=   24215.61    
 Catch=   463.381870006547     
 Abd=   19264.11    
 Catch=   1447.62268398251     
 Abd=   670208.2    
 Catch=   1876.90785242444     
 Abd=   153391.8    
 Catch=   2305.94154704860     
 Abd=   23058.30    
 Catch=   542.843522873188     
 Abd=   4288269.    
 Catch=   17140.8160090851     
 Time step =         2017
 Abd=   64177.82    
 Catch=   418.175386940655     
 Abd=   8218.446    
 Catch=   52.5892027543280     
 Abd=   14290.39    
 Catch=   550.513781020000     
 Abd=   5832.094    
 Catch=   14.6659841078021     
 Abd=   46868.58    
 Catch=   578.758567450713     
 Abd=   37.43092    
 Catch=  0.390314886157609     
 Abd=            NaN
 Catch=                     NaN
 Abd=            NaN
 Catch=                     NaN
 Abd=   227983.4    
 Catch=   569.797633798123     
 Abd=   1998.614    
 Catch=   343.731526336811     
 Abd=   170470.9    
 Catch=   1329.10908776097     
 Abd=   9084.711    
 Catch=   22.6163390238330     
 Abd=            NaN
 Catch=                     NaN
 Abd=   114827.8    
 Catch=   329.191300084780     
 Abd=   31528.42    
 Catch=   2197.58670069935     
 Abd=            NaN
 Catch=                     NaN
 Abd=   2818.001    
 Catch=   72.9622479031853     
 Abd=            NaN
 Catch=                     NaN
 Abd=   40567.31    
 Catch=   327.031584500904     
 Abd=            NaN
 Catch=                     NaN
 Abd=   1686.491    
 Catch=   7.38365809657504     
 Abd=   1417898.    
 Catch=   3553.98724103480     
 Abd=   133119.4    
 Catch=   1593.13244061026     
 Abd=   103575.2    
 Catch=   258.795551869858     
 Abd=            NaN
 Catch=                     NaN
 Abd=   23477.00    
 Catch=   472.860679214663     
 Abd=   20301.23    
 Catch=   1390.83687069404     
 Abd=   665568.9    
 Catch=   1861.41495370563     
 Abd=   149056.3    
 Catch=   2270.24877661648     
 Abd=   22073.05    
 Catch=   557.484526083180     
 Abd=   4296844.    
 Catch=   17195.4151024863     
 Time step =         2018
 Abd=   63886.65    
 Catch=   418.759857199589     
 Abd=   8092.309    
 Catch=   49.5207796125043     
 Abd=   14354.22    
 Catch=   575.922791715613     
 Abd=   5878.059    
 Catch=   14.7309323809132     
 Abd=   46684.67    
 Catch=   577.492695642717     
 Abd=   36.81326    
 Catch=  0.381685477997434     
 Abd=            NaN
 Catch=                     NaN
 Abd=            NaN
 Catch=                     NaN
 Abd=   228324.0    
 Catch=   570.702830019207     
 Abd=   1874.358    
 Catch=   306.999373010355     
 Abd=   181356.9    
 Catch=   1404.67702173424     
 Abd=   9061.084    
 Catch=   22.4858702764687     
 Abd=            NaN
 Catch=                     NaN
 Abd=   114736.5    
 Catch=   327.774300063066     
 Abd=   30519.30    
 Catch=   2108.19922968340     
 Abd=            NaN
 Catch=                     NaN
 Abd=   2562.793    
 Catch=   62.2723514655741     
 Abd=            NaN
 Catch=                     NaN
 Abd=   40733.77    
 Catch=   330.544616229429     
 Abd=            NaN
 Catch=                     NaN
 Abd=   1682.959    
 Catch=   7.39157778014742     
 Abd=   1424148.    
 Catch=   3541.66131463132     
 Abd=   134130.7    
 Catch=   1595.28148942415     
 Abd=   103699.7    
 Catch=   257.884942068929     
 Abd=            NaN
 Catch=                     NaN
 Abd=   23976.21    
 Catch=   482.649724203690     
 Abd=   19491.86    
 Catch=   1191.75458047336     
 Abd=   660122.4    
 Catch=   1898.73478791269     
 Abd=   146782.8    
 Catch=   2267.62865807551     
 Abd=   22692.13    
 Catch=   571.522112780708     
 Abd=   4310633.    
 Catch=   17249.4403454644     
 Time step =         2019
 Abd=   63983.06    
 Catch=   419.771202342019     
 Abd=   7613.789    
 Catch=   48.4258479610882     
 Abd=   15024.42    
 Catch=   572.722909835548     
 Abd=   5903.551    
 Catch=   14.7438599111140     
 Abd=   46583.25    
 Catch=   573.386190782008     
 Abd=   35.99557    
 Catch=  0.388162287752604     
 Abd=            NaN
 Catch=                     NaN
 Abd=            NaN
 Catch=                     NaN
 Abd=   228685.2    
 Catch=   572.130036109246     
 Abd=   1674.031    
 Catch=   309.739754866822     
 Abd=   191621.7    
 Catch=   1479.96083272352     
 Abd=   9008.223    
 Catch=   22.3512653345364     
 Abd=            NaN
 Catch=                     NaN
 Abd=   114234.6    
 Catch=   326.352624121875     
 Abd=   29277.50    
 Catch=   2194.77030302456     
 Abd=            NaN
 Catch=                     NaN
 Abd=   2185.158    
 Catch=   61.3038666433490     
 Abd=            NaN
 Catch=                     NaN
 Abd=   41176.48    
 Catch=   329.733116520812     
 Abd=            NaN
 Catch=                     NaN
 Abd=   1684.867    
 Catch=   7.38528576276005     
 Abd=   1418980.    
 Catch=   3508.31085525132     
 Abd=   134297.4    
 Catch=   1590.83853495617     
 Abd=   103324.8    
 Catch=   256.549711911908     
 Abd=            NaN
 Catch=                     NaN
 Abd=   24472.36    
 Catch=   483.775351806313     
 Abd=   16689.11    
 Catch=   1206.22643583628     
 Abd=   673675.4    
 Catch=   1934.19102147547     
 Abd=   146645.7    
 Catch=   2292.28795356466     
 Abd=   23262.84    
 Catch=   567.599476972979     
 Abd=   4324174.    
 Catch=   17262.5872224547     
 Time step =         2020
 Abd=   64137.84    
 Catch=   420.211632420058     
 Abd=   7450.859    
 Catch=   46.4750993227816     
 Abd=   14930.43    
 Catch=   546.738594632130     
 Abd=   5907.431    
 Catch=   14.7890598614689     
 Abd=   46248.41    
 Catch=   573.503722699245     
 Abd=   36.63314    
 Catch=  0.391793060442301     
 Abd=            NaN
 Catch=                     NaN
 Abd=            NaN
 Catch=                     NaN
 Abd=   229262.3    
 Catch=   571.705790097469     
 Abd=   1689.068    
 Catch=   319.676431113489     
 Abd=   201879.3    
 Catch=   1404.95038024525     
 Abd=   8954.270    
 Catch=   22.1497978794866     
 Abd=            NaN
 Catch=                     NaN
 Abd=   113739.3    
 Catch=   325.161801533988     
 Abd=   30497.70    
 Catch=   2178.29820416095     
 Abd=            NaN
 Catch=                     NaN
 Abd=   2155.909    
 Catch=   72.8484815141159     
 Abd=            NaN
 Catch=                     NaN
 Abd=   41065.07    
 Catch=   324.555317730152     
 Abd=            NaN
 Catch=                     NaN
 Abd=   1683.370    
 Catch=   7.39847102931022     
 Abd=   1405450.    
 Catch=   3506.35640489819     
 Abd=   133914.8    
 Catch=   1587.52311991663     
 Abd=   102786.7    
 Catch=   255.726011090772     
 Abd=            NaN
 Catch=                     NaN
 Abd=   24520.66    
 Catch=   474.884108839173     
 Abd=   16910.98    
 Catch=   1222.48568803783     
 Abd=   686172.5    
 Catch=   1915.76747337708     
 Abd=   148279.8    
 Catch=   2319.80371343904     
 Abd=   23089.56    
 Catch=   555.755973154256     
 Abd=   4327260.    
 Catch=   17253.3957819212     
 Time step =         2021
 Abd=   64204.36    
 Catch=   418.238701228397     
 Abd=   7148.096    
 Catch=   48.1519963037423     
 Abd=   14246.33    
 Catch=   532.397950146226     
 Abd=   5925.821    
 Catch=   14.8251254268687     
 Abd=   46263.96    
 Catch=   565.360232351803     
 Abd=   36.97025    
 Catch=  0.396198305058483     
 Abd=            NaN
 Catch=                     NaN
 Abd=            NaN
 Catch=                     NaN
 Abd=   229076.4    
 Catch=   570.985928556296     
 Abd=   1743.286    
 Catch=   312.295011428783     
 Abd=   191146.6    
 Catch=   1380.66459452164     
 Abd=   8873.006    
 Catch=   21.9648274500256     
 Abd=            NaN
 Catch=                     NaN
 Abd=   113325.8    
 Catch=   324.248729308859     
 Abd=   30247.55    
 Catch=   2055.39785906740     
 Abd=            NaN
 Catch=                     NaN
 Abd=   2568.973    
 Catch=   68.7265754893198     
 Abd=            NaN
 Catch=                     NaN
 Abd=   40410.30    
 Catch=   321.110250448589     
 Abd=            NaN
 Catch=                     NaN
 Abd=   1686.463    
 Catch=   7.37809126567430     
 Abd=   1404926.    
 Catch=   3499.30649439488     
 Abd=   133635.7    
 Catch=   1579.30216277699     
 Abd=   102460.8    
 Catch=   255.121781838632     
 Abd=            NaN
 Catch=                     NaN
 Abd=   24061.64    
 Catch=   464.037092927613     
 Abd=   17139.28    
 Catch=   1239.18275116114     
 Abd=   679295.4    
 Catch=   1927.55246387528     
 Abd=   150056.3    
 Catch=   2326.87568936385     
 Abd=   22602.54    
 Catch=   537.528391409391     
 Abd=   4324845.    
 Catch=   17230.0312041148     
 Time step =         2022
 Abd=   63895.63    
 Catch=   418.156849892022     
 Abd=   7417.427    
 Catch=   47.4931334714484     
 Abd=   13876.84    
 Catch=   533.109568846787     
 Abd=   5940.124    
 Catch=   14.8070631887206     
 Abd=   45595.57    
 Catch=   565.152183586019     
 Abd=   37.38702    
 Catch=  0.386889500718299     
 Abd=            NaN
 Catch=                     NaN
 Abd=            NaN
 Catch=                     NaN
 Abd=   228786.7    
 Catch=   571.140149332781     
 Abd=   1702.979    
 Catch=   326.504195567364     
 Abd=   188121.8    
 Catch=   1388.16043614354     
 Abd=   8799.039    
 Catch=   21.7411781662700     
 Abd=            NaN
 Catch=                     NaN
 Abd=   113009.5    
 Catch=   324.196516458479     
 Abd=   28533.32    
 Catch=   2373.13827494493     
 Abd=            NaN
 Catch=                     NaN
 Abd=   2414.718    
 Catch=   70.6460263045287     
 Abd=            NaN
 Catch=                     NaN
 Abd=   39985.46    
 Catch=   322.282508246954     
 Abd=            NaN
 Catch=                     NaN
 Abd=   1681.657    
 Catch=   7.37329782848738     
 Abd=   1402055.    
 Catch=   3477.72616547022     
 Abd=   132934.9    
 Catch=   1560.49110008525     
 Abd=   102220.4    
 Catch=   254.456077745591     
 Abd=            NaN
 Catch=                     NaN
 Abd=   23511.90    
 Catch=   453.655465961918     
 Abd=   17371.27    
 Catch=   1296.73994012036     
 Abd=   683716.0    
 Catch=   1947.67009866252     
 Abd=   150489.4    
 Catch=   2318.78096701073     
 Abd=   21860.93    
 Catch=   523.713370513269     
 Abd=   4318924.    
 Catch=   17250.7806819785     
 Time step =         2023
 Abd=   63887.84    
 Catch=   419.715406517554     
 Abd=   7308.305    
 Catch=   46.2011191596529     
 Abd=   13899.06    
 Catch=   526.720147145369     
 Abd=   5932.544    
 Catch=   14.8409808850609     
 Abd=   45589.77    
 Catch=   569.403976165886     
 Abd=   36.48502    
 Catch=  0.391483910175437     
 Abd=            NaN
 Catch=                     NaN
 Abd=            NaN
 Catch=                     NaN
 Abd=   228855.4    
 Catch=   570.795876122683     
 Abd=   1780.509    
 Catch=   341.102180853283     
 Abd=   189184.4    
 Catch=   1394.04661328066     
 Abd=   8709.113    
 Catch=   21.7939313133771     
 Abd=            NaN
 Catch=                     NaN
 Abd=   112997.5    
 Catch=   325.055663683408     
 Abd=   32997.13    
 Catch=   2428.99455760146     
 Abd=            NaN
 Catch=                     NaN
 Abd=   2484.892    
 Catch=   73.3368167480406     
 Abd=            NaN
 Catch=                     NaN
 Abd=   40142.01    
 Catch=   319.231488548123     
 Abd=            NaN
 Catch=                     NaN
 Abd=   1680.644    
 Catch=   7.36841525701638     
 Abd=   1393291.    
 Catch=   3479.82205444538     
 Abd=   131335.6    
 Catch=   1559.33076049366     
 Abd=   101953.3    
 Catch=   254.712177246955     
 Abd=            NaN
 Catch=                     NaN
 Abd=   22986.15    
 Catch=   434.930398641924     
 Abd=   18182.20    
 Catch=   1334.67011152426     
 Abd=   690913.2    
 Catch=   1975.04647932677     
 Abd=   149948.4    
 Catch=   2301.93589954569     
 Abd=   21299.84    
 Catch=   502.824581451596     
 Abd=   4324346.    
 Catch=   17225.0071594112     
 Time step =         2024
 Abd=   64131.08    
 Catch=   419.762812125612     
 Abd=   7107.706    
 Catch=   46.7341013322855     
 Abd=   13728.84    
 Catch=   520.441649103133     
 Abd=   5946.590    
 Catch=   14.8462194224067     
 Abd=   45938.75    
 Catch=   573.279559611807     
 Abd=   36.94308    
 Catch=  0.391827442830230     
 Abd=            NaN
 Catch=                     NaN
 Abd=            NaN
 Catch=                     NaN
 Abd=   228714.3    
 Catch=   570.505598560404     
 Abd=   1860.116    
 Catch=   365.288432677105     
 Abd=   189980.4    
 Catch=   1354.39541933360     
 Abd=   8732.525    
 Catch=   21.8391824489546     
 Abd=            NaN
 Catch=                     NaN
 Abd=   113303.0    
 Catch=   326.034531075415     
 Abd=   33738.86    
 Catch=   2284.53155197873     
 Abd=            NaN
 Catch=                     NaN
 Abd=   2579.790    
 Catch=   79.5957777889750     
 Abd=            NaN
 Catch=                     NaN
 Abd=   39752.28    
 Catch=   316.891270829257     
 Abd=            NaN
 Catch=                     NaN
 Abd=   1679.530    
 Catch=   7.35487356718087     
 Abd=   1394325.    
 Catch=   3498.47016235688     
 Abd=   131265.5    
 Catch=   1549.87981382104     
 Abd=   102063.3    
 Catch=   255.438235108153     
 Abd=            NaN
 Catch=                     NaN
 Abd=   22030.71    
 Catch=   427.978320934311     
 Abd=   18712.47    
 Catch=   1433.68690080209     
 Abd=   700652.1    
 Catch=   1991.60850839228     
 Abd=   148850.2    
 Catch=   2332.78937413038     
 Abd=   20445.63    
 Catch=   496.894858879397     
 Abd=   4317646.    
 Catch=   17231.1930399517     
 Time step =         2025
 Abd=   64133.61    
 Catch=   419.331021447739     
 Abd=   7195.340    
 Catch=   45.9874857714332     
 Abd=   13564.91    
 Catch=   535.658180109037     
 Abd=   5948.391    
 Catch=   14.8451098346814     
 Abd=   46251.24    
 Catch=   578.522083299583     
 Abd=   36.96768    
 Catch=  0.371477311101219     
 Abd=            NaN
 Catch=                     NaN
 Abd=            NaN
 Catch=                     NaN
 Abd=   228597.0    
 Catch=   570.050700500406     
 Abd=   1992.035    
 Catch=   371.375480827016     
 Abd=   184435.3    
 Catch=   1298.59466772691     
 Abd=   8750.546    
 Catch=   21.9647608994746     
 Abd=            NaN
 Catch=                     NaN
 Abd=   113645.2    
 Catch=   325.612067385594     
 Abd=   31712.64    
 Catch=   2277.60565798961     
 Abd=            NaN
 Catch=                     NaN
 Abd=   2801.928    
 Catch=   80.9944482638495     
 Abd=            NaN
 Catch=                     NaN
 Abd=   39462.38    
 Catch=   317.775945193262     
 Abd=            NaN
 Catch=                     NaN
 Abd=   1676.401    
 Catch=   7.32628648685425     
 Abd=   1401935.    
 Catch=   3523.29517058670     
 Abd=   130456.2    
 Catch=   1524.59769759732     
 Abd=   102358.1    
 Catch=   255.889518939412     
 Abd=            NaN
 Catch=                     NaN
 Abd=   21686.96    
 Catch=   438.494333154036     
 Abd=   20107.38    
 Catch=   1490.01795035946     
 Abd=   706447.2    
 Catch=   1987.15931555797     
 Abd=   150903.5    
 Catch=   2307.07261378408     
 Abd=   20212.49    
 Catch=   513.659535191142     
 Abd=   4319360.    
 Catch=   17206.5393595133     
 Time step =         2026
 Abd=   64066.63    
 Catch=   419.291219784213     
 Abd=   7076.342    
 Catch=   46.8288871013966     
 Abd=   13968.00    
 Catch=   540.945615806561     
 Abd=   5948.725    
 Catch=   14.8101104833800     
 Abd=   46675.73    
 Catch=   574.534275166243     
 Abd=   35.01396    
 Catch=  0.372340067726268     
 Abd=            NaN
 Catch=                     NaN
 Abd=            NaN
 Catch=                     NaN
 Abd=   228413.8    
 Catch=   569.154422271579     
 Abd=   2025.173    
 Catch=   320.054021208540     
 Abd=   176795.8    
 Catch=   1260.38061363826     
 Abd=   8801.533    
 Catch=   22.0356769594966     
 Abd=            NaN
 Catch=                     NaN
 Abd=   113488.2    
 Catch=   325.907535941087     
 Abd=   31627.42    
 Catch=   2205.10718331219     
 Abd=            NaN
 Catch=                     NaN
 Abd=   2848.551    
 Catch=   71.8247738315940     
 Abd=            NaN
 Catch=                     NaN
 Abd=   39580.15    
 Catch=   316.620828773673     
 Abd=            NaN
 Catch=                     NaN
 Abd=   1669.820    
 Catch=   7.31153559456302     
 Abd=   1411928.    
 Catch=   3522.19107804916     
 Abd=   128305.1    
 Catch=   1510.98969435634     
 Abd=   102536.5    
 Catch=   256.001660595653     
 Abd=            NaN
 Catch=                     NaN
 Abd=   22235.00    
 Catch=   443.927886416135     
 Abd=   20894.49    
 Catch=   1302.73275492119     
 Abd=   704717.0    
 Catch=   1989.65026752321     
 Abd=   149173.5    
 Catch=   2312.71423202689     
 Abd=   20909.34    
 Catch=   525.220430405098     
 Abd=   4313026.    
 Catch=   17208.7413764534     
 Time step =         2027
 Abd=   64061.49    
 Catch=   416.499443071341     
 Abd=   7210.917    
 Catch=   46.5155275532777     
 Abd=   14102.45    
 Catch=   540.659882765808     
 Abd=   5933.606    
 Catch=   14.7076658627316     
 Abd=   46341.12    
 Catch=   568.037131232440     
 Abd=   35.13119    
 Catch=  0.376009707965973     
 Abd=            NaN
 Catch=                     NaN
 Abd=            NaN
 Catch=                     NaN
 Abd=   228050.8    
 Catch=   569.191597682822     
 Abd=   1745.190    
 Catch=   326.106348493616     
 Abd=   171636.3    
 Catch=   1223.99750643487     
 Abd=   8829.477    
 Catch=   22.1008280521708     
 Abd=            NaN
 Catch=                     NaN
 Abd=   113596.0    
 Catch=   326.973596301196     
 Abd=   30615.38    
 Catch=   2401.38918082844     
 Abd=            NaN
 Catch=                     NaN
 Abd=   2521.383    
 Catch=   76.2184237301441     
 Abd=            NaN
 Catch=                     NaN
 Abd=   39431.70    
 Catch=   317.184661610098     
 Abd=            NaN
 Catch=                     NaN
 Abd=   1666.522    
 Catch=   7.31593399755524     
 Abd=   1411268.    
 Catch=   3518.90296907257     
 Abd=   127176.9    
 Catch=   1508.14220194348     
 Abd=   102579.6    
 Catch=   256.337607810062     
 Abd=            NaN
 Catch=                     NaN
 Abd=   22505.92    
 Catch=   445.473106271955     
 Abd=   18247.64    
 Catch=   1340.03613970538     
 Abd=   705646.8    
 Catch=   1993.93314645322     
 Abd=   149572.3    
 Catch=   2280.46374529686     
 Abd=   21375.89    
 Catch=   527.265801375769     
 Abd=   4313711.    
 Catch=   17220.9645586358     
 Time step =         2028
 Abd=   63626.67    
 Catch=   415.604184557070     
 Abd=   7158.884    
 Catch=   46.6861732196804     
 Abd=   14093.31    
 Catch=   553.625289008043     
 Abd=   5892.074    
 Catch=   14.6558590310001     
 Abd=   45814.31    
 Catch=   571.782112158278     
 Abd=   35.48110    
 Catch=  0.372954433589358     
 Abd=            NaN
 Catch=                     NaN
 Abd=            NaN
 Catch=                     NaN
 Abd=   228072.4    
 Catch=   569.323425394140     
 Abd=   1778.311    
 Catch=   332.782622301769     
 Abd=   166707.3    
 Catch=   1231.02808504377     
 Abd=   8855.541    
 Catch=   22.0901179616130     
 Abd=            NaN
 Catch=                     NaN
 Abd=   113973.0    
 Catch=   326.588437914493     
 Abd=   33369.62    
 Catch=   2478.54889804081     
 Abd=            NaN
 Catch=                     NaN
 Abd=   2683.491    
 Catch=   75.5637983538805     
 Abd=            NaN
 Catch=                     NaN
 Abd=   39505.81    
 Catch=   320.001360111644     
 Abd=            NaN
 Catch=                     NaN
 Abd=   1667.609    
 Catch=   7.32886942829542     
 Abd=   1409937.    
 Catch=   3507.52855424915     
 Abd=   126953.6    
 Catch=   1509.12251592769     
 Abd=   102716.1    
 Catch=   255.898412340688     
 Abd=            NaN
 Catch=                     NaN
 Abd=   22580.14    
 Catch=   452.552980109367     
 Abd=   18789.01    
 Catch=   1372.45829161483     
 Abd=   707160.0    
 Catch=   2009.56145297274     
 Abd=   147444.6    
 Catch=   2299.40268212817     
 Abd=   21452.15    
 Catch=   543.457681868510     
 Abd=   4316825.    
 Catch=   17198.6116666379     
 Time step =         2029
 Abd=   63495.10    
 Catch=   415.553028423443     
 Abd=   7186.719    
 Catch=   47.8513063315769     
 Abd=   14435.68    
 Catch=   562.771361365873     
 Abd=   5871.709    
 Catch=   14.6616622292543     
 Abd=   46129.64    
 Catch=   573.406673698326     
 Abd=   35.18118    
 Catch=  0.360024824373011     
 Abd=            NaN
 Catch=                     NaN
 Abd=            NaN
 Catch=                     NaN
 Abd=   228125.7    
 Catch=   570.297117669246     
 Abd=   1814.718    
 Catch=   355.020690164163     
 Abd=   167788.8    
 Catch=   1205.19563651430     
 Abd=   8850.622    
 Catch=   22.1646763984380     
 Abd=            NaN
 Catch=                     NaN
 Abd=   113828.5    
 Catch=   328.177708603869     
 Abd=   34425.89    
 Catch=   2453.93112478987     
 Abd=            NaN
 Catch=                     NaN
 Abd=   2656.641    
 Catch=   77.3959785099816     
 Abd=            NaN
 Catch=                     NaN
 Abd=   39861.95    
 Catch=   322.478985539764     
 Abd=            NaN
 Catch=                     NaN
 Abd=   1670.598    
 Catch=   7.34825405287574     
 Abd=   1405314.    
 Catch=   3516.47309482484     
 Abd=   127042.9    
 Catch=   1522.15820852138     
 Abd=   102533.8    
 Catch=   256.534583491568     
 Abd=            NaN
 Catch=                     NaN
 Abd=   22943.85    
 Catch=   460.919478135942     
 Abd=   19240.68    
 Catch=   1434.50427090748     
 Abd=   712817.2    
 Catch=   2003.91471805493     
 Abd=   148736.3    
 Catch=   2317.69782290727     
 Abd=   22121.04    
 Catch=   548.596788471966     
 Abd=   4311048.    
 Catch=   17207.2223976703     
 Time step =         2030
 Abd=   63491.15    
 Catch=   414.598185708420     
 Abd=   7369.089    
 Catch=   49.4172461770264     
 Abd=   14673.11    
 Catch=   570.534315523010     
 Abd=   5874.453    
 Catch=   14.6077348703586     
 Abd=   46257.32    
 Catch=   572.508771687015     
 Abd=   33.94543    
 Catch=  0.358764114467987     
 Abd=            NaN
 Catch=                     NaN
 Abd=            NaN
 Catch=                     NaN
 Abd=   228523.5    
 Catch=   570.039701613104     
 Abd=   1936.035    
 Catch=   350.074277672651     
 Abd=   164146.1    
 Catch=   1175.33563706885     
 Abd=   8881.215    
 Catch=   22.2277643807075     
 Abd=            NaN
 Catch=                     NaN
 Abd=   114396.4    
 Catch=   329.895547086538     
 Abd=   34077.07    
 Catch=   2525.29396102668     
 Abd=            NaN
 Catch=                     NaN
 Abd=   2722.515    
 Catch=   83.1671860728346     
 Abd=            NaN
 Catch=                     NaN
 Abd=   40169.69    
 Catch=   324.017451271702     
 Abd=            NaN
 Catch=                     NaN
 Abd=   1675.046    
 Catch=   7.35707538434911     
 Abd=   1409065.    
 Catch=   3522.18040139021     
 Abd=   128157.0    
 Catch=   1514.62473509482     
 Abd=   102796.6    
 Catch=   257.221483079433     
 Abd=            NaN
 Catch=                     NaN
 Abd=   23368.38    
 Catch=   463.874728753551     
 Abd=   20114.28    
 Catch=   1449.47754023191     
 Abd=   710654.8    
 Catch=   1998.35250957576     
 Abd=   149915.8    
 Catch=   2357.44285955762     
 Abd=   22322.57    
 Catch=   549.243921269185     
 Abd=   4313364.    
 Catch=   17216.1733508174     
 Time step =         2031
 Abd=   63341.51    
 Catch=   414.755100455325     
 Abd=   7611.320    
 Catch=   50.3182643279785     
 Abd=   14875.43    
 Catch=   564.445807036641     
 Abd=   5852.276    
 Catch=   14.5583159014796     
 Abd=   46181.94    
 Catch=   576.628021218278     
 Abd=   33.84589    
 Catch=  0.353575967693997     
 Abd=            NaN
 Catch=                     NaN
 Abd=            NaN
 Catch=                     NaN
 Abd=   228409.6    
 Catch=   569.737006653314     
 Abd=   1908.977    
 Catch=   361.609515605692     
 Abd=   160091.2    
 Catch=   1176.64764302879     
 Abd=   8906.383    
 Catch=   22.2717616320235     
 Abd=            NaN
 Catch=                     NaN
 Abd=   114995.7    
 Catch=   331.950539454894     
 Abd=   35086.60    
 Catch=   2518.13942520473     
 Abd=            NaN
 Catch=                     NaN
 Abd=   2927.194    
 Catch=   82.8393166352340     
 Abd=            NaN
 Catch=                     NaN
 Abd=   40358.87    
 Catch=   324.973435301996     
 Abd=            NaN
 Catch=                     NaN
 Abd=   1677.005    
 Catch=   7.36781471673107     
 Abd=   1411322.    
 Catch=   3528.64503529938     
 Abd=   127491.2    
 Catch=   1517.56810590708     
 Abd=   103072.1    
 Catch=   258.081856420786     
 Abd=            NaN
 Catch=                     NaN
 Abd=   23512.96    
 Catch=   466.452742209171     
 Abd=   20317.07    
 Catch=   1504.66408555167     
 Abd=   708669.1    
 Catch=   2004.35052611035     
 Abd=   152504.7    
 Catch=   2313.30429355624     
 Abd=   22344.10    
 Catch=   550.822888786669     
 Abd=   4315608.    
 Catch=   17231.3646320665     
 Time step =         2032
 Abd=   63369.11    
 Catch=   413.487752077080     
 Abd=   7747.814    
 Catch=   48.9149349971967     
 Abd=   14712.34    
 Catch=   537.025603182314     
 Abd=   5832.511    
 Catch=   14.5092758690285     
 Abd=   46521.23    
 Catch=   579.299298250132     
 Abd=   33.34918    
 Catch=  0.358213473872752     
 Abd=            NaN
 Catch=                     NaN
 Abd=            NaN
 Catch=                     NaN
 Abd=   228288.6    
 Catch=   569.854105837902     
 Abd=   1971.934    
 Catch=   374.545151199199     
 Abd=   160346.1    
 Catch=   1176.80009148657     
 Abd=   8923.854    
 Catch=   22.2534236359132     
 Abd=            NaN
 Catch=                     NaN
 Abd=   115714.3    
 Catch=   333.678376418527     
 Abd=   34967.69    
 Catch=   2324.90253225221     
 Abd=            NaN
 Catch=                     NaN
 Abd=   2912.207    
 Catch=   83.1889436334243     
 Abd=            NaN
 Catch=                     NaN
 Abd=   40476.42    
 Catch=   317.983083807774     
 Abd=            NaN
 Catch=                     NaN
 Abd=   1679.463    
 Catch=   7.35643223996116     
 Abd=   1413920.    
 Catch=   3536.33117601854     
 Abd=   127755.8    
 Catch=   1510.14690193233     
 Abd=   103418.2    
 Catch=   258.895817810186     
 Abd=            NaN
 Catch=                     NaN
 Abd=   23644.42    
 Catch=   455.350413843999     
 Abd=   21096.46    
 Catch=   1513.19802871047     
 Abd=   710885.2    
 Catch=   2004.98309166911     
 Abd=   149553.0    
 Catch=   2337.79674138256     
 Abd=   22411.03    
 Catch=   537.829768208828     
 Abd=   4319446.    
 Catch=   17251.4566941556     
 Time step =         2033
 Abd=   63171.27    
 Catch=   415.933683740906     
 Abd=   7525.041    
 Catch=   47.5982916291385     
 Abd=   13991.84    
 Catch=   535.391775213675     
 Abd=   5812.931    
 Catch=   14.4121520698501     
 Abd=   46734.91    
 Catch=   582.578547570888     
 Abd=   33.80415    
 Catch=  0.360555427028139     
 Abd=            NaN
 Catch=                     NaN
 Abd=            NaN
 Catch=                     NaN
 Abd=   228339.1    
 Catch=   569.300436562964     
 Abd=   2042.466    
 Catch=   362.812455450205     
 Abd=   160360.4    
 Catch=   1155.71220856823     
 Abd=   8915.994    
 Catch=   22.3301797320586     
 Abd=            NaN
 Catch=                     NaN
 Abd=   116314.0    
 Catch=   334.931148593715     
 Abd=   32273.87    
 Catch=   2146.72049486469     
 Abd=            NaN
 Catch=                     NaN
 Abd=   2924.838    
 Catch=   83.6934117632045     
 Abd=            NaN
 Catch=                     NaN
 Abd=   39587.97    
 Catch=   317.831765406349     
 Abd=            NaN
 Catch=                     NaN
 Abd=   1676.768    
 Catch=   7.35427344945268     
 Abd=   1417008.    
 Catch=   3558.28624867462     
 Abd=   127115.4    
 Catch=   1510.65130157681     
 Abd=   103743.9    
 Catch=   259.858678043148     
 Abd=            NaN
 Catch=                     NaN
 Abd=   23070.54    
 Catch=   449.385531087639     
 Abd=   21210.28    
 Catch=   1434.01518073105     
 Abd=   711069.4    
 Catch=   1992.72658815044     
 Abd=   151215.6    
 Catch=   2340.70164456304     
 Abd=   21873.37    
 Catch=   534.282215995584     
 Abd=   4324512.    
 Catch=   17240.0771588234     
 Time step =         2034
 Abd=   63555.53    
 Catch=   416.167951119486     
 Abd=   7322.747    
 Catch=   45.7877026180671     
 Abd=   13957.39    
 Catch=   539.957882643760     
 Abd=   5773.661    
 Catch=   14.2887319564036     
 Abd=   47000.14    
 Catch=   578.542218671600     
 Abd=   34.02069    
 Catch=  0.357125325875637     
 Abd=            NaN
 Catch=                     NaN
 Abd=            NaN
 Catch=                     NaN
 Abd=   228112.1    
 Catch=   569.150744488019     
 Abd=   1978.437    
 Catch=   343.061808866740     
 Abd=   157416.1    
 Catch=   1129.49140530314     
 Abd=   8947.546    
 Catch=   22.3792673103319     
 Abd=            NaN
 Catch=                     NaN
 Abd=   116747.2    
 Catch=   334.528915978798     
 Abd=   29800.21    
 Catch=   2290.50595705066     
 Abd=            NaN
 Catch=                     NaN
 Abd=   2942.855    
 Catch=   79.5171025044115     
 Abd=            NaN
 Catch=                     NaN
 Abd=   39584.77    
 Catch=   316.976288159874     
 Abd=            NaN
 Catch=                     NaN
 Abd=   1676.320    
 Catch=   7.35860488908326     
 Abd=   1425924.    
 Catch=   3581.05062873406     
 Abd=   127169.5    
 Catch=   1506.75062406125     
 Abd=   104130.9    
 Catch=   260.270613361420     
 Abd=            NaN
 Catch=                     NaN
 Abd=   22772.14    
 Catch=   452.705667687617     
 Abd=   20093.73    
 Catch=   1362.52148655680     
 Abd=   706635.0    
 Catch=   1971.57771785233     
 Abd=   151380.3    
 Catch=   2328.04794302004     
 Abd=   21734.50    
 Catch=   537.403372520196     
 Abd=   4321498.    
 Catch=   17238.4170837049     
 Time step =         2035
 Abd=   63585.84    
 Catch=   417.063461421948     
 Abd=   7042.637    
 Catch=   44.6166612385197     
 Abd=   14077.95    
 Catch=   545.782317733408     
 Abd=   5724.028    
 Catch=   14.1791011043255     
 Abd=   46664.41    
 Catch=   578.184929477999     
 Abd=   33.68710    
 Catch=  0.362584133388695     
 Abd=            NaN
 Catch=                     NaN
 Abd=            NaN
 Catch=                     NaN
 Abd=   228055.6    
 Catch=   569.430062486552     
 Abd=   1870.705    
 Catch=   315.683348390825     
 Abd=   153829.4    
 Catch=   1134.78209958513     
 Abd=   8966.967    
 Catch=   22.4023444786830     
 Abd=            NaN
 Catch=                     NaN
 Abd=   116595.5    
 Catch=   333.863052748409     
 Abd=   31833.81    
 Catch=   2377.15090829357     
 Abd=            NaN
 Catch=                     NaN
 Abd=   2794.301    
 Catch=   75.3766748333376     
 Abd=            NaN
 Catch=                     NaN
 Abd=   39476.54    
 Catch=   318.481329440881     
 Abd=            NaN
 Catch=                     NaN
 Abd=   1677.334    
 Catch=   7.35226407170585     
 Abd=   1435051.    
 Catch=   3555.42905663822     
 Abd=   126836.2    
 Catch=   1510.50730365879     
 Abd=   104291.5    
 Catch=   259.704684058374     
 Abd=            NaN
 Catch=                     NaN
 Abd=   22948.20    
 Catch=   451.050583589899     
 Abd=   19092.67    
 Catch=   1305.45114100594     
 Abd=   698934.9    
 Catch=   1947.01429800071     
 Abd=   150543.3    
 Catch=   2318.06374833617     
 Abd=   21865.80    
 Catch=   535.127839636023     
 Abd=   4321144.    
 Catch=   17242.5345824168     
 Time step =         2036
 Abd=   63724.62    
 Catch=   417.527902855223     
 Abd=   6864.234    
 Catch=   44.0849543304877     
 Abd=   14230.61    
 Catch=   539.283095513764     
 Abd=   5680.243    
 Catch=   13.9748177259512     
 Abd=   46640.68    
 Catch=   576.031725508625     
 Abd=   34.21809    
 Catch=  0.368934192965076     
 Abd=            NaN
 Catch=                     NaN
 Abd=            NaN
 Catch=                     NaN
 Abd=   228169.8    
 Catch=   569.008529691199     
 Abd=   1721.446    
 Catch=   309.739238448443     
 Abd=   154667.7    
 Catch=   1146.12206877447     
 Abd=   8976.002    
 Catch=   22.3615112060800     
 Abd=            NaN
 Catch=                     NaN
 Abd=   116362.3    
 Catch=   332.480684541389     
 Abd=   33028.68    
 Catch=   2374.47454479296     
 Abd=            NaN
 Catch=                     NaN
 Abd=   2648.156    
 Catch=   70.2122907402018     
 Abd=            NaN
 Catch=                     NaN
 Abd=   39669.57    
 Catch=   316.775833428303     
 Abd=            NaN
 Catch=                     NaN
 Abd=   1675.840    
 Catch=   7.35775135532486     
 Abd=   1424390.    
 Catch=   3520.56000084626     
 Abd=   127163.5    
 Catch=   1521.90205246000     
 Abd=   104057.0    
 Catch=   258.364711431861     
 Abd=            NaN
 Catch=                     NaN
 Abd=   22861.92    
 Catch=   443.260503932024     
 Abd=   18299.76    
 Catch=   1238.13161946710     
 Abd=   690386.4    
 Catch=   1958.97426530864     
 Abd=   149903.3    
 Catch=   2324.15333129973     
 Abd=   21772.25    
 Catch=   523.747957170119     
 Abd=   4322189.    
 Catch=   17255.6600148225     
 Time step =         2037
 Abd=   63794.43    
 Catch=   416.546503941758     
 Abd=   6784.214    
 Catch=   43.3166563316740     
 Abd=   14057.02    
 Catch=   533.404671926911     
 Abd=   5597.655    
 Catch=   13.8493400689785     
 Abd=   46464.41    
 Catch=   574.787748270467     
 Abd=   34.81834    
 Catch=  0.375517912168585     
 Abd=            NaN
 Catch=                     NaN
 Abd=            NaN
 Catch=                     NaN
 Abd=   227996.6    
 Catch=   569.244621046703     
 Abd=   1689.030    
 Catch=   327.142123563548     
 Abd=   156184.2    
 Catch=   1186.84130206801     
 Abd=   8959.119    
 Catch=   22.4084653331467     
 Abd=            NaN
 Catch=                     NaN
 Abd=   115875.5    
 Catch=   331.723658360532     
 Abd=   32972.47    
 Catch=   2337.05574492544     
 Abd=            NaN
 Catch=                     NaN
 Abd=   2466.260    
 Catch=   69.6668154368250     
 Abd=            NaN
 Catch=                     NaN
 Abd=   39449.54    
 Catch=   315.059511990860     
 Abd=            NaN
 Catch=                     NaN
 Abd=   1677.147    
 Catch=   7.33743160193835     
 Abd=   1410354.    
 Catch=   3515.83659588847     
 Abd=   128134.6    
 Catch=   1537.95075526590     
 Abd=   103514.1    
 Catch=   257.934079581210     
 Abd=            NaN
 Catch=                     NaN
 Abd=   22461.41    
 Catch=   443.261893949531     
 Abd=   17350.66    
 Catch=   1273.20907555314     
 Abd=   694817.0    
 Catch=   1985.54398556907     
 Abd=   150315.7    
 Catch=   2358.98389027102     
 Abd=   21302.43    
 Catch=   525.075716404285     
 Abd=   4325527.    
 Catch=   17296.9364026038     
 Time step =         2038
 Abd=   63640.34    
 Catch=   416.719508386588     
 Abd=   6665.270    
 Catch=   43.8923014319267     
 Abd=   13903.68    
 Catch=   525.985468547905     
 Abd=   5548.004    
 Catch=   13.7931979999160     
 Abd=   46364.85    
 Catch=   571.485193085348     
 Abd=   35.44000    
 Catch=  0.374539246296660     
 Abd=            NaN
 Catch=                     NaN
 Abd=            NaN
 Catch=                     NaN
 Abd=   228094.2    
 Catch=   570.646949933391     
 Abd=   1784.003    
 Catch=   352.057738689559     
 Abd=   161852.6    
 Catch=   1230.74806088816     
 Abd=   8978.668    
 Catch=   22.3361127021513     
 Abd=            NaN
 Catch=                     NaN
 Abd=   115615.6    
 Catch=   331.981858902977     
 Abd=   32449.30    
 Catch=   2240.11819007399     
 Abd=            NaN
 Catch=                     NaN
 Abd=   2450.021    
 Catch=   75.0112661360412     
 Abd=            NaN
 Catch=                     NaN
 Abd=   39235.98    
 Catch=   312.072466055002     
 Abd=            NaN
 Catch=                     NaN
 Abd=   1672.396    
 Catch=   7.31643606852445     
 Abd=   1408703.    
 Catch=   3534.81375003211     
 Abd=   129492.3    
 Catch=   1553.49467891311     
 Abd=   103349.7    
 Catch=   258.517694541065     
 Abd=            NaN
 Catch=                     NaN
 Abd=   22467.03    
 Catch=   429.983252007788     
 Abd=   17852.75    
 Catch=   1361.10816099690     
 Abd=   704385.3    
 Catch=   2003.44059389694     
 Abd=   152599.4    
 Catch=   2363.20000606970     
 Abd=   21362.85    
 Catch=   498.237248732731     
 Abd=   4336014.    
 Catch=   17275.9015325108     
 Time step =         2039
 Abd=   63669.97    
 Catch=   415.778186424793     
 Abd=   6757.939    
 Catch=   43.7626905390185     
 Abd=   13710.11    
 Catch=   524.275147279593     
 Abd=   5526.025    
 Catch=   13.7484249218727     
 Abd=   46096.28    
 Catch=   565.673997018313     
 Abd=   35.33399    
 Catch=  0.369220981698276     
 Abd=            NaN
 Catch=                     NaN
 Abd=            NaN
 Catch=                     NaN
 Abd=   228664.3    
 Catch=   570.815860425219     
 Abd=   1919.876    
 Catch=   310.427761846435     
 Abd=   167824.5    
 Catch=   1265.15849021837     
 Abd=   8948.678    
 Catch=   22.2193473473777     
 Abd=            NaN
 Catch=                     NaN
 Abd=   115712.7    
 Catch=   331.554970652768     
 Abd=   31106.36    
 Catch=   2119.04258791437     
 Abd=            NaN
 Catch=                     NaN
 Abd=   2640.134    
 Catch=   72.7719926220206     
 Abd=            NaN
 Catch=                     NaN
 Abd=   38860.87    
 Catch=   312.215870637041     
 Abd=            NaN
 Catch=                     NaN
 Abd=   1667.608    
 Catch=   7.31237021910364     
 Abd=   1416498.    
 Catch=   3526.24097741204     
 Abd=   130799.6    
 Catch=   1558.93175795321     
 Abd=   103591.7    
 Catch=   258.233430311798     
 Abd=            NaN
 Catch=                     NaN
 Abd=   21783.28    
 Catch=   427.095560711877     
 Abd=   19087.44    
 Catch=   1277.07164321006     
 Abd=   710656.8    
 Catch=   2019.07379636262     
 Abd=   152845.8    
 Catch=   2327.98828632511     
 Abd=   20254.76    
 Catch=   499.038534158004     
 Abd=   4330421.    
 Catch=   17308.0832944635     
 Time step =         2040
 Abd=   63523.06    
 Catch=   415.386076106528     
 Abd=   6735.722    
 Catch=   43.6876357071743     
 Abd=   13667.16    
 Catch=   519.132574144082     
 Abd=   5508.170    
 Catch=   13.7155341597762     
 Abd=   45623.91    
 Catch=   563.769641199889     
 Abd=   34.82504    
 Catch=  0.375947845601717     
 Abd=            NaN
 Catch=                     NaN
 Abd=            NaN
 Catch=                     NaN
 Abd=   228725.4    
 Catch=   569.974309768537     
 Abd=   1692.716    
 Catch=   328.791521921146     
 Abd=   172498.6    
 Catch=   1321.02765800009     
 Abd=   8901.551    
 Catch=   22.1614703063988     
 Abd=            NaN
 Catch=                     NaN
 Abd=   115559.0    
 Catch=   331.562670387163     
 Abd=   29414.91    
 Catch=   2282.76626664217     
 Abd=            NaN
 Catch=                     NaN
 Abd=   2558.133    
 Catch=   73.0207434331143     
 Abd=            NaN
 Catch=                     NaN
 Abd=   38886.13    
 Catch=   313.012431950554     
 Abd=            NaN
 Catch=                     NaN
 Abd=   1666.758    
 Catch=   7.31793598678323     
 Abd=   1412829.    
 Catch=   3517.44253863226     
 Abd=   131240.5    
 Catch=   1557.06717017328     
 Abd=   103469.5    
 Catch=   258.139158616531     
 Abd=            NaN
 Catch=                     NaN
 Abd=   21645.61    
 Catch=   426.909967259312     
 Abd=   17893.65    
 Catch=   1349.72518540014     
 Abd=   716203.0    
 Catch=   2047.01235291287     
 Abd=   150515.4    
 Catch=   2309.64622723493     
 Abd=   20304.24    
 Catch=   504.669271734200     
 Abd=   4338768.    
 Catch=   17374.2879972169     
 Time step =         2041
 Abd=   63464.29    
 Catch=   414.763155716452     
 Abd=   6724.365    
 Catch=   44.0600293256088     
 Abd=   13532.35    
 Catch=   511.032300558057     
 Abd=   5495.095    
 Catch=   13.6704039814212     
 Abd=   45475.54    
 Catch=   567.695325979702     
 Abd=   35.48124    
 Catch=  0.381078653991697     
 Abd=            NaN
 Catch=                     NaN
 Abd=            NaN
 Catch=                     NaN
 Abd=   228378.6    
 Catch=   569.943776984064     
 Abd=   1792.989    
 Catch=   346.063598491192     
 Abd=   180168.9    
 Catch=   1377.22277549025     
 Abd=   8878.853    
 Catch=   22.1338318314094     
 Abd=            NaN
 Catch=                     NaN
 Abd=   115565.0    
 Catch=   332.078535372275     
 Abd=   31726.07    
 Catch=   2310.75268184304     
 Abd=            NaN
 Catch=                     NaN
 Abd=   2567.444    
 Catch=   74.0641614234054     
 Abd=            NaN
 Catch=                     NaN
 Abd=   38986.72    
 Catch=   311.600751725734     
 Abd=            NaN
 Catch=                     NaN
 Abd=   1668.072    
 Catch=   7.30810864238623     
 Abd=   1409307.    
 Catch=   3511.98350025775     
 Abd=   131073.9    
 Catch=   1558.98514607045     
 Abd=   103434.5    
 Catch=   257.982937434875     
 Abd=            NaN
 Catch=                     NaN
 Abd=   21638.00    
 Catch=   420.970513057247     
 Abd=   18928.35    
 Catch=   1319.97243872778     
 Abd=   726182.8    
 Catch=   2078.85379913713     
 Abd=   149348.8    
 Catch=   2327.44278484936     
 Abd=   20535.53    
 Catch=   498.452989016930     
 Abd=   4355530.    
 Catch=   17430.4710963760     
 Time step =         2042
 Abd=   63368.06    
 Catch=   416.011968431463     
 Abd=   6783.046    
 Catch=   45.6890510499592     
 Abd=   13318.93    
 Catch=   511.650591790332     
 Abd=   5476.918    
 Catch=   13.6043634920446     
 Abd=   45800.58    
 Catch=   571.036498914755     
 Abd=   35.96180    
 Catch=  0.370394650836494     
 Abd=            NaN
 Catch=                     NaN
 Abd=            NaN
 Catch=                     NaN
 Abd=   228373.0    
 Catch=   569.503376747395     
 Abd=   1887.176    
 Catch=   325.323074174838     
 Abd=   187821.1    
 Catch=   1404.14936314213     
 Abd=   8868.018    
 Catch=   22.0885232719831     
 Abd=            NaN
 Catch=                     NaN
 Abd=   115747.9    
 Catch=   332.055607775074     
 Abd=   32103.99    
 Catch=   2009.67064361886     
 Abd=            NaN
 Catch=                     NaN
 Abd=   2604.344    
 Catch=   73.3469912181951     
 Abd=            NaN
 Catch=                     NaN
 Abd=   38805.69    
 Catch=   309.489520571005     
 Abd=            NaN
 Catch=                     NaN
 Abd=   1665.758    
 Catch=   7.28953215492589     
 Abd=   1407147.    
 Catch=   3522.51165557954     
 Abd=   131241.2    
 Catch=   1562.55837300744     
 Abd=   103371.2    
 Catch=   258.099170805537     
 Abd=            NaN
 Catch=                     NaN
 Abd=   21332.34    
 Catch=   418.767251001390     
 Abd=   18500.85    
 Catch=   1295.66581258305     
 Abd=   737499.1    
 Catch=   2094.30690635031     
 Abd=   150539.5    
 Catch=   2343.80263431147     
 Abd=   20275.18    
 Catch=   492.167626967284     
 Abd=   4369558.    
 Catch=   17467.5988076464     
 Time step =         2043
 Abd=   63564.59    
 Catch=   415.712837434527     
 Abd=   7038.005    
 Catch=   46.5553474835997     
 Abd=   13338.33    
 Catch=   526.122494900794     
 Abd=   5450.261    
 Catch=   13.5737511576909     
 Abd=   46068.95    
 Catch=   564.801195238829     
 Abd=   34.92654    
 Catch=  0.368510169126555     
 Abd=            NaN
 Catch=                     NaN
 Abd=            NaN
 Catch=                     NaN
 Abd=   228194.3    
 Catch=   568.914865167219     
 Abd=   1773.984    
 Catch=   313.920627184954     
 Abd=   191403.2    
 Catch=   1436.41269551950     
 Abd=   8849.713    
 Catch=   22.2258276458377     
 Abd=            NaN
 Catch=                     NaN
 Abd=   115736.2    
 Catch=   331.504510921334     
 Abd=   27884.19    
 Catch=   2185.11358771108     
 Abd=            NaN
 Catch=                     NaN
 Abd=   2578.504    
 Catch=   72.7798170461630     
 Abd=            NaN
 Catch=                     NaN
 Abd=   38541.31    
 Catch=   311.299474343108     
 Abd=            NaN
 Catch=                     NaN
 Abd=   1661.484    
 Catch=   7.28354260846056     
 Abd=   1411498.    
 Catch=   3513.59375046646     
 Abd=   131543.2    
 Catch=   1556.72520758613     
 Abd=   103419.1    
 Catch=   257.736737733082     
 Abd=            NaN
 Catch=                     NaN
 Abd=   21224.10    
 Catch=   423.950013396072     
 Abd=   18161.87    
 Catch=   1312.48092682372     
 Abd=   742859.1    
 Catch=   2117.13845843614     
 Abd=   151597.4    
 Catch=   2275.37540123156     
 Abd=   20020.14    
 Catch=   497.103558975457     
 Abd=   4378773.    
 Catch=   17479.1491888335     
 Time step =         2044
 Abd=   63513.88    
 Catch=   412.678544944511     
 Abd=   7168.414    
 Catch=   48.2133287687388     
 Abd=   13720.14    
 Catch=   530.211975559905     
 Abd=   5438.284    
 Catch=   13.5648346451713     
 Abd=   45553.04    
 Catch=   562.171014205127     
 Abd=   34.76453    
 Catch=  0.380828073362679     
 Abd=            NaN
 Catch=                     NaN
 Abd=            NaN
 Catch=                     NaN
 Abd=   227956.6    
 Catch=   568.807063683323     
 Abd=   1711.831    
 Catch=   335.994052608692     
 Abd=   195817.9    
 Catch=   1441.03014933141     
 Abd=   8906.246    
 Catch=   22.3709044623757     
 Abd=            NaN
 Catch=                     NaN
 Abd=   115540.5    
 Catch=   331.581586005358     
 Abd=   30365.71    
 Catch=   2359.68461666614     
 Abd=            NaN
 Catch=                     NaN
 Abd=   2558.629    
 Catch=   73.3034245018834     
 Abd=            NaN
 Catch=                     NaN
 Abd=   38775.92    
 Catch=   311.400002293253     
 Abd=            NaN
 Catch=                     NaN
 Abd=   1660.176    
 Catch=   7.27791217178672     
 Abd=   1407761.    
 Catch=   3521.21569896652     
 Abd=   131038.5    
 Catch=   1559.48256764632     
 Abd=   103269.9    
 Catch=   257.711722766324     
 Abd=            NaN
 Catch=                     NaN
 Abd=   21493.10    
 Catch=   428.824494348257     
 Abd=   18399.41    
 Catch=   1313.02554760656     
 Abd=   751006.2    
 Catch=   2129.40706293594     
 Abd=   147077.8    
 Catch=   2252.11306579816     
 Abd=   20228.19    
 Catch=   504.911966163830     
 Abd=   4381539.    
 Catch=   17475.9825757906     
 Time step =         2045
 Abd=   63043.12    
 Catch=   412.110502548738     
 Abd=   7426.354    
 Catch=   48.4718113332771     
 Abd=   13822.72    
 Catch=   553.793848552017     
 Abd=   5434.873    
 Catch=   13.4986082447850     
 Abd=   45345.98    
 Catch=   564.419107227345     
 Abd=   35.95166    
 Catch=  0.388231598357263     
 Abd=            NaN
 Catch=                     NaN
 Abd=            NaN
 Catch=                     NaN
 Abd=   227918.3    
 Catch=   567.945378793797     
 Abd=   1832.289    
 Catch=   307.478919608961     
 Abd=   196287.8    
 Catch=   1451.63696889457     
 Abd=   8964.406    
 Catch=   22.4891117676670     
 Abd=            NaN
 Catch=                     NaN
 Abd=   115571.8    
 Catch=   328.729181853156     
 Abd=   32792.46    
 Catch=   2097.88794924885     
 Abd=            NaN
 Catch=                     NaN
 Abd=   2577.406    
 Catch=   66.0755121270331     
 Abd=            NaN
 Catch=                     NaN
 Abd=   38784.34    
 Catch=   312.396106049453     
 Abd=            NaN
 Catch=                     NaN
 Abd=   1658.893    
 Catch=   7.27607784323939     
 Abd=   1410954.    
 Catch=   3517.97216560505     
 Abd=   131284.7    
 Catch=   1546.77971992707     
 Abd=   103263.7    
 Catch=   256.451475419528     
 Abd=            NaN
 Catch=                     NaN
 Abd=   21739.66    
 Catch=   449.661430571857     
 Abd=   18403.67    
 Catch=   1138.15956285854     
 Abd=   755214.2    
 Catch=   2139.92962791571     
 Abd=   145624.8    
 Catch=   2258.39744329343     
 Abd=   20547.08    
 Catch=   541.573154110912     
 Abd=   4380671.    
 Catch=   17516.5877513394     
 Time step =         2046
 Abd=   62963.79    
 Catch=   413.240906149098     
 Abd=   7461.629    
 Catch=   49.3322015915946     
 Abd=   14446.73    
 Catch=   563.018624523988     
 Abd=   5407.853    
 Catch=   13.4568068714398     
 Abd=   45533.85    
 Catch=   567.159662757620     
 Abd=   36.64059    
 Catch=  0.398242170662775     
 Abd=            NaN
 Catch=                     NaN
 Abd=            NaN
 Catch=                     NaN
 Abd=   227566.5    
 Catch=   568.345186513741     
 Abd=   1676.657    
 Catch=   300.518028794181     
 Abd=   197845.6    
 Catch=   1484.30302021989     
 Abd=   9011.543    
 Catch=   22.7038414115173     
 Abd=            NaN
 Catch=                     NaN
 Abd=   114557.4    
 Catch=   326.678824449131     
 Abd=   29127.26    
 Catch=   2282.23499619340     
 Abd=            NaN
 Catch=                     NaN
 Abd=   2320.314    
 Catch=   61.4686238882382     
 Abd=            NaN
 Catch=                     NaN
 Abd=   38911.46    
 Catch=   313.936335830506     
 Abd=            NaN
 Catch=                     NaN
 Abd=   1658.498    
 Catch=   7.27806650140553     
 Abd=   1409564.    
 Catch=   3487.30372384136     
 Abd=   130191.1    
 Catch=   1542.77508380039     
 Abd=   102747.8    
 Catch=   255.239652725489     
 Abd=            NaN
 Catch=                     NaN
 Abd=   22812.23    
 Catch=   459.060884854262     
 Abd=   15938.12    
 Catch=   1154.08728996451     
 Abd=   758973.5    
 Catch=   2170.49154554224     
 Abd=   146063.3    
 Catch=   2320.79776334832     
 Abd=   22064.07    
 Catch=   552.985875671046     
 Abd=   4391073.    
 Catch=   17528.2084960212     
 Time step =         2047
 Abd=   63140.64    
 Catch=   415.443386709436     
 Abd=   7595.987    
 Catch=   49.4099576906277     
 Abd=   14679.30    
 Catch=   572.518638674319     
 Abd=   5391.334    
 Catch=   13.3477529668016     
 Abd=   45755.41    
 Catch=   571.044745777708     
 Abd=   37.59079    
 Catch=  0.407938946211480     
 Abd=            NaN
 Catch=                     NaN
 Abd=            NaN
 Catch=                     NaN
 Abd=   227737.0    
 Catch=   569.489631309815     
 Abd=   1638.794    
 Catch=   330.458820216440     
 Abd=   202341.3    
 Catch=   1540.61513321964     
 Abd=   9098.393    
 Catch=   22.8815489274293     
 Abd=            NaN
 Catch=                     NaN
 Abd=   113849.0    
 Catch=   324.926600483482     
 Abd=   31735.00    
 Catch=   2587.38364916153     
 Abd=            NaN
 Catch=                     NaN
 Abd=   2159.367    
 Catch=   66.7306177211184     
 Abd=            NaN
 Catch=                     NaN
 Abd=   39104.09    
 Catch=   318.819936373535     
 Abd=            NaN
 Catch=                     NaN
 Abd=   1658.971    
 Catch=   7.31867518993547     
 Abd=   1397055.    
 Catch=   3478.15986756614     
 Abd=   129867.3    
 Catch=   1571.76602969454     
 Abd=   102263.9    
 Catch=   254.379224959027     
 Abd=            NaN
 Catch=                     NaN
 Abd=   23276.28    
 Catch=   471.357539918342     
 Abd=   16184.19    
 Catch=   1281.77971048531     
 Abd=   769988.5    
 Catch=   2218.10296565852     
 Abd=   150175.1    
 Catch=   2325.61773432417     
 Abd=   22504.34    
 Catch=   567.551921751826     
 Abd=   4393835.    
 Catch=   17511.5158417158     
 Time step =         2048
 Abd=   63480.62    
 Catch=   417.038229978078     
 Abd=   7605.640    
 Catch=   51.2908808495632     
 Abd=   14928.39    
 Catch=   554.096168894520     
 Abd=   5347.019    
 Catch=   13.3029069694287     
 Abd=   46070.19    
 Catch=   575.619894659357     
 Abd=   38.50472    
 Catch=  0.407620958890886     
 Abd=            NaN
 Catch=                     NaN
 Abd=            NaN
 Catch=                     NaN
 Abd=   228200.9    
 Catch=   569.171107014749     
 Abd=   1802.141    
 Catch=   366.759063374092     
 Abd=   210059.2    
 Catch=   1456.65874166534     
 Abd=   9169.265    
 Catch=   22.9959691597960     
 Abd=            NaN
 Catch=                     NaN
 Abd=   113241.1    
 Catch=   324.800275485674     
 Abd=   35987.09    
 Catch=   2145.93622013417     
 Abd=            NaN
 Catch=                     NaN
 Abd=   2349.449    
 Catch=   74.3193547547963     
 Abd=            NaN
 Catch=                     NaN
 Abd=   39720.12    
 Catch=   320.556513543014     
 Abd=            NaN
 Catch=                     NaN
 Abd=   1668.404    
 Catch=   7.32361874186102     
 Abd=   1393568.    
 Catch=   3507.08342843245     
 Abd=   132359.7    
 Catch=   1570.23971094779     
 Abd=   101922.2    
 Catch=   254.768673154551     
 Abd=            NaN
 Catch=                     NaN
 Abd=   23901.44    
 Catch=   457.180667490873     
 Abd=   17978.90    
 Catch=   1403.22415718662     
 Abd=   786981.4    
 Catch=   2198.93955323515     
 Abd=   150403.8    
 Catch=   2306.11487023671     
 Abd=   23100.24    
 Catch=   546.040932926137     
 Abd=   4389512.    
 Catch=   17478.2484700950     
 Time step =         2049
 Abd=   63721.93    
 Catch=   415.254875208028     
 Abd=   7900.789    
 Catch=   54.2359333035372     
 Abd=   14439.38    
 Catch=   534.031400257390     
 Abd=   5329.650    
 Catch=   13.3086197346147     
 Abd=   46440.78    
 Catch=   571.663437413564     
 Abd=   38.45610    
 Catch=  0.391192882115384     
 Abd=            NaN
 Catch=                     NaN
 Abd=            NaN
 Catch=                     NaN
 Abd=   228060.9    
 Catch=   568.573931125687     
 Abd=   2000.136    
 Catch=   294.909019589016     
 Abd=   198270.3    
 Catch=   1391.66333251276     
 Abd=   9214.586    
 Catch=   23.1091978031873     
 Abd=            NaN
 Catch=                     NaN
 Abd=   113207.7    
 Catch=   323.943947603422     
 Abd=   29777.17    
 Catch=   1907.44413105394     
 Abd=            NaN
 Catch=                     NaN
 Abd=   2617.413    
 Catch=   62.9098624154677     
 Abd=            NaN
 Catch=                     NaN
 Abd=   39928.35    
 Catch=   319.195191769313     
 Abd=            NaN
 Catch=                     NaN
 Abd=   1669.359    
 Catch=   7.29608339179091     
 Abd=   1405470.    
 Catch=   3493.51021909369     
 Abd=   132180.6    
 Catch=   1566.72771363591     
 Abd=   102087.1    
 Catch=   254.333218286696     
 Abd=            NaN
 Catch=                     NaN
 Abd=   23161.29    
 Catch=   450.497669519227     
 Abd=   19689.63    
 Catch=   1197.81031594515     
 Abd=   779735.6    
 Catch=   2182.16065365910     
 Abd=   149118.5    
 Catch=   2270.50762623205     
 Abd=   22202.85    
 Catch=   536.892499211805     
 Abd=   4381088.    
 Catch=   17423.9134989716     
 Time step =         2050
 Abd=   63440.43    
 Catch=   415.726456792995     
 Abd=   8357.527    
 Catch=   55.3889572600856     
 Abd=   13915.93    
 Catch=   527.227293828184     
 Abd=   5332.092    
 Catch=   13.2926856231725     
 Abd=   46109.71    
 Catch=   563.950461101902     
 Abd=   36.87974    
 Catch=  0.389600716279550     
 Abd=            NaN
 Catch=                     NaN
 Abd=            NaN
 Catch=                     NaN
 Abd=   227821.4    
 Catch=   570.016258091155     
 Abd=   1608.063    
 Catch=   315.849018319354     
 Abd=   189455.2    
 Catch=   1336.52859102781     
 Abd=   9259.953    
 Catch=   23.1793513947194     
 Abd=            NaN
 Catch=                     NaN
 Abd=   112904.1    
 Catch=   324.076500102305     
 Abd=   26472.47    
 Catch=   2285.54243502108     
 Abd=            NaN
 Catch=                     NaN
 Abd=   2207.721    
 Catch=   63.2700816228745     
 Abd=            NaN
 Catch=                     NaN
 Abd=   39751.86    
 Catch=   318.532436961712     
 Abd=            NaN
 Catch=                     NaN
 Abd=   1662.938    
 Catch=   7.32020898237554     
 Abd=   1399677.    
 Catch=   3468.20563477903     
 Abd=   131883.5    
 Catch=   1557.20433619035     
 Abd=   101905.9    
 Catch=   253.748096187172     
 Abd=            NaN
 Catch=                     NaN
 Abd=   22828.58    
 Catch=   444.289767976874     
 Abd=   16776.26    
 Catch=   1249.88404959424     
 Abd=   773717.8    
 Catch=   2173.95615765731     
 Abd=   146796.5    
 Catch=   2254.79734080941     
 Abd=   21837.48    
 Catch=   524.229180757492     
 Abd=   4367367.    
 Catch=   17377.8852359282     
 Time step =         2051
 Abd=   63520.05    
 Catch=   417.303843496091     
 Abd=   8529.111    
 Catch=   55.6498663884461     
 Abd=   13743.52    
 Catch=   527.413134275484     
 Abd=   5325.721    
 Catch=   13.0289730152567     
 Abd=   45482.54    
 Catch=   562.838206490350     
 Abd=   36.75470    
 Catch=  0.396422356219379     
 Abd=            NaN
 Catch=                     NaN
 Abd=            NaN
 Catch=                     NaN
 Abd=   228414.9    
 Catch=   569.501262961755     
 Abd=   1722.492    
 Catch=   335.419296864140     
 Abd=   181968.1    
 Catch=   1280.61971579277     
 Abd=   9287.701    
 Catch=   23.2287465851484     
 Abd=            NaN
 Catch=                     NaN
 Abd=   112956.2    
 Catch=   324.594593690195     
 Abd=   31825.92    
 Catch=   2580.42723359828     
 Abd=            NaN
 Catch=                     NaN
 Abd=   2225.395    
 Catch=   72.1567705743671     
 Abd=            NaN
 Catch=                     NaN
 Abd=   39670.60    
 Catch=   317.478063225615     
 Abd=            NaN
 Catch=                     NaN
 Abd=   1668.678    
 Catch=   7.31760019323008     
 Abd=   1389448.    
 Catch=   3452.06149608289     
 Abd=   131072.7    
 Catch=   1552.88680946377     
 Abd=   101670.3    
 Catch=   253.542161552518     
 Abd=            NaN
 Catch=                     NaN
 Abd=   22514.59    
 Catch=   438.585161622465     
 Abd=   17530.97    
 Catch=   1366.32534314038     
 Abd=   770935.1    
 Catch=   2161.03075185815     
 Abd=   145802.1    
 Catch=   2291.95288035885     
 Abd=   21321.46    
 Catch=   516.847719279448     
 Abd=   4355878.    
 Catch=   17399.7946506738     
 Time step =         2052
 Abd=   63763.63    
 Catch=   418.609047125472     
 Abd=   8566.674    
 Catch=   54.2787788016266     
 Abd=   13748.44    
 Catch=   532.248215791858     
 Abd=   5219.262    
 Catch=   12.8669079264238     
 Abd=   45401.96    
 Catch=   567.898043055163     
 Abd=   37.41284    
 Catch=  0.381187424778126     
 Abd=            NaN
 Catch=                     NaN
 Abd=            NaN
 Catch=                     NaN
 Abd=   228193.0    
 Catch=   568.817951223085     
 Abd=   1829.133    
 Catch=   349.483227405831     
 Abd=   174349.2    
 Catch=   1218.70585750722     
 Abd=   9307.328    
 Catch=   23.1342702297659     
 Abd=            NaN
 Catch=                     NaN
 Abd=   113139.3    
 Catch=   325.805868951505     
 Abd=   35913.55    
 Catch=   2170.63694068905     
 Abd=            NaN
 Catch=                     NaN
 Abd=   2543.250    
 Catch=   76.0291998997983     
 Abd=            NaN
 Catch=                     NaN
 Abd=   39538.41    
 Catch=   319.752662057653     
 Abd=            NaN
 Catch=                     NaN
 Abd=   1667.953    
 Catch=   7.30591813553250     
 Abd=   1383056.    
 Catch=   3454.96069544117     
 Abd=   130716.7    
 Catch=   1527.22753165927     
 Abd=   101590.9    
 Catch=   254.042262755601     
 Abd=            NaN
 Catch=                     NaN
 Abd=   22225.43    
 Catch=   438.275155911753     
 Abd=   19163.58    
 Catch=   1397.75440497301     
 Abd=   766310.6    
 Catch=   2141.78157352056     
 Abd=   148270.1    
 Catch=   2286.94725652817     
 Abd=   21023.13    
 Catch=   517.354613463362     
 Abd=   4361705.    
 Catch=   17394.8281039855     
 Time step =         2053
 Abd=   63960.54    
 Catch=   418.754081236412     
 Abd=   8351.306    
 Catch=   53.5417876503187     
 Abd=   13876.06    
 Catch=   542.748506621239     
 Abd=   5154.929    
 Catch=   12.7090652912224     
 Abd=   45818.74    
 Catch=   569.140741505255     
 Abd=   35.93766    
 Catch=  0.381359288036324     
 Abd=            NaN
 Catch=                     NaN
 Abd=            NaN
 Catch=                     NaN
 Abd=   227918.4    
 Catch=   568.721873599580     
 Abd=   1905.841    
 Catch=   373.593289770380     
 Abd=   165901.2    
 Catch=   1175.07395889466     
 Abd=   9268.291    
 Catch=   22.9747033336702     
 Abd=            NaN
 Catch=                     NaN
 Abd=   113565.9    
 Catch=   325.995926737851     
 Abd=   30119.06    
 Catch=   2013.38285578572     
 Abd=            NaN
 Catch=                     NaN
 Abd=   2674.886    
 Catch=   82.1854023099997     
 Abd=            NaN
 Catch=                     NaN
 Abd=   39829.58    
 Catch=   322.567372050103     
 Abd=            NaN
 Catch=                     NaN
 Abd=   1665.255    
 Catch=   7.30298653736091     
 Abd=   1384370.    
 Catch=   3482.54818931171     
 Abd=   128526.8    
 Catch=   1531.49957694324     
 Abd=   101796.8    
 Catch=   255.054339309110     
 Abd=            NaN
 Catch=                     NaN
 Abd=   22213.91    
 Catch=   445.807775039657     
 Abd=   19595.29    
 Catch=   1497.23100058412     
 Abd=   759437.1    
 Catch=   2121.34319338428     
 Abd=   147895.5    
 Catch=   2249.76654306779     
 Abd=   21048.43    
 Catch=   530.475804142309     
 Abd=   4360314.    
 Catch=   17400.7984105501     
 Time step =         2054
 Abd=   63980.13    
 Catch=   414.939505668062     
 Abd=   8239.365    
 Catch=   56.1471056101222     
 Abd=   14151.90    
 Catch=   516.311374937809     
 Abd=   5090.701    
 Catch=   12.4999877097560     
 Abd=   45913.28    
 Catch=   565.981952997687     
 Abd=   35.98019    
 Catch=  0.385121531167644     
 Abd=            NaN
 Catch=                     NaN
 Abd=            NaN
 Catch=                     NaN
 Abd=   227884.6    
 Catch=   569.110157011744     
 Abd=   2037.315    
 Catch=   281.984759681978     
 Abd=   159992.0    
 Catch=   1145.91297188007     
 Abd=   9203.850    
 Catch=   22.7527648414331     
 Abd=            NaN
 Catch=                     NaN
 Abd=   113625.9    
 Catch=   324.308627988072     
 Abd=   27965.09    
 Catch=   2030.40019580042     
 Abd=            NaN
 Catch=                     NaN
 Abd=   2892.898    
 Catch=   70.2596999295107     
 Abd=            NaN
 Catch=                     NaN
 Abd=   40181.32    
 Catch=   316.389151562918     
 Abd=            NaN
 Catch=                     NaN
 Abd=   1664.626    
 Catch=   7.25735595572140     
 Abd=   1395629.    
 Catch=   3460.12821967205     
 Abd=   128930.6    
 Catch=   1527.32662873552     
 Abd=   102206.7    
 Catch=   254.144377415519     
 Abd=            NaN
 Catch=                     NaN
 Abd=   22602.45    
 Catch=   438.746945222024     
 Abd=   20997.45    
 Catch=   1156.36976220116     
 Abd=   752063.9    
 Catch=   2102.29453639411     
 Abd=   145452.3    
 Catch=   2235.29713669293     
 Abd=   21590.25    
 Catch=   521.851930539418     
 Abd=   4361876.    
 Catch=   17365.6105315860     
 Time step =         2055
 Abd=   63386.54    
 Catch=   413.984480413020     
 Abd=   8650.693    
 Catch=   56.5806864105054     
 Abd=   13451.81    
 Catch=   487.568478387443     
 Abd=   5007.607    
 Catch=   12.2882134027936     
 Abd=   45652.66    
 Catch=   564.885459988113     
 Abd=   36.34093    
 Catch=  0.393952931343908     
 Abd=            NaN
 Catch=                     NaN
 Abd=            NaN
 Catch=                     NaN
 Abd=   228043.0    
 Catch=   569.312664662091     
 Abd=   1537.546    
 Catch=   287.819847362545     
 Abd=   156081.8    
 Catch=   1137.47771062803     
 Abd=   9114.432    
 Catch=   22.7139095408891     
 Abd=            NaN
 Catch=                     NaN
 Abd=   113024.4    
 Catch=   321.942314236546     
 Abd=   28201.27    
 Catch=   2320.64789412738     
 Abd=            NaN
 Catch=                     NaN
 Abd=   2465.382    
 Catch=   59.4503522933723     
 Abd=            NaN
 Catch=                     NaN
 Abd=   39391.31    
 Catch=   308.062505663455     
 Abd=            NaN
 Catch=                     NaN
 Abd=   1654.030    
 Catch=   7.28197419768404     
 Abd=   1386230.    
 Catch=   3411.66682838022     
 Abd=   128565.8    
 Catch=   1529.62794755436     
 Abd=   101826.2    
 Catch=   252.322848591953     
 Abd=            NaN
 Catch=                     NaN
 Abd=   22233.64    
 Catch=   437.208684534709     
 Abd=   16188.89    
 Catch=   1136.15638630727     
 Abd=   745448.3    
 Catch=   2090.56995305449     
 Abd=   144543.5    
 Catch=   2276.86437666380     
 Abd=   21228.00    
 Catch=   522.052742130451     
 Abd=   4352840.    
 Catch=   17362.2878476287     
 Time step =         2056
 Abd=   63248.70    
 Catch=   411.808848443351     
 Abd=   8710.285    
 Catch=   57.7801223299295     
 Abd=   12703.34    
 Catch=   499.209819697322     
 Abd=   4921.845    
 Catch=   12.0362033312564     
 Abd=   45567.10    
 Catch=   564.111710512687     
 Abd=   37.18416    
 Catch=  0.395461156312711     
 Abd=            NaN
 Catch=                     NaN
 Abd=            NaN
 Catch=                     NaN
 Abd=   228123.0    
 Catch=   569.719258080808     
 Abd=   1569.589    
 Catch=   332.992547787912     
 Abd=   154966.6    
 Catch=   1133.57981167683     
 Abd=   9100.369    
 Catch=   22.7511491672698     
 Abd=            NaN
 Catch=                     NaN
 Abd=   112195.8    
 Catch=   321.390178479031     
 Abd=   32262.61    
 Catch=   2375.09347522643     
 Abd=            NaN
 Catch=                     NaN
 Abd=   2086.389    
 Catch=   65.6477636053486     
 Abd=            NaN
 Catch=                     NaN
 Abd=   38351.27    
 Catch=   310.036368913782     
 Abd=            NaN
 Catch=                     NaN
 Abd=   1659.969    
 Catch=   7.27572213777205     
 Abd=   1366617.    
 Catch=   3390.93471870331     
 Abd=   128769.2    
 Catch=   1536.60893792028     
 Abd=   101089.8    
 Catch=   251.481023199001     
 Abd=            NaN
 Catch=                     NaN
 Abd=   22160.08    
 Catch=   431.236675799628     
 Abd=   15934.04    
 Catch=   1304.58181168391     
 Abd=   741334.1    
 Catch=   2101.16214940749     
 Abd=   147305.6    
 Catch=   2296.83959589732     
 Abd=   21240.58    
 Catch=   507.293175359510     
 Abd=   4352172.    
 Catch=   17390.9909194955     
 Time step =         2057
 Abd=   62912.35    
 Catch=   409.541573630704     
 Abd=   8897.428    
 Catch=   56.4059822900841     
 Abd=   13018.94    
 Catch=   498.175567633298     
 Abd=   4820.595    
 Catch=   11.9033013894618     
 Abd=   45505.03    
 Catch=   567.865893801387     
 Abd=   37.31226    
 Catch=  0.396887024282283     
 Abd=            NaN
 Catch=                     NaN
 Abd=            NaN
 Catch=                     NaN
 Abd=   228288.5    
 Catch=   568.898417366747     
 Abd=   1815.992    
 Catch=   353.295172745559     
 Abd=   154464.5    
 Catch=   1102.67767627229     
 Abd=   9115.889    
 Catch=   22.7724789888267     
 Abd=            NaN
 Catch=                     NaN
 Abd=   112015.5    
 Catch=   321.713298931827     
 Abd=   33008.34    
 Catch=   2434.91676590538     
 Abd=            NaN
 Catch=                     NaN
 Abd=   2311.817    
 Catch=   71.4207351607153     
 Abd=            NaN
 Catch=                     NaN
 Abd=   38619.38    
 Catch=   307.105908962709     
 Abd=            NaN
 Catch=                     NaN
 Abd=   1658.393    
 Catch=   7.27098524124828     
 Abd=   1358533.    
 Catch=   3400.83111703059     
 Abd=   129366.4    
 Catch=   1531.28231104130     
 Abd=   100760.2    
 Catch=   251.575278451430     
 Abd=            NaN
 Catch=                     NaN
 Abd=   21854.10    
 Catch=   427.276321296467     
 Abd=   18305.98    
 Catch=   1371.77253227553     
 Abd=   745260.1    
 Catch=   2089.74106616497     
 Abd=   148565.0    
 Catch=   2318.25391798582     
 Abd=   20633.56    
 Catch=   503.840690300775     
 Abd=   4359529.    
 Catch=   17429.5555630125     
 Time step =         2058
 Abd=   62565.17    
 Catch=   410.552997083701     
 Abd=   8678.537    
 Catch=   58.7701615395249     
 Abd=   12985.11    
 Catch=   517.333459028451     
 Abd=   4768.302    
 Catch=   11.7910292526502     
 Abd=   45814.22    
 Catch=   570.206509598788     
 Abd=   37.44699    
 Catch=  0.395833332228749     
 Abd=            NaN
 Catch=                     NaN
 Abd=            NaN
 Catch=                     NaN
 Abd=   227947.8    
 Catch=   568.747620114917     
 Abd=   1926.628    
 Catch=   359.261984220153     
 Abd=   150169.4    
 Catch=   1090.54198627245     
 Abd=   9124.289    
 Catch=   22.8667151382735     
 Abd=            NaN
 Catch=                     NaN
 Abd=   112134.0    
 Catch=   322.477979611284     
 Abd=   33837.83    
 Catch=   2123.49353304914     
 Abd=            NaN
 Catch=                     NaN
 Abd=   2514.060    
 Catch=   75.5513191479073     
 Abd=            NaN
 Catch=                     NaN
 Abd=   38242.70    
 Catch=   309.792616575651     
 Abd=            NaN
 Catch=                     NaN
 Abd=   1657.323    
 Catch=   7.25688281308846     
 Abd=   1362739.    
 Catch=   3422.73353981022     
 Abd=   128897.7    
 Catch=   1519.42556834424     
 Abd=   100805.4    
 Catch=   252.244054213909     
 Abd=            NaN
 Catch=                     NaN
 Abd=   21654.42    
 Catch=   428.637811222892     
 Abd=   19235.01    
 Catch=   1389.66195800261     
 Abd=   741034.6    
 Catch=   2075.69194589644     
 Abd=   149952.4    
 Catch=   2264.16689400794     
 Abd=   20497.36    
 Catch=   507.911267720485     
 Abd=   4369241.    
 Catch=   17492.8374121613     
 Time step =         2059
 Abd=   62730.78    
 Catch=   415.123791344403     
 Abd=   9053.649    
 Catch=   60.4642299143395     
 Abd=   13491.10    
 Catch=   539.342363541750     
 Abd=   4723.403    
 Catch=   11.7163384697574     
 Abd=   46000.52    
 Catch=   575.565173531011     
 Abd=   37.34312    
 Catch=  0.386889416859743     
 Abd=            NaN
 Catch=                     NaN
 Abd=            NaN
 Catch=                     NaN
 Abd=   227893.5    
 Catch=   568.683548857120     
 Abd=   1959.120    
 Catch=   330.380233280038     
 Abd=   148562.3    
 Catch=   1070.51290222851     
 Abd=   9162.656    
 Catch=   23.0376945762650     
 Abd=            NaN
 Catch=                     NaN
 Abd=   112403.1    
 Catch=   323.130680517792     
 Abd=   29462.51    
 Catch=   2251.20550151298     
 Abd=            NaN
 Catch=                     NaN
 Abd=   2658.400    
 Catch=   73.8937917423885     
 Abd=            NaN
 Catch=                     NaN
 Abd=   38591.05    
 Catch=   311.247059157721     
 Abd=            NaN
 Catch=                     NaN
 Abd=   1654.069    
 Catch=   7.28586704937347     
 Abd=   1371612.    
 Catch=   3417.50229905268     
 Abd=   127889.6    
 Catch=   1495.45237833015     
 Abd=   101077.7    
 Catch=   252.367683841151     
 Abd=            NaN
 Catch=                     NaN
 Abd=   21728.54    
 Catch=   453.162950766588     
 Abd=   19480.21    
 Catch=   1340.65082967755     
 Abd=   736050.8    
 Catch=   2062.13865387672     
 Abd=   146368.5    
 Catch=   2255.63614343176     
 Abd=   20668.81    
 Catch=   545.461910008718     
 Abd=   4385230.    
 Catch=   17563.8573757435     
 Time step =         2060
 Abd=   63439.71    
 Catch=   414.824758548769     
 Abd=   9312.000    
 Catch=   61.6176909845316     
 Abd=   14066.96    
 Catch=   555.011013546886     
 Abd=   4694.682    
 Catch=   11.5832572149336     
 Abd=   46437.13    
 Catch=   573.149661355245     
 Abd=   36.48593    
 Catch=  0.379098570885501     
 Abd=            NaN
 Catch=                     NaN
 Abd=            NaN
 Catch=                     NaN
 Abd=   227869.9    
 Catch=   568.798439130346     
 Abd=   1801.581    
 Catch=   343.081833110305     
 Abd=   145813.6    
 Catch=   1040.56774341232     
 Abd=   9231.791    
 Catch=   23.2727035312372     
 Abd=            NaN
 Catch=                     NaN
 Abd=   112629.8    
 Catch=   323.704993879733     
 Abd=   31280.81    
 Catch=   2328.99763361396     
 Abd=            NaN
 Catch=                     NaN
 Abd=   2597.138    
 Catch=   76.5904015025742     
 Abd=            NaN
 Catch=                     NaN
 Abd=   38769.17    
 Catch=   315.676964466017     
 Abd=            NaN
 Catch=                     NaN
 Abd=   1660.874    
 Catch=   7.29745871076561     
 Abd=   1369288.    
 Catch=   3423.49315633133     
 Abd=   125854.8    
 Catch=   1486.98920370081     
 Abd=   101122.7    
 Catch=   252.429275231968     
 Abd=            NaN
 Catch=                     NaN
 Abd=   22991.96    
 Catch=   465.056370034476     
 Abd=   18790.02    
 Catch=   1345.77825716404     
 Abd=   731239.0    
 Catch=   2044.56427373408     
 Abd=   145866.3    
 Catch=   2251.41312499491     
 Abd=   22219.76    
 Catch=   561.267801972446     
 Abd=   4403070.    
 Catch=   17610.1203183090     
 Time step =         2061
 Abd=   63378.37    
 Catch=   417.325174946355     
 Abd=   9487.890    
 Catch=   58.0945214168908     
 Abd=   14471.20    
 Catch=   578.685896667504     
 Abd=   4639.982    
 Catch=   11.4468604486156     
 Abd=   46231.60    
 Catch=   575.600533099287     
 Abd=   35.75312    
 Catch=  0.372009046161206     
 Abd=            NaN
 Catch=                     NaN
 Abd=            NaN
 Catch=                     NaN
 Abd=   227915.7    
 Catch=   568.157121902422     
 Abd=   1870.908    
 Catch=   339.483904398626     
 Abd=   141710.8    
 Catch=   1035.93634386186     
 Abd=   9326.477    
 Catch=   23.5353111897833     
 Abd=            NaN
 Catch=                     NaN
 Abd=   112829.3    
 Catch=   323.715859443884     
 Abd=   32357.73    
 Catch=   2072.15911096666     
 Abd=            NaN
 Catch=                     NaN
 Abd=   2694.410    
 Catch=   74.4596468057246     
 Abd=            NaN
 Catch=                     NaN
 Abd=   39327.74    
 Catch=   321.693507971334     
 Abd=            NaN
 Catch=                     NaN
 Abd=   1663.430    
 Catch=   7.33034016926298     
 Abd=   1371786.    
 Catch=   3439.43286517400     
 Abd=   125165.3    
 Catch=   1479.50163093840     
 Abd=   101147.9    
 Catch=   252.648491790043     
 Abd=            NaN
 Catch=                     NaN
 Abd=   23581.08    
 Catch=   480.306944974004     
 Abd=   18866.86    
 Catch=   1290.80889725644     
 Abd=   724976.2    
 Catch=   2007.72459395565     
 Abd=   145600.6    
 Catch=   2240.82539576774     
 Abd=   22843.23    
 Catch=   578.601540299916     
 Abd=   4414540.    
 Catch=   17628.8905243743     
 Time step =         2062
 Abd=   63768.91    
 Catch=   416.800141871423     
 Abd=   8932.166    
 Catch=   57.5175526754993     
 Abd=   15091.46    
 Catch=   592.745583977174     
 Abd=   4585.256    
 Catch=   11.3285069549614     
 Abd=   46436.68    
 Catch=   573.166809721007     
 Abd=   35.08543    
 Catch=  0.380619751009064     
 Abd=            NaN
 Catch=                     NaN
 Abd=            NaN
 Catch=                     NaN
 Abd=   227652.1    
 Catch=   568.698158949875     
 Abd=   1851.240    
 Catch=   323.889895800383     
 Abd=   141146.0    
 Catch=   1027.24235133854     
 Abd=   9431.916    
 Catch=   23.7612625963563     
 Abd=            NaN
 Catch=                     NaN
 Abd=   112829.2    
 Catch=   324.070354924734     
 Abd=   28761.97    
 Catch=   2202.82405376651     
 Abd=            NaN
 Catch=                     NaN
 Abd=   2616.602    
 Catch=   70.9425689546773     
 Abd=            NaN
 Catch=                     NaN
 Abd=   40080.47    
 Catch=   326.389729325008     
 Abd=            NaN
 Catch=                     NaN
 Abd=   1671.024    
 Catch=   7.34934699794746     
 Abd=   1378253.    
 Catch=   3447.28350708823     
 Abd=   124536.6    
 Catch=   1481.61710018042     
 Abd=   101237.0    
 Catch=   253.030566487008     
 Abd=            NaN
 Catch=                     NaN
 Abd=   24356.37    
 Catch=   496.303568218891     
 Abd=   18088.42    
 Catch=   1276.35798700087     
 Abd=   711482.5    
 Catch=   2003.17785357713     
 Abd=   144906.4    
 Catch=   2288.41040006397     
 Abd=   23548.96    
 Catch=   597.118235916550     
 Abd=   4419110.    
 Catch=   17613.4801126825     
 Time step =         2063
 Abd=   63679.48    
 Catch=   416.093414409659     
 Abd=   8852.101    
 Catch=   55.1769479166043     
 Abd=   15455.52    
 Catch=   570.954151888283     
 Abd=   4538.037    
 Catch=   11.2632356912632     
 Abd=   46233.31    
 Catch=   565.427356239240     
 Abd=   35.92549    
 Catch=  0.381616389354271     
 Abd=            NaN
 Catch=                     NaN
 Abd=            NaN
 Catch=                     NaN
 Abd=   227878.4    
 Catch=   568.362000955696     
 Abd=   1766.179    
 Catch=   336.703445297747     
 Abd=   139949.0    
 Catch=   1037.03974586225     
 Abd=   9522.131    
 Catch=   23.8248946591480     
 Abd=            NaN
 Catch=                     NaN
 Abd=   112955.1    
 Catch=   325.565787683856     
 Abd=   30632.66    
 Catch=   2327.42945509463     
 Abd=            NaN
 Catch=                     NaN
 Abd=   2492.473    
 Catch=   74.2945072269971     
 Abd=            NaN
 Catch=                     NaN
 Abd=   40662.13    
 Catch=   326.929285340828     
 Abd=            NaN
 Catch=                     NaN
 Abd=   1675.292    
 Catch=   7.35353986237944     
 Abd=   1381330.    
 Catch=   3448.58244440308     
 Abd=   124728.9    
 Catch=   1489.37739221161     
 Abd=   101391.4    
 Catch=   253.768688176513     
 Abd=            NaN
 Catch=                     NaN
 Abd=   25169.28    
 Catch=   489.680452709140     
 Abd=   17889.52    
 Catch=   1396.99416001436     
 Abd=   710414.8    
 Catch=   2006.53916227174     
 Abd=   148049.6    
 Catch=   2346.58111201353     
 Abd=   24305.89    
 Catch=   581.619384633331     
 Abd=   4415074.    
 Catch=   17559.1889681244     
 Time step =         2064
 Abd=   63571.46    
 Catch=   416.866914530407     
 Abd=   8486.323    
 Catch=   57.5346629786723     
 Abd=   14877.32    
 Catch=   552.940877387679     
 Abd=   4512.230    
 Catch=   11.3121564556682     
 Abd=   45601.52    
 Catch=   565.603538941065     
 Abd=   36.00516    
 Catch=  0.394480704070002     
 Abd=            NaN
 Catch=                     NaN
 Abd=            NaN
 Catch=                     NaN
 Abd=   227736.1    
 Catch=   568.274553822795     
 Abd=   1836.112    
 Catch=   361.494139062686     
 Abd=   141323.2    
 Catch=   1029.74747476572     
 Abd=   9546.274    
 Catch=   23.8434969660250     
 Abd=            NaN
 Catch=                     NaN
 Abd=   113484.4    
 Catch=   327.524790170981     
 Abd=   32333.04    
 Catch=   2428.31235389457     
 Abd=            NaN
 Catch=                     NaN
 Abd=   2613.784    
 Catch=   78.6831221395606     
 Abd=            NaN
 Catch=                     NaN
 Abd=   40718.87    
 Catch=   325.186489515745     
 Abd=            NaN
 Catch=                     NaN
 Abd=   1676.182    
 Catch=   7.33945820541002     
 Abd=   1381797.    
 Catch=   3455.66742012479     
 Abd=   125390.6    
 Catch=   1487.94143709555     
 Abd=   101690.0    
 Catch=   254.657951145350     
 Abd=            NaN
 Catch=                     NaN
 Abd=   24814.66    
 Catch=   463.099006100849     
 Abd=   19594.12    
 Catch=   1453.71723476870     
 Abd=   711629.2    
 Catch=   1998.43193934504     
 Abd=   151834.7    
 Catch=   2347.44346138988     
 Abd=   23651.98    
 Catch=   539.398176242614     
 Abd=   4401274.    
 Catch=   17553.2963538738     
 Time step =         2065
 Abd=   63693.60    
 Catch=   417.940806751214     
 Abd=   8863.963    
 Catch=   56.7262373476526     
 Abd=   14409.58    
 Catch=   543.582413221006     
 Abd=   4532.794    
 Catch=   11.3870664153715     
 Abd=   45626.27    
 Catch=   572.268759158754     
 Abd=   37.24096    
 Catch=  0.397228336996494     
 Abd=            NaN
 Catch=                     NaN
 Abd=            NaN
 Catch=                     NaN
 Abd=   227705.4    
 Catch=   568.545635430693     
 Abd=   1971.331    
 Catch=   361.260233488397     
 Abd=   140304.5    
 Catch=   1030.09692536818     
 Abd=   9553.382    
 Catch=   23.7555464918736     
 Abd=            NaN
 Catch=                     NaN
 Abd=   114170.2    
 Catch=   329.142431220369     
 Abd=   33735.28    
 Catch=   2342.42871481253     
 Abd=            NaN
 Catch=                     NaN
 Abd=   2768.503    
 Catch=   80.3087157177729     
 Abd=            NaN
 Catch=                     NaN
 Abd=   40496.94    
 Catch=   326.012652825890     
 Abd=            NaN
 Catch=                     NaN
 Abd=   1672.888    
 Catch=   7.33830317354829     
 Abd=   1384685.    
 Catch=   3466.51021615228     
 Abd=   125254.3    
 Catch=   1490.75886638628     
 Abd=   102046.6    
 Catch=   255.413455970135     
 Abd=            NaN
 Catch=                     NaN
 Abd=   23452.08    
 Catch=   447.892301508888     
 Abd=   20383.06    
 Catch=   1459.75339680131     
 Abd=   708705.4    
 Catch=   1994.49868642760     
 Abd=   151811.6    
 Catch=   2318.70072234121     
 Abd=   21921.59    
 Catch=   519.409471370144     
 Abd=   4400047.    
 Catch=   17582.2985665599     
 Time step =         2066
 Abd=   63858.71    
 Catch=   419.959938567514     
 Abd=   8728.926    
 Catch=   56.8893319049026     
 Abd=   14168.25    
 Catch=   530.796248862293     
 Abd=   4562.779    
 Catch=   11.4556819161418     
 Abd=   46173.20    
 Catch=   577.991034004793     
 Abd=   37.48096    
 Catch=  0.394618134072288     
 Abd=            NaN
 Catch=                     NaN
 Abd=            NaN
 Catch=                     NaN
 Abd=   227816.2    
 Catch=   568.507606839261     
 Abd=   1969.995    
 Catch=   374.100084504392     
 Abd=   140357.8    
 Catch=   1020.49664900705     
 Abd=   9517.271    
 Catch=   23.6493506280883     
 Abd=            NaN
 Catch=                     NaN
 Abd=   114731.6    
 Catch=   330.765753608428     
 Abd=   32520.66    
 Catch=   2051.43080420851     
 Abd=            NaN
 Catch=                     NaN
 Abd=   2824.401    
 Catch=   84.3813977645016     
 Abd=            NaN
 Catch=                     NaN
 Abd=   40605.45    
 Catch=   325.067070829000     
 Abd=            NaN
 Catch=                     NaN
 Abd=   1672.683    
 Catch=   7.34383536773474     
 Abd=   1389061.    
 Catch=   3491.56362852587     
 Abd=   125497.2    
 Catch=   1478.53253098173     
 Abd=   102349.2    
 Catch=   256.625963718042     
 Abd=            NaN
 Catch=                     NaN
 Abd=   22689.94    
 Catch=   436.048544484967     
 Abd=   20463.31    
 Catch=   1447.23235872665     
 Abd=   707321.5    
 Catch=   1984.46614901721     
 Abd=   149921.8    
 Catch=   2313.80352957597     
 Abd=   21120.81    
 Catch=   508.457831743993     
 Abd=   4407486.    
 Catch=   17604.8689198039     
 Time step =         2067
 Abd=   64169.75    
 Catch=   420.225550702826     
 Abd=   8757.127    
 Catch=   56.9511617462489     
 Abd=   13833.72    
 Catch=   530.896857493053     
 Abd=   4591.020    
 Catch=   11.7376009057852     
 Abd=   46633.48    
 Catch=   575.921194366874     
 Abd=   37.22573    
 Catch=  0.389275872699870     
 Abd=            NaN
 Catch=                     NaN
 Abd=            NaN
 Catch=                     NaN
 Abd=   227797.8    
 Catch=   569.311338770431     
 Abd=   2040.044    
 Catch=   323.029300880049     
 Abd=   139023.9    
 Catch=   1019.79240767941     
 Abd=   9474.592    
 Catch=   23.6600146332068     
 Abd=            NaN
 Catch=                     NaN
 Abd=   115297.3    
 Catch=   330.453912953937     
 Abd=   28467.75    
 Catch=   1948.52031835451     
 Abd=            NaN
 Catch=                     NaN
 Abd=   2968.706    
 Catch=   68.9480294475508     
 Abd=            NaN
 Catch=                     NaN
 Abd=   40483.36    
 Catch=   321.542325692317     
 Abd=            NaN
 Catch=                     NaN
 Abd=   1673.975    
 Catch=   7.34167715400121     
 Abd=   1399216.    
 Catch=   3487.84145362369     
 Abd=   124445.5    
 Catch=   1474.13503124058     
 Abd=   102838.7    
 Catch=   256.499333208992     
 Abd=            NaN
 Catch=                     NaN
 Abd=   22092.05    
 Catch=   443.395764011005     
 Abd=   20286.79    
 Catch=   1254.65082891754     
 Abd=   703713.8    
 Catch=   1979.05838090545     
 Abd=   149633.9    
 Catch=   2310.69644737727     
 Abd=   20680.07    
 Catch=   523.386654446360     
 Abd=   4413107.    
 Catch=   17640.2171502234     
 Time step =         2068
 Abd=   64205.04    
 Catch=   419.641141622868     
 Abd=   8766.285    
 Catch=   55.2627370091614     
 Abd=   13839.14    
 Catch=   526.150411372604     
 Abd=   4706.163    
 Catch=   12.0160397160608     
 Abd=   46455.14    
 Catch=   571.810405245322     
 Abd=   36.71720    
 Catch=  0.390803443447998     
 Abd=            NaN
 Catch=                     NaN
 Abd=            NaN
 Catch=                     NaN
 Abd=   228125.1    
 Catch=   569.534734530943     
 Abd=   1761.417    
 Catch=   330.018381140510     
 Abd=   138952.4    
 Catch=   1017.17915695191     
 Abd=   9479.829    
 Catch=   23.7720709366583     
 Abd=            NaN
 Catch=                     NaN
 Abd=   115174.9    
 Catch=   330.267282051876     
 Abd=   27059.01    
 Catch=   2469.91617892533     
 Abd=            NaN
 Catch=                     NaN
 Abd=   2418.106    
 Catch=   66.8798876877943     
 Abd=            NaN
 Catch=                     NaN
 Abd=   40039.18    
 Catch=   318.585463222257     
 Abd=            NaN
 Catch=                     NaN
 Abd=   1673.446    
 Catch=   7.36358313614628     
 Abd=   1397484.    
 Catch=   3467.46185025057     
 Abd=   124088.5    
 Catch=   1486.47386318421     
 Abd=   102776.9    
 Catch=   256.194891687732     
 Abd=            NaN
 Catch=                     NaN
 Abd=   22481.23    
 Catch=   442.055697507961     
 Abd=   17572.93    
 Catch=   1332.65925160538     
 Abd=   701829.8    
 Catch=   1971.53297610743     
 Abd=   149432.8    
 Catch=   2346.34230008299     
 Abd=   21305.18    
 Catch=   521.300616833463     
 Abd=   4422031.    
 Catch=   17616.9962990175     
 Time step =         2069
 Abd=   64112.95    
 Catch=   420.712902646561     
 Abd=   8501.571    
 Catch=   54.4581879737689     
 Abd=   13713.22    
 Catch=   532.086328857731     
 Abd=   4816.645    
 Catch=   12.3060350170594     
 Abd=   46121.30    
 Catch=   576.844690843981     
 Abd=   36.87329    
 Catch=  0.392134574391039     
 Abd=            NaN
 Catch=                     NaN
 Abd=            NaN
 Catch=                     NaN
 Abd=   228210.9    
 Catch=   569.671123336763     
 Abd=   1799.662    
 Catch=   367.425414759105     
 Abd=   138591.5    
 Catch=   1000.23870156567     
 Abd=   9525.550    
 Catch=   23.8616297353175     
 Abd=            NaN
 Catch=                     NaN
 Abd=   115111.2    
 Catch=   332.070666110578     
 Abd=   34392.87    
 Catch=   2509.22833155492     
 Abd=            NaN
 Catch=                     NaN
 Abd=   2350.575    
 Catch=   78.8147023902980     
 Abd=            NaN
 Catch=                     NaN
 Abd=   39672.05    
 Catch=   318.872859468349     
 Abd=            NaN
 Catch=                     NaN
 Abd=   1678.550    
 Catch=   7.36494547936824     
 Abd=   1389189.    
 Catch=   3478.36746175762     
 Abd=   125152.9    
 Catch=   1481.93180106939     
 Abd=   102653.9    
 Catch=   257.255663561995     
 Abd=            NaN
 Catch=                     NaN
 Abd=   22404.94    
 Catch=   439.264234482340     
 Abd=   18691.70    
 Catch=   1499.91111006143     
 Abd=   699145.2    
 Catch=   1959.82119865318     
 Abd=   151792.9    
 Catch=   2339.12434962043     
 Abd=   21207.92    
 Catch=   521.620808842769     
 Abd=   4415914.    
 Catch=   17603.2789968293     
 Time step =         2070
 Abd=   64282.59    
 Catch=   418.635273837326     
 Abd=   8380.133    
 Catch=   52.1283167106668     
 Abd=   13871.67    
 Catch=   544.164321387708     
 Abd=   4932.924    
 Catch=   12.5688538991806     
 Abd=   46539.78    
 Catch=   576.745980259669     
 Abd=   36.99826    
 Catch=  0.393920413130746     
 Abd=            NaN
 Catch=                     NaN
 Abd=            NaN
 Catch=                     NaN
 Abd=   228264.6    
 Catch=   571.075203357701     
 Abd=   2003.732    
 Catch=   366.031946286740     
 Abd=   136247.0    
 Catch=   976.567430084575     
 Abd=   9561.228    
 Catch=   23.9677031670273     
 Abd=            NaN
 Catch=                     NaN
 Abd=   115753.6    
 Catch=   333.859334461643     
 Abd=   34858.60    
 Catch=   2224.65551239820     
 Abd=            NaN
 Catch=                     NaN
 Abd=   2779.583    
 Catch=   84.9628347755263     
 Abd=            NaN
 Catch=                     NaN
 Abd=   39715.58    
 Catch=   320.397384680481     
 Abd=            NaN
 Catch=                     NaN
 Abd=   1678.768    
 Catch=   7.36817228143119     
 Abd=   1393816.    
 Catch=   3496.96866704942     
 Abd=   124745.0    
 Catch=   1472.49077074581     
 Abd=   103090.0    
 Catch=   258.296888211743     
 Abd=            NaN
 Catch=                     NaN
 Abd=   22262.65    
 Catch=   446.135940945009     
 Abd=   21045.66    
 Catch=   1479.00812153189     
 Abd=   694960.5    
 Catch=   1946.05233409831     
 Abd=   151264.7    
 Catch=   2314.99529502158     
 Abd=   21222.38    
 Catch=   531.295963510300     
 Abd=   4412532.    
 Catch=   17568.9090345431     
 Time step =         2071
 Abd=   63955.11    
 Catch=   416.081868128989     
 Abd=   8017.129    
 Catch=   53.2593433064786     
 Abd=   14188.39    
 Catch=   558.936129969437     
 Abd=   5037.997    
 Catch=   12.8683445489904     
 Abd=   46524.84    
 Catch=   570.116533355209     
 Abd=   37.16774    
 Catch=  0.392859113043790     
 Abd=            NaN
 Catch=                     NaN
 Abd=            NaN
 Catch=                     NaN
 Abd=   228838.9    
 Catch=   571.422109494677     
 Abd=   1996.006    
 Catch=   359.262953675779     
 Abd=   133006.4    
 Catch=   973.650802927808     
 Abd=   9603.869    
 Catch=   24.0593596722430     
 Abd=            NaN
 Catch=                     NaN
 Abd=   116376.4    
 Catch=   335.143579156052     
 Abd=   30882.83    
 Catch=   2230.32198755308     
 Abd=            NaN
 Catch=                     NaN
 Abd=   2990.536    
 Catch=   83.0655720940999     
 Abd=            NaN
 Catch=                     NaN
 Abd=   39908.34    
 Catch=   321.703881585287     
 Abd=            NaN
 Catch=                     NaN
 Abd=   1679.513    
 Catch=   7.37740135352531     
 Abd=   1401327.    
 Catch=   3511.99653686306     
 Abd=   123943.3    
 Catch=   1479.24287962339     
 Abd=   103505.7    
 Catch=   259.034181974943     
 Abd=            NaN
 Catch=                     NaN
 Abd=   22619.44    
 Catch=   453.748288492862     
 Abd=   20729.11    
 Catch=   1446.09805687437     
 Abd=   690064.1    
 Catch=   1940.95650780862     
 Abd=   149689.4    
 Catch=   2250.81834783491     
 Abd=   21624.18    
 Catch=   535.972242149815     
 Abd=   4403810.    
 Catch=   17532.5304462624     
 Time step =         2072
 Abd=   63563.41    
 Catch=   414.539574468578     
 Abd=   8201.898    
 Catch=   53.9560102616311     
 Abd=   14574.05    
 Catch=   562.193819826117     
 Abd=   5158.159    
 Catch=   13.1799239946322     
 Abd=   45981.34    
 Catch=   569.968123046956     
 Abd=   37.06241    
 Catch=  0.386284741482274     
 Abd=            NaN
 Catch=                     NaN
 Abd=            NaN
 Catch=                     NaN
 Abd=   228967.7    
 Catch=   571.695523494665     
 Abd=   1959.081    
 Catch=   372.151793503567     
 Abd=   132662.0    
 Catch=   967.298655309416     
 Abd=   9640.470    
 Catch=   24.0591677662717     
 Abd=            NaN
 Catch=                     NaN
 Abd=   116820.4    
 Catch=   335.054616602197     
 Abd=   30999.88    
 Catch=   2068.45782749647     
 Abd=            NaN
 Catch=                     NaN
 Abd=   2919.796    
 Catch=   84.1801675872614     
 Abd=            NaN
 Catch=                     NaN
 Abd=   40070.48    
 Catch=   324.097726916762     
 Abd=            NaN
 Catch=                     NaN
 Abd=   1681.641    
 Catch=   7.37081664668492     
 Abd=   1407318.    
 Catch=   3543.35910812537     
 Abd=   124535.8    
 Catch=   1487.28971801369     
 Abd=   103798.6    
 Catch=   259.875600260900     
 Abd=            NaN
 Catch=                     NaN
 Abd=   23004.91    
 Catch=   463.217336059608     
 Abd=   20267.76    
 Catch=   1450.90451116829     
 Abd=   688319.8    
 Catch=   1933.04087474002     
 Abd=   145495.2    
 Catch=   2229.69602311138     
 Abd=   21809.08    
 Catch=   549.960979222011     
 Abd=   4394683.    
 Catch=   17523.5378679665     
 Time step =         2073
 Abd=   63331.98    
 Catch=   409.732950469861     
 Abd=   8307.242    
 Catch=   55.2020014058561     
 Abd=   14656.23    
 Catch=   573.298616232633     
 Abd=   5283.285    
 Catch=   13.3996244792591     
 Abd=   45978.31    
 Catch=   564.084903677078     
 Abd=   36.43303    
 Catch=  0.379444354137077     
 Abd=            NaN
 Catch=                     NaN
 Abd=            NaN
 Catch=                     NaN
 Abd=   229078.6    
 Catch=   571.617027866034     
 Abd=   2029.427    
 Catch=   323.777175846654     
 Abd=   131789.3    
 Catch=   963.798911785435     
 Abd=   9639.633    
 Catch=   24.0408700152915     
 Abd=            NaN
 Catch=                     NaN
 Abd=   116780.5    
 Catch=   333.775169553188     
 Abd=   28712.71    
 Catch=   1930.17817605198     
 Abd=            NaN
 Catch=                     NaN
 Abd=   2960.675    
 Catch=   74.0748524907708     
 Abd=            NaN
 Catch=                     NaN
 Abd=   40371.11    
 Catch=   325.487000901496     
 Abd=            NaN
 Catch=                     NaN
 Abd=   1680.067    
 Catch=   7.32693219939187     
 Abd=   1420023.    
 Catch=   3546.37472427861     
 Abd=   125215.4    
 Catch=   1494.02524055985     
 Abd=   104137.0    
 Catch=   259.510074553240     
 Abd=            NaN
 Catch=                     NaN
 Abd=   23486.14    
 Catch=   476.197797776538     
 Abd=   20342.02    
 Catch=   1253.14579374352     
 Abd=   685482.4    
 Catch=   1920.98648659608     
 Abd=   144175.1    
 Catch=   2269.07286270653     
 Abd=   22383.14    
 Catch=   573.018993904725     
 Abd=   4392566.    
 Catch=   17549.3597911816     
 Time step =         2074
 Abd=   62587.98    
 Catch=   407.371854789712     
 Abd=   8500.729    
 Catch=   52.6742802433234     
 Abd=   14948.12    
 Catch=   553.404179946361     
 Abd=   5370.524    
 Catch=   13.5664639348136     
 Abd=   45495.77    
 Catch=   560.934576458077     
 Abd=   35.78703    
 Catch=  0.370860128804516     
 Abd=            NaN
 Catch=                     NaN
 Abd=            NaN
 Catch=                     NaN
 Abd=   229046.8    
 Catch=   571.320348803652     
 Abd=   1765.510    
 Catch=   336.117025308793     
 Abd=   131327.9    
 Catch=   967.742380031748     
 Abd=   9632.168    
 Catch=   24.0603594592183     
 Abd=            NaN
 Catch=                     NaN
 Abd=   116325.9    
 Catch=   333.877650464574     
 Abd=   26794.68    
 Catch=   2142.00386866649     
 Abd=            NaN
 Catch=                     NaN
 Abd=   2600.559    
 Catch=   66.6837650241220     
 Abd=            NaN
 Catch=                     NaN
 Abd=   40541.77    
 Catch=   325.179373967788     
 Abd=            NaN
 Catch=                     NaN
 Abd=   1669.896    
 Catch=   7.33504263286334     
 Abd=   1420991.    
 Catch=   3538.45280459561     
 Abd=   125780.9    
 Catch=   1520.42062051048     
 Abd=   103980.4    
 Catch=   259.424773486244     
 Abd=            NaN
 Catch=                     NaN
 Abd=   24147.83    
 Catch=   469.938145523311     
 Abd=   17551.97    
 Catch=   1332.46279257255     
 Abd=   681155.0    
 Catch=   1929.91896515878     
 Abd=   146794.1    
 Catch=   2290.98237754439     
 Abd=   23328.04    
 Catch=   558.551665453291     
 Abd=   4399210.    
 Catch=   17543.1526651395     
 Time step =         2075
 Abd=   62234.04    
 Catch=   407.571292616365     
 Abd=   8100.612    
 Catch=   51.1147367633321     
 Abd=   14420.83    
 Catch=   547.392815122047     
 Abd=   5438.024    
 Catch=   13.8168736903119     
 Abd=   45245.68    
 Catch=   566.301533605102     
 Abd=   34.97464    
 Catch=  0.376270071475716     
 Abd=            NaN
 Catch=                     NaN
 Abd=            NaN
 Catch=                     NaN
 Abd=   228924.3    
 Catch=   571.431878861291     
 Abd=   1832.986    
 Catch=   353.460022471191     
 Abd=   131826.8    
 Catch=   989.190449218934     
 Abd=   9640.291    
 Catch=   24.0523924116760     
 Abd=            NaN
 Catch=                     NaN
 Abd=   116371.4    
 Catch=   333.750338078751     
 Abd=   29819.11    
 Catch=   2223.09784403964     
 Abd=            NaN
 Catch=                     NaN
 Abd=   2341.877    
 Catch=   74.2356333931361     
 Abd=            NaN
 Catch=                     NaN
 Abd=   40499.07    
 Catch=   325.555620326159     
 Abd=            NaN
 Catch=                     NaN
 Abd=   1671.985    
 Catch=   7.31916775481206     
 Abd=   1417730.    
 Catch=   3524.08815680557     
 Abd=   128033.1    
 Catch=   1532.02504703592     
 Abd=   103948.7    
 Catch=   259.031732833068     
 Abd=            NaN
 Catch=                     NaN
 Abd=   23813.48    
 Catch=   461.459040788789     
 Abd=   18695.54    
 Catch=   1451.76530175345     
 Abd=   684475.1    
 Catch=   1939.62812995270     
 Abd=   148185.9    
 Catch=   2324.08453155585     
 Abd=   22715.40    
 Catch=   543.452173494116     
 Abd=   4397489.    
 Catch=   17500.5174630117     
 Time step =         2076
 Abd=   62271.96    
 Catch=   407.925230725270     
 Abd=   7863.358    
 Catch=   48.8993363037959     
 Abd=   14267.94    
 Catch=   554.803844560386     
 Abd=   5537.973    
 Catch=   13.9854007770726     
 Abd=   45690.48    
 Catch=   568.837691623660     
 Abd=   35.50913    
 Catch=  0.386473206135825     
 Abd=            NaN
 Catch=                     NaN
 Abd=            NaN
 Catch=                     NaN
 Abd=   228968.5    
 Catch=   570.365243021243     
 Abd=   1927.500    
 Catch=   369.455763433429     
 Abd=   134863.5    
 Catch=   1013.11735197394     
 Abd=   9636.866    
 Catch=   23.9766182264946     
 Abd=            NaN
 Catch=                     NaN
 Abd=   116325.6    
 Catch=   334.739203739783     
 Abd=   30904.73    
 Catch=   2092.93532279940     
 Abd=            NaN
 Catch=                     NaN
 Abd=   2614.876    
 Catch=   80.5825350106190     
 Abd=            NaN
 Catch=                     NaN
 Abd=   40547.38    
 Catch=   326.231782265963     
 Abd=            NaN
 Catch=                     NaN
 Abd=   1668.252    
 Catch=   7.32776135686836     
 Abd=   1411927.    
 Catch=   3544.18432727754     
 Abd=   128986.9    
 Catch=   1541.23491319830     
 Abd=   103789.9    
 Catch=   259.653759606042     
 Abd=            NaN
 Catch=                     NaN
 Abd=   23381.70    
 Catch=   462.040057686978     
 Abd=   20363.99    
 Catch=   1468.03010803178     
 Abd=   687977.9    
 Catch=   1949.68249068965     
 Abd=   150341.8    
 Catch=   2330.77793037470     
 Abd=   22100.04    
 Catch=   546.290489801366     
 Abd=   4386623.    
 Catch=   17512.9466214648     
 Time step =         2077
 Abd=   62326.28    
 Catch=   407.289046431842     
 Abd=   7520.461    
 Catch=   48.1065347647690     
 Abd=   14465.79    
 Catch=   535.102454499649     
 Abd=   5604.805    
 Catch=   14.1498456473349     
 Abd=   45890.65    
 Catch=   564.165485112961     
 Abd=   36.48012    
 Catch=  0.398569813664250     
 Abd=            NaN
 Catch=                     NaN
 Abd=            NaN
 Catch=                     NaN
 Abd=   228534.2    
 Catch=   570.141589606357     
 Abd=   2014.744    
 Catch=   345.512157651060     
 Abd=   138118.6    
 Catch=   1013.81913679864     
 Abd=   9605.951    
 Catch=   24.0345080595323     
 Abd=            NaN
 Catch=                     NaN
 Abd=   116677.7    
 Catch=   335.941029796936     
 Abd=   29071.29    
 Catch=   2252.38261727309     
 Abd=            NaN
 Catch=                     NaN
 Abd=   2836.508    
 Catch=   82.1986886314473     
 Abd=            NaN
 Catch=                     NaN
 Abd=   40632.60    
 Catch=   324.067903833531     
 Abd=            NaN
 Catch=                     NaN
 Abd=   1670.326    
 Catch=   7.31228070978108     
 Abd=   1420261.    
 Catch=   3541.65157144545     
 Abd=   129757.7    
 Catch=   1537.28325069998     
 Abd=   104047.2    
 Catch=   260.067587945464     
 Abd=            NaN
 Catch=                     NaN
 Abd=   23418.39    
 Catch=   449.924531606351     
 Abd=   20583.37    
 Catch=   1437.12793250365     
 Abd=   691537.9    
 Catch=   1940.67027813002     
 Abd=   150739.4    
 Catch=   2299.28648758382     
 Abd=   22227.41    
 Catch=   526.189315335985     
 Abd=   4390019.    
 Catch=   17511.1229261494     
 Time step =         2078
 Abd=   62227.00    
 Catch=   408.158199720400     
 Abd=   7402.520    
 Catch=   50.0413907389586     
 Abd=   13944.50    
 Catch=   518.671183552803     
 Abd=   5671.463    
 Catch=   14.2683119246919     
 Abd=   45503.81    
 Catch=   565.403799237641     
 Abd=   37.62475    
 Catch=  0.390846496044408     
 Abd=            NaN
 Catch=                     NaN
 Abd=            NaN
 Catch=                     NaN
 Abd=   228452.1    
 Catch=   570.229368879987     
 Abd=   1884.087    
 Catch=   359.339707072231     
 Abd=   138138.5    
 Catch=   1006.20391039945     
 Abd=   9630.263    
 Catch=   24.0999465191870     
 Abd=            NaN
 Catch=                     NaN
 Abd=   117098.0    
 Catch=   336.431665179049     
 Abd=   31307.80    
 Catch=   2363.70763819595     
 Abd=            NaN
 Catch=                     NaN
 Abd=   2890.920    
 Catch=   76.0183403842356     
 Abd=            NaN
 Catch=                     NaN
 Abd=   40356.12    
 Catch=   320.797540826523     
 Abd=            NaN
 Catch=                     NaN
 Abd=   1666.682    
 Catch=   7.31177731289274     
 Abd=   1419055.    
 Catch=   3553.89127592214     
 Abd=   129403.0    
 Catch=   1528.66889264018     
 Abd=   104210.1    
 Catch=   260.484914307250     
 Abd=            NaN
 Catch=                     NaN
 Abd=   22795.22    
 Catch=   434.369789587587     
 Abd=   20147.14    
 Catch=   1389.86543584734     
 Abd=   688204.2    
 Catch=   1932.89953168683     
 Abd=   148664.4    
 Catch=   2288.86868148856     
 Abd=   21397.46    
 Catch=   499.551745738692     
 Abd=   4389485.    
 Catch=   17538.9420225823     
 Time step =         2079
 Abd=   62364.59    
 Catch=   409.452992400565     
 Abd=   7709.042    
 Catch=   50.7846113427751     
 Abd=   13516.76    
 Catch=   536.498998453427     
 Abd=   5717.877    
 Catch=   14.4493150827975     
 Abd=   45611.91    
 Catch=   568.543730557287     
 Abd=   36.86110    
 Catch=  0.388979346903956     
 Abd=            NaN
 Catch=                     NaN
 Abd=            NaN
 Catch=                     NaN
 Abd=   228489.2    
 Catch=   570.931595577694     
 Abd=   1959.572    
 Catch=   335.701416462128     
 Abd=   137080.8    
 Catch=   1017.84276916976     
 Abd=   9656.521    
 Catch=   24.1070950180098     
 Abd=            NaN
 Catch=                     NaN
 Abd=   117263.7    
 Catch=   333.659839236598     
 Abd=   32970.20    
 Catch=   1999.56267161674     
 Abd=            NaN
 Catch=                     NaN
 Abd=   2670.564    
 Catch=   76.3640025921584     
 Abd=            NaN
 Catch=                     NaN
 Abd=   39946.45    
 Catch=   320.847702898889     
 Abd=            NaN
 Catch=                     NaN
 Abd=   1666.639    
 Catch=   7.29579261683405     
 Abd=   1424084.    
 Catch=   3566.14816402331     
 Abd=   128670.6    
 Catch=   1525.43842520651     
 Abd=   104377.3    
 Catch=   260.018881052938     
 Abd=            NaN
 Catch=                     NaN
 Abd=   22003.99    
 Catch=   443.331483263838     
 Abd=   19482.53    
 Catch=   1335.78996322311     
 Abd=   685446.3    
 Catch=   1933.08365902980     
 Abd=   148013.3    
 Catch=   2246.00310773429     
 Abd=   20309.07    
 Catch=   519.139123506301     
 Abd=   4396616.    
 Catch=   17535.9349591897     
 Time step =         2080
 Abd=   62563.60    
 Catch=   411.505157762200     
 Abd=   7819.115    
 Catch=   50.9211275436403     
 Abd=   13992.62    
 Catch=   548.808167112815     
 Abd=   5790.822    
 Catch=   14.6210198549168     
 Abd=   45868.15    
 Catch=   565.214990428501     
 Abd=   36.69595    
 Catch=  0.383508838749174     
 Abd=            NaN
 Catch=                     NaN
 Abd=            NaN
 Catch=                     NaN
 Abd=   228774.5    
 Catch=   572.170238645779     
 Abd=   1830.580    
 Catch=   316.328360200174     
 Abd=   138698.2    
 Catch=   1039.24487398416     
 Abd=   9658.900    
 Catch=   24.2743994140439     
 Abd=            NaN
 Catch=                     NaN
 Abd=   116275.9    
 Catch=   331.798039758993     
 Abd=   27777.66    
 Catch=   2078.19968601536     
 Abd=            NaN
 Catch=                     NaN
 Abd=   2686.052    
 Catch=   55.6346561695054     
 Abd=            NaN
 Catch=                     NaN
 Abd=   39961.03    
 Catch=   319.551439159504     
 Abd=            NaN
 Catch=                     NaN
 Abd=   1662.927    
 Catch=   7.31481696787070     
 Abd=   1428993.    
 Catch=   3541.17273578298     
 Abd=   128409.6    
 Catch=   1519.40015086611     
 Abd=   104183.7    
 Catch=   258.994596741403     
 Abd=            NaN
 Catch=                     NaN
 Abd=   22480.11    
 Catch=   460.234026684919     
 Abd=   18725.05    
 Catch=   1232.08834943702     
 Abd=   685551.1    
 Catch=   1946.90284412635     
 Abd=   145205.1    
 Catch=   2282.62752232512     
 Abd=   21137.06    
 Catch=   544.531558153100     
 Abd=   4395700.    
 Catch=   17514.1073736974     
 Time step =         2081
 Abd=   62879.27    
 Catch=   413.622184885571     
 Abd=   7838.226    
 Catch=   51.3933987855161     
 Abd=   14311.02    
 Catch=   533.495349475570     
 Abd=   5860.564    
 Catch=   14.7107093920587     
 Abd=   45590.21    
 Catch=   561.441348954871     
 Abd=   36.17317    
 Catch=  0.382513264231361     
 Abd=            NaN
 Catch=                     NaN
 Abd=            NaN
 Catch=                     NaN
 Abd=   229276.4    
 Catch=   572.636568793457     
 Abd=   1724.983    
 Catch=   335.116033681493     
 Abd=   141665.9    
 Catch=   984.767408480295     
 Abd=   9727.277    
 Catch=   24.3261669752028     
 Abd=            NaN
 Catch=                     NaN
 Abd=   115633.5    
 Catch=   331.955199474418     
 Abd=   28871.06    
 Catch=   2387.23090466352     
 Abd=            NaN
 Catch=                     NaN
 Abd=   1950.675    
 Catch=   57.7818475849519     
 Abd=            NaN
 Catch=                     NaN
 Abd=   39796.53    
 Catch=   317.379168784386     
 Abd=            NaN
 Catch=                     NaN
 Abd=   1667.423    
 Catch=   7.33153962530220     
 Abd=   1418684.    
 Catch=   3518.26799786054     
 Abd=   127899.5    
 Catch=   1516.96493746017     
 Abd=   103768.8    
 Catch=   258.602338552825     
 Abd=            NaN
 Catch=                     NaN
 Abd=   23343.23    
 Catch=   447.620742913443     
 Abd=   17268.73    
 Catch=   1351.89444777190     
 Abd=   690564.5    
 Catch=   1925.05204389948     
 Abd=   147666.3    
 Catch=   2258.08622760921     
 Abd=   22172.80    
 Catch=   527.011480124533     
 Abd=   4390140.    
 Catch=   17498.1851401205     
 Time step =         2082
 Abd=   63202.04    
 Catch=   414.775524247425     
 Abd=   7912.021    
 Catch=   52.9248069878418     
 Abd=   13904.36    
 Catch=   519.708685475548     
 Abd=   5894.820    
 Catch=   14.8436156576881     
 Abd=   45285.39    
 Catch=   563.651334698632     
 Abd=   36.08681    
 Catch=  0.395961456581599     
 Abd=            NaN
 Catch=                     NaN
 Abd=            NaN
 Catch=                     NaN
 Abd=   229455.6    
 Catch=   573.052260006252     
 Abd=   1827.492    
 Catch=   348.940082712238     
 Abd=   134080.2    
 Catch=   970.214321280086     
 Abd=   9747.027    
 Catch=   24.3714389898848     
 Abd=            NaN
 Catch=                     NaN
 Abd=   115702.1    
 Catch=   332.071789284580     
 Abd=   33199.55    
 Catch=   2406.52080355205     
 Abd=            NaN
 Catch=                     NaN
 Abd=   2033.493    
 Catch=   70.2601806764908     
 Abd=            NaN
 Catch=                     NaN
 Abd=   39523.64    
 Catch=   315.034154277265     
 Abd=            NaN
 Catch=                     NaN
 Abd=   1671.221    
 Catch=   7.32143555882475     
 Abd=   1409526.    
 Catch=   3518.25968853632     
 Abd=   127697.4    
 Catch=   1512.73817432183     
 Abd=   103616.8    
 Catch=   258.565725995636     
 Abd=            NaN
 Catch=                     NaN
 Abd=   22677.95    
 Catch=   433.031833704289     
 Abd=   18964.55    
 Catch=   1427.55235222026     
 Abd=   682563.3    
 Catch=   1904.92234465116     
 Abd=   146003.8    
 Catch=   2208.31088877392     
 Abd=   21430.94    
 Catch=   505.476600304178     
 Abd=   4386173.    
 Catch=   17510.7671810386     
 Time step =         2083
 Abd=   63374.91    
 Catch=   415.774235403633     
 Abd=   8151.108    
 Catch=   54.9968181827483     
 Abd=   13544.53    
 Catch=   520.900729842040     
 Abd=   5948.376    
 Catch=   14.9429520926067     
 Abd=   45471.66    
 Catch=   564.792687093100     
 Abd=   37.38184    
 Catch=  0.402977155352473     
 Abd=            NaN
 Catch=                     NaN
 Abd=            NaN
 Catch=                     NaN
 Abd=   229622.9    
 Catch=   572.333067228022     
 Abd=   1902.859    
 Catch=   362.620432076395     
 Abd=   132169.8    
 Catch=   924.837306271028     
 Abd=   9765.133    
 Catch=   24.3619172430328     
 Abd=            NaN
 Catch=                     NaN
 Abd=   115742.0    
 Catch=   333.203410660919     
 Abd=   33421.02    
 Catch=   2077.30166699175     
 Abd=            NaN
 Catch=                     NaN
 Abd=   2479.839    
 Catch=   76.1067834745000     
 Abd=            NaN
 Catch=                     NaN
 Abd=   39230.95    
 Catch=   314.712622980375     
 Abd=            NaN
 Catch=                     NaN
 Abd=   1668.795    
 Catch=   7.29149961208191     
 Abd=   1409709.    
 Catch=   3524.20763018091     
 Abd=   127338.7    
 Catch=   1517.45540380890     
 Abd=   103604.9    
 Catch=   259.128805140600     
 Abd=            NaN
 Catch=                     NaN
 Abd=   21936.63    
 Catch=   422.619500958630     
 Abd=   20020.86    
 Catch=   1462.12088391198     
 Abd=   675433.1    
 Catch=   1874.03419411187     
 Abd=   142761.0    
 Catch=   2228.35679434622     
 Abd=   20552.28    
 Catch=   495.268913915510     
 Abd=   4389470.    
 Catch=   17515.4408440757     
 Time step =         2084
 Abd=   63527.58    
 Catch=   416.522407501182     
 Abd=   8471.765    
 Catch=   55.6416714575145     
 Abd=   13580.48    
 Catch=   528.818061918945     
 Abd=   5987.929    
 Catch=   15.1282619602069     
 Abd=   45562.55    
 Catch=   564.361604811917     
 Abd=   38.03118    
 Catch=  0.400461438896088     
 Abd=            NaN
 Catch=                     NaN
 Abd=            NaN
 Catch=                     NaN
 Abd=   229325.6    
 Catch=   572.024653806716     
 Abd=   1977.440    
 Catch=   347.311887626542     
 Abd=   125925.6    
 Catch=   948.468753758897     
 Abd=   9760.863    
 Catch=   24.4230337957244     
 Abd=            NaN
 Catch=                     NaN
 Abd=   116143.4    
 Catch=   334.568422411850     
 Abd=   28819.03    
 Catch=   2091.96365659356     
 Abd=            NaN
 Catch=                     NaN
 Abd=   2679.145    
 Catch=   78.9635661175833     
 Abd=            NaN
 Catch=                     NaN
 Abd=   39195.94    
 Catch=   316.290473051605     
 Abd=            NaN
 Catch=                     NaN
 Abd=   1661.884    
 Catch=   7.29636654696183     
 Abd=   1412137.    
 Catch=   3532.25773800011     
 Abd=   127748.7    
 Catch=   1518.46917057723     
 Abd=   103835.3    
 Catch=   259.924432018873     
 Abd=            NaN
 Catch=                     NaN
 Abd=   21412.88    
 Catch=   425.362258063896     
 Abd=   20497.97    
 Catch=   1390.75741908674     
 Abd=   664413.1    
 Catch=   1862.67170877533     
 Abd=   144134.9    
 Catch=   2252.87104344275     
 Abd=   20145.08    
 Catch=   500.384791289866     
 Abd=   4390601.    
 Catch=   17498.2251156293     
 Time step =         2085
 Abd=   63641.04    
 Catch=   418.080439483785     
 Abd=   8566.516    
 Catch=   57.2920639660014     
 Abd=   13788.67    
 Catch=   534.661129906895     
 Abd=   6062.985    
 Catch=   15.3001044196382     
 Abd=   45525.66    
 Catch=   566.931122727686     
 Abd=   37.77770    
 Catch=  0.404696261339440     
 Abd=            NaN
 Catch=                     NaN
 Abd=            NaN
 Catch=                     NaN
 Abd=   229205.4    
 Catch=   571.408516110090     
 Abd=   1893.897    
 Catch=   360.673877604154     
 Abd=   129314.5    
 Catch=   975.024054564020     
 Abd=   9785.946    
 Catch=   24.5012488257839     
 Abd=            NaN
 Catch=                     NaN
 Abd=   116620.6    
 Catch=   335.345963304099     
 Abd=   29053.12    
 Catch=   2047.35215369334     
 Abd=            NaN
 Catch=                     NaN
 Abd=   2778.252    
 Catch=   79.2720123236291     
 Abd=            NaN
 Catch=                     NaN
 Abd=   39396.70    
 Catch=   317.732337992046     
 Abd=            NaN
 Catch=                     NaN
 Abd=   1663.152    
 Catch=   7.31099719908134     
 Abd=   1415380.    
 Catch=   3537.77186430190     
 Abd=   127827.9    
 Catch=   1521.48940888159     
 Abd=   104155.9    
 Catch=   260.214111709413     
 Abd=            NaN
 Catch=                     NaN
 Abd=   21562.51    
 Catch=   428.567267878736     
 Abd=   19488.99    
 Catch=   1427.36215587298     
 Abd=   660525.3    
 Catch=   1864.36781052136     
 Abd=   145725.3    
 Catch=   2294.02722144356     
 Abd=   20361.53    
 Catch=   506.905965671436     
 Abd=   4386174.    
 Catch=   17482.3853954822     
 Time step =         2086
 Abd=   63880.64    
 Catch=   417.607210694371     
 Abd=   8823.682    
 Catch=   58.8947019168154     
 Abd=   13940.23    
 Catch=   527.799477920888     
 Abd=   6131.596    
 Catch=   15.3897409515071     
 Abd=   45737.23    
 Catch=   571.072273487242     
 Abd=   38.18872    
 Catch=  0.401100088753495     
 Abd=            NaN
 Catch=                     NaN
 Abd=            NaN
 Catch=                     NaN
 Abd=   228956.8    
 Catch=   570.892750839338     
 Abd=   1966.827    
 Catch=   387.097326937184     
 Abd=   132926.6    
 Catch=   980.568175744707     
 Abd=   9817.414    
 Catch=   24.3552208820162     
 Abd=            NaN
 Catch=                     NaN
 Abd=   116887.4    
 Catch=   335.635964387308     
 Abd=   28433.65    
 Catch=   1868.34584699604     
 Abd=            NaN
 Catch=                     NaN
 Abd=   2787.339    
 Catch=   77.9348694580546     
 Abd=            NaN
 Catch=                     NaN
 Abd=   39575.81    
 Catch=   315.530109518575     
 Abd=            NaN
 Catch=                     NaN
 Abd=   1666.529    
 Catch=   7.29649652720105     
 Abd=   1417567.    
 Catch=   3567.52196096586     
 Abd=   128086.0    
 Catch=   1498.93750753609     
 Abd=   104267.8    
 Catch=   260.976360246796     
 Abd=            NaN
 Catch=                     NaN
 Abd=   21724.94    
 Catch=   428.162050491180     
 Abd=   20012.98    
 Catch=   1484.02782041555     
 Abd=   661219.2    
 Catch=   1856.28148082627     
 Abd=   148406.3    
 Catch=   2279.49062823057     
 Abd=   20627.36    
 Catch=   506.474476254258     
 Abd=   4382213.    
 Catch=   17478.5803259008     
 Time step =         2087
 Abd=   63803.81    
 Catch=   418.990491805489     
 Abd=   9070.240    
 Catch=   58.3890312924563     
 Abd=   13756.71    
 Catch=   525.974907346692     
 Abd=   6167.748    
 Catch=   15.5114963736444     
 Abd=   46073.29    
 Catch=   573.460435968007     
 Abd=   37.83562    
 Catch=  0.403106522686061     
 Abd=            NaN
 Catch=                     NaN
 Abd=            NaN
 Catch=                     NaN
 Abd=   228750.1    
 Catch=   570.456914293509     
 Abd=   2110.985    
 Catch=   328.134963343513     
 Abd=   133620.8    
 Catch=   992.435856352164     
 Abd=   9757.055    
 Catch=   24.1601611927739     
 Abd=            NaN
 Catch=                     NaN
 Abd=   116985.5    
 Catch=   335.615188210613     
 Abd=   25932.03    
 Catch=   1947.36240970983     
 Abd=            NaN
 Catch=                     NaN
 Abd=   2740.491    
 Catch=   78.4505008573379     
 Abd=            NaN
 Catch=                     NaN
 Abd=   39293.14    
 Catch=   314.815238920387     
 Abd=            NaN
 Catch=                     NaN
 Abd=   1663.088    
 Catch=   7.29529442433282     
 Abd=   1429693.    
 Catch=   3547.08166715109     
 Abd=   126148.6    
 Catch=   1499.54720382036     
 Abd=   104577.3    
 Catch=   260.694978962992     
 Abd=            NaN
 Catch=                     NaN
 Abd=   21701.63    
 Catch=   437.885712501207     
 Abd=   20812.65    
 Catch=   1384.48649857417     
 Abd=   658283.4    
 Catch=   1853.99917115819     
 Abd=   147409.7    
 Catch=   2255.50352374567     
 Abd=   20605.43    
 Catch=   521.894067249516     
 Abd=   4381322.    
 Catch=   17446.4365907142     
 Time step =         2088
 Abd=   64020.55    
 Catch=   418.992817858138     
 Abd=   8986.044    
 Catch=   56.4459531039511     
 Abd=   13710.61    
 Catch=   529.977982831869     
 Abd=   6216.922    
 Catch=   15.5572705423089     
 Abd=   46263.33    
 Catch=   564.034838359156     
 Abd=   38.03484    
 Catch=  0.404549227924358     
 Abd=            NaN
 Catch=                     NaN
 Abd=            NaN
 Catch=                     NaN
 Abd=   228576.2    
 Catch=   569.602149978261     
 Abd=   1789.306    
 Catch=   340.521564486698     
 Abd=   135245.3    
 Catch=   996.660184420110     
 Abd=   9678.539    
 Catch=   23.9260218343902     
 Abd=            NaN
 Catch=                     NaN
 Abd=   116976.4    
 Catch=   335.437288337064     
 Abd=   27065.57    
 Catch=   2470.74138175454     
 Abd=            NaN
 Catch=                     NaN
 Abd=   2759.697    
 Catch=   76.8887901154650     
 Abd=            NaN
 Catch=                     NaN
 Abd=   39207.87    
 Catch=   314.114711334383     
 Abd=            NaN
 Catch=                     NaN
 Abd=   1662.882    
 Catch=   7.30948266576307     
 Abd=   1421086.    
 Catch=   3520.74882368911     
 Abd=   126236.9    
 Catch=   1517.17222340931     
 Abd=   104457.0    
 Catch=   260.251927457532     
 Abd=            NaN
 Catch=                     NaN
 Abd=   22204.00    
 Catch=   435.626306211472     
 Abd=   19408.70    
 Catch=   1321.04591794284     
 Abd=   657480.9    
 Catch=   1865.13773899794     
 Abd=   145842.1    
 Catch=   2251.11347011236     
 Abd=   21243.82    
 Catch=   518.069751210756     
 Abd=   4373118.    
 Catch=   17432.9682044304     
 Time step =         2089
 Abd=   64016.75    
 Catch=   419.026943960185     
 Abd=   8682.818    
 Catch=   56.4451867032096     
 Abd=   13817.48    
 Catch=   517.242546172760     
 Abd=   6234.485    
 Catch=   15.5721198784055     
 Abd=   45487.84    
 Catch=   566.110435865572     
 Abd=   38.17019    
 Catch=  0.403868111018710     
 Abd=            NaN
 Catch=                     NaN
 Abd=            NaN
 Catch=                     NaN
 Abd=   228231.1    
 Catch=   569.964966271757     
 Abd=   1856.940    
 Catch=   351.439058102710     
 Abd=   135800.2    
 Catch=   1028.65769075283     
 Abd=   9584.418    
 Catch=   23.6910071651371     
 Abd=            NaN
 Catch=                     NaN
 Abd=   116913.0    
 Catch=   333.773396898996     
 Abd=   34457.83    
 Catch=   2086.66329467674     
 Abd=            NaN
 Catch=                     NaN
 Abd=   2703.962    
 Catch=   73.8587701523290     
 Abd=            NaN
 Catch=                     NaN
 Abd=   39121.00    
 Catch=   312.720793393601     
 Abd=            NaN
 Catch=                     NaN
 Abd=   1666.187    
 Catch=   7.29842404767429     
 Abd=   1410493.    
 Catch=   3534.62555598335     
 Abd=   127746.0    
 Catch=   1517.74799072891     
 Abd=   104278.3    
 Catch=   259.813580274560     
 Abd=            NaN
 Catch=                     NaN
 Abd=   22079.06    
 Catch=   425.593904801159     
 Abd=   18513.23    
 Catch=   1338.63471241306     
 Abd=   661544.0    
 Catch=   1870.16042118290     
 Abd=   145576.9    
 Catch=   2263.90738850595     
 Abd=   21075.57    
 Catch=   501.905911224175     
 Abd=   4369840.    
 Catch=   17424.5158022934     
 Time step =         2090
 Abd=   64021.21    
 Catch=   417.834481176715     
 Abd=   8688.907    
 Catch=   55.5637062746538     
 Abd=   13478.84    
 Catch=   533.919174148147     
 Abd=   6239.263    
 Catch=   15.5787678657171     
 Abd=   45670.48    
 Catch=   567.576790274850     
 Abd=   38.10173    
 Catch=  0.409158681350431     
 Abd=            NaN
 Catch=                     NaN
 Abd=            NaN
 Catch=                     NaN
 Abd=   228385.3    
 Catch=   569.926870649066     
 Abd=   1916.535    
 Catch=   311.604490337204     
 Abd=   140275.0    
 Catch=   1033.08814964843     
 Abd=   9490.256    
 Catch=   23.6033112768091     
 Abd=            NaN
 Catch=                     NaN
 Abd=   116322.8    
 Catch=   332.703301034314     
 Abd=   28968.29    
 Catch=   1879.31758705079     
 Abd=            NaN
 Catch=                     NaN
 Abd=   2595.907    
 Catch=   70.6731088613255     
 Abd=            NaN
 Catch=                     NaN
 Abd=   38945.25    
 Catch=   314.654398779052     
 Abd=            NaN
 Catch=                     NaN
 Abd=   1663.546    
 Catch=   7.29176143527955     
 Abd=   1416385.    
 Catch=   3541.20001094738     
 Abd=   127767.2    
 Catch=   1502.88367977702     
 Abd=   104102.6    
 Catch=   259.295489272896     
 Abd=            NaN
 Catch=                     NaN
 Abd=   21563.30    
 Catch=   445.777303909127     
 Abd=   18776.53    
 Catch=   1203.73161340287     
 Abd=   663312.9    
 Catch=   1864.69110922724     
 Abd=   146434.5    
 Catch=   2268.33277853113     
 Abd=   20410.04    
 Catch=   534.349769204496     
 Abd=   4367742.    
 Catch=   17446.6153417639     
 Time step =         2091
 Abd=   63835.29    
 Catch=   416.448037807382     
 Abd=   8549.741    
 Catch=   53.1917622853975     
 Abd=   13922.99    
 Catch=   526.658917603715     
 Abd=   6241.878    
 Catch=   15.5665674137693     
 Abd=   45787.73    
 Catch=   564.290810887230     
 Abd=   38.61156    
 Catch=  0.403568320017975     
 Abd=            NaN
 Catch=                     NaN
 Abd=            NaN
 Catch=                     NaN
 Abd=   228366.8    
 Catch=   569.309570291224     
 Abd=   1699.146    
 Catch=   300.399130549179     
 Abd=   140774.3    
 Catch=   1046.11798243716     
 Abd=   9456.320    
 Catch=   23.5157239006842     
 Abd=            NaN
 Catch=                     NaN
 Abd=   115954.6    
 Catch=   330.062395607347     
 Abd=   26119.22    
 Catch=   2096.24018517650     
 Abd=            NaN
 Catch=                     NaN
 Abd=   2483.994    
 Catch=   55.8341261232750     
 Abd=            NaN
 Catch=                     NaN
 Abd=   39194.40    
 Catch=   310.110696629041     
 Abd=            NaN
 Catch=                     NaN
 Abd=   1662.050    
 Catch=   7.29622441063731     
 Abd=   1418950.    
 Catch=   3504.78645987328     
 Abd=   126491.3    
 Catch=   1513.72903900785     
 Abd=   103893.6    
 Catch=   257.582091804239     
 Abd=            NaN
 Catch=                     NaN
 Abd=   22614.38    
 Catch=   440.173516693294     
 Abd=   16864.86    
 Catch=   1089.31483031807     
 Abd=   661288.9    
 Catch=   1867.73199782721     
 Abd=   146701.9    
 Catch=   2260.53663459863     
 Abd=   21764.30    
 Catch=   530.973285554926     
 Abd=   4373437.    
 Catch=   17424.6573060761     
 Time step =         2092
 Abd=   63623.20    
 Catch=   415.164095268881     
 Abd=   8180.771    
 Catch=   52.6384787148482     
 Abd=   13725.51    
 Catch=   506.154351717549     
 Abd=   6236.839    
 Catch=   15.5130088053127     
 Abd=   45516.00    
 Catch=   569.214929138350     
 Abd=   38.06487    
 Catch=  0.415734503101157     
 Abd=            NaN
 Catch=                     NaN
 Abd=            NaN
 Catch=                     NaN
 Abd=   228116.0    
 Catch=   569.499142161058     
 Abd=   1638.165    
 Catch=   338.691083681833     
 Abd=   142561.4    
 Catch=   1034.36496533032     
 Abd=   9421.203    
 Catch=   23.4405508231047     
 Abd=            NaN
 Catch=                     NaN
 Abd=   115023.1    
 Catch=   329.328622639836     
 Abd=   29166.82    
 Catch=   2482.45047139564     
 Abd=            NaN
 Catch=                     NaN
 Abd=   1957.805    
 Catch=   55.6932308267027     
 Abd=            NaN
 Catch=                     NaN
 Abd=   38614.13    
 Catch=   307.183166914990     
 Abd=            NaN
 Catch=                     NaN
 Abd=   1663.121    
 Catch=   7.27377783286627     
 Abd=   1404012.    
 Catch=   3484.01939037767     
 Abd=   127445.1    
 Catch=   1522.45434390324     
 Abd=   103198.4    
 Catch=   256.888796772261     
 Abd=            NaN
 Catch=                     NaN
 Abd=   22310.78    
 Catch=   428.016924314778     
 Abd=   15263.15    
 Catch=   1256.63230045009     
 Abd=   662362.8    
 Catch=   1855.91325481966     
 Abd=   146187.0    
 Catch=   2325.86330158229     
 Abd=   21605.85    
 Catch=   507.461530135978     
 Abd=   4367706.    
 Catch=   17423.0715850315     
 Time step =         2093
 Abd=   63427.44    
 Catch=   413.560487779692     
 Abd=   8100.792    
 Catch=   49.9161527043496     
 Abd=   13187.75    
 Catch=   518.100773476259     
 Abd=   6215.056    
 Catch=   15.4300788375771     
 Abd=   45924.82    
 Catch=   569.945265742539     
 Abd=   39.24507    
 Catch=  0.413346009643071     
 Abd=            NaN
 Catch=                     NaN
 Abd=            NaN
 Catch=                     NaN
 Abd=   228195.9    
 Catch=   569.367275153972     
 Abd=   1847.031    
 Catch=   346.358232799715     
 Abd=   140833.9    
 Catch=   1042.95011135749     
 Abd=   9391.188    
 Catch=   23.3974377802768     
 Abd=            NaN
 Catch=                     NaN
 Abd=   114780.4    
 Catch=   329.611152640994     
 Abd=   34593.09    
 Catch=   2101.13569296692     
 Abd=            NaN
 Catch=                     NaN
 Abd=   1960.360    
 Catch=   53.4511020753892     
 Abd=            NaN
 Catch=                     NaN
 Abd=   38252.55    
 Catch=   308.879335301619     
 Abd=            NaN
 Catch=                     NaN
 Abd=   1657.875    
 Catch=   7.25519217918298     
 Abd=   1395824.    
 Catch=   3491.28650440470     
 Abd=   128177.1    
 Catch=   1505.95994598553     
 Abd=   102928.8    
 Catch=   256.999489060339     
 Abd=            NaN
 Catch=                     NaN
 Abd=   21685.71    
 Catch=   431.098779450927     
 Abd=   17632.58    
 Catch=   1351.63606219700     
 Abd=   658046.8    
 Catch=   1847.39262709120     
 Abd=   150501.7    
 Catch=   2263.24453563602     
 Abd=   20633.74    
 Catch=   515.080174780454     
 Abd=   4367420.    
 Catch=   17455.3161944074     
 Time step =         2094
 Abd=   63181.59    
 Catch=   412.268342500757     
 Abd=   7675.546    
 Catch=   50.1465384970350     
 Abd=   13508.71    
 Catch=   529.614523378111     
 Abd=   6181.603    
 Catch=   15.3432744863940     
 Abd=   45977.53    
 Catch=   569.757908261959     
 Abd=   38.99256    
 Catch=  0.423959181241079     
 Abd=            NaN
 Catch=                     NaN
 Abd=            NaN
 Catch=                     NaN
 Abd=   228140.2    
 Catch=   568.849323222505     
 Abd=   1888.778    
 Catch=   376.331370435464     
 Abd=   142134.2    
 Catch=   1047.12504307164     
 Abd=   9374.175    
 Catch=   23.3612567987421     
 Abd=            NaN
 Catch=                     NaN
 Abd=   114885.7    
 Catch=   330.730884191539     
 Abd=   29164.74    
 Catch=   2046.10171250318     
 Abd=            NaN
 Catch=                     NaN
 Abd=   1880.655    
 Catch=   64.6116593549899     
 Abd=            NaN
 Catch=                     NaN
 Abd=   38474.80    
 Catch=   310.740142251833     
 Abd=            NaN
 Catch=                     NaN
 Abd=   1653.661    
 Catch=   7.26002239191650     
 Abd=   1398962.    
 Catch=   3516.30086022357     
 Abd=   126749.9    
 Catch=   1496.85186762974     
 Abd=   102979.5    
 Catch=   257.771308334182     
 Abd=            NaN
 Catch=                     NaN
 Abd=   21854.18    
 Catch=   434.699336806465     
 Abd=   18956.73    
 Catch=   1462.07903575821     
 Abd=   655113.6    
 Catch=   1847.93937416710     
 Abd=   146299.4    
 Catch=   2243.62082554183     
 Abd=   20962.19    
 Catch=   520.391372702309     
 Abd=   4375672.    
 Catch=   17538.5713147141     
 Time step =         2095
 Abd=   62985.10    
 Catch=   411.843430742072     
 Abd=   7719.752    
 Catch=   49.2484325674594     
 Abd=   13808.02    
 Catch=   550.058041540827     
 Abd=   6146.805    
 Catch=   15.2906414049352     
 Abd=   45961.33    
 Catch=   571.554607536957     
 Abd=   40.01802    
 Catch=  0.426866776306435     
 Abd=            NaN
 Catch=                     NaN
 Abd=            NaN
 Catch=                     NaN
 Abd=   227930.7    
 Catch=   569.098203879062     
 Abd=   2052.256    
 Catch=   348.668671443450     
 Abd=   142686.5    
 Catch=   1060.22867019947     
 Abd=   9359.730    
 Catch=   23.4642920818832     
 Abd=            NaN
 Catch=                     NaN
 Abd=   115281.7    
 Catch=   331.155809764914     
 Abd=   28484.44    
 Catch=   2145.88174018380     
 Abd=            NaN
 Catch=                     NaN
 Abd=   2279.705    
 Catch=   67.9566861307212     
 Abd=            NaN
 Catch=                     NaN
 Abd=   38706.73    
 Catch=   313.432767179181     
 Abd=            NaN
 Catch=                     NaN
 Abd=   1654.869    
 Catch=   7.27386287366975     
 Abd=   1409126.    
 Catch=   3521.53633345705     
 Abd=   125993.9    
 Catch=   1504.89373087986     
 Abd=   103293.0    
 Catch=   257.940431401158     
 Abd=            NaN
 Catch=                     NaN
 Abd=   22036.09    
 Catch=   454.458258846359     
 Abd=   20504.21    
 Catch=   1361.21214179041     
 Abd=   655382.2    
 Catch=   1860.87089067717     
 Abd=   145077.3    
 Catch=   2256.43728835459     
 Abd=   21176.06    
 Catch=   546.829860821911     
 Abd=   4396800.    
 Catch=   17607.2486983834     
 Time step =         2096
 Abd=   62922.90    
 Catch=   414.471648796719     
 Abd=   7577.858    
 Catch=   50.1357425887875     
 Abd=   14343.84    
 Catch=   548.130475624597     
 Abd=   6125.980    
 Catch=   15.2405004599369     
 Abd=   46108.91    
 Catch=   576.788902891964     
 Abd=   40.27753    
 Catch=  0.425642807146298     
 Abd=            NaN
 Catch=                     NaN
 Abd=            NaN
 Catch=                     NaN
 Abd=   228037.6    
 Catch=   569.075655951607     
 Abd=   1901.274    
 Catch=   346.480825374646     
 Abd=   144496.9    
 Catch=   1063.60950743694     
 Abd=   9402.166    
 Catch=   23.5346395619383     
 Abd=            NaN
 Catch=                     NaN
 Abd=   115424.7    
 Catch=   332.668785622271     
 Abd=   29822.53    
 Catch=   2473.83185154179     
 Abd=            NaN
 Catch=                     NaN
 Abd=   2392.921    
 Catch=   65.8898955889984     
 Abd=            NaN
 Catch=                     NaN
 Abd=   39043.98    
 Catch=   314.294984625060     
 Abd=            NaN
 Catch=                     NaN
 Abd=   1658.064    
 Catch=   7.28569532094826     
 Abd=   1411058.    
 Catch=   3515.45647558469     
 Abd=   126697.6    
 Catch=   1500.26981751012     
 Abd=   103355.8    
 Catch=   258.442394660766     
 Abd=            NaN
 Catch=                     NaN
 Abd=   23050.91    
 Catch=   452.106609621215     
 Abd=   19071.89    
 Catch=   1443.83546529849     
 Abd=   660050.2    
 Catch=   1869.98068436208     
 Abd=   145944.8    
 Catch=   2282.14298304726     
 Abd=   22263.06    
 Catch=   540.122259149113     
 Abd=   4413936.    
 Catch=   17656.8989713793     
 Time step =         2097
 Abd=   63333.31    
 Catch=   416.307980105073     
 Abd=   7720.223    
 Catch=   51.8160055475903     
 Abd=   14285.45    
 Catch=   555.855699224789     
 Abd=   6105.907    
 Catch=   15.2239827819468     
 Abd=   46534.86    
 Catch=   577.207360936394     
 Abd=   40.15503    
 Catch=  0.418415127366513     
 Abd=            NaN
 Catch=                     NaN
 Abd=            NaN
 Catch=                     NaN
 Abd=   228026.0    
 Catch=   569.518711930085     
 Abd=   1889.396    
 Catch=   351.632074242881     
 Abd=   144930.9    
 Catch=   1055.29202683120     
 Abd=   9430.056    
 Catch=   23.6567775178720     
 Abd=            NaN
 Catch=                     NaN
 Abd=   115960.0    
 Catch=   333.354957971576     
 Abd=   34446.73    
 Catch=   2378.55373898004     
 Abd=            NaN
 Catch=                     NaN
 Abd=   2317.408    
 Catch=   68.0081006015050     
 Abd=            NaN
 Catch=                     NaN
 Abd=   39146.65    
 Catch=   317.571866106921     
 Abd=            NaN
 Catch=                     NaN
 Abd=   1660.751    
 Catch=   7.28871969633792     
 Abd=   1408532.    
 Catch=   3515.37719665079     
 Abd=   126288.1    
 Catch=   1489.23249686400     
 Abd=   103559.8    
 Catch=   258.474879749860     
 Abd=            NaN
 Catch=                     NaN
 Abd=   22912.68    
 Catch=   458.759579218851     
 Abd=   20248.09    
 Catch=   1376.30125603663     
 Abd=   663258.5    
 Catch=   1877.31077802414     
 Abd=   147619.8    
 Catch=   2283.06651132330     
 Abd=   21968.51    
 Catch=   545.422761327389     
 Abd=   4426286.    
 Catch=   17705.9725999565     
 Time step =         2098
 Abd=   63612.22    
 Catch=   419.680397720405     
 Abd=   7981.040    
 Catch=   53.3601395643866     
 Abd=   14490.07    
 Catch=   549.531556021100     
 Abd=   6099.560    
 Catch=   15.1344775743447     
 Abd=   46562.87    
 Catch=   576.291363522133     
 Abd=   39.46322    
 Catch=  0.412287456682463     
 Abd=            NaN
 Catch=                     NaN
 Abd=            NaN
 Catch=                     NaN
 Abd=   228207.2    
 Catch=   570.025917192122     
 Abd=   1917.505    
 Catch=   348.389484477526     
 Abd=   143768.6    
 Catch=   1039.38021732440     
 Abd=   9479.430    
 Catch=   23.7124158095002     
 Abd=            NaN
 Catch=                     NaN
 Abd=   116192.9    
 Catch=   334.301723050551     
 Abd=   33023.19    
 Catch=   2409.83826092529     
 Abd=            NaN
 Catch=                     NaN
 Abd=   2392.505    
 Catch=   75.4752180014876     
 Abd=            NaN
 Catch=                     NaN
 Abd=   39560.52    
 Catch=   319.367425092039     
 Abd=            NaN
 Catch=                     NaN
 Abd=   1661.398    
 Catch=   7.29568277447535     
 Abd=   1408550.    
 Catch=   3524.06007297951     
 Abd=   125349.6    
 Catch=   1469.86323745374     
 Abd=   103568.8    
 Catch=   258.961560924563     
 Abd=            NaN
 Catch=                     NaN
 Abd=   23257.80    
 Catch=   453.239208949114     
 Abd=   19286.89    
 Catch=   1387.26682546846     
 Abd=   665839.9    
 Catch=   1877.66042234412     
 Abd=   147648.8    
 Catch=   2289.31349222654     
 Abd=   22192.98    
 Catch=   537.227921937737     
 Abd=   4438585.    
 Catch=   17727.9971682785     
 Time step =         2099
 Abd=   64132.18    
 Catch=   422.361071666414     
 Abd=   8218.197    
 Catch=   52.8661661253646     
 Abd=   14320.95    
 Catch=   558.043591346124     
 Abd=   6064.003    
 Catch=   15.0286131039399     
 Abd=   46487.16    
 Catch=   575.143946633849     
 Abd=   38.88699    
 Catch=  0.414370258761930     
 Abd=            NaN
 Catch=                     NaN
 Abd=            NaN
 Catch=                     NaN
 Abd=   228411.0    
 Catch=   570.882377319801     
 Abd=   1899.797    
 Catch=   374.770695285078     
 Abd=   141581.4    
 Catch=   1029.13737764332     
 Abd=   9501.158    
 Catch=   23.8384491479125     
 Abd=            NaN
 Catch=                     NaN
 Abd=   116524.8    
 Catch=   335.128933963273     
 Abd=   33474.05    
 Catch=   2522.74077899475     
 Abd=            NaN
 Catch=                     NaN
 Abd=   2659.653    
 Catch=   83.2291618561065     
 Abd=            NaN
 Catch=                     NaN
 Abd=   39780.39    
 Catch=   323.720752977976     
 Abd=            NaN
 Catch=                     NaN
 Abd=   1663.007    
 Catch=   7.33471775227377     
 Abd=   1412101.    
 Catch=   3543.27337264831     
 Abd=   123706.5    
 Catch=   1466.82235837595     
 Abd=   103767.6    
 Catch=   259.582679840474     
 Abd=            NaN
 Catch=                     NaN
 Abd=   22968.10    
 Catch=   464.696163470589     
 Abd=   19447.70    
 Catch=   1431.89989943650     
 Abd=   665909.4    
 Catch=   1873.35850965493     
 Abd=   148060.5    
 Catch=   2249.75379234008     
 Abd=   21851.86    
 Catch=   551.310680971194     
 Abd=   4443966.    
 Catch=   17712.9655253733     
 Time step =         2100
 Abd=   64539.15    
 Catch=   423.265980114818     
 Abd=   8135.827    
 Catch=   51.6160750246484     
 Abd=   14548.35    
 Catch=   572.455488451829     
 Abd=   6020.490    
 Catch=   14.8738587080757     
 Abd=   46393.58    
 Catch=   576.602132216210     
 Abd=   39.09763    
 Catch=  0.425146751954200     
 Abd=            NaN
 Catch=                     NaN
 Abd=            NaN
 Catch=                     NaN
 Abd=   228757.9    
 Catch=   570.577313743434     
 Abd=   2043.759    
 Catch=   357.545157704593     
 Abd=   140200.8    
 Catch=   1011.09008784701     
 Abd=   9552.255    
 Catch=   24.0621003164312     
 Abd=            NaN
 Catch=                     NaN
 Abd=   116812.4    
 Catch=   335.822764205178     
 Abd=   35047.45    
 Catch=   2207.57013520530     
 Abd=            NaN
 Catch=                     NaN
 Abd=   2933.156    
 Catch=   81.4143451890333     
 Abd=            NaN
 Catch=                     NaN
 Abd=   40328.92    
 Catch=   327.482020437184     
 Abd=            NaN
 Catch=                     NaN
 Abd=   1672.051    
 Catch=   7.34054388752738     
 Abd=   1419888.    
 Catch=   3554.76397515587     
 Abd=   123475.0    
 Catch=   1458.71214070372     
 Abd=   104017.6    
 Catch=   260.104586164469     
 Abd=            NaN
 Catch=                     NaN
 Abd=   23564.17    
 Catch=   475.752931851385     
 Abd=   20079.40    
 Catch=   1440.28146786191     
 Abd=   664350.9    
 Catch=   1871.31279408196     
 Abd=   145448.6    
 Catch=   2252.90306005472     
 Abd=   22440.72    
 Catch=   565.358315226636     
 Abd=   4440011.    
 Catch=   17690.2677077449     
 Time step =         2101
 Abd=   64672.35    
 Catch=   424.838429883239     
 Abd=   7941.592    
 Catch=   51.1361893592628     
 Abd=   14926.19    
 Catch=   587.004804948864     
 Abd=   5958.126    
 Catch=   14.6524309573630     
 Abd=   46515.81    
 Catch=   574.155188340895     
 Abd=   40.13033    
 Catch=  0.420984363991468     
 Abd=            NaN
 Catch=                     NaN
 Abd=            NaN
 Catch=                     NaN
 Abd=   228625.6    
 Catch=   570.722945490612     
 Abd=   1949.702    
 Catch=   347.724303733644     
 Abd=   137722.6    
 Catch=   997.685460567068     
 Abd=   9642.671    
 Catch=   24.2541793512989     
 Abd=            NaN
 Catch=                     NaN
 Abd=   117053.0    
 Catch=   336.983633735877     
 Abd=   30643.64    
 Catch=   2304.15954090076     
 Abd=            NaN
 Catch=                     NaN
 Abd=   2861.804    
 Catch=   83.2488995437236     
 Abd=            NaN
 Catch=                     NaN
 Abd=   40795.59    
 Catch=   330.312021699398     
 Abd=            NaN
 Catch=                     NaN
 Abd=   1673.223    
 Catch=   7.36613699425296     
 Abd=   1424424.    
 Catch=   3559.30516830681     
 Abd=   122785.0    
 Catch=   1463.53972290111     
 Abd=   104225.8    
 Catch=   260.571340342405     
 Abd=            NaN
 Catch=                     NaN
 Abd=   24123.94    
 Catch=   483.580483927332     
 Abd=   20189.75    
 Catch=   1418.06201070500     
 Abd=   663640.9    
 Catch=   1869.43947579321     
 Abd=   145704.2    
 Catch=   2286.12620096832     
 Abd=   23011.87    
 Catch=   577.891888959871     
 Abd=   4434290.    
 Catch=   17581.5239831560     
 Time step =         2102
 Abd=   64914.48    
 Catch=   424.944004558250     
 Abd=   7869.663    
 Catch=   52.5753988959660     
 Abd=   15306.86    
 Catch=   570.182029445062     
 Abd=   5868.846    
 Catch=   14.4904072422575     
 Abd=   46312.71    
 Catch=   570.909778654174     
 Abd=   39.71034    
 Catch=  0.425108695917305     
 Abd=            NaN
 Catch=                     NaN
 Abd=            NaN
 Catch=                     NaN
 Abd=   228687.0    
 Catch=   569.212344554172     
 Abd=   1896.157    
 Catch=   322.060941498623     
 Abd=   135909.3    
 Catch=   982.611379261199     
 Abd=   9719.348    
 Catch=   24.3799237287191     
 Abd=            NaN
 Catch=                     NaN
 Abd=   117461.0    
 Catch=   337.017289955362     
 Abd=   32027.16    
 Catch=   2411.81291764095     
 Abd=            NaN
 Catch=                     NaN
 Abd=   2928.508    
 Catch=   81.7241645348499     
 Abd=            NaN
 Catch=                     NaN
 Abd=   41146.16    
 Catch=   331.285835056419     
 Abd=            NaN
 Catch=                     NaN
 Abd=   1679.152    
 Catch=   7.38509018346487     
 Abd=   1426186.    
 Catch=   3540.56560485545     
 Abd=   123210.9    
 Catch=   1452.58970253557     
 Abd=   104412.4    
 Catch=   260.352073334553     
 Abd=            NaN
 Catch=                     NaN
 Abd=   24518.28    
 Catch=   481.607920619758     
 Abd=   19874.45    
 Catch=   1360.56927605305     
 Abd=   662978.2    
 Catch=   1868.96842110571     
 Abd=   147885.8    
 Catch=   2294.68916330706     
 Abd=   23520.39    
 Catch=   571.016778447174     
 Abd=   4406606.    
 Catch=   17511.0497326579     
 Time step =         2103
 Abd=   64924.62    
 Catch=   425.294426828594     
 Abd=   8097.049    
 Catch=   53.3248898302357     
 Abd=   14859.38    
 Catch=   555.259787044799     
 Abd=   5804.487    
 Catch=   14.3845213668033     
 Abd=   46050.01    
 Catch=   577.312584542160     
 Abd=   40.11476    
 Catch=  0.427120599138561     
 Abd=            NaN
 Catch=                     NaN
 Abd=            NaN
 Catch=                     NaN
 Abd=   228070.5    
 Catch=   568.706542714176     
 Abd=   1756.195    
 Catch=   346.303193553953     
 Abd=   133851.7    
 Catch=   971.749695136197     
 Abd=   9769.178    
 Catch=   24.4078442359796     
 Abd=            NaN
 Catch=                     NaN
 Abd=   117465.0    
 Catch=   337.039080089426     
 Abd=   33530.71    
 Catch=   2348.90075832151     
 Abd=            NaN
 Catch=                     NaN
 Abd=   2872.618    
 Catch=   78.4702792122814     
 Abd=            NaN
 Catch=                     NaN
 Abd=   41262.45    
 Catch=   329.696713167501     
 Abd=            NaN
 Catch=                     NaN
 Abd=   1683.439    
 Catch=   7.38392269631961     
 Abd=   1418492.    
 Catch=   3547.45192912740     
 Abd=   122265.3    
 Catch=   1460.78954445003     
 Abd=   104319.1    
 Catch=   260.509573432797     
 Abd=            NaN
 Catch=                     NaN
 Abd=   24408.01    
 Catch=   470.769626193373     
 Abd=   19068.34    
 Catch=   1369.82216879332     
 Abd=   662821.9    
 Catch=   1872.05395828951     
 Abd=   148411.8    
 Catch=   2304.90272490367     
 Abd=   23225.58    
 Catch=   548.641967910967     
 Abd=   4389135.    
 Catch=   17416.6061790175     
 Time step =         2104
 Abd=   64979.90    
 Catch=   421.428120482084     
 Abd=   8210.144    
 Catch=   53.3944448867658     
 Abd=   14471.41    
 Catch=   558.504785484098     
 Abd=   5762.453    
 Catch=   14.2628187535426     
 Abd=   46579.67    
 Catch=   573.951379917714     
 Abd=   40.30018    
 Catch=  0.435112419878133     
 Abd=            NaN
 Catch=                     NaN
 Abd=            NaN
 Catch=                     NaN
 Abd=   227873.7    
 Catch=   567.757808503618     
 Abd=   1888.513    
 Catch=   326.378808806005     
 Abd=   132391.6    
 Catch=   966.637023573693     
 Abd=   9779.562    
 Catch=   24.3491195171692     
 Abd=            NaN
 Catch=                     NaN
 Abd=   117472.3    
 Catch=   336.519441089734     
 Abd=   32651.00    
 Catch=   2081.04558848108     
 Abd=            NaN
 Catch=                     NaN
 Abd=   2758.909    
 Catch=   72.5034104479983     
 Abd=            NaN
 Catch=                     NaN
 Abd=   41058.50    
 Catch=   326.062540994945     
 Abd=            NaN
 Catch=                     NaN
 Abd=   1683.079    
 Catch=   7.33514067983873     
 Abd=   1421463.    
 Catch=   3558.36955898446     
 Abd=   122985.6    
 Catch=   1478.22385616003     
 Abd=   104385.2    
 Catch=   260.693680129240     
 Abd=            NaN
 Catch=                     NaN
 Abd=   23852.42    
 Catch=   480.136193522186     
 Abd=   19203.52    
 Catch=   1279.32384150747     
 Abd=   663936.8    
 Catch=   1870.67450093555     
 Abd=   149076.6    
 Catch=   2315.99231535890     
 Abd=   22307.87    
 Catch=   569.719783826120     
 Abd=   4365334.    
 Catch=   17270.0293948503     
 Time step =         2105
 Abd=   64376.62    
 Catch=   421.131718570931     
 Abd=   8218.911    
 Catch=   51.6300749952229     
 Abd=   14562.46    
 Catch=   565.983292344074     
 Abd=   5713.600    
 Catch=   13.9592604986986     
 Abd=   46296.43    
 Catch=   562.970399426221     
 Abd=   41.06514    
 Catch=  0.437035085457585     
 Abd=            NaN
 Catch=                     NaN
 Abd=            NaN
 Catch=                     NaN
 Abd=   227491.3    
 Catch=   567.196800212527     
 Abd=   1779.750    
 Catch=   330.970257166889     
 Abd=   131669.5    
 Catch=   980.240083651984     
 Abd=   9755.334    
 Catch=   24.0918361755499     
 Abd=            NaN
 Catch=                     NaN
 Abd=   117287.5    
 Catch=   335.357369107225     
 Abd=   28911.17    
 Catch=   2062.30710870591     
 Abd=            NaN
 Catch=                     NaN
 Abd=   2548.020    
 Catch=   69.4461318542279     
 Abd=            NaN
 Catch=                     NaN
 Abd=   40602.12    
 Catch=   327.457467730783     
 Abd=            NaN
 Catch=                     NaN
 Abd=   1671.743    
 Catch=   7.35080874530997     
 Abd=   1425867.    
 Catch=   3525.98368060677     
 Abd=   124466.5    
 Catch=   1481.33452956644     
 Abd=   104459.2    
 Catch=   259.917916953811     
 Abd=            NaN
 Catch=                     NaN
 Abd=   24344.07    
 Catch=   472.361361784463     
 Abd=   17926.47    
 Catch=   1309.32195411878     
 Abd=   663401.2    
 Catch=   1875.23389244590     
 Abd=   149792.9    
 Catch=   2328.99975650935     
 Abd=   23193.38    
 Catch=   556.901414533872     
 Abd=   4328336.    
 Catch=   17176.2254179857     
 Time step =         2106
 Abd=   64342.32    
 Catch=   422.444475935719     
 Abd=   7942.671    
 Catch=   48.3612271339497     
 Abd=   14758.39    
 Catch=   564.350363632155     
 Abd=   5590.527    
 Catch=   13.7542965999630     
 Abd=   45399.44    
 Catch=   568.673640375232     
 Abd=   41.23516    
 Catch=  0.426849005073051     
 Abd=            NaN
 Catch=                     NaN
 Abd=            NaN
 Catch=                     NaN
 Abd=   227269.0    
 Catch=   567.303973462924     
 Abd=   1804.999    
 Catch=   346.219546385167     
 Abd=   133608.4    
 Catch=   976.749450473224     
 Abd=   9650.644    
 Catch=   23.8006353727483     
 Abd=            NaN
 Catch=                     NaN
 Abd=   116878.7    
 Catch=   334.996028156591     
 Abd=   28665.00    
 Catch=   2372.82148373353     
 Abd=            NaN
 Catch=                     NaN
 Abd=   2442.897    
 Catch=   56.1921268295620     
 Abd=            NaN
 Catch=                     NaN
 Abd=   40787.08    
 Catch=   327.954468948891     
 Abd=            NaN
 Catch=                     NaN
 Abd=   1675.618    
 Catch=   7.35399864868089     
 Abd=   1412540.    
 Catch=   3524.39266957423     
 Abd=   124705.8    
 Catch=   1495.10166615657     
 Abd=   104140.9    
 Catch=   259.810717286315     
 Abd=            NaN
 Catch=                     NaN
 Abd=   23936.37    
 Catch=   460.350792255137     
 Abd=   18373.66    
 Catch=   1347.12824427459     
 Abd=   665075.4    
 Catch=   1873.95251289291     
 Abd=   150632.4    
 Catch=   2335.61929138519     
 Abd=   22651.30    
 Catch=   537.232305356245     
 Abd=   4305109.    
 Catch=   17112.5740840449     
 Time step =         2107
 Abd=   64548.09    
 Catch=   424.230216682742     
 Abd=   7434.794    
 Catch=   49.2837113920145     
 Abd=   14712.52    
 Catch=   556.226371764328     
 Abd=   5509.221    
 Catch=   13.6873697579656     
 Abd=   45881.67    
 Catch=   575.094395473616     
 Abd=   40.25377    
 Catch=  0.431494421920625     
 Abd=            NaN
 Catch=                     NaN
 Abd=            NaN
 Catch=                     NaN
 Abd=   227316.4    
 Catch=   567.510771999247     
 Abd=   1888.065    
 Catch=   353.548810456427     
 Abd=   133080.7    
 Catch=   971.558776047099     
 Abd=   9533.729    
 Catch=   23.5886073627206     
 Abd=            NaN
 Catch=                     NaN
 Abd=   116757.8    
 Catch=   334.981101951661     
 Abd=   33066.16    
 Catch=   1927.31892461135     
 Abd=            NaN
 Catch=                     NaN
 Abd=   1974.939    
 Catch=   61.5263722650686     
 Abd=            NaN
 Catch=                     NaN
 Abd=   40846.58    
 Catch=   327.042298509888     
 Abd=            NaN
 Catch=                     NaN
 Abd=   1676.278    
 Catch=   7.33863401384893     
 Abd=   1412156.    
 Catch=   3537.38178455872     
 Abd=   125881.1    
 Catch=   1499.72187119937     
 Abd=   104103.1    
 Catch=   260.005095497354     
 Abd=            NaN
 Catch=                     NaN
 Abd=   23323.43    
 Catch=   454.062290822833     
 Abd=   18890.95    
 Catch=   1386.02081373223     
 Abd=   664593.0    
 Catch=   1871.62311375288     
 Abd=   151055.4    
 Catch=   2346.49406927396     
 Abd=   21845.29    
 Catch=   529.406995061785     
 Abd=   4289281.    
 Catch=   17089.7771031439     
 Time step =         2108
 Abd=   64822.30    
 Catch=   422.979775278926     
 Abd=   7589.310    
 Catch=   48.1610296711768     
 Abd=   14498.55    
 Catch=   551.373781825531     
 Abd=   5483.602    
 Catch=   13.6036315551466     
 Abd=   46400.63    
 Catch=   571.018866929567     
 Abd=   40.71806    
 Catch=  0.426724553367553     
 Abd=            NaN
 Catch=                     NaN
 Abd=            NaN
 Catch=                     NaN
 Abd=   227401.1    
 Catch=   567.294600812883     
 Abd=   1927.970    
 Catch=   338.009018484017     
 Abd=   132368.9    
 Catch=   978.732041431642     
 Abd=   9449.425    
 Catch=   23.3475008094612     
 Abd=            NaN
 Catch=                     NaN
 Abd=   116755.0    
 Catch=   333.502529290614     
 Abd=   26741.08    
 Catch=   1774.27458489798     
 Abd=            NaN
 Catch=                     NaN
 Abd=   2167.570    
 Catch=   70.0193424539232     
 Abd=            NaN
 Catch=                     NaN
 Abd=   40729.45    
 Catch=   323.577610306937     
 Abd=            NaN
 Catch=                     NaN
 Abd=   1672.693    
 Catch=   7.32080889432067     
 Abd=   1417475.    
 Catch=   3555.95182585228     
 Abd=   126255.6    
 Catch=   1497.93103406041     
 Abd=   104183.4    
 Catch=   259.670269380487     
 Abd=            NaN
 Catch=                     NaN
 Abd=   23009.40    
 Catch=   455.703106269047     
 Abd=   19432.86    
 Catch=   1284.48172631223     
 Abd=   663752.3    
 Catch=   1866.85856336229     
 Abd=   151763.6    
 Catch=   2335.04886361615     
 Abd=   21534.67    
 Catch=   535.159530752016     
 Abd=   4283769.    
 Catch=   17082.3140143154     
 Time step =         2109
 Abd=   64620.87    
 Catch=   419.712296298955     
 Abd=   7409.806    
 Catch=   47.2596070330902     
 Abd=   14373.44    
 Catch=   551.869726915926     
 Abd=   5450.878    
 Catch=   13.4771563897988     
 Abd=   46057.17    
 Catch=   565.257439813811     
 Abd=   40.25105    
 Catch=  0.420613790388150     
 Abd=            NaN
 Catch=                     NaN
 Abd=            NaN
 Catch=                     NaN
 Abd=   227311.9    
 Catch=   566.518135584793     
 Abd=   1843.192    
 Catch=   348.895202887485     
 Abd=   133379.0    
 Catch=   980.184904236474     
 Abd=   9352.573    
 Catch=   23.1634646414406     
 Abd=            NaN
 Catch=                     NaN
 Abd=   116229.6    
 Catch=   333.799776216342     
 Abd=   24628.97    
 Catch=   2050.44069918054     
 Abd=            NaN
 Catch=                     NaN
 Abd=   2467.413    
 Catch=   66.8551335103997     
 Abd=            NaN
 Catch=                     NaN
 Abd=   40292.60    
 Catch=   321.466035733860     
 Abd=            NaN
 Catch=                     NaN
 Abd=   1668.620    
 Catch=   7.30209560808840     
 Abd=   1424961.    
 Catch=   3549.57724646596     
 Abd=   126095.7    
 Catch=   1489.85942586661     
 Abd=   104045.1    
 Catch=   259.704559103533     
 Abd=            NaN
 Catch=                     NaN
 Abd=   23098.37    
 Catch=   460.280923488832     
 Abd=   17998.00    
 Catch=   1337.82516955416     
 Abd=   661978.1    
 Catch=   1870.36980069412     
 Abd=   150996.3    
 Catch=   2378.54613469813     
 Abd=   21776.33    
 Catch=   544.135492927862     
 Abd=   4281970.    
 Catch=   17092.6398209093     
 Time step =         2110
 Abd=   64116.03    
 Catch=   420.354121395077     
 Abd=   7271.834    
 Catch=   47.6254741473930     
 Abd=   14387.69    
 Catch=   519.274061219027     
 Abd=   5398.754    
 Catch=   13.2359571245676     
 Abd=   45590.71    
 Catch=   563.905097962400     
 Abd=   39.67237    
 Catch=  0.430765218780171     
 Abd=            NaN
 Catch=                     NaN
 Abd=            NaN
 Catch=                     NaN
 Abd=   226994.8    
 Catch=   567.115878172039     
 Abd=   1902.737    
 Catch=   321.925465558225     
 Abd=   133571.6    
 Catch=   953.278431639975     
 Abd=   9279.305    
 Catch=   23.1103933994239     
 Abd=            NaN
 Catch=                     NaN
 Abd=   116345.7    
 Catch=   333.112317330341     
 Abd=   28519.86    
 Catch=   2377.49789054767     
 Abd=            NaN
 Catch=                     NaN
 Abd=   2349.979    
 Catch=   62.8247687294453     
 Abd=            NaN
 Catch=                     NaN
 Abd=   40032.81    
 Catch=   314.267803700914     
 Abd=            NaN
 Catch=                     NaN
 Abd=   1664.349    
 Catch=   7.31237331542569     
 Abd=   1422200.    
 Catch=   3533.85564942341     
 Abd=   125407.0    
 Catch=   1469.41941135486     
 Abd=   104061.8    
 Catch=   259.215166530431     
 Abd=            NaN
 Catch=                     NaN
 Abd=   23332.25    
 Catch=   444.593293983554     
 Abd=   18768.21    
 Catch=   1342.09730992211     
 Abd=   663347.0    
 Catch=   1856.42162809570     
 Abd=   153882.5    
 Catch=   2381.29066457626     
 Abd=   22142.46    
 Catch=   515.309397771345     
 Abd=   4284648.    
 Catch=   17092.4404563452     
 Time step =         2111
 Abd=   64225.97    
 Catch=   421.266666825968     
 Abd=   7331.930    
 Catch=   46.3363652469391     
 Abd=   13528.86    
 Catch=   520.559008589800     
 Abd=   5301.251    
 Catch=   13.0576625999468     
 Abd=   45487.00    
 Catch=   565.675638061929     
 Abd=   40.65929    
 Catch=  0.432684878402838     
 Abd=            NaN
 Catch=                     NaN
 Abd=            NaN
 Catch=                     NaN
 Abd=   227246.1    
 Catch=   566.939983461534     
 Abd=   1755.443    
 Catch=   350.691814641291     
 Abd=   129824.2    
 Catch=   939.608075688193     
 Abd=   9259.103    
 Catch=   22.9723538748959     
 Abd=            NaN
 Catch=                     NaN
 Abd=   116098.9    
 Catch=   333.061650440160     
 Abd=   33126.27    
 Catch=   2149.46119387548     
 Abd=            NaN
 Catch=                     NaN
 Abd=   2209.174    
 Catch=   74.4167385996432     
 Abd=            NaN
 Catch=                     NaN
 Abd=   39124.84    
 Catch=   311.272988422777     
 Abd=            NaN
 Catch=                     NaN
 Abd=   1666.828    
 Catch=   7.28578056646900     
 Abd=   1415826.    
 Catch=   3520.58914203000     
 Abd=   123668.6    
 Catch=   1455.11219011432     
 Abd=   103861.3    
 Catch=   258.954932254664     
 Abd=            NaN
 Catch=                     NaN
 Abd=   22521.95    
 Catch=   441.605046996300     
 Abd=   18813.26    
 Catch=   1423.20688982475     
 Abd=   658283.0    
 Catch=   1845.94748448753     
 Abd=   154003.7    
 Catch=   2349.54135114270     
 Abd=   20948.65    
 Catch=   514.443237063653     
 Abd=   4284546.    
 Catch=   17118.1653718561     
 Time step =         2112
 Abd=   64367.12    
 Catch=   421.356865562415     
 Abd=   7128.483    
 Catch=   47.6356540145549     
 Abd=   13572.76    
 Catch=   534.273421484501     
 Abd=   5230.236    
 Catch=   12.9597206200241     
 Abd=   45633.75    
 Catch=   569.161301437549     
 Abd=   40.82474    
 Catch=  0.426765580088537     
 Abd=            NaN
 Catch=                     NaN
 Abd=            NaN
 Catch=                     NaN
 Abd=   227168.3    
 Catch=   566.861440670434     
 Abd=   1912.441    
 Catch=   354.669771660918     
 Abd=   127995.5    
 Catch=   932.392681719827     
 Abd=   9203.076    
 Catch=   23.0052331826375     
 Abd=            NaN
 Catch=                     NaN
 Abd=   116086.2    
 Catch=   333.811096977117     
 Abd=   29844.15    
 Catch=   2036.44336640118     
 Abd=            NaN
 Catch=                     NaN
 Abd=   2624.903    
 Catch=   74.2562296106430     
 Abd=            NaN
 Catch=                     NaN
 Abd=   38761.52    
 Catch=   310.414985697602     
 Abd=            NaN
 Catch=                     NaN
 Abd=   1660.598    
 Catch=   7.29285240732453     
 Abd=   1410534.    
 Catch=   3530.11845686837     
 Abd=   122472.0    
 Catch=   1442.92466454341     
 Abd=   103759.2    
 Catch=   259.238803250731     
 Abd=            NaN
 Catch=                     NaN
 Abd=   22381.00    
 Catch=   451.026827933026     
 Abd=   19958.29    
 Catch=   1396.17976520386     
 Abd=   654589.5    
 Catch=   1834.06599401860     
 Abd=   151912.8    
 Catch=   2274.59111213582     
 Abd=   20929.89    
 Catch=   530.475482191256     
 Abd=   4291134.    
 Catch=   17152.5104206062     
 Time step =         2113
 Abd=   64378.23    
 Catch=   422.058839021774     
 Abd=   7336.671    
 Catch=   48.1279284467082     
 Abd=   13934.28    
 Catch=   562.971076810350     
 Abd=   5191.648    
 Catch=   12.9268486509374     
 Abd=   45918.35    
 Catch=   569.077650068551     
 Abd=   40.25291    
 Catch=  0.420842887795437     
 Abd=            NaN
 Catch=                     NaN
 Abd=            NaN
 Catch=                     NaN
 Abd=   227137.7    
 Catch=   567.561196368380     
 Abd=   1934.076    
 Catch=   375.020171959986     
 Abd=   127027.7    
 Catch=   914.842556477800     
 Abd=   9217.672    
 Catch=   23.0527906578870     
 Abd=            NaN
 Catch=                     NaN
 Abd=   116352.5    
 Catch=   334.349021373145     
 Abd=   28279.78    
 Catch=   2095.92062673399     
 Abd=            NaN
 Catch=                     NaN
 Abd=   2610.906    
 Catch=   80.7160474390097     
 Abd=            NaN
 Catch=                     NaN
 Abd=   38659.82    
 Catch=   315.438882516949     
 Abd=            NaN
 Catch=                     NaN
 Abd=   1662.360    
 Catch=   7.30419247791697     
 Abd=   1414538.    
 Catch=   3555.86753503472     
 Abd=   121450.1    
 Catch=   1424.33193065284     
 Abd=   103877.1    
 Catch=   259.822991374188     
 Abd=            NaN
 Catch=                     NaN
 Abd=   22868.34    
 Catch=   461.222792128780     
 Abd=   19570.64    
 Catch=   1447.08207039371     
 Abd=   650362.8    
 Catch=   1821.63926206802     
 Abd=   147019.8    
 Catch=   2231.84494195710     
 Abd=   21592.40    
 Catch=   545.957355440955     
 Abd=   4299778.    
 Catch=   17155.5951861696     
 Time step =         2114
 Abd=   64487.55    
 Catch=   421.098733873261     
 Abd=   7409.395    
 Catch=   50.2578020735060     
 Abd=   14687.95    
 Catch=   575.414608797644     
 Abd=   5179.912    
 Catch=   12.8595872875796     
 Abd=   45906.19    
 Catch=   572.636016395699     
 Abd=   39.69484    
 Catch=  0.412331894906648     
 Abd=            NaN
 Catch=                     NaN
 Abd=            NaN
 Catch=                     NaN
 Abd=   227419.6    
 Catch=   568.152237950703     
 Abd=   2045.080    
 Catch=   346.922015971462     
 Abd=   124611.1    
 Catch=   913.720797734519     
 Abd=   9236.818    
 Catch=   23.0806345018279     
 Abd=            NaN
 Catch=                     NaN
 Abd=   116538.6    
 Catch=   334.858697360507     
 Abd=   29111.29    
 Catch=   2052.52309987584     
 Abd=            NaN
 Catch=                     NaN
 Abd=   2841.533    
 Catch=   71.2745652356443     
 Abd=            NaN
 Catch=                     NaN
 Abd=   39299.68    
 Catch=   321.545537400928     
 Abd=            NaN
 Catch=                     NaN
 Abd=   1664.963    
 Catch=   7.30409409554279     
 Abd=   1424988.    
 Catch=   3568.58857850096     
 Abd=   119875.2    
 Catch=   1427.68515505165     
 Abd=   104113.7    
 Catch=   260.099900470010     
 Abd=            NaN
 Catch=                     NaN
 Abd=   23387.65    
 Catch=   475.754015877451     
 Abd=   20291.56    
 Catch=   1368.34358445827     
 Abd=   645952.8    
 Catch=   1818.46229034646     
 Abd=   144289.5    
 Catch=   2228.35711195084     
 Abd=   22224.42    
 Catch=   571.169385372742     
 Abd=   4300388.    
 Catch=   17193.0379752224     
 Time step =         2115
 Abd=   64335.84    
 Catch=   422.970072227024     
 Abd=   7742.602    
 Catch=   50.0104566887221     
 Abd=   15005.22    
 Catch=   575.758115943768     
 Abd=   5151.891    
 Catch=   12.7391019941054     
 Abd=   46198.69    
 Catch=   571.911158616275     
 Abd=   38.88744    
 Catch=  0.419876690336330     
 Abd=            NaN
 Catch=                     NaN
 Abd=            NaN
 Catch=                     NaN
 Abd=   227660.8    
 Catch=   568.213325572479     
 Abd=   1891.745    
 Catch=   321.234792508164     
 Abd=   124501.0    
 Catch=   907.314554446221     
 Abd=   9247.810    
 Catch=   23.2213217546614     
 Abd=            NaN
 Catch=                     NaN
 Abd=   116715.8    
 Catch=   334.599837492651     
 Abd=   28516.60    
 Catch=   2393.92164461915     
 Abd=            NaN
 Catch=                     NaN
 Abd=   2502.875    
 Catch=   70.1017052275404     
 Abd=            NaN
 Catch=                     NaN
 Abd=   40062.08    
 Catch=   325.640987299493     
 Abd=            NaN
 Catch=                     NaN
 Abd=   1664.892    
 Catch=   7.31658866227658     
 Abd=   1429972.    
 Catch=   3545.75979461385     
 Abd=   120191.4    
 Catch=   1431.66447939495     
 Abd=   104222.0    
 Catch=   259.832703604313     
 Abd=            NaN
 Catch=                     NaN
 Abd=   24125.07    
 Catch=   483.205312104742     
 Abd=   19174.71    
 Catch=   1346.50906055002     
 Abd=   644892.6    
 Catch=   1812.79353920350     
 Abd=   144109.2    
 Catch=   2264.77241498002     
 Abd=   23252.14    
 Catch=   577.132119000151     
 Abd=   4309954.    
 Catch=   17207.8539593927     
 Time step =         2116
 Abd=   64630.23    
 Catch=   421.121546144198     
 Abd=   7696.993    
 Catch=   49.2234703523300     
 Abd=   15009.83    
 Catch=   541.439858183706     
 Abd=   5103.172    
 Catch=   12.5909804702189     
 Abd=   46133.97    
 Catch=   571.931548285378     
 Abd=   39.62723    
 Catch=  0.427711109693264     
 Abd=            NaN
 Catch=                     NaN
 Abd=            NaN
 Catch=                     NaN
 Abd=   227680.2    
 Catch=   567.246966539038     
 Abd=   1751.705    
 Catch=   348.555592357188     
 Abd=   123613.9    
 Catch=   913.525517230089     
 Abd=   9305.121    
 Catch=   23.3664574520179     
 Abd=            NaN
 Catch=                     NaN
 Abd=   116620.6    
 Catch=   335.012478335817     
 Abd=   33338.48    
 Catch=   2305.94247075061     
 Abd=            NaN
 Catch=                     NaN
 Abd=   2467.036    
 Catch=   66.7091539973990     
 Abd=            NaN
 Catch=                     NaN
 Abd=   40566.99    
 Catch=   321.381968407172     
 Abd=            NaN
 Catch=                     NaN
 Abd=   1667.800    
 Catch=   7.29101962392019     
 Abd=   1420537.    
 Catch=   3550.65918857715     
 Abd=   120526.6    
 Catch=   1440.26484712486     
 Abd=   104110.7    
 Catch=   260.219426153314     
 Abd=            NaN
 Catch=                     NaN
 Abd=   24495.83    
 Catch=   464.355235414014     
 Abd=   18879.06    
 Catch=   1405.91052814926     
 Abd=   642863.2    
 Catch=   1814.00605964445     
 Abd=   146509.2    
 Catch=   2309.33111587408     
 Abd=   23481.56    
 Catch=   548.124874477355     
 Abd=   4313546.    
 Catch=   17236.9154455228     
 Time step =         2117
 Abd=   64335.41    
 Catch=   421.682879884871     
 Abd=   7574.380    
 Catch=   48.8336064534112     
 Abd=   14105.34    
 Catch=   558.257257636055     
 Abd=   5043.611    
 Catch=   12.4591388669193     
 Abd=   46136.56    
 Catch=   572.492014114453     
 Abd=   40.36625    
 Catch=  0.424584312954441     
 Abd=            NaN
 Catch=                     NaN
 Abd=            NaN
 Catch=                     NaN
 Abd=   227285.8    
 Catch=   566.721866830204     
 Abd=   1900.813    
 Catch=   341.529212978809     
 Abd=   124493.6    
 Catch=   911.396801105111     
 Abd=   9363.289    
 Catch=   23.4339421380036     
 Abd=            NaN
 Catch=                     NaN
 Abd=   116768.8    
 Catch=   334.686228021784     
 Abd=   32022.00    
 Catch=   1916.42688083082     
 Abd=            NaN
 Catch=                     NaN
 Abd=   2346.356    
 Catch=   72.0248317773470     
 Abd=            NaN
 Catch=                     NaN
 Abd=   40016.89    
 Catch=   325.416551977277     
 Abd=            NaN
 Catch=                     NaN
 Abd=   1661.791    
 Catch=   7.29925060626790     
 Abd=   1422732.    
 Catch=   3556.38553723265     
 Abd=   121258.2    
 Catch=   1455.25412300482     
 Abd=   104270.8    
 Catch=   260.195913976678     
 Abd=            NaN
 Catch=                     NaN
 Abd=   23521.30    
 Catch=   470.375960561652     
 Abd=   19717.76    
 Catch=   1412.53309560045     
 Abd=   643343.6    
 Catch=   1808.04431188732     
 Abd=   149398.7    
 Catch=   2300.55244123310     
 Abd=   22281.92    
 Catch=   559.971805029137     
 Abd=   4320908.    
 Catch=   17233.4564928953     
 Time step =         2118
 Abd=   64429.57    
 Catch=   422.862404969903     
 Abd=   7515.557    
 Catch=   48.4853892917729     
 Abd=   14559.76    
 Catch=   562.386955112979     
 Abd=   4990.912    
 Catch=   12.3872123247028     
 Abd=   46182.30    
 Catch=   567.717768342849     
 Abd=   40.05167    
 Catch=  0.426574584496735     
 Abd=            NaN
 Catch=                     NaN
 Abd=            NaN
 Catch=                     NaN
 Abd=   227078.9    
 Catch=   566.299389257460     
 Abd=   1862.380    
 Catch=   325.828930200070     
 Abd=   124180.9    
 Catch=   906.966443230742     
 Abd=   9389.680    
 Catch=   23.4863110259544     
 Abd=            NaN
 Catch=                     NaN
 Abd=   116649.8    
 Catch=   334.812179284348     
 Abd=   26586.45    
 Catch=   2267.52725111004     
 Abd=            NaN
 Catch=                     NaN
 Abd=   2537.662    
 Catch=   72.8478554719607     
 Abd=            NaN
 Catch=                     NaN
 Abd=   40539.29    
 Catch=   327.735276383169     
 Abd=            NaN
 Catch=                     NaN
 Abd=   1663.827    
 Catch=   7.32604839718758     
 Abd=   1425028.    
 Catch=   3562.88972753924     
 Abd=   122529.7    
 Catch=   1465.47446692996     
 Abd=   104257.9    
 Catch=   260.512157246772     
 Abd=            NaN
 Catch=                     NaN
 Abd=   23845.21    
 Catch=   475.166125125094     
 Abd=   19802.76    
 Catch=   1334.93846659314     
 Abd=   641176.1    
 Catch=   1805.95068798780     
 Abd=   148769.1    
 Catch=   2340.33329710005     
 Abd=   22788.29    
 Catch=   560.216542846116     
 Abd=   4319876.    
 Catch=   17214.6625666717     
 Time step =         2119
 Abd=   64610.71    
 Catch=   422.434237885510     
 Abd=   7462.055    
 Catch=   47.6556899857811     
 Abd=   14663.43    
 Catch=   543.078877443765     
 Abd=   4963.332    
 Catch=   12.2586211579623     
 Abd=   45790.29    
 Catch=   567.613513320203     
 Abd=   40.24881    
 Catch=  0.435638258669783     
 Abd=            NaN
 Catch=                     NaN
 Abd=            NaN
 Catch=                     NaN
 Abd=   226909.5    
 Catch=   565.983875741920     
 Abd=   1776.752    
 Catch=   353.209868431744     
 Abd=   123572.5    
 Catch=   908.397078531286     
 Abd=   9410.549    
 Catch=   23.5350679791527     
 Abd=            NaN
 Catch=                     NaN
 Abd=   116697.0    
 Catch=   335.036812965501     
 Abd=   31573.02    
 Catch=   2322.22903288215     
 Abd=            NaN
 Catch=                     NaN
 Abd=   2562.782    
 Catch=   69.7694179674377     
 Abd=            NaN
 Catch=                     NaN
 Abd=   40823.42    
 Catch=   326.066763418870     
 Abd=            NaN
 Catch=                     NaN
 Abd=   1670.018    
 Catch=   7.31647112835468     
 Abd=   1427642.    
 Catch=   3567.16104034912     
 Abd=   123382.3    
 Catch=   1475.60163177716     
 Abd=   104387.5    
 Catch=   260.632777709425     
 Abd=            NaN
 Catch=                     NaN
 Abd=   24088.03    
 Catch=   452.027032414212     
 Abd=   18708.24    
 Catch=   1431.09221181106     
 Abd=   640463.6    
 Catch=   1793.60321278028     
 Abd=   151406.3    
 Catch=   2342.39169967290     
 Abd=   22793.09    
 Catch=   525.099304693629     
 Abd=   4315094.    
 Catch=   17257.0347590753     
 Time step =         2120
 Abd=   64541.13    
 Catch=   420.740141231462     
 Abd=   7332.924    
 Catch=   47.9123442272520     
 Abd=   14153.07    
 Catch=   552.867197010739     
 Abd=   4910.648    
 Catch=   12.1842169125908     
 Abd=   45787.77    
 Catch=   567.966225338013     
 Abd=   41.11679    
 Catch=  0.446983686721379     
 Abd=            NaN
 Catch=                     NaN
 Abd=            NaN
 Catch=                     NaN
 Abd=   226783.8    
 Catch=   565.932812827403     
 Abd=   1926.162    
 Catch=   361.986184254413     
 Abd=   123789.5    
 Catch=   903.849277100826     
 Abd=   9430.057    
 Catch=   23.5639749973570     
 Abd=            NaN
 Catch=                     NaN
 Abd=   116776.0    
 Catch=   335.048875586702     
 Abd=   32276.82    
 Catch=   2149.72475243995     
 Abd=            NaN
 Catch=                     NaN
 Abd=   2452.527    
 Catch=   75.4254096048671     
 Abd=            NaN
 Catch=                     NaN
 Abd=   40606.23    
 Catch=   327.834973918083     
 Abd=            NaN
 Catch=                     NaN
 Abd=   1667.666    
 Catch=   7.30561639880264     
 Abd=   1429332.    
 Catch=   3584.87409876523     
 Abd=   124235.6    
 Catch=   1464.76921097922     
 Abd=   104434.1    
 Catch=   260.925544675789     
 Abd=            NaN
 Catch=                     NaN
 Abd=   22892.68    
 Catch=   457.689608292817     
 Abd=   20071.68    
 Catch=   1438.57873722588     
 Abd=   635896.3    
 Catch=   1788.26234888245     
 Abd=   151489.1    
 Catch=   2306.64716324260     
 Abd=   21342.91    
 Catch=   535.955179319878     
 Abd=   4326020.    
 Catch=   17264.4821189773     
 Time step =         2121
 Abd=   64277.66    
 Catch=   421.002444712192     
 Abd=   7375.809    
 Catch=   48.9139831986606     
 Abd=   14417.28    
 Catch=   556.721205904294     
 Abd=   4881.175    
 Catch=   12.1106668546395     
 Abd=   45817.28    
 Catch=   567.206205805198     
 Abd=   42.19101    
 Catch=  0.424086368088375     
 Abd=            NaN
 Catch=                     NaN
 Abd=            NaN
 Catch=                     NaN
 Abd=   226765.8    
 Catch=   565.306353317839     
 Abd=   1974.012    
 Catch=   326.571222516033     
 Abd=   123147.6    
 Catch=   899.844602296478     
 Abd=   9441.475    
 Catch=   23.5023928699621     
 Abd=            NaN
 Catch=                     NaN
 Abd=   116778.8    
 Catch=   335.168750281153     
 Abd=   29852.11    
 Catch=   2224.26852454888     
 Abd=            NaN
 Catch=                     NaN
 Abd=   2656.250    
 Catch=   67.9275103001284     
 Abd=            NaN
 Catch=                     NaN
 Abd=   40834.62    
 Catch=   328.089725864161     
 Abd=            NaN
 Catch=                     NaN
 Abd=   1665.186    
 Catch=   7.29902796900054     
 Abd=   1436544.    
 Catch=   3584.91230607001     
 Abd=   123290.4    
 Catch=   1461.00990372126     
 Abd=   104553.0    
 Catch=   260.958257172890     
 Abd=            NaN
 Catch=                     NaN
 Abd=   23203.30    
 Catch=   453.174311371168     
 Abd=   20169.94    
 Catch=   1322.48512724866     
 Abd=   634184.0    
 Catch=   1787.45219358753     
 Abd=   149135.0    
 Catch=   2329.63517109053     
 Abd=   21812.84    
 Catch=   533.263897257889     
 Abd=   4327707.    
 Catch=   17305.0104135192     
 Time step =         2122
 Abd=   64323.92    
 Catch=   418.833866527079     
 Abd=   7532.057    
 Catch=   49.3159030394169     
 Abd=   14515.90    
 Catch=   535.339240434893     
 Abd=   4851.704    
 Catch=   12.0475704624859     
 Abd=   45754.72    
 Catch=   564.956671241321     
 Abd=   39.97214    
 Catch=  0.425206354398975     
 Abd=            NaN
 Catch=                     NaN
 Abd=            NaN
 Catch=                     NaN
 Abd=   226510.7    
 Catch=   564.474505316104     
 Abd=   1780.758    
 Catch=   366.154929470527     
 Abd=   122602.8    
 Catch=   899.585670458964     
 Abd=   9416.057    
 Catch=   23.4553110821929     
 Abd=            NaN
 Catch=                     NaN
 Abd=   116821.1    
 Catch=   335.394922434451     
 Abd=   30931.56    
 Catch=   2248.40873159081     
 Abd=            NaN
 Catch=                     NaN
 Abd=   2385.382    
 Catch=   78.7293775808549     
 Abd=            NaN
 Catch=                     NaN
 Abd=   40863.07    
 Catch=   327.700688531127     
 Abd=            NaN
 Catch=                     NaN
 Abd=   1663.707    
 Catch=   7.27651632275002     
 Abd=   1436408.    
 Catch=   3605.25594042308     
 Abd=   122985.1    
 Catch=   1457.01730417958     
 Abd=   104563.8    
 Catch=   261.410562665894     
 Abd=            NaN
 Catch=                     NaN
 Abd=   22966.72    
 Catch=   437.916497478672     
 Abd=   18530.22    
 Catch=   1482.15386142477     
 Abd=   633914.8    
 Catch=   1781.81927238422     
 Abd=   150692.2    
 Catch=   2279.92139636803     
 Abd=   21695.37    
 Catch=   508.305761714106     
 Abd=   4338036.    
 Catch=   17382.4677610135     
 Time step =         2123
 Abd=   63985.26    
 Catch=   417.788360604700     
 Abd=   7591.944    
 Catch=   48.6830429462138     
 Abd=   13952.97    
 Catch=   542.143078778335     
 Abd=   4827.294    
 Catch=   11.9273607053410     
 Abd=   45570.98    
 Catch=   564.083458256472     
 Abd=   40.11879    
 Catch=  0.428960376834316     
 Abd=            NaN
 Catch=                     NaN
 Abd=            NaN
 Catch=                     NaN
 Abd=   226174.5    
 Catch=   564.225798169881     
 Abd=   1996.809    
 Catch=   300.105557573559     
 Abd=   122577.0    
 Catch=   885.296532918382     
 Abd=   9397.328    
 Catch=   23.3692995211938     
 Abd=            NaN
 Catch=                     NaN
 Abd=   116901.1    
 Catch=   334.440440573343     
 Abd=   31225.89    
 Catch=   2007.72967931395     
 Abd=            NaN
 Catch=                     NaN
 Abd=   2774.875    
 Catch=   66.4464533186965     
 Abd=            NaN
 Catch=                     NaN
 Abd=   40813.06    
 Catch=   325.591944331395     
 Abd=            NaN
 Catch=                     NaN
 Abd=   1658.501    
 Catch=   7.26644487722245     
 Abd=   1444733.    
 Catch=   3594.33720068364     
 Abd=   122648.0    
 Catch=   1452.95711086785     
 Abd=   104748.7    
 Catch=   260.894431832900     
 Abd=            NaN
 Catch=                     NaN
 Abd=   22187.48    
 Catch=   447.704060829568     
 Abd=   20798.29    
 Catch=   1260.82985865642     
 Abd=   631879.0    
 Catch=   1774.87657252784     
 Abd=   147392.1    
 Catch=   2266.35639702443     
 Abd=   20671.61    
 Catch=   528.560466713470     
 Abd=   4357638.    
 Catch=   17382.1214389827     
 Time step =         2124
 Abd=   63828.86    
 Catch=   418.158871327103     
 Abd=   7491.648    
 Catch=   49.3182627877704     
 Abd=   14135.50    
 Catch=   532.824334750879     
 Abd=   4777.644    
 Catch=   11.7040739422876     
 Abd=   45502.45    
 Catch=   562.116320904062     
 Abd=   40.47711    
 Catch=  0.440766444275343     
 Abd=            NaN
 Catch=                     NaN
 Abd=            NaN
 Catch=                     NaN
 Abd=   226080.3    
 Catch=   563.649022905886     
 Abd=   1636.412    
 Catch=   308.412281138738     
 Abd=   120594.3    
 Catch=   888.753821591864     
 Abd=   9362.543    
 Catch=   23.4421183773018     
 Abd=            NaN
 Catch=                     NaN
 Abd=   116560.4    
 Catch=   331.673838140667     
 Abd=   27897.61    
 Catch=   2354.18475503564     
 Abd=            NaN
 Catch=                     NaN
 Abd=   2333.285    
 Catch=   48.2927459345015     
 Abd=            NaN
 Catch=                     NaN
 Abd=   40546.45    
 Catch=   320.801940725524     
 Abd=            NaN
 Catch=                     NaN
 Abd=   1656.263    
 Catch=   7.28441257816574     
 Abd=   1440097.    
 Catch=   3534.39038640540     
 Abd=   122306.5    
 Catch=   1458.35086675066     
 Abd=   104534.0    
 Catch=   259.199189256918     
 Abd=            NaN
 Catch=                     NaN
 Abd=   22701.06    
 Catch=   446.049258218951     
 Abd=   17664.42    
 Catch=   1163.83389201211     
 Abd=   629408.2    
 Catch=   1779.49084383527     
 Abd=   146554.3    
 Catch=   2273.89375520211     
 Abd=   21518.15    
 Catch=   525.587220580620     
 Abd=   4357150.    
 Catch=   17400.8131320707     
 Time step =         2125
 Abd=   63889.74    
 Catch=   416.174008798274     
 Abd=   7593.494    
 Catch=   48.5422996869240     
 Abd=   13886.43    
 Catch=   537.408929492999     
 Abd=   4687.647    
 Catch=   11.5246683986244     
 Abd=   45342.18    
 Catch=   564.903372626347     
 Abd=   41.60583    
 Catch=  0.445601674545425     
 Abd=            NaN
 Catch=                     NaN
 Abd=            NaN
 Catch=                     NaN
 Abd=   225847.5    
 Catch=   562.590258558488     
 Abd=   1681.997    
 Catch=   349.811285486309     
 Abd=   121117.6    
 Catch=   894.958713132617     
 Abd=   9393.039    
 Catch=   23.5143095282828     
 Abd=            NaN
 Catch=                     NaN
 Abd=   115585.0    
 Catch=   331.370858080889     
 Abd=   32767.54    
 Catch=   2943.46383124629     
 Abd=            NaN
 Catch=                     NaN
 Abd=   1695.325    
 Catch=   48.1415086482888     
 Abd=            NaN
 Catch=                     NaN
 Abd=   39943.88    
 Catch=   322.323306393532     
 Abd=            NaN
 Catch=                     NaN
 Abd=   1660.488    
 Catch=   7.29150958473654     
 Abd=   1415699.    
 Catch=   3529.51925014981     
 Abd=   122776.0    
 Catch=   1480.28983312733     
 Abd=   103846.2    
 Catch=   259.140956700497     
 Abd=            NaN
 Catch=                     NaN
 Abd=   22606.78    
 Catch=   444.052300603881     
 Abd=   16320.14    
 Catch=   1291.55377792800     
 Abd=   631116.6    
 Catch=   1776.10356392245     
 Abd=   147064.2    
 Catch=   2278.28451750446     
 Abd=   21381.78    
 Catch=   523.112299280959     
 Abd=   4361938.    
 Catch=   17380.9485008728     
 Time step =         2126
 Abd=   63579.27    
 Catch=   414.864513940274     
 Abd=   7469.504    
 Catch=   48.2955785403276     
 Abd=   14011.09    
 Catch=   540.174550924672     
 Abd=   4616.186    
 Catch=   11.3417665172655     
 Abd=   45573.36    
 Catch=   568.597005677639     
 Abd=   42.04857    
 Catch=  0.456292250047005     
 Abd=            NaN
 Catch=                     NaN
 Abd=            NaN
 Catch=                     NaN
 Abd=   225419.2    
 Catch=   561.816237654626     
 Abd=   1907.786    
 Catch=   333.927364496096     
 Abd=   121969.9    
 Catch=   889.505700251226     
 Abd=   9421.931    
 Catch=   23.5516842915517     
 Abd=            NaN
 Catch=                     NaN
 Abd=   115495.1    
 Catch=   332.066413815043     
 Abd=   41275.58    
 Catch=   2110.94686543215     
 Abd=            NaN
 Catch=                     NaN
 Abd=   1698.705    
 Catch=   49.1691949543028     
 Abd=            NaN
 Catch=                     NaN
 Abd=   40148.05    
 Catch=   324.116289414134     
 Abd=            NaN
 Catch=                     NaN
 Abd=   1662.053    
 Catch=   7.29314074720895     
 Abd=   1414187.    
 Catch=   3513.45263099708     
 Abd=   124648.3    
 Catch=   1484.75846348517     
 Abd=   103835.4    
 Catch=   259.184247744792     
 Abd=            NaN
 Catch=                     NaN
 Abd=   22505.45    
 Catch=   447.974663502488     
 Abd=   18119.90    
 Catch=   1421.31972634182     
 Abd=   629715.6    
 Catch=   1766.19751664181     
 Abd=   147344.4    
 Catch=   2248.12857059587     
 Abd=   21281.13    
 Catch=   533.205736694636     
 Abd=   4356766.    
 Catch=   17407.6960327516     
 Time step =         2127
 Abd=   63381.37    
 Catch=   412.030637948856     
 Abd=   7433.331    
 Catch=   49.2824727095295     
 Abd=   14081.96    
 Catch=   538.227754064439     
 Abd=   4542.868    
 Catch=   11.2046609853175     
 Abd=   45872.73    
 Catch=   564.332972314198     
 Abd=   43.06821    
 Catch=  0.461835999067418     
 Abd=            NaN
 Catch=                     NaN
 Abd=            NaN
 Catch=                     NaN
 Abd=   225111.0    
 Catch=   561.814854860457     
 Abd=   1820.939    
 Catch=   356.721530466327     
 Abd=   121190.5    
 Catch=   887.038968759666     
 Abd=   9436.617    
 Catch=   23.5375269748299     
 Abd=            NaN
 Catch=                     NaN
 Abd=   115744.7    
 Catch=   332.884340986756     
 Abd=   29304.67    
 Catch=   2444.56547186973     
 Abd=            NaN
 Catch=                     NaN
 Abd=   1731.604    
 Catch=   54.5712143685663     
 Abd=            NaN
 Catch=                     NaN
 Abd=   40371.68    
 Catch=   325.531822770548     
 Abd=            NaN
 Catch=                     NaN
 Abd=   1662.400    
 Catch=   7.27915195816058     
 Abd=   1407652.    
 Catch=   3504.02553801946     
 Abd=   124995.2    
 Catch=   1476.53628707162     
 Abd=   103853.5    
 Catch=   259.347876521249     
 Abd=            NaN
 Catch=                     NaN
 Abd=   22709.54    
 Catch=   443.975475506627     
 Abd=   19938.75    
 Catch=   1400.02790385204     
 Abd=   626285.6    
 Catch=   1769.93393090800     
 Abd=   145356.1    
 Catch=   2229.45515117824     
 Abd=   21699.51    
 Catch=   528.462651696462     
 Abd=   4363709.    
 Catch=   17412.9629327038     
 Time step =         2128
 Abd=   62944.27    
 Catch=   409.117935021255     
 Abd=   7588.833    
 Catch=   52.5485284375087     
 Abd=   14029.62    
 Catch=   516.831641393700     
 Abd=   4488.233    
 Catch=   11.0661474195612     
 Abd=   45518.20    
 Catch=   563.427860366552     
 Abd=   43.58148    
 Catch=  0.466233873525249     
 Abd=            NaN
 Catch=                     NaN
 Abd=            NaN
 Catch=                     NaN
 Abd=   225117.1    
 Catch=   561.561601235833     
 Abd=   1945.328    
 Catch=   365.062982526558     
 Abd=   120862.3    
 Catch=   874.382697463048     
 Abd=   9430.523    
 Catch=   23.5991223888815     
 Abd=            NaN
 Catch=                     NaN
 Abd=   116030.1    
 Catch=   334.152333401288     
 Abd=   33995.24    
 Catch=   2363.15817399211     
 Abd=            NaN
 Catch=                     NaN
 Abd=   1922.593    
 Catch=   68.8573180186057     
 Abd=            NaN
 Catch=                     NaN
 Abd=   40546.92    
 Catch=   321.969781480183     
 Abd=            NaN
 Catch=                     NaN
 Abd=   1659.142    
 Catch=   7.24096364645980     
 Abd=   1403928.    
 Catch=   3512.75331120505     
 Abd=   124284.5    
 Catch=   1466.77259369636     
 Abd=   103919.9    
 Catch=   259.942460413180     
 Abd=            NaN
 Catch=                     NaN
 Abd=   22499.51    
 Catch=   430.933622933857     
 Abd=   19622.43    
 Catch=   1448.70487829923     
 Abd=   627740.0    
 Catch=   1770.39386873873     
 Abd=   144160.2    
 Catch=   2251.31425889389     
 Abd=   21496.51    
 Catch=   507.370581408798     
 Abd=   4364915.    
 Catch=   17416.5354727021     
 Time step =         2129
 Abd=   62498.92    
 Catch=   408.268239055266     
 Abd=   8099.053    
 Catch=   52.6667046204181     
 Abd=   13465.29    
 Catch=   517.997795977206     
 Abd=   4432.786    
 Catch=   10.8699185383863     
 Abd=   45449.49    
 Catch=   566.214505353782     
 Abd=   43.99454    
 Catch=  0.471233455506106     
 Abd=            NaN
 Catch=                     NaN
 Abd=            NaN
 Catch=                     NaN
 Abd=   225013.5    
 Catch=   561.435720035355     
 Abd=   1990.762    
 Catch=   370.185728948197     
 Abd=   119111.7    
 Catch=   857.080079446010     
 Abd=   9455.840    
 Catch=   23.5393170090844     
 Abd=            NaN
 Catch=                     NaN
 Abd=   116475.1    
 Catch=   335.207630154749     
 Abd=   32817.50    
 Catch=   2101.82298195685     
 Abd=            NaN
 Catch=                     NaN
 Abd=   2432.642    
 Catch=   79.9716640070013     
 Abd=            NaN
 Catch=                     NaN
 Abd=   40091.55    
 Catch=   320.104183883349     
 Abd=            NaN
 Catch=                     NaN
 Abd=   1650.328    
 Catch=   7.22191678977741     
 Abd=   1407573.    
 Catch=   3529.77112003532     
 Abd=   123461.0    
 Catch=   1446.63854256823     
 Abd=   104161.5    
 Catch=   260.530199816547     
 Abd=            NaN
 Catch=                     NaN
 Abd=   21831.49    
 Catch=   426.712647901032     
 Abd=   20311.57    
 Catch=   1456.21370337413     
 Abd=   627861.5    
 Catch=   1762.08631016980     
 Abd=   145628.8    
 Catch=   2212.47968453302     
 Abd=   20629.35    
 Catch=   497.863647852845     
 Abd=   4365804.    
 Catch=   17328.4137705176     
 Time step =         2130
 Abd=   62375.23    
 Catch=   409.354293581351     
 Abd=   8106.794    
 Catch=   53.7591467245483     
 Abd=   13502.55    
 Catch=   535.560621186430     
 Abd=   4353.705    
 Catch=   10.7578113416909     
 Abd=   45679.12    
 Catch=   568.498447175699     
 Abd=   44.46724    
 Catch=  0.469850185265333     
 Abd=            NaN
 Catch=                     NaN
 Abd=            NaN
 Catch=                     NaN
 Abd=   224963.4    
 Catch=   560.564961045517     
 Abd=   2018.680    
 Catch=   381.408476682265     
 Abd=   116743.1    
 Catch=   852.035719951979     
 Abd=   9430.861    
 Catch=   23.3836693415477     
 Abd=            NaN
 Catch=                     NaN
 Abd=   116841.2    
 Catch=   336.732621663209     
 Abd=   29171.07    
 Catch=   2056.46508050348     
 Abd=            NaN
 Catch=                     NaN
 Abd=   2818.529    
 Catch=   83.3750858328036     
 Abd=            NaN
 Catch=                     NaN
 Abd=   39863.45    
 Catch=   319.362604616131     
 Abd=            NaN
 Catch=                     NaN
 Abd=   1646.074    
 Catch=   7.22886956872324     
 Abd=   1414458.    
 Catch=   3555.56982300730     
 Abd=   121751.3    
 Catch=   1438.03653868243     
 Abd=   104396.9    
 Catch=   261.405020438040     
 Abd=            NaN
 Catch=                     NaN
 Abd=   21624.86    
 Catch=   435.364958082507     
 Abd=   20413.82    
 Catch=   1531.86873562542     
 Abd=   624862.9    
 Catch=   1760.90137235614     
 Abd=   143039.4    
 Catch=   2242.18810130763     
 Abd=   20249.43    
 Catch=   520.286409851331     
 Abd=   4343258.    
 Catch=   17238.9838013012     
 Time step =         2131
 Abd=   62546.99    
 Catch=   410.048111559593     
 Abd=   8278.146    
 Catch=   52.5786926522379     
 Abd=   13965.74    
 Catch=   522.076810051354     
 Abd=   4309.387    
 Catch=   10.6252713153708     
 Abd=   45863.14    
 Catch=   571.925920351798     
 Abd=   44.32538    
 Catch=  0.449598308213144     
 Abd=            NaN
 Catch=                     NaN
 Abd=            NaN
 Catch=                     NaN
 Abd=   224608.6    
 Catch=   560.549384322707     
 Abd=   2079.889    
 Catch=   350.682805037183     
 Abd=   116088.4    
 Catch=   860.146759872022     
 Abd=   9367.734    
 Catch=   23.1981855818859     
 Abd=            NaN
 Catch=                     NaN
 Abd=   117376.1    
 Catch=   336.104694781371     
 Abd=   28575.46    
 Catch=   2040.10433250895     
 Abd=            NaN
 Catch=                     NaN
 Abd=   2934.296    
 Catch=   82.6684904362270     
 Abd=            NaN
 Catch=                     NaN
 Abd=   39774.38    
 Catch=   318.035129146162     
 Abd=            NaN
 Catch=                     NaN
 Abd=   1647.781    
 Catch=   7.22663145664338     
 Abd=   1424867.    
 Catch=   3570.56820030693     
 Abd=   121044.8    
 Catch=   1446.52963862016     
 Abd=   104749.8    
 Catch=   261.506706741042     
 Abd=            NaN
 Catch=                     NaN
 Abd=   22075.88    
 Catch=   437.572868362187     
 Abd=   21481.70    
 Catch=   1384.64414319645     
 Abd=   624464.5    
 Catch=   1764.97887359737     
 Abd=   145041.6    
 Catch=   2226.49545490914     
 Abd=   21184.61    
 Catch=   519.585148509856     
 Abd=   4320840.    
 Catch=   17187.6846803537     
 Time step =         2132
 Abd=   62651.81    
 Catch=   410.260187351733     
 Abd=   8089.890    
 Catch=   51.2229657730308     
 Abd=   13604.62    
 Catch=   537.551255392104     
 Abd=   4256.148    
 Catch=   10.5682141020548     
 Abd=   46141.45    
 Catch=   574.709800376298     
 Abd=   42.38478    
 Catch=  0.443072949372070     
 Abd=            NaN
 Catch=                     NaN
 Abd=            NaN
 Catch=                     NaN
 Abd=   224607.3    
 Catch=   560.018878680265     
 Abd=   1912.243    
 Catch=   334.363713878473     
 Abd=   117227.4    
 Catch=   856.588489472374     
 Abd=   9293.189    
 Catch=   23.0988589250555     
 Abd=            NaN
 Catch=                     NaN
 Abd=   117142.0    
 Catch=   335.587529739245     
 Abd=   28341.12    
 Catch=   2146.28888731128     
 Abd=            NaN
 Catch=                     NaN
 Abd=   2908.108    
 Catch=   67.4072861006574     
 Abd=            NaN
 Catch=                     NaN
 Abd=   39607.42    
 Catch=   318.418269617776     
 Abd=            NaN
 Catch=                     NaN
 Abd=   1647.223    
 Catch=   7.22154917834206     
 Abd=   1430784.    
 Catch=   3581.96979445725     
 Abd=   121785.5    
 Catch=   1467.56493790239     
 Abd=   104784.1    
 Catch=   261.625742535756     
 Abd=            NaN
 Catch=                     NaN
 Abd=   22181.86    
 Catch=   447.209040839862     
 Abd=   19399.59    
 Catch=   1310.48626361841     
 Abd=   625984.6    
 Catch=   1766.85440380687     
 Abd=   143971.7    
 Catch=   2199.11597199107     
 Abd=   21141.34    
 Catch=   537.022517207654     
 Abd=   4308169.    
 Catch=   17135.1672042460     
 Time step =         2133
 Abd=   62683.60    
 Catch=   409.901596475809     
 Abd=   7880.668    
 Catch=   53.1450457546991     
 Abd=   14018.61    
 Catch=   549.859452237150     
 Abd=   4233.897    
 Catch=   10.5127871080784     
 Abd=   46364.67    
 Catch=   572.207448628127     
 Abd=   41.79115    
 Catch=  0.446968833271230     
 Abd=            NaN
 Catch=                     NaN
 Abd=            NaN
 Catch=                     NaN
 Abd=   224388.8    
 Catch=   561.108891059140     
 Abd=   1823.288    
 Catch=   321.017017285865     
 Abd=   116667.3    
 Catch=   877.522222272945     
 Abd=   9254.102    
 Catch=   23.1209685183210     
 Abd=            NaN
 Catch=                     NaN
 Abd=   116962.8    
 Catch=   334.702283465627     
 Abd=   29820.75    
 Catch=   2216.57368715344     
 Abd=            NaN
 Catch=                     NaN
 Abd=   2366.957    
 Catch=   72.0278222376704     
 Abd=            NaN
 Catch=                     NaN
 Abd=   39659.73    
 Catch=   319.151021185606     
 Abd=            NaN
 Catch=                     NaN
 Abd=   1646.055    
 Catch=   7.23163530218864     
 Abd=   1435325.    
 Catch=   3573.48344354810     
 Abd=   123575.2    
 Catch=   1477.10012872384     
 Abd=   104832.1    
 Catch=   261.103354325339     
 Abd=            NaN
 Catch=                     NaN
 Abd=   22679.18    
 Catch=   459.802920505361     
 Abd=   18366.02    
 Catch=   1287.52656191606     
 Abd=   626558.6    
 Catch=   1775.67708742158     
 Abd=   142190.7    
 Catch=   2233.37000196832     
 Abd=   21866.40    
 Catch=   556.547675035372     
 Abd=   4294995.    
 Catch=   17096.0672287189     
 Time step =         2134
 Abd=   62626.00    
 Catch=   410.539852999078     
 Abd=   8186.375    
 Catch=   51.7398684893117     
 Abd=   14337.04    
 Catch=   536.344317120145     
 Abd=   4211.699    
 Catch=   10.4148409444609     
 Abd=   46155.48    
 Catch=   572.483835311476     
 Abd=   42.17641    
 Catch=  0.454505911042963     
 Abd=            NaN
 Catch=                     NaN
 Abd=            NaN
 Catch=                     NaN
 Abd=   224842.6    
 Catch=   562.293054461225     
 Abd=   1750.525    
 Catch=   317.393470065561     
 Abd=   119643.1    
 Catch=   895.859101029965     
 Abd=   9263.946    
 Catch=   23.1277170969743     
 Abd=            NaN
 Catch=                     NaN
 Abd=   116651.8    
 Catch=   333.267426194526     
 Abd=   30789.59    
 Catch=   2390.72558622415     
 Abd=            NaN
 Catch=                     NaN
 Abd=   2537.114    
 Catch=   70.7205078513939     
 Abd=            NaN
 Catch=                     NaN
 Abd=   39751.54    
 Catch=   319.029897182669     
 Abd=            NaN
 Catch=                     NaN
 Abd=   1648.426    
 Catch=   7.23783444278996     
 Abd=   1431761.    
 Catch=   3554.62479445728     
 Abd=   124359.6    
 Catch=   1491.72168690384     
 Abd=   104617.5    
 Catch=   260.085643210058     
 Abd=            NaN
 Catch=                     NaN
 Abd=   23317.07    
 Catch=   453.232555305245     
 Abd=   18048.84    
 Catch=   1286.88869681493     
 Abd=   629816.1    
 Catch=   1786.40468362659     
 Abd=   144483.6    
 Catch=   2309.18469076945     
 Abd=   22655.22    
 Catch=   541.901384052688     
 Abd=   4285263.    
 Catch=   17064.4072747011     
 Time step =         2135
 Abd=   62726.70    
 Catch=   410.762295433509     
 Abd=   7959.785    
 Catch=   50.2699114772660     
 Abd=   13976.12    
 Catch=   512.606668650588     
 Abd=   4172.120    
 Catch=   10.3509449643430     
 Abd=   46182.36    
 Catch=   570.380671974836     
 Abd=   42.89392    
 Catch=  0.449336834282421     
 Abd=            NaN
 Catch=                     NaN
 Abd=            NaN
 Catch=                     NaN
 Abd=   225316.1    
 Catch=   562.337227176605     
 Abd=   1730.771    
 Catch=   335.486985418319     
 Abd=   122126.4    
 Catch=   916.100339112785     
 Abd=   9266.502    
 Catch=   23.1693146933731     
 Abd=            NaN
 Catch=                     NaN
 Abd=   116147.8    
 Catch=   333.349430394886     
 Abd=   33217.25    
 Catch=   2397.12517624670     
 Abd=            NaN
 Catch=                     NaN
 Abd=   2486.247    
 Catch=   69.1129665434908     
 Abd=            NaN
 Catch=                     NaN
 Abd=   39733.77    
 Catch=   313.335188258719     
 Abd=            NaN
 Catch=                     NaN
 Abd=   1649.815    
 Catch=   7.25400441768521     
 Abd=   1424123.    
 Catch=   3542.48174090360     
 Abd=   125598.5    
 Catch=   1510.34429705981     
 Abd=   104205.8    
 Catch=   259.725180118400     
 Abd=            NaN
 Catch=                     NaN
 Abd=   22966.32    
 Catch=   445.890690941271     
 Abd=   18040.07    
 Catch=   1372.87144287041     
 Abd=   633626.0    
 Catch=   1790.81119561270     
 Abd=   149438.4    
 Catch=   2314.77310656137     
 Abd=   22037.12    
 Catch=   530.804148714024     
 Abd=   4277367.    
 Catch=   17026.3398786346     
 Time step =         2136
 Abd=   62759.51    
 Catch=   410.263105098667     
 Abd=   7733.518    
 Catch=   48.6989906291117     
 Abd=   13354.85    
 Catch=   534.683394818675     
 Abd=   4146.794    
 Catch=   10.2996829139213     
 Abd=   46008.65    
 Catch=   565.592040499492     
 Abd=   42.38353    
 Catch=  0.445264297483495     
 Abd=            NaN
 Catch=                     NaN
 Abd=            NaN
 Catch=                     NaN
 Abd=   225327.1    
 Catch=   562.112501481978     
 Abd=   1829.494    
 Catch=   351.242262752673     
 Abd=   124888.0    
 Catch=   923.755245255731     
 Abd=   9283.461    
 Catch=   23.2255765086170     
 Abd=            NaN
 Catch=                     NaN
 Abd=   116187.2    
 Catch=   334.085000258630     
 Abd=   33287.55    
 Catch=   2324.74654612171     
 Abd=            NaN
 Catch=                     NaN
 Abd=   2430.896    
 Catch=   70.4645032063065     
 Abd=            NaN
 Catch=                     NaN
 Abd=   39012.53    
 Catch=   315.946542708188     
 Abd=            NaN
 Catch=                     NaN
 Abd=   1653.549    
 Catch=   7.25549098228121     
 Abd=   1419316.    
 Catch=   3542.84669635770     
 Abd=   127171.7    
 Catch=   1528.40674751350     
 Abd=   104066.9    
 Catch=   260.043808367446     
 Abd=            NaN
 Catch=                     NaN
 Abd=   22594.78    
 Catch=   455.034547640427     
 Abd=   19251.69    
 Catch=   1433.40301820801     
 Abd=   635073.2    
 Catch=   1789.76095996513     
 Abd=   149705.8    
 Catch=   2281.20813761176     
 Abd=   21589.12    
 Catch=   543.470846712438     
 Abd=   4267785.    
 Catch=   16966.2333395388     
 Time step =         2137
 Abd=   62681.30    
 Catch=   409.965741568121     
 Abd=   7491.446    
 Catch=   47.8418211956769     
 Abd=   13945.07    
 Catch=   553.811563135816     
 Abd=   4126.314    
 Catch=   10.2396758418742     
 Abd=   45619.55    
 Catch=   566.415314087564     
 Abd=   42.00155    
 Catch=  0.456047536334351     
 Abd=            NaN
 Catch=                     NaN
 Abd=            NaN
 Catch=                     NaN
 Abd=   225234.2    
 Catch=   562.134206686722     
 Abd=   1915.402    
 Catch=   358.136362652224     
 Abd=   125896.0    
 Catch=   945.759520082811     
 Abd=   9306.119    
 Catch=   23.1267705954227     
 Abd=            NaN
 Catch=                     NaN
 Abd=   116447.8    
 Catch=   334.696292267522     
 Abd=   32277.20    
 Catch=   2190.83755284471     
 Abd=            NaN
 Catch=                     NaN
 Abd=   2479.575    
 Catch=   72.9188742563870     
 Abd=            NaN
 Catch=                     NaN
 Abd=   39356.88    
 Catch=   318.830132856717     
 Abd=            NaN
 Catch=                     NaN
 Abd=   1653.820    
 Catch=   7.24696129161277     
 Abd=   1419561.    
 Catch=   3558.80012753323     
 Abd=   128690.8    
 Catch=   1540.70530441088     
 Abd=   104199.9    
 Catch=   260.623139352462     
 Abd=            NaN
 Catch=                     NaN
 Abd=   23072.43    
 Catch=   457.290012191749     
 Abd=   20096.97    
 Catch=   1404.10265012724     
 Abd=   634748.6    
 Catch=   1802.61994105723     
 Abd=   147493.0    
 Catch=   2324.93403657612     
 Abd=   22119.61    
 Catch=   546.020282228274     
 Abd=   4252613.    
 Catch=   16980.7507245608     
 Time step =         2138
 Abd=   62636.43    
 Catch=   410.333931158691     
 Abd=   7361.581    
 Catch=   47.1671404931139     
 Abd=   14442.62    
 Catch=   552.592388224148     
 Abd=   4102.205    
 Catch=   10.1741707903489     
 Abd=   45692.77    
 Catch=   569.060191973115     
 Abd=   43.04580    
 Catch=  0.458876056091397     
 Abd=            NaN
 Catch=                     NaN
 Abd=            NaN
 Catch=                     NaN
 Abd=   225244.9    
 Catch=   561.217573984669     
 Abd=   1952.981    
 Catch=   382.124946415788     
 Abd=   128935.4    
 Catch=   972.192031815070     
 Abd=   9265.248    
 Catch=   23.0232646487458     
 Abd=            NaN
 Catch=                     NaN
 Abd=   116659.9    
 Catch=   334.417687192491     
 Abd=   30413.33    
 Catch=   2081.45981993913     
 Abd=            NaN
 Catch=                     NaN
 Abd=   2565.587    
 Catch=   82.5236625670366     
 Abd=            NaN
 Catch=                     NaN
 Abd=   39716.45    
 Catch=   320.571178541133     
 Abd=            NaN
 Catch=                     NaN
 Abd=   1651.832    
 Catch=   7.23930972533191     
 Abd=   1426081.    
 Catch=   3592.43861083900     
 Abd=   129717.5    
 Catch=   1546.74679798908     
 Abd=   104434.1    
 Catch=   261.467186516310     
 Abd=            NaN
 Catch=                     NaN
 Abd=   23179.99    
 Catch=   451.365780177900     
 Abd=   19681.00    
 Catch=   1534.64666277659     
 Abd=   639387.6    
 Catch=   1806.72531506298     
 Abd=   150407.8    
 Catch=   2337.17096758431     
 Abd=   22217.05    
 Catch=   531.506018004115     
 Abd=   4256628.    
 Catch=   16994.1917113981     
 Time step =         2139
 Abd=   62694.37    
 Catch=   413.018159729598     
 Abd=   7258.196    
 Catch=   48.5802114733337     
 Abd=   14404.22    
 Catch=   549.544192016212     
 Abd=   4075.920    
 Catch=   10.1118782726471     
 Abd=   45908.57    
 Catch=   566.689658882828     
 Abd=   43.29729    
 Catch=  0.465516807554866     
 Abd=            NaN
 Catch=                     NaN
 Abd=            NaN
 Catch=                     NaN
 Abd=   224870.1    
 Catch=   561.016467358234     
 Abd=   2083.836    
 Catch=   308.455890911708     
 Abd=   132549.8    
 Catch=   993.361171881296     
 Abd=   9223.766    
 Catch=   22.9973498259016     
 Abd=            NaN
 Catch=                     NaN
 Abd=   116557.4    
 Catch=   332.571448547132     
 Abd=   28911.61    
 Catch=   1985.25287348304     
 Abd=            NaN
 Catch=                     NaN
 Abd=   2907.137    
 Catch=   82.1430322344304     
 Abd=            NaN
 Catch=                     NaN
 Abd=   39930.28    
 Catch=   318.365792702131     
 Abd=            NaN
 Catch=                     NaN
 Abd=   1650.088    
 Catch=   7.23550760183899     
 Abd=   1439705.    
 Catch=   3576.50965936915     
 Abd=   130217.9    
 Catch=   1549.38869787121     
 Abd=   104774.6    
 Catch=   260.382819041625     
 Abd=            NaN
 Catch=                     NaN
 Abd=   22872.93    
 Catch=   462.958184812343     
 Abd=   21526.63    
 Catch=   1280.90765990036     
 Abd=   640670.2    
 Catch=   1818.79545769176     
 Abd=   151157.1    
 Catch=   2334.72452414552     
 Abd=   21616.19    
 Catch=   544.240511281296     
 Abd=   4259988.    
 Catch=   16975.6079978727     
 Time step =         2140
 Abd=   63112.28    
 Catch=   412.238063213866     
 Abd=   7482.420    
 Catch=   49.4752231601208     
 Abd=   14325.03    
 Catch=   543.700501469217     
 Abd=   4051.009    
 Catch=   10.0207306825241     
 Abd=   45712.13    
 Catch=   556.469380371761     
 Abd=   43.93096    
 Catch=  0.468945372064063     
 Abd=            NaN
 Catch=                     NaN
 Abd=            NaN
 Catch=                     NaN
 Abd=   224794.0    
 Catch=   561.094889744426     
 Abd=   1681.935    
 Catch=   303.316422539139     
 Abd=   135419.7    
 Catch=   1020.48329229743     
 Abd=   9214.021    
 Catch=   23.0366062988781     
 Abd=            NaN
 Catch=                     NaN
 Abd=   115903.2    
 Catch=   329.767912873776     
 Abd=   27585.17    
 Catch=   2596.89439436293     
 Abd=            NaN
 Catch=                     NaN
 Abd=   2891.354    
 Catch=   47.4238771090528     
 Abd=            NaN
 Catch=                     NaN
 Abd=   39646.74    
 Catch=   315.484484499888     
 Abd=            NaN
 Catch=                     NaN
 Abd=   1649.240    
 Catch=   7.24486599950222     
 Abd=   1432914.    
 Catch=   3531.36628310881     
 Abd=   130434.5    
 Catch=   1552.95721673901     
 Abd=   104324.5    
 Catch=   258.384037130333     
 Abd=            NaN
 Catch=                     NaN
 Abd=   23474.77    
 Catch=   468.665039191121     
 Abd=   17944.15    
 Catch=   1164.00597488704     
 Abd=   645125.9    
 Catch=   1838.84933590846     
 Abd=   150986.7    
 Catch=   2346.13422325745     
 Abd=   22150.31    
 Catch=   555.184190990509     
 Abd=   4255166.    
 Catch=   16942.6104319195     
 Time step =         2141
 Abd=   62981.53    
 Catch=   413.353833521923     
 Abd=   7618.156    
 Catch=   48.8061546663093     
 Abd=   14171.12    
 Catch=   541.169940146876     
 Abd=   4014.239    
 Catch=   9.92743973290537     
 Abd=   44875.87    
 Catch=   560.099011158256     
 Abd=   44.24883    
 Catch=  0.466138540236468     
 Abd=            NaN
 Catch=                     NaN
 Abd=            NaN
 Catch=                     NaN
 Abd=   224828.7    
 Catch=   561.678662346588     
 Abd=   1654.052    
 Catch=   333.476444973650     
 Abd=   139131.5    
 Catch=   1039.89267228602     
 Abd=   9230.275    
 Catch=   23.0936733105224     
 Abd=            NaN
 Catch=                     NaN
 Abd=   114920.0    
 Catch=   327.802438636865     
 Abd=   36233.77    
 Catch=   2492.85369959197     
 Abd=            NaN
 Catch=                     NaN
 Abd=   1661.763    
 Catch=   48.7336979342249     
 Abd=            NaN
 Catch=                     NaN
 Abd=   39286.64    
 Catch=   318.427208500175     
 Abd=            NaN
 Catch=                     NaN
 Abd=   1651.435    
 Catch=   7.26006484443592     
 Abd=   1414602.    
 Catch=   3507.39002210296     
 Abd=   130736.6    
 Catch=   1566.80791992432     
 Abd=   103516.9    
 Catch=   256.767828087027     
 Abd=            NaN
 Catch=                     NaN
 Abd=   23760.26    
 Catch=   457.758615666390     
 Abd=   16310.21    
 Catch=   1271.07106327204     
 Abd=   652311.0    
 Catch=   1854.07343860288     
 Abd=   151742.3    
 Catch=   2360.63545208212     
 Abd=   22595.92    
 Catch=   543.229043503472     
 Abd=   4246827.    
 Catch=   16886.0069868877     
 Time step =         2142
 Abd=   63157.70    
 Catch=   413.828539217520     
 Abd=   7510.433    
 Catch=   49.1329108388326     
 Abd=   14108.77    
 Catch=   548.219013176938     
 Abd=   3976.852    
 Catch=   9.88679603146470     
 Abd=   45187.75    
 Catch=   565.104192809495     
 Abd=   43.97282    
 Catch=  0.461862895933116     
 Abd=            NaN
 Catch=                     NaN
 Abd=            NaN
 Catch=                     NaN
 Abd=   225065.3    
 Catch=   561.823800301349     
 Abd=   1818.583    
 Catch=   355.097062777914     
 Abd=   141754.2    
 Catch=   1060.40320500602     
 Abd=   9253.277    
 Catch=   23.2260660712935     
 Abd=            NaN
 Catch=                     NaN
 Abd=   114240.3    
 Catch=   328.523282033775     
 Abd=   34610.02    
 Catch=   2271.72232216404     
 Abd=            NaN
 Catch=                     NaN
 Abd=   1716.698    
 Catch=   58.9800149936236     
 Abd=            NaN
 Catch=                     NaN
 Abd=   39666.54    
 Catch=   321.928831149368     
 Abd=            NaN
 Catch=                     NaN
 Abd=   1654.923    
 Catch=   7.25863032629468     
 Abd=   1405166.    
 Catch=   3519.34629458490     
 Abd=   131918.4    
 Catch=   1564.66656155577     
 Abd=   102872.2    
 Catch=   256.898751834243     
 Abd=            NaN
 Catch=                     NaN
 Abd=   23193.56    
 Catch=   461.047386617999     
 Abd=   17830.27    
 Catch=   1403.53921318077     
 Abd=   657598.6    
 Catch=   1880.80411791495     
 Abd=   152683.5    
 Catch=   2315.37051218495     
 Abd=   22094.63    
 Catch=   547.262503977939     
 Abd=   4232516.    
 Catch=   16895.3932224358     
 Time step =         2143
 Abd=   63228.35    
 Catch=   414.839594162310     
 Abd=   7563.886    
 Catch=   46.8800716293403     
 Abd=   14293.36    
 Catch=   550.843141775335     
 Abd=   3960.966    
 Catch=   9.88497947060381     
 Abd=   45593.23    
 Catch=   572.248422306072     
 Abd=   43.56710    
 Catch=  0.469521390656754     
 Abd=            NaN
 Catch=                     NaN
 Abd=            NaN
 Catch=                     NaN
 Abd=   225120.1    
 Catch=   561.988958022677     
 Abd=   1936.465    
 Catch=   365.055831125981     
 Abd=   144556.4    
 Catch=   1072.96786526913     
 Abd=   9306.947    
 Catch=   23.3109666610202     
 Abd=            NaN
 Catch=                     NaN
 Abd=   114509.9    
 Catch=   329.260539721195     
 Abd=   31558.87    
 Catch=   2272.33259418731     
 Abd=            NaN
 Catch=                     NaN
 Abd=   2081.172    
 Catch=   64.7233449266891     
 Abd=            NaN
 Catch=                     NaN
 Abd=   40103.39    
 Catch=   321.172481108398     
 Abd=            NaN
 Catch=                     NaN
 Abd=   1654.523    
 Catch=   7.27250405803813     
 Abd=   1410244.    
 Catch=   3533.08718909154     
 Abd=   131715.6    
 Catch=   1549.58208805242     
 Abd=   102938.6    
 Catch=   257.265849586599     
 Abd=            NaN
 Catch=                     NaN
 Abd=   23371.45    
 Catch=   461.154227571020     
 Abd=   19688.76    
 Catch=   1400.92589142905     
 Abd=   667225.6    
 Catch=   1902.58015594018     
 Abd=   149687.3    
 Catch=   2301.36038476438     
 Abd=   22269.43    
 Catch=   550.540039270211     
 Abd=   4235206.    
 Catch=   16880.7229461045     
 Time step =         2144
 Abd=   63384.36    
 Catch=   415.413968737433     
 Abd=   7209.478    
 Catch=   47.3607764870106     
 Abd=   14360.38    
 Catch=   555.591889771186     
 Abd=   3960.489    
 Catch=   9.89974354926731     
 Abd=   46172.03    
 Catch=   576.209748774112     
 Abd=   44.31087    
 Catch=  0.468583077493265     
 Abd=            NaN
 Catch=                     NaN
 Abd=            NaN
 Catch=                     NaN
 Abd=   225187.2    
 Catch=   563.289752058361     
 Abd=   1990.712    
 Catch=   356.451347474416     
 Abd=   146244.5    
 Catch=   1056.01882428599     
 Abd=   9340.555    
 Catch=   23.3553413336924     
 Abd=            NaN
 Catch=                     NaN
 Abd=   114766.5    
 Catch=   329.065159494313     
 Abd=   31630.05    
 Catch=   2077.56611198274     
 Abd=            NaN
 Catch=                     NaN
 Abd=   2280.031    
 Catch=   63.7323639517498     
 Abd=            NaN
 Catch=                     NaN
 Abd=   39999.43    
 Catch=   321.343608887670     
 Abd=            NaN
 Catch=                     NaN
 Abd=   1657.757    
 Catch=   7.27950323216910     
 Abd=   1415758.    
 Catch=   3550.20463906940     
 Abd=   130425.0    
 Catch=   1522.15063903516     
 Abd=   103087.2    
 Catch=   257.306379692026     
 Abd=            NaN
 Catch=                     NaN
 Abd=   23375.09    
 Catch=   468.172657675905     
 Abd=   19637.17    
 Catch=   1345.81182165215     
 Abd=   674909.4    
 Catch=   1875.23318202985     
 Abd=   148819.1    
 Catch=   2276.93932482007     
 Abd=   22402.46    
 Catch=   556.294175599580     
 Abd=   4231402.    
 Catch=   16929.9500134806     
 Time step =         2145
 Abd=   63470.83    
 Catch=   418.119863578254     
 Abd=   7291.746    
 Catch=   45.8670952357783     
 Abd=   14484.78    
 Catch=   544.839752834128     
 Abd=   3966.603    
 Catch=   9.89483003350338     
 Abd=   46486.72    
 Catch=   576.773512389979     
 Abd=   44.20663    
 Catch=  0.457350258223924     
 Abd=            NaN
 Catch=                     NaN
 Abd=            NaN
 Catch=                     NaN
 Abd=   225716.7    
 Catch=   563.616457736146     
 Abd=   1943.749    
 Catch=   340.536038409409     
 Abd=   143844.2    
 Catch=   1024.48102376522     
 Abd=   9358.005    
 Catch=   23.2878751280577     
 Abd=            NaN
 Catch=                     NaN
 Abd=   114691.9    
 Catch=   328.885311603334     
 Abd=   28833.56    
 Catch=   2344.81722148691     
 Abd=            NaN
 Catch=                     NaN
 Abd=   2241.103    
 Catch=   58.5389371106895     
 Abd=            NaN
 Catch=                     NaN
 Abd=   40023.07    
 Catch=   319.084576379922     
 Abd=            NaN
 Catch=                     NaN
 Abd=   1659.318    
 Catch=   7.27536609761017     
 Abd=   1422645.    
 Catch=   3521.18292599183     
 Abd=   128098.0    
 Catch=   1497.75807797096     
 Abd=   103100.8    
 Catch=   256.708795721001     
 Abd=            NaN
 Catch=                     NaN
 Abd=   23735.24    
 Catch=   456.087476112615     
 Abd=   18857.55    
 Catch=   1351.92530287571     
 Abd=   664617.1    
 Catch=   1868.29168880394     
 Abd=   147226.6    
 Catch=   2327.32394082806     
 Abd=   22635.70    
 Catch=   532.314387223813     
 Abd=   4244068.    
 Catch=   16913.8634830594     
 Time step =         2146
 Abd=   63889.76    
 Catch=   417.988610012016     
 Abd=   7055.664    
 Catch=   45.9613346064775     
 Abd=   14199.25    
 Catch=   546.851679608546     
 Abd=   3964.463    
 Catch=   9.91675164452826     
 Abd=   46527.40    
 Catch=   575.848765701659     
 Abd=   43.12954    
 Catch=  0.460707185350246     
 Abd=            NaN
 Catch=                     NaN
 Abd=            NaN
 Catch=                     NaN
 Abd=   225840.5    
 Catch=   563.744988173005     
 Abd=   1857.019    
 Catch=   359.471342301573     
 Abd=   139515.2    
 Catch=   1006.91915312448     
 Abd=   9330.057    
 Catch=   23.1465944964575     
 Abd=            NaN
 Catch=                     NaN
 Abd=   114629.9    
 Catch=   329.721540700694     
 Abd=   32592.04    
 Catch=   2426.22882886029     
 Abd=            NaN
 Catch=                     NaN
 Abd=   2058.204    
 Catch=   71.5174333566690     
 Abd=            NaN
 Catch=                     NaN
 Abd=   39735.54    
 Catch=   320.400488070767     
 Abd=            NaN
 Catch=                     NaN
 Abd=   1658.323    
 Catch=   7.29272782301961     
 Abd=   1410642.    
 Catch=   3526.45909973192     
 Abd=   126048.5    
 Catch=   1478.75979963468     
 Abd=   102856.5    
 Catch=   256.927176467701     
 Abd=            NaN
 Catch=                     NaN
 Abd=   23106.56    
 Catch=   455.230334880377     
 Abd=   18955.98    
 Catch=   1390.25493231776     
 Abd=   662550.6    
 Catch=   1867.76299858496     
 Abd=   150572.8    
 Catch=   2314.51040550735     
 Abd=   21641.86    
 Catch=   530.128405589926     
 Abd=   4239695.    
 Catch=   16907.6318571090     
 Time step =         2147
 Abd=   63861.73    
 Catch=   418.974261147461     
 Abd=   7074.947    
 Catch=   46.0851820629637     
 Abd=   14255.96    
 Catch=   542.241172980132     
 Abd=   3973.433    
 Catch=   9.92145707982304     
 Abd=   46451.53    
 Catch=   575.166706166700     
 Abd=   43.47170    
 Catch=  0.465770103032122     
 Abd=            NaN
 Catch=                     NaN
 Abd=            NaN
 Catch=                     NaN
 Abd=   225890.7    
 Catch=   564.111732402254     
 Abd=   1960.316    
 Catch=   343.576946209929     
 Abd=   137158.2    
 Catch=   1009.86759548259     
 Abd=   9272.864    
 Catch=   22.8445106726718     
 Abd=            NaN
 Catch=                     NaN
 Abd=   114928.0    
 Catch=   330.197946317343     
 Abd=   33699.98    
 Catch=   2147.12405614135     
 Abd=            NaN
 Catch=                     NaN
 Abd=   2524.516    
 Catch=   69.7222259628833     
 Abd=            NaN
 Catch=                     NaN
 Abd=   39907.85    
 Catch=   320.201826984014     
 Abd=            NaN
 Catch=                     NaN
 Abd=   1662.377    
 Catch=   7.29537233903954     
 Abd=   1413039.    
 Catch=   3541.09511015880     
 Abd=   124456.1    
 Catch=   1482.63468130243     
 Abd=   102950.4    
 Catch=   257.364613873589     
 Abd=            NaN
 Catch=                     NaN
 Abd=   23073.65    
 Catch=   451.475848745031     
 Abd=   19494.30    
 Catch=   1354.23760541743     
 Abd=   662397.6    
 Catch=   1879.67750525655     
 Abd=   149667.8    
 Catch=   2268.69412760263     
 Abd=   21568.64    
 Catch=   528.741859011960     
 Abd=   4238193.    
 Catch=   16936.4606786729     
 Time step =         2148
 Abd=   64015.81    
 Catch=   419.800722071643     
 Abd=   7093.782    
 Catch=   47.2290784957630     
 Abd=   14133.52    
 Catch=   533.964394478463     
 Abd=   3975.210    
 Catch=   9.90457384776267     
 Abd=   46396.53    
 Catch=   570.504400918890     
 Abd=   43.95193    
 Catch=  0.458508035368980     
 Abd=            NaN
 Catch=                     NaN
 Abd=            NaN
 Catch=                     NaN
 Abd=   226038.4    
 Catch=   564.212561412488     
 Abd=   1873.533    
 Catch=   330.343853841636     
 Abd=   137586.3    
 Catch=   1008.90578405178     
 Abd=   9150.537    
 Catch=   22.5342237722910     
 Abd=            NaN
 Catch=                     NaN
 Abd=   115091.2    
 Catch=   330.649144999789     
 Abd=   29802.91    
 Catch=   2380.42247746167     
 Abd=            NaN
 Catch=                     NaN
 Abd=   2451.600    
 Catch=   67.8495966186257     
 Abd=            NaN
 Catch=                     NaN
 Abd=   39879.50    
 Catch=   320.808786114742     
 Abd=            NaN
 Catch=                     NaN
 Abd=   1662.912    
 Catch=   7.31015230033521     
 Abd=   1418976.    
 Catch=   3534.92924872341     
 Abd=   124817.7    
 Catch=   1467.55871887487     
 Abd=   103127.4    
 Catch=   257.459957616070     
 Abd=            NaN
 Catch=                     NaN
 Abd=   22880.62    
 Catch=   448.936139640647     
 Abd=   18979.43    
 Catch=   1317.89870671559     
 Abd=   666691.9    
 Catch=   1884.21997680184     
 Abd=   146669.1    
 Catch=   2250.22015022243     
 Abd=   21511.25    
 Catch=   532.224701703979     
 Abd=   4245598.    
 Catch=   16948.2111518854     
 Time step =         2149
 Abd=   64141.86    
 Catch=   419.896289277930     
 Abd=   7273.133    
 Catch=   46.7628521564374     
 Abd=   13916.62    
 Catch=   528.605419792616     
 Abd=   3968.268    
 Catch=   9.86781617747159     
 Abd=   46014.68    
 Catch=   569.837584843691     
 Abd=   43.24521    
 Catch=  0.448371023801486     
 Abd=            NaN
 Catch=                     NaN
 Abd=            NaN
 Catch=                     NaN
 Abd=   226077.5    
 Catch=   563.715358920232     
 Abd=   1801.378    
 Catch=   330.035377860829     
 Abd=   137478.9    
 Catch=   1020.84516745462     
 Abd=   9026.180    
 Catch=   22.3109101668312     
 Abd=            NaN
 Catch=                     NaN
 Abd=   115248.4    
 Catch=   330.501302233349     
 Abd=   33092.38    
 Catch=   2447.73164283014     
 Abd=            NaN
 Catch=                     NaN
 Abd=   2385.822    
 Catch=   65.9619967148737     
 Abd=            NaN
 Catch=                     NaN
 Abd=   39957.01    
 Catch=   319.653104625442     
 Abd=            NaN
 Catch=                     NaN
 Abd=   1666.340    
 Catch=   7.32922994409318     
 Abd=   1416332.    
 Catch=   3528.26848404865     
 Abd=   123519.1    
 Catch=   1477.92211782655     
 Abd=   103162.7    
 Catch=   257.378376571061     
 Abd=            NaN
 Catch=                     NaN
 Abd=   22752.35    
 Catch=   447.121926860422     
 Abd=   18470.44    
 Catch=   1295.92610456248     
 Abd=   668274.5    
 Catch=   1891.39650037668     
 Abd=   145504.6    
 Catch=   2281.58715431749     
 Abd=   21655.16    
 Catch=   527.438575727741     
 Abd=   4248451.    
 Catch=   16958.6619797770     
 Time step =         2150
 Abd=   64155.45    
 Catch=   418.092713837238     
 Abd=   7196.496    
 Catch=   46.3277960957853     
 Abd=   13778.02    
 Catch=   521.002781538566     
 Abd=   3953.388    
 Catch=   9.80201402350147     
 Abd=   45966.16    
 Catch=   566.302547032457     
 Abd=   42.28435    
 Catch=  0.460697829296835     
 Abd=            NaN
 Catch=                     NaN
 Abd=            NaN
 Catch=                     NaN
 Abd=   225875.2    
 Catch=   563.348101302669     
 Abd=   1799.721    
 Catch=   345.943982288503     
 Abd=   139144.3    
 Catch=   1022.75231421604     
 Abd=   8937.408    
 Catch=   22.0225546835127     
 Abd=            NaN
 Catch=                     NaN
 Abd=   115192.7    
 Catch=   330.170666085245     
 Abd=   34002.18    
 Catch=   2299.93387075018     
 Abd=            NaN
 Catch=                     NaN
 Abd=   2318.994    
 Catch=   72.4073051501279     
 Abd=            NaN
 Catch=                     NaN
 Abd=   39808.90    
 Catch=   319.393270807398     
 Abd=            NaN
 Catch=                     NaN
 Abd=   1670.706    
 Catch=   7.32266588447496     
 Abd=   1413662.    
 Catch=   3548.11687277042     
 Abd=   124430.8    
 Catch=   1486.67911016283     
 Abd=   103128.6    
 Catch=   257.438238293762     
 Abd=            NaN
 Catch=                     NaN
 Abd=   22660.86    
 Catch=   439.702621164106     
 Abd=   18163.44    
 Catch=   1356.84736234529     
 Abd=   670769.5    
 Catch=   1894.37758593288     
 Abd=   147587.6    
 Catch=   2317.51844770499     
 Abd=   21455.34    
 Catch=   515.613507232132     
 Abd=   4251068.    
 Catch=   17003.2173576875     
 Time step =         2151
 Abd=   63874.11    
 Catch=   416.670919932932     
 Abd=   7129.715    
 Catch=   44.6314064047879     
 Abd=   13579.18    
 Catch=   526.875709896855     
 Abd=   3926.760    
 Catch=   9.72017685397200     
 Abd=   45678.03    
 Catch=   566.599186439683     
 Abd=   43.48742    
 Catch=  0.462347776238024     
 Abd=            NaN
 Catch=                     NaN
 Abd=            NaN
 Catch=                     NaN
 Abd=   225727.6    
 Catch=   562.424198986020     
 Abd=   1886.550    
 Catch=   348.072582932878     
 Abd=   139374.6    
 Catch=   1021.38650023811     
 Abd=   8821.335    
 Catch=   21.9503512290852     
 Abd=            NaN
 Catch=                     NaN
 Abd=   115076.4    
 Catch=   330.086631342105     
 Abd=   31938.49    
 Catch=   2373.30953530120     
 Abd=            NaN
 Catch=                     NaN
 Abd=   2551.357    
 Catch=   77.2710529587460     
 Abd=            NaN
 Catch=                     NaN
 Abd=   39778.66    
 Catch=   316.375611068991     
 Abd=            NaN
 Catch=                     NaN
 Abd=   1669.087    
 Catch=   7.31602952649431     
 Abd=   1421834.    
 Catch=   3564.86928416288     
 Abd=   125164.2    
 Catch=   1486.45726624175     
 Abd=   103153.9    
 Catch=   257.822336012258     
 Abd=            NaN
 Catch=                     NaN
 Abd=   22280.23    
 Catch=   440.954658076661     
 Abd=   19029.01    
 Catch=   1412.27984813573     
 Abd=   671865.1    
 Catch=   1884.53627916089     
 Abd=   149920.1    
 Catch=   2311.32282865175     
 Abd=   20969.84    
 Catch=   526.010055627962     
 Abd=   4262407.    
 Catch=   16997.3148886871     
 Time step =         2152
 Abd=   63657.14    
 Catch=   416.984871341087     
 Abd=   6864.965    
 Catch=   45.3149736192628     
 Abd=   13738.45    
 Catch=   530.008418557605     
 Abd=   3893.855    
 Catch=   9.72084563074123     
 Abd=   45707.14    
 Catch=   563.770393348863     
 Abd=   43.62318    
 Catch=  0.442231546182510     
 Abd=            NaN
 Catch=                     NaN
 Abd=            NaN
 Catch=                     NaN
 Abd=   225352.9    
 Catch=   561.701199211593     
 Abd=   1898.089    
 Catch=   345.199107575328     
 Abd=   139132.5    
 Catch=   1017.24321845366     
 Abd=   8794.176    
 Catch=   21.9840126102248     
 Abd=            NaN
 Catch=                     NaN
 Abd=   115048.8    
 Catch=   331.262251201039     
 Abd=   32988.31    
 Catch=   2449.05797429619     
 Abd=            NaN
 Catch=                     NaN
 Abd=   2720.365    
 Catch=   76.9082230162363     
 Abd=            NaN
 Catch=                     NaN
 Abd=   39397.75    
 Catch=   313.429208051873     
 Abd=            NaN
 Catch=                     NaN
 Abd=   1667.587    
 Catch=   7.31006953857472     
 Abd=   1428518.    
 Catch=   3567.12255103469     
 Abd=   125131.2    
 Catch=   1470.41684250976     
 Abd=   103310.4    
 Catch=   258.528308148614     
 Abd=            NaN
 Catch=                     NaN
 Abd=   22356.80    
 Catch=   437.511035432806     
 Abd=   19802.10    
 Catch=   1395.68574946722     
 Abd=   668213.6    
 Catch=   1879.40186927879     
 Abd=   149468.5    
 Catch=   2319.22216827620     
 Abd=   21415.89    
 Catch=   511.450438879218     
 Abd=   4260668.    
 Catch=   17022.3494492807     
 Time step =         2153
 Abd=   63710.18    
 Catch=   416.083564577316     
 Abd=   6977.355    
 Catch=   43.8071453949909     
 Abd=   13816.17    
 Catch=   543.801656881406     
 Abd=   3894.795    
 Catch=   9.68131026494056     
 Abd=   45474.38    
 Catch=   561.378703110421     
 Abd=   41.68952    
 Catch=  0.438445013464768     
 Abd=            NaN
 Catch=                     NaN
 Abd=            NaN
 Catch=                     NaN
 Abd=   225066.4    
 Catch=   561.616963750426     
 Abd=   1882.436    
 Catch=   339.697190304255     
 Abd=   138596.4    
 Catch=   1014.84378837250     
 Abd=   8808.499    
 Catch=   21.9526549456889     
 Abd=            NaN
 Catch=                     NaN
 Abd=   115467.3    
 Catch=   332.411962464178     
 Abd=   34017.34    
 Catch=   2383.24560959477     
 Abd=            NaN
 Catch=                     NaN
 Abd=   2705.581    
 Catch=   81.1451699599393     
 Abd=            NaN
 Catch=                     NaN
 Abd=   39029.91    
 Catch=   314.540915919617     
 Abd=            NaN
 Catch=                     NaN
 Abd=   1666.226    
 Catch=   7.32051811413747     
 Abd=   1429299.    
 Catch=   3564.64389437816     
 Abd=   123758.1    
 Catch=   1479.46937495204     
 Abd=   103595.8    
 Catch=   258.944837177008     
 Abd=            NaN
 Catch=                     NaN
 Abd=   22172.30    
 Catch=   446.439006226081     
 Abd=   19563.69    
 Catch=   1405.67571892490     
 Abd=   666500.0    
 Catch=   1871.70593480316     
 Abd=   149996.9    
 Catch=   2308.90773626214     
 Abd=   20798.86    
 Catch=   526.772300618300     
 Abd=   4267108.    
 Catch=   16993.2944096438     
 Time step =         2154
 Abd=   63569.68    
 Catch=   417.215672850039     
 Abd=   6738.549    
 Catch=   44.9641304225093     
 Abd=   14179.15    
 Catch=   543.610005220406     
 Abd=   3878.622    
 Catch=   9.68121541200414     
 Abd=   45282.28    
 Catch=   566.446382602876     
 Abd=   41.35943    
 Catch=  0.436341059546176     
 Abd=            NaN
 Catch=                     NaN
 Abd=            NaN
 Catch=                     NaN
 Abd=   225037.1    
 Catch=   560.833765871470     
 Abd=   1852.392    
 Catch=   341.610753224028     
 Abd=   138272.7    
 Catch=   1014.82762047017     
 Abd=   8795.380    
 Catch=   21.9274808453769     
 Abd=            NaN
 Catch=                     NaN
 Abd=   115867.7    
 Catch=   333.358236313103     
 Abd=   33095.37    
 Catch=   2402.20434288424     
 Abd=            NaN
 Catch=                     NaN
 Abd=   2855.392    
 Catch=   83.9739422312451     
 Abd=            NaN
 Catch=                     NaN
 Abd=   39178.07    
 Catch=   313.568281789056     
 Abd=            NaN
 Catch=                     NaN
 Abd=   1668.679    
 Catch=   7.31311936970214     
 Abd=   1428270.    
 Catch=   3564.28759753630     
 Abd=   124558.0    
 Catch=   1478.13316456533     
 Abd=   103760.3    
 Catch=   259.562807444355     
 Abd=            NaN
 Catch=                     NaN
 Abd=   22635.85    
 Catch=   443.637887999125     
 Abd=   19704.29    
 Catch=   1452.07655646891     
 Abd=   663745.5    
 Catch=   1868.24211333146     
 Abd=   149308.8    
 Catch=   2301.25388210593     
 Abd=   21441.29    
 Catch=   528.284339651366     
 Abd=   4259550.    
 Catch=   16991.7806935121     
 Time step =         2155
 Abd=   63748.75    
 Catch=   420.203770126855     
 Abd=   6924.950    
 Catch=   46.3073848190080     
 Abd=   14169.58    
 Catch=   566.768075229196     
 Abd=   3878.919    
 Catch=   9.67723123127153     
 Abd=   45701.23    
 Catch=   571.257680009754     
 Abd=   41.16299    
 Catch=  0.441739609864125     
 Abd=            NaN
 Catch=                     NaN
 Abd=            NaN
 Catch=                     NaN
 Abd=   224717.1    
 Catch=   560.017098196920     
 Abd=   1862.843    
 Catch=   351.359266755802     
 Abd=   138278.4    
 Catch=   1010.00542428883     
 Abd=   8785.355    
 Catch=   21.9822277464562     
 Abd=            NaN
 Catch=                     NaN
 Abd=   116195.9    
 Catch=   333.854855953945     
 Abd=   33370.24    
 Catch=   2296.24057498649     
 Abd=            NaN
 Catch=                     NaN
 Abd=   2954.053    
 Catch=   83.3072825093546     
 Abd=            NaN
 Catch=                     NaN
 Abd=   39052.08    
 Catch=   317.854866849965     
 Abd=            NaN
 Catch=                     NaN
 Abd=   1666.913    
 Catch=   7.34957277510412     
 Abd=   1428145.    
 Catch=   3578.00583582669     
 Abd=   124429.7    
 Catch=   1475.09561931573     
 Abd=   104009.6    
 Catch=   260.116899049368     
 Abd=            NaN
 Catch=                     NaN
 Abd=   22484.82    
 Catch=   460.896970432605     
 Abd=   20358.86    
 Catch=   1381.54001821354     
 Abd=   662546.8    
 Catch=   1864.08215304880     
 Abd=   148819.8    
 Catch=   2288.76168974084     
 Abd=   21494.53    
 Catch=   550.138672029795     
 Abd=   4259306.    
 Catch=   17052.1937836606     
 Time step =         2156
 Abd=   64209.99    
 Catch=   421.372061987512     
 Abd=   7131.910    
 Catch=   48.8243613569411     
 Abd=   14780.92    
 Catch=   586.890686073721     
 Abd=   3877.281    
 Catch=   9.65888779565084     
 Abd=   46088.73    
 Catch=   574.223541958372     
 Abd=   41.68570    
 Catch=  0.418882570635773     
 Abd=            NaN
 Catch=                     NaN
 Abd=            NaN
 Catch=                     NaN
 Abd=   224390.6    
 Catch=   559.694229647343     
 Abd=   1916.042    
 Catch=   357.380315332459     
 Abd=   137608.3    
 Catch=   1003.46449069959     
 Abd=   8807.951    
 Catch=   22.0699965813039     
 Abd=            NaN
 Catch=                     NaN
 Abd=   116365.8    
 Catch=   333.216572321953     
 Abd=   31876.59    
 Catch=   2135.20765801182     
 Abd=            NaN
 Catch=                     NaN
 Abd=   2929.213    
 Catch=   78.8283093501205     
 Abd=            NaN
 Catch=                     NaN
 Abd=   39598.43    
 Catch=   322.542431525054     
 Abd=            NaN
 Catch=                     NaN
 Abd=   1675.427    
 Catch=   7.37680766925063     
 Abd=   1433757.    
 Catch=   3602.51054596675     
 Abd=   124171.2    
 Catch=   1466.62170745781     
 Abd=   104231.0    
 Catch=   260.658425725733     
 Abd=            NaN
 Catch=                     NaN
 Abd=   23375.32    
 Catch=   481.393591561138     
 Abd=   19361.13    
 Catch=   1409.55493030780     
 Abd=   661064.4    
 Catch=   1853.61847965084     
 Abd=   148002.7    
 Catch=   2302.34637960579     
 Abd=   22398.34    
 Catch=   575.583553123389     
 Abd=   4274766.    
 Catch=   17083.5352927822     
 Time step =         2157
 Abd=   64383.42    
 Catch=   423.084222864160     
 Abd=   7523.247    
 Catch=   50.7600243275828     
 Abd=   15305.46    
 Catch=   589.131906500793     
 Abd=   3869.812    
 Catch=   9.67859434267126     
 Abd=   46325.52    
 Catch=   577.387489728575     
 Abd=   39.48162    
 Catch=  0.405854739868732     
 Abd=            NaN
 Catch=                     NaN
 Abd=            NaN
 Catch=                     NaN
 Abd=   224264.1    
 Catch=   559.878956399733     
 Abd=   1948.850    
 Catch=   318.260493560531     
 Abd=   136712.5    
 Catch=   993.165309067586     
 Abd=   8843.379    
 Catch=   22.1362912930853     
 Abd=            NaN
 Catch=                     NaN
 Abd=   116135.9    
 Catch=   332.503175962555     
 Abd=   29641.33    
 Catch=   2318.96377418672     
 Abd=            NaN
 Catch=                     NaN
 Abd=   2771.211    
 Catch=   80.9319590027907     
 Abd=            NaN
 Catch=                     NaN
 Abd=   40183.00    
 Catch=   325.269271183983     
 Abd=            NaN
 Catch=                     NaN
 Abd=   1681.586    
 Catch=   7.38631993934348     
 Abd=   1443664.    
 Catch=   3594.65138813010     
 Abd=   123449.6    
 Catch=   1455.72545738227     
 Abd=   104448.0    
 Catch=   260.424372948792     
 Abd=            NaN
 Catch=                     NaN
 Abd=   24417.84    
 Catch=   485.601783075750     
 Abd=   19761.88    
 Catch=   1340.21334088571     
 Abd=   657308.4    
 Catch=   1848.51065585414     
 Abd=   148906.9    
 Catch=   2304.43233722524     
 Abd=   23433.24    
 Catch=   577.617547086285     
 Abd=   4282468.    
 Catch=   17153.6063506119     
 Time step =         2158
 Abd=   64647.00    
 Catch=   423.621435217124     
 Abd=   7819.070    
 Catch=   49.1436168512447     
 Abd=   15358.33    
 Catch=   564.249311862680     
 Abd=   3877.995    
 Catch=   9.66432065637347     
 Abd=   46581.02    
 Catch=   577.128585455970     
 Abd=   38.26945    
 Catch=  0.394487010105424     
 Abd=            NaN
 Catch=                     NaN
 Abd=            NaN
 Catch=                     NaN
 Abd=   224343.4    
 Catch=   560.015401526055     
 Abd=   1735.440    
 Catch=   328.848245886778     
 Abd=   135300.2    
 Catch=   981.318353685602     
 Abd=   8869.756    
 Catch=   22.1659819026484     
 Abd=            NaN
 Catch=                     NaN
 Abd=   115886.5    
 Catch=   333.052988752054     
 Abd=   32226.39    
 Catch=   2295.00897307728     
 Abd=            NaN
 Catch=                     NaN
 Abd=   2849.979    
 Catch=   70.6836213772177     
 Abd=            NaN
 Catch=                     NaN
 Abd=   40517.76    
 Catch=   322.941853083226     
 Abd=            NaN
 Catch=                     NaN
 Abd=   1683.677    
 Catch=   7.38785077961206     
 Abd=   1440245.    
 Catch=   3582.20396639566     
 Abd=   122528.4    
 Catch=   1447.20905346323     
 Abd=   104347.7    
 Catch=   260.482908454103     
 Abd=            NaN
 Catch=                     NaN
 Abd=   24615.79    
 Catch=   481.544379963076     
 Abd=   18783.02    
 Catch=   1348.62131718065     
 Abd=   655535.4    
 Catch=   1844.82084702498     
 Abd=   149035.1    
 Catch=   2284.14475164064     
 Abd=   23500.06    
 Catch=   574.492153569037     
 Abd=   4300236.    
 Catch=   17153.5779381411     
 Time step =         2159
 Abd=   64724.79    
 Catch=   423.142473657968     
 Abd=   7559.731    
 Catch=   49.2131335766482     
 Abd=   14701.95    
 Catch=   530.417658799824     
 Abd=   3871.967    
 Catch=   9.60720872488306     
 Abd=   46555.13    
 Catch=   578.189639343262     
 Abd=   37.19915    
 Catch=  0.387569615548539     
 Abd=            NaN
 Catch=                     NaN
 Abd=            NaN
 Catch=                     NaN
 Abd=   224397.2    
 Catch=   560.020533662869     
 Abd=   1793.278    
 Catch=   326.334871624211     
 Abd=   133683.2    
 Catch=   972.949573567902     
 Abd=   8881.352    
 Catch=   22.1569990081211     
 Abd=            NaN
 Catch=                     NaN
 Abd=   116087.1    
 Catch=   333.439335201993     
 Abd=   31869.50    
 Catch=   2139.25482204936     
 Abd=            NaN
 Catch=                     NaN
 Abd=   2482.715    
 Catch=   67.1320644535496     
 Abd=            NaN
 Catch=                     NaN
 Abd=   40215.99    
 Catch=   321.848138556857     
 Abd=            NaN
 Catch=                     NaN
 Abd=   1683.992    
 Catch=   7.37092483353604     
 Abd=   1435224.    
 Catch=   3568.47756207599     
 Abd=   121817.0    
 Catch=   1453.53768507201     
 Abd=   104373.8    
 Catch=   260.206549624024     
 Abd=            NaN
 Catch=                     NaN
 Abd=   24403.07    
 Catch=   452.878980211260     
 Abd=   18907.28    
 Catch=   1327.40448197731     
 Abd=   654236.4    
 Catch=   1837.74857807443     
 Abd=   147697.8    
 Catch=   2272.50311423192     
 Abd=   23370.61    
 Catch=   531.198888926407     
 Abd=   4299882.    
 Catch=   17180.5275563231     
 Time step =         2160
 Abd=   64649.20    
 Catch=   425.180244826522     
 Abd=   7575.457    
 Catch=   50.3364817830587     
 Abd=   13819.46    
 Catch=   535.368428592975     
 Abd=   3848.798    
 Catch=   9.56155683185315     
 Abd=   46642.83    
 Catch=   579.497688530031     
 Abd=   36.55364    
 Catch=  0.381270836279363     
 Abd=            NaN
 Catch=                     NaN
 Abd=            NaN
 Catch=                     NaN
 Abd=   224397.2    
 Catch=   560.362415320077     
 Abd=   1779.531    
 Catch=   339.838365869064     
 Abd=   132551.8    
 Catch=   944.108555991887     
 Abd=   8877.439    
 Catch=   22.0315864260074     
 Abd=            NaN
 Catch=                     NaN
 Abd=   116220.4    
 Catch=   332.538301910600     
 Abd=   29698.08    
 Catch=   2202.81946595693     
 Abd=            NaN
 Catch=                     NaN
 Abd=   2360.757    
 Catch=   67.3355542397066     
 Abd=            NaN
 Catch=                     NaN
 Abd=   40082.51    
 Catch=   321.912450506346     
 Abd=            NaN
 Catch=                     NaN
 Abd=   1680.049    
 Catch=   7.37745639740598     
 Abd=   1429716.    
 Catch=   3579.59285814021     
 Abd=   122371.4    
 Catch=   1463.67921221351     
 Abd=   104260.2    
 Catch=   259.882208665735     
 Abd=            NaN
 Catch=                     NaN
 Abd=   22932.86    
 Catch=   450.378651338427     
 Abd=   18606.00    
 Catch=   1283.30681073393     
 Abd=   651704.2    
 Catch=   1834.52086312496     
 Abd=   146955.4    
 Catch=   2267.30052173692     
 Abd=   21588.82    
 Catch=   525.197163310732     
 Abd=   4306768.    
 Catch=   17242.3868490276     
 Completed!
Program ADRDisp finished with exit code 0 at: Mon 29 Jun 2026 01:55:34 PM PDT
Compressing DBEM outputs
Compressed as TIPMIP_PI_tipmip_dem_p_TipmipSppDem10_netcdf.tar.gz
Creating netCDF
[1] "600030"
Finished!
